ISO-10303-21;
HEADER;
FILE_DESCRIPTION(('ViewDefinition[CoordinationView_V2.0]','ExchangeRequirement[Structural, SurfaceGeometry]','Option [GridExport:Off]','Option [Assemblies:Off]','Option [Bolts:On]','Option [Rebars:On]','Option [PourObjects:Off]','Option [Welds:Off]','Option [SurfaceTreatments:Off]','Option [LocationBy:0]','Option [ViewColors:On]','Option [SectionedSpine:Off]','Option [PropertySets:On]','Option [Export all:Off]'),'2;1');
FILE_NAME('SNACKS_Detalj_Overgangsplate.ifc','2026-08-28T10:30:06',('SWECO\\NOULVE'),('Structural Designer'),'IFC Parser','Tekla Structures 2025 Service Pack 7, IFC Export Version: 4.0.0.0 Feb 24 2026','');
FILE_SCHEMA(('IFC2X3'));
ENDSEC;
DATA;
#1=IFCPERSON('SWECO\\NOULVE','Undefined',$,$,$,$,$,$);
#2=IFCORGANIZATION($,'Trimble Solutions Corporation',$,$,$);
#3=IFCPERSONANDORGANIZATION(#1,#2,$);
#4=IFCAPPLICATION(#2,'2025 Service Pack 7','Tekla Structures','Multi material modeling');
#5=IFCOWNERHISTORY(#3,#4,$,.NOCHANGE.,$,$,$,1787905806);
#6=IFCCARTESIANPOINT((0.,0.,0.));
#7=IFCDIRECTION((1.,0.,0.));
#8=IFCDIRECTION((0.,1.,0.));
#9=IFCDIRECTION((0.,0.,1.));
#10=IFCAXIS2PLACEMENT3D(#6,#9,#7);
#11=IFCGEOMETRICREPRESENTATIONCONTEXT($,'Model',3,1.0000000000000001E-05,#10,$);
#12=IFCGEOMETRICREPRESENTATIONSUBCONTEXT('Body','Model',*,*,*,*,#11,$,.MODEL_VIEW.,$);
#13=IFCGEOMETRICREPRESENTATIONSUBCONTEXT('Axis','Model',*,*,*,*,#11,$,.GRAPH_VIEW.,$);
#14=IFCSIUNIT(*,.LENGTHUNIT.,.MILLI.,.METRE.);
#15=IFCMEASUREWITHUNIT(IFCRATIOMEASURE(304.80000000000001),#14);
#16=IFCDIMENSIONALEXPONENTS(1,0,0,0,0,0,0);
#17=IFCCONVERSIONBASEDUNIT(#16,.LENGTHUNIT.,'FOOT',#15);
#18=IFCSIUNIT(*,.AREAUNIT.,$,.SQUARE_METRE.);
#19=IFCMEASUREWITHUNIT(IFCRATIOMEASURE(0.092903040000000006),#18);
#20=IFCDIMENSIONALEXPONENTS(2,0,0,0,0,0,0);
#21=IFCCONVERSIONBASEDUNIT(#20,.AREAUNIT.,'SQUARE FOOT',#19);
#22=IFCSIUNIT(*,.VOLUMEUNIT.,$,.CUBIC_METRE.);
#23=IFCMEASUREWITHUNIT(IFCRATIOMEASURE(0.028316846592000001),#22);
#24=IFCDIMENSIONALEXPONENTS(3,0,0,0,0,0,0);
#25=IFCCONVERSIONBASEDUNIT(#24,.VOLUMEUNIT.,'CUBIC FOOT',#23);
#26=IFCSIUNIT(*,.MASSUNIT.,.KILO.,.GRAM.);
#27=IFCSIUNIT(*,.TIMEUNIT.,$,.SECOND.);
#28=IFCSIUNIT(*,.PLANEANGLEUNIT.,$,.RADIAN.);
#29=IFCMEASUREWITHUNIT(IFCRATIOMEASURE(0.017453292519943299),#28);
#30=IFCDIMENSIONALEXPONENTS(0,0,0,0,0,0,0);
#31=IFCCONVERSIONBASEDUNIT(#30,.PLANEANGLEUNIT.,'DEGREE',#29);
#32=IFCSIUNIT(*,.SOLIDANGLEUNIT.,$,.STERADIAN.);
#33=IFCSIUNIT(*,.THERMODYNAMICTEMPERATUREUNIT.,$,.DEGREE_CELSIUS.);
#34=IFCSIUNIT(*,.LUMINOUSINTENSITYUNIT.,$,.LUMEN.);
#35=IFCUNITASSIGNMENT((#14,#18,#22,#26,#27,#28,#32,#33,#34));
#36=IFCPROJECT('2YG0JLJLPAvRd9NM8hMiC$',#5,'SNACKS Detalj Overgangsplate',$,$,$,$,(#11),#35);
#37=IFCLOCALPLACEMENT($,#10);
#38=IFCSITE('0cHbuZ7tTAAARUvYnq2GoH',#5,'SNACKS Detalj Overgangsplate',$,$,#37,$,$,.ELEMENT.,$,$,$,$,$);
#39=IFCPOSTALADDRESS($,' ',$,' ',$,' ',' ',' ',' ',' ');
#40=IFCLOCALPLACEMENT(#37,#10);
#41=IFCBUILDING('2cH2Ye1ODFPROjgJsPA4pC',#5,'Bru',$,$,#40,$,$,.ELEMENT.,$,$,#39);
#42=IFCLOCALPLACEMENT(#40,#10);
#43=IFCBUILDINGSTOREY('09Zmb6wqH33AoobR5q1mOS',#5,'Overgangsplate',$,$,#42,$,$,.ELEMENT.,0.);
#44=IFCOWNERHISTORY(#3,#4,$,.NOCHANGE.,$,$,$,1787911200);
#45=IFCCOLOURRGB('Unnamed',0.047058823529411799,0.54117647058823504,0.81176470588235305);
#46=IFCSURFACESTYLERENDERING(#45,0.,$,$,$,$,IFCNORMALISEDRATIOMEASURE(0.00390625),IFCSPECULAREXPONENT(10.),.NOTDEFINED.);
#47=IFCSURFACESTYLE('Undefined',.POSITIVE.,(#46));
#48=IFCPRESENTATIONSTYLEASSIGNMENT((#47));
#49=IFCCARTESIANPOINT((4.6902548366162096,-3.4999999999999898,3.8407693978678599));
#50=IFCCARTESIANPOINT((4.6902548366162096,3.5000000000000102,3.8407693978678599));
#51=IFCCARTESIANPOINT((-3.1086244689504399E-15,7.,-3.1086244689504399E-15));
#52=IFCCARTESIANPOINT((-4.6902548366162096,3.5,-3.8407693978678599));
#53=IFCCARTESIANPOINT((-4.6902548366162096,-3.5,-3.8407693978678599));
#54=IFCCARTESIANPOINT((0.,-7.,-2.74777187544293E-30));
#55=IFCPOLYLOOP((#49,#50,#51,#52,#53,#54));
#56=IFCFACEOUTERBOUND(#55,.T.);
#57=IFCFACE((#56));
#58=IFCCARTESIANPOINT((205.953972512219,-3.5,-261.07441291643403));
#59=IFCCARTESIANPOINT((210.64422734883499,-7.,-257.233643518566));
#60=IFCPOLYLOOP((#54,#53,#58,#59));
#61=IFCFACEOUTERBOUND(#60,.T.);
#62=IFCFACE((#61));
#63=IFCCARTESIANPOINT((205.953972512219,3.5,-261.07441291643403));
#64=IFCPOLYLOOP((#53,#52,#63,#58));
#65=IFCFACEOUTERBOUND(#64,.T.);
#66=IFCFACE((#65));
#67=IFCCARTESIANPOINT((210.64422734883499,7.,-257.233643518566));
#68=IFCPOLYLOOP((#52,#51,#67,#63));
#69=IFCFACEOUTERBOUND(#68,.T.);
#70=IFCFACE((#69));
#71=IFCCARTESIANPOINT((215.33448218545101,3.5000000000000102,-253.392874120698));
#72=IFCPOLYLOOP((#51,#50,#71,#67));
#73=IFCFACEOUTERBOUND(#72,.T.);
#74=IFCFACE((#73));
#75=IFCCARTESIANPOINT((215.33448218545101,-3.4999999999999898,-253.392874120698));
#76=IFCPOLYLOOP((#50,#49,#75,#71));
#77=IFCFACEOUTERBOUND(#76,.T.);
#78=IFCFACE((#77));
#79=IFCPOLYLOOP((#49,#54,#59,#75));
#80=IFCFACEOUTERBOUND(#79,.T.);
#81=IFCFACE((#80));
#82=IFCCARTESIANPOINT((220.83863398109099,-3.50000000000006,-272.70976612243101));
#83=IFCCARTESIANPOINT((223.43346612276099,-7.0000000000000497,-267.231002926548));
#84=IFCPOLYLOOP((#59,#58,#82,#83));
#85=IFCFACEOUTERBOUND(#84,.T.);
#86=IFCFACE((#85));
#87=IFCCARTESIANPOINT((220.83863398109099,3.49999999999994,-272.70976612243101));
#88=IFCPOLYLOOP((#58,#63,#87,#82));
#89=IFCFACEOUTERBOUND(#88,.T.);
#90=IFCFACE((#89));
#91=IFCCARTESIANPOINT((223.43346612276099,6.9999999999999503,-267.231002926548));
#92=IFCPOLYLOOP((#63,#67,#91,#87));
#93=IFCFACEOUTERBOUND(#92,.T.);
#94=IFCFACE((#93));
#95=IFCCARTESIANPOINT((226.02829826443201,3.49999999999996,-261.75223973066602));
#96=IFCPOLYLOOP((#67,#71,#95,#91));
#97=IFCFACEOUTERBOUND(#96,.T.);
#98=IFCFACE((#97));
#99=IFCCARTESIANPOINT((226.02829826443201,-3.50000000000004,-261.75223973066602));
#100=IFCPOLYLOOP((#71,#75,#99,#95));
#101=IFCFACEOUTERBOUND(#100,.T.);
#102=IFCFACE((#101));
#103=IFCPOLYLOOP((#75,#59,#83,#99));
#104=IFCFACEOUTERBOUND(#103,.T.);
#105=IFCFACE((#104));
#106=IFCCARTESIANPOINT((239.27121076734801,-3.5000000000002398,-276.85400360235201));
#107=IFCCARTESIANPOINT((239.271154217392,-7.0000000000001998,-270.79182577612499));
#108=IFCPOLYLOOP((#83,#82,#106,#107));
#109=IFCFACEOUTERBOUND(#108,.T.);
#110=IFCFACE((#109));
#111=IFCCARTESIANPOINT((239.27121076734801,3.4999999999997602,-276.85400360235201));
#112=IFCPOLYLOOP((#82,#87,#111,#106));
#113=IFCFACEOUTERBOUND(#112,.T.);
#114=IFCFACE((#113));
#115=IFCCARTESIANPOINT((239.271154217392,6.9999999999998002,-270.79182577612499));
#116=IFCPOLYLOOP((#87,#91,#115,#111));
#117=IFCFACEOUTERBOUND(#116,.T.);
#118=IFCFACE((#117));
#119=IFCCARTESIANPOINT((239.271097667437,3.4999999999998401,-264.72964794989798));
#120=IFCPOLYLOOP((#91,#95,#119,#115));
#121=IFCFACEOUTERBOUND(#120,.T.);
#122=IFCFACE((#121));
#123=IFCCARTESIANPOINT((239.271097667437,-3.5000000000001599,-264.72964794989798));
#124=IFCPOLYLOOP((#95,#99,#123,#119));
#125=IFCFACEOUTERBOUND(#124,.T.);
#126=IFCFACE((#125));
#127=IFCPOLYLOOP((#99,#83,#107,#123));
#128=IFCFACEOUTERBOUND(#127,.T.);
#129=IFCFACE((#128));
#130=IFCCARTESIANPOINT((508.05940933930401,-3.50000000000334,-276.85149625910498));
#131=IFCCARTESIANPOINT((508.05935278934902,-7.0000000000033102,-270.78931843287802));
#132=IFCPOLYLOOP((#107,#106,#130,#131));
#133=IFCFACEOUTERBOUND(#132,.T.);
#134=IFCFACE((#133));
#135=IFCCARTESIANPOINT((508.05940933930498,3.4999999999966498,-276.85149625910498));
#136=IFCPOLYLOOP((#106,#111,#135,#130));
#137=IFCFACEOUTERBOUND(#136,.T.);
#138=IFCFACE((#137));
#139=IFCCARTESIANPOINT((508.05935278934902,6.9999999999966898,-270.78931843287802));
#140=IFCPOLYLOOP((#111,#115,#139,#135));
#141=IFCFACEOUTERBOUND(#140,.T.);
#142=IFCFACE((#141));
#143=IFCCARTESIANPOINT((508.05929623939397,3.4999999999967302,-264.72714060664998));
#144=IFCPOLYLOOP((#115,#119,#143,#139));
#145=IFCFACEOUTERBOUND(#144,.T.);
#146=IFCFACE((#145));
#147=IFCCARTESIANPOINT((508.05929623939397,-3.5000000000032698,-264.72714060664998));
#148=IFCPOLYLOOP((#119,#123,#147,#143));
#149=IFCFACEOUTERBOUND(#148,.T.);
#150=IFCFACE((#149));
#151=IFCPOLYLOOP((#123,#107,#131,#147));
#152=IFCFACEOUTERBOUND(#151,.T.);
#153=IFCFACE((#152));
#154=IFCCARTESIANPOINT((521.13441933288595,-3.5000000000034701,-279.75005129983498));
#155=IFCCARTESIANPOINT((523.696373619366,-7.0000000000034603,-274.25583704900799));
#156=IFCPOLYLOOP((#131,#130,#154,#155));
#157=IFCFACEOUTERBOUND(#156,.T.);
#158=IFCFACE((#157));
#159=IFCCARTESIANPOINT((521.13441933288698,3.4999999999965299,-279.75005129983498));
#160=IFCPOLYLOOP((#130,#135,#159,#154));
#161=IFCFACEOUTERBOUND(#160,.T.);
#162=IFCFACE((#161));
#163=IFCCARTESIANPOINT((523.696373619366,6.9999999999965397,-274.25583704900799));
#164=IFCPOLYLOOP((#135,#139,#163,#159));
#165=IFCFACEOUTERBOUND(#164,.T.);
#166=IFCFACE((#165));
#167=IFCCARTESIANPOINT((526.25832790584604,3.4999999999965499,-268.76162279818101));
#168=IFCPOLYLOOP((#139,#143,#167,#163));
#169=IFCFACEOUTERBOUND(#168,.T.);
#170=IFCFACE((#169));
#171=IFCCARTESIANPOINT((526.25832790584604,-3.5000000000034501,-268.76162279818101));
#172=IFCPOLYLOOP((#143,#147,#171,#167));
#173=IFCFACEOUTERBOUND(#172,.T.);
#174=IFCFACE((#173));
#175=IFCPOLYLOOP((#147,#131,#155,#171));
#176=IFCFACEOUTERBOUND(#175,.T.);
#177=IFCFACE((#176));
#178=IFCCARTESIANPOINT((531.75939298650405,-3.5000000000035301,-287.90280804319002));
#179=IFCCARTESIANPOINT((536.40328049145,-7.0000000000035296,-284.006103173508));
#180=IFCPOLYLOOP((#155,#154,#178,#179));
#181=IFCFACEOUTERBOUND(#180,.T.);
#182=IFCFACE((#181));
#183=IFCCARTESIANPOINT((531.75939298650496,3.4999999999964699,-287.90280804319002));
#184=IFCPOLYLOOP((#154,#159,#183,#178));
#185=IFCFACEOUTERBOUND(#184,.T.);
#186=IFCFACE((#185));
#187=IFCCARTESIANPOINT((536.40328049145,6.9999999999964704,-284.006103173508));
#188=IFCPOLYLOOP((#159,#163,#187,#183));
#189=IFCFACEOUTERBOUND(#188,.T.);
#190=IFCFACE((#189));
#191=IFCCARTESIANPOINT((541.04716799639596,3.4999999999964801,-280.109398303825));
#192=IFCPOLYLOOP((#163,#167,#191,#187));
#193=IFCFACEOUTERBOUND(#192,.T.);
#194=IFCFACE((#193));
#195=IFCCARTESIANPOINT((541.04716799639596,-3.5000000000035199,-280.109398303825));
#196=IFCPOLYLOOP((#167,#171,#195,#191));
#197=IFCFACEOUTERBOUND(#196,.T.);
#198=IFCFACE((#197));
#199=IFCPOLYLOOP((#171,#155,#179,#195));
#200=IFCFACEOUTERBOUND(#199,.T.);
#201=IFCFACE((#200));
#202=IFCCARTESIANPOINT((537.94334550018095,-3.5000000000034999,-299.78204366527501));
#203=IFCCARTESIANPOINT((543.79896082482401,-7.0000000000034897,-298.21304106176899));
#204=IFCPOLYLOOP((#179,#178,#202,#203));
#205=IFCFACEOUTERBOUND(#204,.T.);
#206=IFCFACE((#205));
#207=IFCCARTESIANPOINT((537.94334550018095,3.4999999999965001,-299.78204366527501));
#208=IFCPOLYLOOP((#178,#183,#207,#202));
#209=IFCFACEOUTERBOUND(#208,.T.);
#210=IFCFACE((#209));
#211=IFCCARTESIANPOINT((543.79896082482401,6.9999999999965103,-298.21304106176899));
#212=IFCPOLYLOOP((#183,#187,#211,#207));
#213=IFCFACEOUTERBOUND(#212,.T.);
#214=IFCFACE((#213));
#215=IFCCARTESIANPOINT((549.65457614946695,3.4999999999965201,-296.64403845826399));
#216=IFCPOLYLOOP((#187,#191,#215,#211));
#217=IFCFACEOUTERBOUND(#216,.T.);
#218=IFCFACE((#217));
#219=IFCCARTESIANPOINT((549.65457614946695,-3.5000000000034799,-296.64403845826399));
#220=IFCPOLYLOOP((#191,#195,#219,#215));
#221=IFCFACEOUTERBOUND(#220,.T.);
#222=IFCFACE((#221));
#223=IFCPOLYLOOP((#195,#179,#203,#219));
#224=IFCFACEOUTERBOUND(#223,.T.);
#225=IFCFACE((#224));
#226=IFCCARTESIANPOINT((711.46656477026102,-3.5000000000000102,-947.38149293905406));
#227=IFCCARTESIANPOINT((717.32218009490498,-7.,-945.812490335549));
#228=IFCPOLYLOOP((#203,#202,#226,#227));
#229=IFCFACEOUTERBOUND(#228,.T.);
#230=IFCFACE((#229));
#231=IFCCARTESIANPOINT((711.46656477026204,3.4999999999999898,-947.38149293905406));
#232=IFCPOLYLOOP((#202,#207,#231,#226));
#233=IFCFACEOUTERBOUND(#232,.T.);
#234=IFCFACE((#233));
#235=IFCCARTESIANPOINT((717.32218009490396,7.,-945.812490335549));
#236=IFCPOLYLOOP((#207,#211,#235,#231));
#237=IFCFACEOUTERBOUND(#236,.T.);
#238=IFCFACE((#237));
#239=IFCCARTESIANPOINT((723.17779541954701,3.5000000000000102,-944.24348773204304));
#240=IFCPOLYLOOP((#211,#215,#239,#235));
#241=IFCFACEOUTERBOUND(#240,.T.);
#242=IFCFACE((#241));
#243=IFCCARTESIANPOINT((723.17779541954701,-3.4999999999999898,-944.24348773204304));
#244=IFCPOLYLOOP((#215,#219,#243,#239));
#245=IFCFACEOUTERBOUND(#244,.T.);
#246=IFCFACE((#245));
#247=IFCPOLYLOOP((#219,#203,#227,#243));
#248=IFCFACEOUTERBOUND(#247,.T.);
#249=IFCFACE((#248));
#250=IFCPOLYLOOP((#227,#226,#231,#235,#239,#243));
#251=IFCFACEOUTERBOUND(#250,.T.);
#252=IFCFACE((#251));
#253=IFCCLOSEDSHELL((#57,#62,#66,#70,#74,#78,#81,#86,#90,#94,#98,#102,#105,#110,#114,#118,#122,#126,#129,#134,#138,#142,#146,#150,#153,#158,#162,#166,#170,#174,#177,#182,#186,#190,#194,#198,#201,#206,#210,#214,#218,#222,#225,#230,#234,#238,#242,#246,#249,#252));
#254=IFCFACETEDBREP(#253);
#255=IFCSTYLEDITEM(#254,(#48),$);
#256=IFCCARTESIANPOINT((-221.74692457459,0.,270.79198924780599));
#257=IFCCARTESIANTRANSFORMATIONOPERATOR3D($,$,#256,$,$);
#258=IFCSHAPEREPRESENTATION(#12,'Body','Brep',(#254));
#259=IFCREPRESENTATIONMAP(#10,#258);
#260=IFCMAPPEDITEM(#259,#257);
#261=IFCSHAPEREPRESENTATION(#12,'Body','MappedRepresentation',(#260));
#262=IFCPRODUCTDEFINITIONSHAPE($,$,(#261));
#263=IFCCARTESIANPOINT((4011.34357689122,31000.,1057.11402418335));
#264=IFCDIRECTION((-0.86622872270443796,0.,0.49964767582951702));
#265=IFCDIRECTION((-0.49964767582951702,0.,-0.86622872270443796));
#266=IFCAXIS2PLACEMENT3D(#263,#264,#265);
#267=IFCLOCALPLACEMENT(#42,#266);
#268=IFCREINFORCINGBAR('18BNbbeArCUu1IzKNj9$zB',#44,'Armering_Rustfritt',$,$,#267,#262,'ID482d7965-a0ad-4c7b-8052-f545ed27ff4b',$,12.,0.,$,.NOTDEFINED.,$);
#269=IFCMATERIAL('Undefined');
#270=IFCCOLOURRGB('Unnamed',0.,0.,0.);
#271=IFCSURFACESTYLERENDERING(#270,0.,$,$,$,$,IFCNORMALISEDRATIOMEASURE(0.00390625),IFCSPECULAREXPONENT(10.),.NOTDEFINED.);
#272=IFCSURFACESTYLE('MISCELLANEOUS/Misc_Undefined',.POSITIVE.,(#271));
#273=IFCPRESENTATIONSTYLEASSIGNMENT((#272));
#274=IFCCARTESIANPOINT((7.3778210207819897E-09,10.0000000039661,-99.999999998144602));
#275=IFCCARTESIANPOINT((-1019.99999999262,10.000000003498799,-99.999999998606697));
#276=IFCCARTESIANPOINT((-1019.9999999927099,10.0000000031346,100.000000001393));
#277=IFCCARTESIANPOINT((7.2868715506047002E-09,10.000000003602301,100.000000001855));
#278=IFCCARTESIANPOINT((1020.00000000747,10.0000000042516,100.000000002299));
#279=IFCCARTESIANPOINT((1020.0000000072,10.0000000042516,-99.999999997700797));
#280=IFCPOLYLOOP((#274,#275,#276,#277,#278,#279));
#281=IFCFACEOUTERBOUND(#280,.T.);
#282=IFCFACE((#281));
#283=IFCCARTESIANPOINT((7.2959664976224303E-09,-9.9999999963977206,100.000000001819));
#284=IFCCARTESIANPOINT((-999.99999999270403,-9.9999999968562392,100.000000001364));
#285=IFCCARTESIANPOINT((-999.99999999261297,-9.9999999964920008,-99.999999998635801));
#286=IFCCARTESIANPOINT((7.3869159677997198E-09,-9.9999999960339192,-99.999999998180996));
#287=IFCCARTESIANPOINT((1000.0000000072,-9.9999999957575199,-99.999999997708102));
#288=IFCCARTESIANPOINT((1000.00000000748,-9.9999999957575199,100.000000002292));
#289=IFCPOLYLOOP((#283,#284,#285,#286,#287,#288));
#290=IFCFACEOUTERBOUND(#289,.T.);
#291=IFCFACE((#290));
#292=IFCCARTESIANPOINT((1020.00000000834,-2319.99999999593,99.9999999980719));
#293=IFCCARTESIANPOINT((1020.00000000843,-2319.9999999955699,-100.000000001928));
#294=IFCPOLYLOOP((#279,#278,#292,#293));
#295=IFCFACEOUTERBOUND(#294,.T.);
#296=IFCFACE((#295));
#297=IFCCARTESIANPOINT((1000.00000000842,-2299.9999999955699,-100.000000001899));
#298=IFCCARTESIANPOINT((1000.0000000083299,-2299.99999999594,99.999999998101003));
#299=IFCPOLYLOOP((#288,#287,#297,#298));
#300=IFCFACEOUTERBOUND(#299,.T.);
#301=IFCFACE((#300));
#302=IFCCARTESIANPOINT((52.0301245707292,-2319.9999999963702,99.999999997631704));
#303=IFCCARTESIANPOINT((52.030124570819197,-2319.99999999601,-100.000000002368));
#304=IFCPOLYLOOP((#293,#292,#302,#303));
#305=IFCFACEOUTERBOUND(#304,.T.);
#306=IFCFACE((#305));
#307=IFCCARTESIANPOINT((63.570599229134601,-2299.999999996,-100.000000002325));
#308=IFCCARTESIANPOINT((63.570599229044497,-2299.9999999963702,99.999999997675303));
#309=IFCPOLYLOOP((#298,#297,#307,#308));
#310=IFCFACEOUTERBOUND(#309,.T.);
#311=IFCFACE((#310));
#312=IFCCARTESIANPOINT((9.9998282152405409,-2247.2836795790299,99.999999997748105));
#313=IFCCARTESIANPOINT((9.9998282153269393,-2247.2836795786602,-100.00000000225199));
#314=IFCPOLYLOOP((#303,#302,#312,#313));
#315=IFCFACEOUTERBOUND(#314,.T.);
#316=IFCFACE((#315));
#317=IFCCARTESIANPOINT((-9.9998281985722297,-2172.7163204133999,-100.000000002128));
#318=IFCCARTESIANPOINT((-9.9998281986586299,-2172.7163204137701,99.999999997871797));
#319=IFCPOLYLOOP((#308,#307,#317,#318));
#320=IFCFACEOUTERBOUND(#319,.T.);
#321=IFCFACE((#320));
#322=IFCCARTESIANPOINT((9.99890665123303,-2447.28755581924,99.999999997384293));
#323=IFCCARTESIANPOINT((9.9989066513239795,-2447.2875558188898,-100.00000000261601));
#324=IFCPOLYLOOP((#313,#312,#322,#323));
#325=IFCFACEOUTERBOUND(#324,.T.);
#326=IFCFACE((#325));
#327=IFCCARTESIANPOINT((-10.000749762576101,-2372.72019665362,-100.000000002492));
#328=IFCCARTESIANPOINT((-10.0007497626671,-2372.7201966539801,99.999999997507999));
#329=IFCPOLYLOOP((#318,#317,#327,#328));
#330=IFCFACEOUTERBOUND(#329,.T.);
#331=IFCFACE((#330));
#332=IFCCARTESIANPOINT((-63.573761257343897,-2319.9999999964298,99.999999997580701));
#333=IFCCARTESIANPOINT((-63.573761257253899,-2319.9999999960601,-100.000000002419));
#334=IFCPOLYLOOP((#323,#322,#332,#333));
#335=IFCFACEOUTERBOUND(#334,.T.);
#336=IFCFACE((#335));
#337=IFCCARTESIANPOINT((-52.033286598939398,-2299.9999999960601,-100.000000002376));
#338=IFCCARTESIANPOINT((-52.033286599029502,-2299.9999999964198,99.9999999976244));
#339=IFCPOLYLOOP((#328,#327,#337,#338));
#340=IFCFACEOUTERBOUND(#339,.T.);
#341=IFCFACE((#340));
#342=IFCCARTESIANPOINT((-1019.99999999166,-2319.99999999686,99.999999997147796));
#343=IFCCARTESIANPOINT((-1019.99999999157,-2319.9999999964998,-100.000000002852));
#344=IFCPOLYLOOP((#333,#332,#342,#343));
#345=IFCFACEOUTERBOUND(#344,.T.);
#346=IFCFACE((#345));
#347=IFCCARTESIANPOINT((-999.99999999158001,-2299.9999999964898,-100.000000002809));
#348=IFCCARTESIANPOINT((-999.99999999167096,-2299.99999999686,99.999999997191495));
#349=IFCPOLYLOOP((#338,#337,#347,#348));
#350=IFCFACEOUTERBOUND(#349,.T.);
#351=IFCFACE((#350));
#352=IFCPOLYLOOP((#343,#342,#276,#275));
#353=IFCFACEOUTERBOUND(#352,.T.);
#354=IFCFACE((#353));
#355=IFCPOLYLOOP((#348,#347,#285,#284));
#356=IFCFACEOUTERBOUND(#355,.T.);
#357=IFCFACE((#356));
#358=IFCPOLYLOOP((#276,#342,#332,#322,#312,#302,#292,#278,#277));
#359=IFCFACEOUTERBOUND(#358,.T.);
#360=IFCPOLYLOOP((#288,#298,#308,#318,#328,#338,#348,#284,#283));
#361=IFCFACEBOUND(#360,.T.);
#362=IFCFACE((#359,#361));
#363=IFCPOLYLOOP((#279,#293,#303,#313,#323,#333,#343,#275,#274));
#364=IFCFACEOUTERBOUND(#363,.T.);
#365=IFCPOLYLOOP((#285,#347,#337,#327,#317,#307,#297,#287,#286));
#366=IFCFACEBOUND(#365,.T.);
#367=IFCFACE((#364,#366));
#368=IFCCLOSEDSHELL((#282,#291,#296,#301,#306,#311,#316,#321,#326,#331,#336,#341,#346,#351,#354,#357,#362,#367));
#369=IFCFACETEDBREP(#368);
#370=IFCSTYLEDITEM(#369,(#273),$);
#371=IFCSHAPEREPRESENTATION(#12,'Body','Brep',(#369));
#372=IFCPRODUCTDEFINITIONSHAPE($,$,(#371));
#373=IFCCARTESIANPOINT((4000.,31100.,-10.));
#374=IFCDIRECTION((0.,-1.,0.));
#375=IFCDIRECTION((-1.,0.,0.));
#376=IFCAXIS2PLACEMENT3D(#373,#374,#375);
#377=IFCLOCALPLACEMENT(#42,#376);
#378=IFCBEAM('1Zs2OHjzPDV9L6eLtuQJh7',#44,'Ramme','PL200X20',$,#377,#372,'ID63d82611-b7d6-4d7c-9546-a15df8693ac7');
#379=IFCBEAMTYPE('2ni8F$dE523PW$_9TfBUvs',#5,'PL200X20',$,$,$,$,$,$,.NOTDEFINED.);
#380=IFCMATERIAL('MISCELLANEOUS/Misc_Undefined');
#381=IFCOWNERHISTORY(#3,#4,$,.NOCHANGE.,$,$,$,1786701600);
#382=IFCCOLOURRGB('Unnamed',0.67843137254901997,0.51764705882352902,0.37254901960784298);
#383=IFCSURFACESTYLERENDERING(#382,0.,$,$,$,$,IFCNORMALISEDRATIOMEASURE(0.00390625),IFCSPECULAREXPONENT(10.),.NOTDEFINED.);
#384=IFCSURFACESTYLE('MISCELLANEOUS/Misc_Undefined',.POSITIVE.,(#383));
#385=IFCPRESENTATIONSTYLEASSIGNMENT((#384));
#386=IFCCARTESIANPOINT((0.,-50.,0.));
#387=IFCCARTESIANPOINT((3.6379788070917101E-12,-50.,576.999999999995));
#388=IFCCARTESIANPOINT((3.6379788070917101E-12,50.,576.999999999995));
#389=IFCCARTESIANPOINT((0.,50.,0.));
#390=IFCPOLYLOOP((#386,#387,#388,#389));
#391=IFCFACEOUTERBOUND(#390,.T.);
#392=IFCFACE((#391));
#393=IFCCARTESIANPOINT((12.000000000003601,-50.,576.999999999995));
#394=IFCCARTESIANPOINT((12.000000000003601,50.,576.999999999995));
#395=IFCPOLYLOOP((#387,#393,#394,#388));
#396=IFCFACEOUTERBOUND(#395,.T.);
#397=IFCFACE((#396));
#398=IFCCARTESIANPOINT((165.75000000001299,-50.,495.00000000012801));
#399=IFCCARTESIANPOINT((165.75000000001299,50.,495.00000000012801));
#400=IFCPOLYLOOP((#393,#398,#399,#394));
#401=IFCFACEOUTERBOUND(#400,.T.);
#402=IFCFACE((#401));
#403=IFCCARTESIANPOINT((757.50875076812201,-50.,494.99999999999801));
#404=IFCCARTESIANPOINT((757.50875076812201,50.,494.99999999999801));
#405=IFCPOLYLOOP((#398,#403,#404,#399));
#406=IFCFACEOUTERBOUND(#405,.T.);
#407=IFCFACE((#406));
#408=IFCCARTESIANPOINT((782.74881820859298,-50.,472.56039523438898));
#409=IFCCARTESIANPOINT((782.74881820859298,50.,472.56039523438898));
#410=IFCPOLYLOOP((#403,#408,#409,#404));
#411=IFCFACEOUTERBOUND(#410,.T.);
#412=IFCFACE((#411));
#413=IFCCARTESIANPOINT((829.94511285370902,-50.,-1.8189894035458601E-12));
#414=IFCCARTESIANPOINT((829.94511285370902,50.,-1.8189894035458601E-12));
#415=IFCPOLYLOOP((#408,#413,#414,#409));
#416=IFCFACEOUTERBOUND(#415,.T.);
#417=IFCFACE((#416));
#418=IFCPOLYLOOP((#413,#386,#389,#414));
#419=IFCFACEOUTERBOUND(#418,.T.);
#420=IFCFACE((#419));
#421=IFCPOLYLOOP((#394,#399,#404,#409,#414,#389,#388));
#422=IFCFACEOUTERBOUND(#421,.T.);
#423=IFCFACE((#422));
#424=IFCPOLYLOOP((#413,#408,#403,#398,#393,#387,#386));
#425=IFCFACEOUTERBOUND(#424,.T.);
#426=IFCFACE((#425));
#427=IFCCLOSEDSHELL((#392,#397,#402,#407,#412,#417,#420,#423,#426));
#428=IFCFACETEDBREP(#427);
#429=IFCSTYLEDITEM(#428,(#385),$);
#430=IFCSHAPEREPRESENTATION(#12,'Body','Brep',(#428));
#431=IFCPRODUCTDEFINITIONSHAPE($,$,(#430));
#432=IFCCARTESIANPOINT((3550.,31150.,1917.00000000001));
#433=IFCDIRECTION((0.,0.,-1.));
#434=IFCAXIS2PLACEMENT3D(#432,#7,#433);
#435=IFCLOCALPLACEMENT(#42,#434);
#436=IFCSLAB('3_DVwwmiTDOPC_EGQ7Pe6G',#381,'L\X2\00F8\X0\smasser_2','100X577',$,#435,#431,'IDfe35feba-c2c7-4d61-933e-390687668190',.NOTDEFINED.);
#437=IFCSLABTYPE('2ccJUVlkLAFRqvNrmmXTKM',#5,'100X577',$,$,$,$,$,$,.NOTDEFINED.);
#438=IFCCOLOURRGB('Unnamed',0.78039215686274499,0.67058823529411804,0.57254901960784299);
#439=IFCSURFACESTYLERENDERING(#438,0.,$,$,$,$,IFCNORMALISEDRATIOMEASURE(0.00390625),IFCSPECULAREXPONENT(10.),.NOTDEFINED.);
#440=IFCSURFACESTYLE('MISCELLANEOUS/Misc_Undefined',.POSITIVE.,(#439));
#441=IFCPRESENTATIONSTYLEASSIGNMENT((#440));
#442=IFCCARTESIANPOINT((-79.946365802825298,-50.,799.50238752622795));
#443=IFCCARTESIANPOINT((-79.946365802825298,50.,799.50238752622795));
#444=IFCPOLYLOOP((#386,#442,#443,#389));
#445=IFCFACEOUTERBOUND(#444,.T.);
#446=IFCFACE((#445));
#447=IFCCARTESIANPOINT((-74.970000000001207,-50.,799.99999999999704));
#448=IFCCARTESIANPOINT((-74.970000000001207,50.,799.99999999999704));
#449=IFCPOLYLOOP((#442,#447,#448,#443));
#450=IFCFACEOUTERBOUND(#449,.T.);
#451=IFCFACE((#450));
#452=IFCCARTESIANPOINT((175.02999999999901,-50.,799.99999999999704));
#453=IFCCARTESIANPOINT((175.02999999999901,50.,799.99999999999704));
#454=IFCPOLYLOOP((#447,#452,#453,#448));
#455=IFCFACEOUTERBOUND(#454,.T.);
#456=IFCFACE((#455));
#457=IFCCARTESIANPOINT((425.02999999999901,-50.,1050.));
#458=IFCCARTESIANPOINT((425.02999999999901,50.,1050.));
#459=IFCPOLYLOOP((#452,#457,#458,#453));
#460=IFCFACEOUTERBOUND(#459,.T.);
#461=IFCFACE((#460));
#462=IFCCARTESIANPOINT((625.02999999999895,-50.,1050.));
#463=IFCCARTESIANPOINT((625.02999999999895,50.,1050.));
#464=IFCPOLYLOOP((#457,#462,#463,#458));
#465=IFCFACEOUTERBOUND(#464,.T.);
#466=IFCFACE((#465));
#467=IFCCARTESIANPOINT((625.03000000000202,-50.,9.0949470177292804E-13));
#468=IFCCARTESIANPOINT((625.03000000000202,50.,9.0949470177292804E-13));
#469=IFCPOLYLOOP((#462,#467,#468,#463));
#470=IFCFACEOUTERBOUND(#469,.T.);
#471=IFCFACE((#470));
#472=IFCPOLYLOOP((#467,#386,#389,#468));
#473=IFCFACEOUTERBOUND(#472,.T.);
#474=IFCFACE((#473));
#475=IFCPOLYLOOP((#448,#453,#458,#463,#468,#389,#443));
#476=IFCFACEOUTERBOUND(#475,.T.);
#477=IFCFACE((#476));
#478=IFCPOLYLOOP((#467,#462,#457,#452,#447,#442,#386));
#479=IFCFACEOUTERBOUND(#478,.T.);
#480=IFCFACE((#479));
#481=IFCCLOSEDSHELL((#446,#451,#456,#461,#466,#471,#474,#477,#480));
#482=IFCFACETEDBREP(#481);
#483=IFCSTYLEDITEM(#482,(#441),$);
#484=IFCSHAPEREPRESENTATION(#12,'Body','Brep',(#482));
#485=IFCPRODUCTDEFINITIONSHAPE($,$,(#484));
#486=IFCCARTESIANPOINT((3000.,31150.,625.030000000006));
#487=IFCAXIS2PLACEMENT3D(#486,#7,#433);
#488=IFCLOCALPLACEMENT(#42,#487);
#489=IFCWALL('0rT9MthBf5IeMCUfw6bdoE',#381,'L\X2\00F8\X0\smasser_1','100X705',$,#488,#485,'ID357495b7-acba-454a-858c-7a9e86967c8e');
#490=IFCWALLTYPE('1wKL6pq5zEKwWNwh6KnvER',#5,'100X705',$,$,$,$,$,$,.NOTDEFINED.);
#491=IFCCARTESIANPOINT((-9.0949470177292804E-13,-50.,829.94511285370402));
#492=IFCCARTESIANPOINT((-9.0949470177292804E-13,50.,829.94511285370402));
#493=IFCPOLYLOOP((#386,#491,#492,#389));
#494=IFCFACEOUTERBOUND(#493,.T.);
#495=IFCFACE((#494));
#496=IFCCARTESIANPOINT((0.49700006840521399,-50.,830.00476222356895));
#497=IFCCARTESIANPOINT((0.49700006840521399,50.,830.00476222356895));
#498=IFCPOLYLOOP((#491,#496,#497,#492));
#499=IFCFACEOUTERBOUND(#498,.T.);
#500=IFCFACE((#499));
#501=IFCCARTESIANPOINT((-0.0057262376212747802,-50.,835.03732271593105));
#502=IFCCARTESIANPOINT((-0.0057262376212747802,50.,835.03732271593105));
#503=IFCPOLYLOOP((#496,#501,#502,#497));
#504=IFCFACEOUTERBOUND(#503,.T.);
#505=IFCFACE((#504));
#506=IFCCARTESIANPOINT((549.99999999999795,-50.,889.98000000000002));
#507=IFCCARTESIANPOINT((549.99999999999795,50.,889.98000000000002));
#508=IFCPOLYLOOP((#501,#506,#507,#502));
#509=IFCFACEOUTERBOUND(#508,.T.);
#510=IFCFACE((#509));
#511=IFCCARTESIANPOINT((550.,-50.,0.));
#512=IFCCARTESIANPOINT((550.,50.,0.));
#513=IFCPOLYLOOP((#506,#511,#512,#507));
#514=IFCFACEOUTERBOUND(#513,.T.);
#515=IFCFACE((#514));
#516=IFCPOLYLOOP((#511,#386,#389,#512));
#517=IFCFACEOUTERBOUND(#516,.T.);
#518=IFCFACE((#517));
#519=IFCPOLYLOOP((#497,#502,#507,#512,#389,#492));
#520=IFCFACEOUTERBOUND(#519,.T.);
#521=IFCFACE((#520));
#522=IFCPOLYLOOP((#511,#506,#501,#496,#491,#386));
#523=IFCFACEOUTERBOUND(#522,.T.);
#524=IFCFACE((#523));
#525=IFCCLOSEDSHELL((#495,#500,#505,#510,#515,#518,#521,#524));
#526=IFCFACETEDBREP(#525);
#527=IFCSTYLEDITEM(#526,(#441),$);
#528=IFCSHAPEREPRESENTATION(#12,'Body','Brep',(#526));
#529=IFCPRODUCTDEFINITIONSHAPE($,$,(#528));
#530=IFCAXIS2PLACEMENT3D(#432,#433,#375);
#531=IFCLOCALPLACEMENT(#42,#530);
#532=IFCWALL('35w9YbAC91EBy1$N0lPMO0',#381,'L\X2\00F8\X0\smasser_1','100X550',$,#531,#529,'IDc5e898a5-28c2-4138-bf01-fd702f656600');
#533=IFCWALLTYPE('37erh8n_n1jA1G$hugkP8J',#5,'100X550',$,$,$,$,$,$,.NOTDEFINED.);
#534=IFCCOLOURRGB('Unnamed',1.,1.,1.);
#535=IFCSURFACESTYLERENDERING(#534,0.,$,$,$,$,IFCNORMALISEDRATIOMEASURE(0.00390625),IFCSPECULAREXPONENT(10.),.NOTDEFINED.);
#536=IFCSURFACESTYLE('MISCELLANEOUS/Misc_Undefined',.POSITIVE.,(#535));
#537=IFCPRESENTATIONSTYLEASSIGNMENT((#536));
#538=IFCCARTESIANPOINT((1.8189894035458601E-12,-50.,40.));
#539=IFCCARTESIANPOINT((1.8189894035458601E-12,50.,40.));
#540=IFCPOLYLOOP((#386,#538,#539,#389));
#541=IFCFACEOUTERBOUND(#540,.T.);
#542=IFCFACE((#541));
#543=IFCCARTESIANPOINT((1050.,-50.,40.000000000001798));
#544=IFCCARTESIANPOINT((1050.,50.,40.000000000001798));
#545=IFCPOLYLOOP((#538,#543,#544,#539));
#546=IFCFACEOUTERBOUND(#545,.T.);
#547=IFCFACE((#546));
#548=IFCCARTESIANPOINT((1050.,-50.,1.8189894035458601E-12));
#549=IFCCARTESIANPOINT((1050.,50.,1.8189894035458601E-12));
#550=IFCPOLYLOOP((#543,#548,#549,#544));
#551=IFCFACEOUTERBOUND(#550,.T.);
#552=IFCFACE((#551));
#553=IFCPOLYLOOP((#548,#386,#389,#549));
#554=IFCFACEOUTERBOUND(#553,.T.);
#555=IFCFACE((#554));
#556=IFCPOLYLOOP((#544,#549,#389,#539));
#557=IFCFACEOUTERBOUND(#556,.T.);
#558=IFCFACE((#557));
#559=IFCPOLYLOOP((#548,#543,#538,#386));
#560=IFCFACEOUTERBOUND(#559,.T.);
#561=IFCFACE((#560));
#562=IFCCLOSEDSHELL((#542,#547,#552,#555,#558,#561));
#563=IFCFACETEDBREP(#562);
#564=IFCSTYLEDITEM(#563,(#537),$);
#565=IFCSHAPEREPRESENTATION(#12,'Body','Brep',(#563));
#566=IFCPRODUCTDEFINITIONSHAPE($,$,(#565));
#567=IFCCARTESIANPOINT((4050.,31150.,1957.00000000001));
#568=IFCAXIS2PLACEMENT3D(#567,#433,#375);
#569=IFCLOCALPLACEMENT(#42,#568);
#570=IFCSLAB('2LVk1BhML7D80Urvy2_TN$',#381,'Gjennomsiktig','100X40',$,#569,#566,'ID957ee04b-ad65-4734-801e-d79f02f9d5ff',.NOTDEFINED.);
#571=IFCSLABTYPE('30h7gvtJDDAeFlPJJSjgPz',#5,'100X40',$,$,$,$,$,$,.NOTDEFINED.);
#572=IFCCARTESIANPOINT((1030.,-50.,40.));
#573=IFCCARTESIANPOINT((1030.,50.,40.));
#574=IFCPOLYLOOP((#538,#572,#573,#539));
#575=IFCFACEOUTERBOUND(#574,.T.);
#576=IFCFACE((#575));
#577=IFCCARTESIANPOINT((1030.,-50.,0.));
#578=IFCCARTESIANPOINT((1030.,50.,0.));
#579=IFCPOLYLOOP((#572,#577,#578,#573));
#580=IFCFACEOUTERBOUND(#579,.T.);
#581=IFCFACE((#580));
#582=IFCPOLYLOOP((#577,#386,#389,#578));
#583=IFCFACEOUTERBOUND(#582,.T.);
#584=IFCFACE((#583));
#585=IFCPOLYLOOP((#573,#578,#389,#539));
#586=IFCFACEOUTERBOUND(#585,.T.);
#587=IFCFACE((#586));
#588=IFCPOLYLOOP((#577,#572,#538,#386));
#589=IFCFACEOUTERBOUND(#588,.T.);
#590=IFCFACE((#589));
#591=IFCCLOSEDSHELL((#542,#576,#581,#584,#587,#590));
#592=IFCFACETEDBREP(#591);
#593=IFCSTYLEDITEM(#592,(#537),$);
#594=IFCSHAPEREPRESENTATION(#12,'Body','Brep',(#592));
#595=IFCPRODUCTDEFINITIONSHAPE($,$,(#594));
#596=IFCCARTESIANPOINT((4030.,31150.,1997.00000000001));
#597=IFCAXIS2PLACEMENT3D(#596,#433,#375);
#598=IFCLOCALPLACEMENT(#42,#597);
#599=IFCSLAB('03eaw4B4j5XRO5AK2zpnxk',#381,'Gjennomsiktig','100X40',$,#598,#595,'ID03a24e84-2c4b-4585-b605-2940bdcf1eee',.NOTDEFINED.);
#600=IFCCARTESIANPOINT((205.95410637515101,-3.5,-261.07457638669803));
#601=IFCCARTESIANPOINT((210.644361211768,-7.,-257.23380698883102));
#602=IFCPOLYLOOP((#54,#53,#600,#601));
#603=IFCFACEOUTERBOUND(#602,.T.);
#604=IFCFACE((#603));
#605=IFCCARTESIANPOINT((205.95410637515101,3.5,-261.07457638669803));
#606=IFCPOLYLOOP((#53,#52,#605,#600));
#607=IFCFACEOUTERBOUND(#606,.T.);
#608=IFCFACE((#607));
#609=IFCCARTESIANPOINT((210.644361211768,7.,-257.23380698883102));
#610=IFCPOLYLOOP((#52,#51,#609,#605));
#611=IFCFACEOUTERBOUND(#610,.T.);
#612=IFCFACE((#611));
#613=IFCCARTESIANPOINT((215.33461604838499,3.5,-253.39303759096401));
#614=IFCPOLYLOOP((#51,#50,#613,#609));
#615=IFCFACEOUTERBOUND(#614,.T.);
#616=IFCFACE((#615));
#617=IFCCARTESIANPOINT((215.33461604838499,-3.5,-253.39303759096401));
#618=IFCPOLYLOOP((#50,#49,#617,#613));
#619=IFCFACEOUTERBOUND(#618,.T.);
#620=IFCFACE((#619));
#621=IFCPOLYLOOP((#49,#54,#601,#617));
#622=IFCFACEOUTERBOUND(#621,.T.);
#623=IFCFACE((#622));
#624=IFCCARTESIANPOINT((220.838586324658,-3.5,-272.70984362163));
#625=IFCCARTESIANPOINT((223.43344402013801,-7.,-267.23109252852402));
#626=IFCPOLYLOOP((#601,#600,#624,#625));
#627=IFCFACEOUTERBOUND(#626,.T.);
#628=IFCFACE((#627));
#629=IFCCARTESIANPOINT((220.838586324658,3.5,-272.70984362163));
#630=IFCPOLYLOOP((#600,#605,#629,#624));
#631=IFCFACEOUTERBOUND(#630,.T.);
#632=IFCFACE((#631));
#633=IFCCARTESIANPOINT((223.43344402013801,7.,-267.23109252852402));
#634=IFCPOLYLOOP((#605,#609,#633,#629));
#635=IFCFACEOUTERBOUND(#634,.T.);
#636=IFCFACE((#635));
#637=IFCCARTESIANPOINT((226.028301715618,3.5,-261.752341435419));
#638=IFCPOLYLOOP((#609,#613,#637,#633));
#639=IFCFACEOUTERBOUND(#638,.T.);
#640=IFCFACE((#639));
#641=IFCCARTESIANPOINT((226.028301715618,-3.5,-261.752341435419));
#642=IFCPOLYLOOP((#613,#617,#641,#637));
#643=IFCFACEOUTERBOUND(#642,.T.);
#644=IFCFACE((#643));
#645=IFCPOLYLOOP((#617,#601,#625,#641));
#646=IFCFACEOUTERBOUND(#645,.T.);
#647=IFCFACE((#646));
#648=IFCCARTESIANPOINT((239.270942932362,-3.5,-276.85416707449502));
#649=IFCCARTESIANPOINT((239.270942932362,-7.,-270.79198924800397));
#650=IFCPOLYLOOP((#625,#624,#648,#649));
#651=IFCFACEOUTERBOUND(#650,.T.);
#652=IFCFACE((#651));
#653=IFCCARTESIANPOINT((239.270942932362,3.5,-276.85416707449502));
#654=IFCPOLYLOOP((#624,#629,#653,#648));
#655=IFCFACEOUTERBOUND(#654,.T.);
#656=IFCFACE((#655));
#657=IFCCARTESIANPOINT((239.270942932362,7.,-270.79198924800397));
#658=IFCPOLYLOOP((#629,#633,#657,#653));
#659=IFCFACEOUTERBOUND(#658,.T.);
#660=IFCFACE((#659));
#661=IFCCARTESIANPOINT((239.270942932362,3.5,-264.72981142151298));
#662=IFCPOLYLOOP((#633,#637,#661,#657));
#663=IFCFACEOUTERBOUND(#662,.T.);
#664=IFCFACE((#663));
#665=IFCCARTESIANPOINT((239.270942932362,-3.5,-264.72981142151298));
#666=IFCPOLYLOOP((#637,#641,#665,#661));
#667=IFCFACEOUTERBOUND(#666,.T.);
#668=IFCFACE((#667));
#669=IFCPOLYLOOP((#641,#625,#649,#665));
#670=IFCFACEOUTERBOUND(#669,.T.);
#671=IFCFACE((#670));
#672=IFCCARTESIANPOINT((1235.28286732009,-3.5,-276.85416707451799));
#673=IFCCARTESIANPOINT((1235.28286732009,-7.,-270.79198924802699));
#674=IFCPOLYLOOP((#649,#648,#672,#673));
#675=IFCFACEOUTERBOUND(#674,.T.);
#676=IFCFACE((#675));
#677=IFCCARTESIANPOINT((1235.28286732009,3.5,-276.85416707451799));
#678=IFCPOLYLOOP((#648,#653,#677,#672));
#679=IFCFACEOUTERBOUND(#678,.T.);
#680=IFCFACE((#679));
#681=IFCCARTESIANPOINT((1235.28286732009,7.,-270.79198924802699));
#682=IFCPOLYLOOP((#653,#657,#681,#677));
#683=IFCFACEOUTERBOUND(#682,.T.);
#684=IFCFACE((#683));
#685=IFCCARTESIANPOINT((1235.28286732009,3.5,-264.729811421536));
#686=IFCPOLYLOOP((#657,#661,#685,#681));
#687=IFCFACEOUTERBOUND(#686,.T.);
#688=IFCFACE((#687));
#689=IFCCARTESIANPOINT((1235.28286732009,-3.5,-264.729811421536));
#690=IFCPOLYLOOP((#661,#665,#689,#685));
#691=IFCFACEOUTERBOUND(#690,.T.);
#692=IFCFACE((#691));
#693=IFCPOLYLOOP((#665,#649,#673,#689));
#694=IFCFACEOUTERBOUND(#693,.T.);
#695=IFCFACE((#694));
#696=IFCPOLYLOOP((#673,#672,#677,#681,#685,#689));
#697=IFCFACEOUTERBOUND(#696,.T.);
#698=IFCFACE((#697));
#699=IFCCLOSEDSHELL((#57,#604,#608,#612,#616,#620,#623,#628,#632,#636,#640,#644,#647,#652,#656,#660,#664,#668,#671,#676,#680,#684,#688,#692,#695,#698));
#700=IFCFACETEDBREP(#699);
#701=IFCSTYLEDITEM(#700,(#48),$);
#702=IFCSHAPEREPRESENTATION(#12,'Body','Brep',(#700));
#703=IFCREPRESENTATIONMAP(#10,#702);
#704=IFCMAPPEDITEM(#703,#257);
#705=IFCSHAPEREPRESENTATION(#12,'Body','MappedRepresentation',(#704));
#706=IFCPRODUCTDEFINITIONSHAPE($,$,(#705));
#707=IFCCARTESIANPOINT((3631.4823651104698,31000.,1006.95074516754));
#708=IFCDIRECTION((-0.70681908518375702,0.,-0.707394360183906));
#709=IFCDIRECTION((0.707394360183906,0.,-0.70681908518375602));
#710=IFCAXIS2PLACEMENT3D(#707,#708,#709);
#711=IFCLOCALPLACEMENT(#42,#710);
#712=IFCREINFORCINGBAR('1JhAg_Pi133wpdPC5wWcqh',#381,'Armering_Rustfritt',$,$,#711,#706,'ID53acaabe-66c0-430f-ace7-64c17a826d2b',$,12.,0.,$,.NOTDEFINED.,$);
#713=IFCCOLOURRGB('Unnamed',1.,0.,0.);
#714=IFCSURFACESTYLERENDERING(#713,0.,$,$,$,$,IFCNORMALISEDRATIOMEASURE(0.00390625),IFCSPECULAREXPONENT(10.),.NOTDEFINED.);
#715=IFCSURFACESTYLE('MISCELLANEOUS/Misc_Undefined',.POSITIVE.,(#714));
#716=IFCPRESENTATIONSTYLEASSIGNMENT((#715));
#717=IFCCARTESIANPOINT((0.,-9.9999999999995506,0.));
#718=IFCCARTESIANPOINT((-4.5474735088646402E-13,-7.0710678118652996,-7.0710678118666701));
#719=IFCCARTESIANPOINT((169.99999999998701,-7.0710678118871302,-7.0710678118666701));
#720=IFCCARTESIANPOINT((169.99999999998701,-10.0000000000214,0.));
#721=IFCPOLYLOOP((#717,#718,#719,#720));
#722=IFCFACEOUTERBOUND(#721,.T.);
#723=IFCFACE((#722));
#724=IFCCARTESIANPOINT((-4.5474735088646402E-13,-4.5474735088646402E-13,-10.));
#725=IFCCARTESIANPOINT((169.99999999998599,-2.18278728425503E-11,-10.));
#726=IFCPOLYLOOP((#718,#724,#725,#719));
#727=IFCFACEOUTERBOUND(#726,.T.);
#728=IFCFACE((#727));
#729=IFCCARTESIANPOINT((-4.5474735088646402E-13,7.0710678118648502,-7.0710678118666701));
#730=IFCCARTESIANPOINT((169.99999999998599,7.0710678118430197,-7.0710678118666701));
#731=IFCPOLYLOOP((#724,#729,#730,#725));
#732=IFCFACEOUTERBOUND(#731,.T.);
#733=IFCFACE((#732));
#734=IFCCARTESIANPOINT((-4.5474735088646402E-13,9.9999999999990905,0.));
#735=IFCCARTESIANPOINT((169.99999999998599,9.9999999999777192,0.));
#736=IFCPOLYLOOP((#729,#734,#735,#730));
#737=IFCFACEOUTERBOUND(#736,.T.);
#738=IFCFACE((#737));
#739=IFCCARTESIANPOINT((-4.5474735088646402E-13,7.0710678118648502,7.0710678118666701));
#740=IFCCARTESIANPOINT((169.99999999998599,7.0710678118430197,7.0710678118666701));
#741=IFCPOLYLOOP((#734,#739,#740,#735));
#742=IFCFACEOUTERBOUND(#741,.T.);
#743=IFCFACE((#742));
#744=IFCCARTESIANPOINT((-4.5474735088646402E-13,-4.5474735088646402E-13,10.));
#745=IFCCARTESIANPOINT((169.99999999998599,-2.18278728425503E-11,10.));
#746=IFCPOLYLOOP((#739,#744,#745,#740));
#747=IFCFACEOUTERBOUND(#746,.T.);
#748=IFCFACE((#747));
#749=IFCCARTESIANPOINT((-4.5474735088646402E-13,-7.0710678118652996,7.0710678118666701));
#750=IFCCARTESIANPOINT((169.99999999998701,-7.0710678118871302,7.0710678118666701));
#751=IFCPOLYLOOP((#744,#749,#750,#745));
#752=IFCFACEOUTERBOUND(#751,.T.);
#753=IFCFACE((#752));
#754=IFCPOLYLOOP((#749,#717,#720,#750));
#755=IFCFACEOUTERBOUND(#754,.T.);
#756=IFCFACE((#755));
#757=IFCPOLYLOOP((#725,#730,#735,#740,#745,#750,#720,#719));
#758=IFCFACEOUTERBOUND(#757,.T.);
#759=IFCFACE((#758));
#760=IFCPOLYLOOP((#749,#744,#739,#734,#729,#724,#718,#717));
#761=IFCFACEOUTERBOUND(#760,.T.);
#762=IFCFACE((#761));
#763=IFCCLOSEDSHELL((#723,#728,#733,#738,#743,#748,#753,#756,#759,#762));
#764=IFCFACETEDBREP(#763);
#765=IFCSTYLEDITEM(#764,(#716),$);
#766=IFCSHAPEREPRESENTATION(#12,'Body','Brep',(#764));
#767=IFCPRODUCTDEFINITIONSHAPE($,$,(#766));
#768=IFCCARTESIANPOINT((3988.6819748831599,31000.,652.04419734500698));
#769=IFCDIRECTION((-0.70542157382637105,0.,0.70878798182554203));
#770=IFCAXIS2PLACEMENT3D(#768,#374,#769);
#771=IFCLOCALPLACEMENT(#42,#770);
#772=IFCBEAM('3TINzEmW53HP_XgPtaGnsv',#381,'Krympeplast','D20',$,#771,#767,'IDdd497f4e-c201-4345-9fa1-a99de4431db9');
#773=IFCBEAMTYPE('1cZoX65zz2AQg27dJJE1ev',#5,'D20',$,$,$,$,$,$,.NOTDEFINED.);
#774=IFCCARTESIANPOINT((0.,20.,-100.));
#775=IFCCARTESIANPOINT((0.,20.,100.));
#776=IFCCARTESIANPOINT((20.,20.,100.));
#777=IFCCARTESIANPOINT((20.,20.,-100.));
#778=IFCPOLYLOOP((#774,#775,#776,#777));
#779=IFCFACEOUTERBOUND(#778,.T.);
#780=IFCFACE((#779));
#781=IFCCARTESIANPOINT((0.,-20.,100.));
#782=IFCCARTESIANPOINT((20.,-20.,100.));
#783=IFCPOLYLOOP((#775,#781,#782,#776));
#784=IFCFACEOUTERBOUND(#783,.T.);
#785=IFCFACE((#784));
#786=IFCCARTESIANPOINT((0.,-20.,-100.));
#787=IFCCARTESIANPOINT((20.,-20.,-100.));
#788=IFCPOLYLOOP((#781,#786,#787,#782));
#789=IFCFACEOUTERBOUND(#788,.T.);
#790=IFCFACE((#789));
#791=IFCPOLYLOOP((#786,#774,#777,#787));
#792=IFCFACEOUTERBOUND(#791,.T.);
#793=IFCFACE((#792));
#794=IFCPOLYLOOP((#782,#787,#777,#776));
#795=IFCFACEOUTERBOUND(#794,.T.);
#796=IFCFACE((#795));
#797=IFCPOLYLOOP((#786,#781,#775,#774));
#798=IFCFACEOUTERBOUND(#797,.T.);
#799=IFCFACE((#798));
#800=IFCCLOSEDSHELL((#780,#785,#790,#793,#796,#799));
#801=IFCFACETEDBREP(#800);
#802=IFCSTYLEDITEM(#801,(#716),$);
#803=IFCSHAPEREPRESENTATION(#12,'Body','Brep',(#801));
#804=IFCPRODUCTDEFINITIONSHAPE($,$,(#803));
#805=IFCCARTESIANPOINT((4030.,31100.,1977.));
#806=IFCAXIS2PLACEMENT3D(#805,#8,#7);
#807=IFCLOCALPLACEMENT(#42,#806);
#808=IFCBEAM('1sbnoJdwfB$gq4TcaGGWPG',#381,'Rissanvisende_fuge','PL200X40',$,#807,#804,'ID76971c93-9faa-4bfe-ad04-766910420650');
#809=IFCBEAMTYPE('0rSfkbHlXASRkcido9RGWM',#5,'PL200X40',$,$,$,$,$,$,.NOTDEFINED.);
#810=IFCCOLOURRGB('Unnamed',0.34901960784313701,0.50196078431372504,0.52549019607843095);
#811=IFCSURFACESTYLERENDERING(#810,0.,$,$,$,$,IFCNORMALISEDRATIOMEASURE(0.00390625),IFCSPECULAREXPONENT(10.),.NOTDEFINED.);
#812=IFCSURFACESTYLE('MISCELLANEOUS/Misc_Undefined',.POSITIVE.,(#811));
#813=IFCPRESENTATIONSTYLEASSIGNMENT((#812));
#814=IFCCARTESIANPOINT((950.,20.,100.));
#815=IFCCARTESIANPOINT((950.,20.,-100.));
#816=IFCPOLYLOOP((#774,#775,#814,#815));
#817=IFCFACEOUTERBOUND(#816,.T.);
#818=IFCFACE((#817));
#819=IFCCARTESIANPOINT((950.,-20.,100.));
#820=IFCPOLYLOOP((#775,#781,#819,#814));
#821=IFCFACEOUTERBOUND(#820,.T.);
#822=IFCFACE((#821));
#823=IFCCARTESIANPOINT((950.,-20.,-100.));
#824=IFCPOLYLOOP((#781,#786,#823,#819));
#825=IFCFACEOUTERBOUND(#824,.T.);
#826=IFCFACE((#825));
#827=IFCPOLYLOOP((#786,#774,#815,#823));
#828=IFCFACEOUTERBOUND(#827,.T.);
#829=IFCFACE((#828));
#830=IFCPOLYLOOP((#819,#823,#815,#814));
#831=IFCFACEOUTERBOUND(#830,.T.);
#832=IFCFACE((#831));
#833=IFCCLOSEDSHELL((#818,#822,#826,#829,#832,#799));
#834=IFCFACETEDBREP(#833);
#835=IFCSTYLEDITEM(#834,(#813),$);
#836=IFCSHAPEREPRESENTATION(#12,'Body','Brep',(#834));
#837=IFCPRODUCTDEFINITIONSHAPE($,$,(#836));
#838=IFCCARTESIANPOINT((4050.,31100.,1977.));
#839=IFCAXIS2PLACEMENT3D(#838,#8,#7);
#840=IFCLOCALPLACEMENT(#42,#839);
#841=IFCBEAM('3Qg0mvmEfFGvY8yX_yz6Zp',#381,'Asfaltdekker_slitelag','PL200X40',$,#840,#837,'IDdaa80c39-c0ea-4f43-9888-f21fbcf468f3');
#842=IFCCOLOURRGB('Unnamed',0.50196078431372504,0.64705882352941202,0.66666666666666696);
#843=IFCSURFACESTYLERENDERING(#842,0.,$,$,$,$,IFCNORMALISEDRATIOMEASURE(0.00390625),IFCSPECULAREXPONENT(10.),.NOTDEFINED.);
#844=IFCSURFACESTYLE('MISCELLANEOUS/Misc_Undefined',.POSITIVE.,(#843));
#845=IFCPRESENTATIONSTYLEASSIGNMENT((#844));
#846=IFCFACETEDBREP(#833);
#847=IFCSTYLEDITEM(#846,(#845),$);
#848=IFCSHAPEREPRESENTATION(#12,'Body','Brep',(#846));
#849=IFCPRODUCTDEFINITIONSHAPE($,$,(#848));
#850=IFCCARTESIANPOINT((4050.,31100.,1937.));
#851=IFCAXIS2PLACEMENT3D(#850,#8,#7);
#852=IFCLOCALPLACEMENT(#42,#851);
#853=IFCBEAM('3vOHvLUKD86ANVuQ6w5XDr',#381,'Asfaltdekker_bindlag','PL200X40',$,#852,#849,'IDf9611e55-7943-4818-a5df-e1a1ba161375');
#854=IFCCOLOURRGB('Unnamed',0.011764705882352899,0.64705882352941202,0.98823529411764699);
#855=IFCSURFACESTYLERENDERING(#854,0.,$,$,$,$,IFCNORMALISEDRATIOMEASURE(0.00390625),IFCSPECULAREXPONENT(10.),.NOTDEFINED.);
#856=IFCSURFACESTYLE('MISCELLANEOUS/Misc_Undefined',.POSITIVE.,(#855));
#857=IFCPRESENTATIONSTYLEASSIGNMENT((#856));
#858=IFCCARTESIANPOINT((0.,6.,-100.));
#859=IFCCARTESIANPOINT((0.,6.,100.));
#860=IFCCARTESIANPOINT((873.,6.,100.));
#861=IFCCARTESIANPOINT((873.,6.,-100.));
#862=IFCPOLYLOOP((#858,#859,#860,#861));
#863=IFCFACEOUTERBOUND(#862,.T.);
#864=IFCFACE((#863));
#865=IFCCARTESIANPOINT((0.,-6.,100.));
#866=IFCCARTESIANPOINT((873.,-6.,100.));
#867=IFCPOLYLOOP((#859,#865,#866,#860));
#868=IFCFACEOUTERBOUND(#867,.T.);
#869=IFCFACE((#868));
#870=IFCCARTESIANPOINT((0.,-6.,-100.));
#871=IFCCARTESIANPOINT((873.,-6.,-100.));
#872=IFCPOLYLOOP((#865,#870,#871,#866));
#873=IFCFACEOUTERBOUND(#872,.T.);
#874=IFCFACE((#873));
#875=IFCPOLYLOOP((#870,#858,#861,#871));
#876=IFCFACEOUTERBOUND(#875,.T.);
#877=IFCFACE((#876));
#878=IFCPOLYLOOP((#866,#871,#861,#860));
#879=IFCFACEOUTERBOUND(#878,.T.);
#880=IFCFACE((#879));
#881=IFCPOLYLOOP((#870,#865,#859,#858));
#882=IFCFACEOUTERBOUND(#881,.T.);
#883=IFCFACE((#882));
#884=IFCCLOSEDSHELL((#864,#869,#874,#877,#880,#883));
#885=IFCFACETEDBREP(#884);
#886=IFCSTYLEDITEM(#885,(#857),$);
#887=IFCSHAPEREPRESENTATION(#12,'Body','Brep',(#885));
#888=IFCPRODUCTDEFINITIONSHAPE($,$,(#887));
#889=IFCCARTESIANPOINT((4127.,31100.,1911.));
#890=IFCAXIS2PLACEMENT3D(#889,#8,#7);
#891=IFCLOCALPLACEMENT(#42,#890);
#892=IFCBEAM('0gGRIgymD40uyw1wp$i6NG',#381,'Fuktisolering_(A3-4)','PL200X12',$,#891,#888,'ID2a41b4aa-f303-4403-8f3a-07acffb065d0');
#893=IFCBEAMTYPE('3GtCzIYNTAT8uR0fN11Eem',#5,'PL200X12',$,$,$,$,$,$,.NOTDEFINED.);
#894=IFCCOLOURRGB('Unnamed',1.,1.,0.035294117647058802);
#895=IFCSURFACESTYLERENDERING(#894,0.,$,$,$,$,IFCNORMALISEDRATIOMEASURE(0.00390625),IFCSPECULAREXPONENT(10.),.NOTDEFINED.);
#896=IFCSURFACESTYLE('MISCELLANEOUS/Misc_Undefined',.POSITIVE.,(#895));
#897=IFCPRESENTATIONSTYLEASSIGNMENT((#896));
#898=IFCCARTESIANPOINT((0.,2.5,-100.));
#899=IFCCARTESIANPOINT((0.,2.5,100.));
#900=IFCCARTESIANPOINT((670.,2.5,100.));
#901=IFCCARTESIANPOINT((670.,2.5,-100.));
#902=IFCPOLYLOOP((#898,#899,#900,#901));
#903=IFCFACEOUTERBOUND(#902,.T.);
#904=IFCFACE((#903));
#905=IFCCARTESIANPOINT((0.,-2.5,100.));
#906=IFCCARTESIANPOINT((670.,-2.5,100.));
#907=IFCPOLYLOOP((#899,#905,#906,#900));
#908=IFCFACEOUTERBOUND(#907,.T.);
#909=IFCFACE((#908));
#910=IFCCARTESIANPOINT((0.,-2.5,-100.));
#911=IFCCARTESIANPOINT((670.,-2.5,-100.));
#912=IFCPOLYLOOP((#905,#910,#911,#906));
#913=IFCFACEOUTERBOUND(#912,.T.);
#914=IFCFACE((#913));
#915=IFCPOLYLOOP((#910,#898,#901,#911));
#916=IFCFACEOUTERBOUND(#915,.T.);
#917=IFCFACE((#916));
#918=IFCPOLYLOOP((#906,#911,#901,#900));
#919=IFCFACEOUTERBOUND(#918,.T.);
#920=IFCFACE((#919));
#921=IFCPOLYLOOP((#910,#905,#899,#898));
#922=IFCFACEOUTERBOUND(#921,.T.);
#923=IFCFACE((#922));
#924=IFCCLOSEDSHELL((#904,#909,#914,#917,#920,#923));
#925=IFCFACETEDBREP(#924);
#926=IFCSTYLEDITEM(#925,(#897),$);
#927=IFCSHAPEREPRESENTATION(#12,'Body','Brep',(#925));
#928=IFCPRODUCTDEFINITIONSHAPE($,$,(#927));
#929=IFCCARTESIANPOINT((4330.,31100.,1902.5));
#930=IFCAXIS2PLACEMENT3D(#929,#8,#7);
#931=IFCLOCALPLACEMENT(#42,#930);
#932=IFCBEAM('0K6ltnwTb1ygGE7rPeVIsM',#381,'Kleber','PL200X5',$,#931,#928,'ID141afdf1-e9d9-41f2-a40e-1f56687d2d96');
#933=IFCBEAMTYPE('3M39CHwZPDIOlFUT0UtMzR',#5,'PL200X5',$,$,$,$,$,$,.NOTDEFINED.);
#934=IFCCOLOURRGB('Unnamed',1.,0.50196078431372504,1.);
#935=IFCSURFACESTYLERENDERING(#934,0.,$,$,$,$,IFCNORMALISEDRATIOMEASURE(0.00390625),IFCSPECULAREXPONENT(10.),.NOTDEFINED.);
#936=IFCSURFACESTYLE('MISCELLANEOUS/Misc_Undefined',.POSITIVE.,(#935));
#937=IFCPRESENTATIONSTYLEASSIGNMENT((#936));
#938=IFCCARTESIANPOINT((477.364119400135,2.50000016524928,100.000000000065));
#939=IFCCARTESIANPOINT((477.36411940008497,2.50000016524882,-99.999999999934502));
#940=IFCPOLYLOOP((#898,#899,#938,#939));
#941=IFCFACEOUTERBOUND(#940,.T.);
#942=IFCFACE((#941));
#943=IFCCARTESIANPOINT((475.41184617942002,-2.4999998354267099,-99.999999999934502));
#944=IFCCARTESIANPOINT((475.41184617946999,-2.4999998354267099,100.000000000065));
#945=IFCPOLYLOOP((#905,#910,#943,#944));
#946=IFCFACEOUTERBOUND(#945,.T.);
#947=IFCFACE((#946));
#948=IFCCARTESIANPOINT((505.035436673633,-22.995736735938301,100.000000000044));
#949=IFCCARTESIANPOINT((505.03543667346702,-22.995736735780799,-99.999999999956302));
#950=IFCPOLYLOOP((#939,#938,#948,#949));
#951=IFCFACEOUTERBOUND(#950,.T.);
#952=IFCFACE((#951));
#953=IFCCARTESIANPOINT((500.24918309751001,-25.384570205877701,-99.999999999956302));
#954=IFCCARTESIANPOINT((500.249183097676,-25.384570206035299,100.000000000044));
#955=IFCPOLYLOOP((#944,#943,#953,#954));
#956=IFCFACEOUTERBOUND(#955,.T.);
#957=IFCFACE((#956));
#958=IFCCARTESIANPOINT((563.92099898203298,-612.47185894197696,99.999999999188702));
#959=IFCCARTESIANPOINT((563.92099898192805,-612.47185894177903,-100.000000000811));
#960=IFCPOLYLOOP((#949,#948,#958,#959));
#961=IFCFACEOUTERBOUND(#960,.T.);
#962=IFCFACE((#961));
#963=IFCCARTESIANPOINT((559.07001122320105,-614.21266845596699,-100.000000000811));
#964=IFCCARTESIANPOINT((559.07001122330803,-614.21266845616401,99.999999999188702));
#965=IFCPOLYLOOP((#954,#953,#963,#964));
#966=IFCFACEOUTERBOUND(#965,.T.);
#967=IFCFACE((#966));
#968=IFCCARTESIANPOINT((658.43480550738002,-753.776991109969,99.999999999068706));
#969=IFCCARTESIANPOINT((658.43480550739605,-753.77699110986805,-100.000000000931));
#970=IFCPOLYLOOP((#959,#958,#968,#969));
#971=IFCFACEOUTERBOUND(#970,.T.);
#972=IFCFACE((#971));
#973=IFCCARTESIANPOINT((655.94666291176702,-759.05042892819995,-100.000000000935));
#974=IFCCARTESIANPOINT((655.94666291174997,-759.05042892830102,99.999999999064997));
#975=IFCPOLYLOOP((#964,#963,#973,#974));
#976=IFCFACEOUTERBOUND(#975,.T.);
#977=IFCFACE((#976));
#978=IFCCARTESIANPOINT((857.44431656815095,-733.89698830392399,99.999999999163293));
#979=IFCCARTESIANPOINT((857.44431656821905,-733.89698830376506,-100.00000000083701));
#980=IFCPOLYLOOP((#969,#968,#978,#979));
#981=IFCFACEOUTERBOUND(#980,.T.);
#982=IFCFACE((#981));
#983=IFCCARTESIANPOINT((857.94131663827704,-738.87222608018101,99.999999999156003));
#984=IFCPOLYLOOP((#968,#958,#948,#938,#899,#905,#944,#954,#964,#974,#983,#978));
#985=IFCFACEOUTERBOUND(#984,.T.);
#986=IFCFACE((#985));
#987=IFCCARTESIANPOINT((857.94131663834605,-738.87222608002196,-100.000000000844));
#988=IFCPOLYLOOP((#974,#973,#987,#983));
#989=IFCFACEOUTERBOUND(#988,.T.);
#990=IFCFACE((#989));
#991=IFCPOLYLOOP((#973,#963,#953,#943,#910,#898,#939,#949,#959,#969,#979,#987));
#992=IFCFACEOUTERBOUND(#991,.T.);
#993=IFCFACE((#992));
#994=IFCPOLYLOOP((#983,#987,#979,#978));
#995=IFCFACEOUTERBOUND(#994,.T.);
#996=IFCFACE((#995));
#997=IFCCLOSEDSHELL((#923,#942,#947,#952,#957,#962,#967,#972,#977,#982,#986,#990,#993,#996));
#998=IFCFACETEDBREP(#997);
#999=IFCSTYLEDITEM(#998,(#937),$);
#1000=IFCSHAPEREPRESENTATION(#12,'Body','Brep',(#998));
#1001=IFCPRODUCTDEFINITIONSHAPE($,$,(#1000));
#1002=IFCCARTESIANPOINT((3549.7514999658001,31100.,1084.5076188882099));
#1003=IFCDIRECTION((0.99504755525140998,0.,0.099400014025114697));
#1004=IFCAXIS2PLACEMENT3D(#1002,#8,#1003);
#1005=IFCLOCALPLACEMENT(#42,#1004);
#1006=IFCBEAM('3b9VXYdaH9kQwF4hTLkE6M',#381,'Fuktisolering_(A3-2)','PL200X5',$,#1005,#1001,'IDe525f862-9e44-49b9-ae8f-12b755b8e196');
#1007=IFCCOLOURRGB('Unnamed',0.65490196078431395,0.65490196078431395,0.65490196078431395);
#1008=IFCSURFACESTYLERENDERING(#1007,0.,$,$,$,$,IFCNORMALISEDRATIOMEASURE(0.00390625),IFCSPECULAREXPONENT(10.),.NOTDEFINED.);
#1009=IFCSURFACESTYLE('CONCRETE/B45_SV_Standard',.POSITIVE.,(#1008));
#1010=IFCPRESENTATIONSTYLEASSIGNMENT((#1009));
#1011=IFCCARTESIANPOINT((0.,-100.,0.));
#1012=IFCCARTESIANPOINT((-104.494937810574,-100.,1045.00000000009));
#1013=IFCCARTESIANPOINT((-104.494937810574,100.,1045.00000000009));
#1014=IFCCARTESIANPOINT((0.,100.,0.));
#1015=IFCPOLYLOOP((#1011,#1012,#1013,#1014));
#1016=IFCFACEOUTERBOUND(#1015,.T.);
#1017=IFCFACE((#1016));
#1018=IFCCARTESIANPOINT((297.49506218942599,-100.,1045.00000000009));
#1019=IFCCARTESIANPOINT((297.49506218942599,100.,1045.00000000009));
#1020=IFCPOLYLOOP((#1012,#1018,#1019,#1013));
#1021=IFCFACEOUTERBOUND(#1020,.T.);
#1022=IFCFACE((#1021));
#1023=IFCCARTESIANPOINT((401.94506218943297,-100.,1.81898940354586E-11));
#1024=IFCCARTESIANPOINT((401.94506218943297,100.,1.81898940354586E-11));
#1025=IFCPOLYLOOP((#1018,#1023,#1024,#1019));
#1026=IFCFACEOUTERBOUND(#1025,.T.);
#1027=IFCFACE((#1026));
#1028=IFCPOLYLOOP((#1023,#1011,#1014,#1024));
#1029=IFCFACEOUTERBOUND(#1028,.T.);
#1030=IFCFACE((#1029));
#1031=IFCPOLYLOOP((#1019,#1024,#1014,#1013));
#1032=IFCFACEOUTERBOUND(#1031,.T.);
#1033=IFCFACE((#1032));
#1034=IFCPOLYLOOP((#1023,#1018,#1012,#1011));
#1035=IFCFACEOUTERBOUND(#1034,.T.);
#1036=IFCFACE((#1035));
#1037=IFCCLOSEDSHELL((#1017,#1022,#1027,#1030,#1033,#1036));
#1038=IFCFACETEDBREP(#1037);
#1039=IFCSTYLEDITEM(#1038,(#1010),$);
#1040=IFCSHAPEREPRESENTATION(#12,'Body','Brep',(#1038));
#1041=IFCPRODUCTDEFINITIONSHAPE($,$,(#1040));
#1042=IFCCARTESIANPOINT((4045.00000000009,31100.,729.52493781057399));
#1043=IFCAXIS2PLACEMENT3D(#1042,#375,#9);
#1044=IFCLOCALPLACEMENT(#42,#1043);
#1045=IFCPLATE('32GwJFRST5zfSzg0zjwYkt',#381,'Overgangsplate','PL200X400',$,#1044,#1041,'IDc243a4cf-6dc7-45f6-973d-a80f6dea2bb7');
#1046=IFCPLATETYPE('3tQ3FWhnj30ve1bpLNGp7Y',#5,'PL200X400',$,$,$,$,$,$,.NOTDEFINED.);
#1047=IFCMATERIAL('CONCRETE/B45_SV_Standard');
#1048=IFCCARTESIANPOINT((22.139577482195801,-100.,20.3982623994441));
#1049=IFCCARTESIANPOINT((22.139577482195801,100.,20.3982623994441));
#1050=IFCPOLYLOOP((#1011,#1048,#1049,#1014));
#1051=IFCFACEOUTERBOUND(#1050,.T.);
#1052=IFCFACE((#1051));
#1053=IFCCARTESIANPOINT((20.099751242321901,-100.,2.2737367544323201E-13));
#1054=IFCCARTESIANPOINT((20.099751242321901,100.,2.2737367544323201E-13));
#1055=IFCPOLYLOOP((#1048,#1053,#1054,#1049));
#1056=IFCFACEOUTERBOUND(#1055,.T.);
#1057=IFCFACE((#1056));
#1058=IFCPOLYLOOP((#1053,#1011,#1014,#1054));
#1059=IFCFACEOUTERBOUND(#1058,.T.);
#1060=IFCFACE((#1059));
#1061=IFCPOLYLOOP((#1054,#1014,#1049));
#1062=IFCFACEOUTERBOUND(#1061,.T.);
#1063=IFCFACE((#1062));
#1064=IFCPOLYLOOP((#1053,#1048,#1011));
#1065=IFCFACEOUTERBOUND(#1064,.T.);
#1066=IFCFACE((#1065));
#1067=IFCCLOSEDSHELL((#1052,#1057,#1060,#1063,#1066));
#1068=IFCFACETEDBREP(#1067);
#1069=IFCSTYLEDITEM(#1068,(#716),$);
#1070=IFCSHAPEREPRESENTATION(#12,'Body','Brep',(#1068));
#1071=IFCPRODUCTDEFINITIONSHAPE($,$,(#1070));
#1072=IFCCARTESIANPOINT((4025.,31100.,1129.47));
#1073=IFCDIRECTION((-0.099503719021000997,0.,0.99503719020998904));
#1074=IFCDIRECTION((0.99503719020998904,0.,0.099503719021001205));
#1075=IFCAXIS2PLACEMENT3D(#1072,#1073,#1074);
#1076=IFCLOCALPLACEMENT(#42,#1075);
#1077=IFCPLATE('2mkWgO3aH97upiLD8UG6b7',#381,'Bitumenbasert_hulkil','PL200X14',$,#1076,#1071,'IDb0ba0a98-0e44-491f-8cec-54d21e406947');
#1078=IFCPLATETYPE('21uNRoacn07x0Vt4Qc3lQ3',#5,'PL200X14',$,$,$,$,$,$,.NOTDEFINED.);
#1079=IFCCARTESIANPOINT((251.246890528118,2.5000000000004001,100.));
#1080=IFCCARTESIANPOINT((251.246890528118,2.5000000000004001,-100.));
#1081=IFCPOLYLOOP((#898,#899,#1079,#1080));
#1082=IFCFACEOUTERBOUND(#1081,.T.);
#1083=IFCFACE((#1082));
#1084=IFCCARTESIANPOINT((246.721952717557,-2.4999999999998299,-100.));
#1085=IFCCARTESIANPOINT((246.721952717557,-2.4999999999998299,100.));
#1086=IFCPOLYLOOP((#905,#910,#1084,#1085));
#1087=IFCFACEOUTERBOUND(#1086,.T.);
#1088=IFCFACE((#1087));
#1089=IFCCARTESIANPOINT((293.731993438529,-422.35102910411803,100.));
#1090=IFCCARTESIANPOINT((293.731993438529,-422.35102910411803,-100.));
#1091=IFCPOLYLOOP((#1080,#1079,#1089,#1090));
#1092=IFCFACEOUTERBOUND(#1091,.T.);
#1093=IFCFACE((#1092));
#1094=IFCCARTESIANPOINT((288.75680748747902,-422.84854769922299,100.));
#1095=IFCPOLYLOOP((#1079,#899,#905,#1085,#1094,#1089));
#1096=IFCFACEOUTERBOUND(#1095,.T.);
#1097=IFCFACE((#1096));
#1098=IFCCARTESIANPOINT((288.75680748747902,-422.84854769922299,-100.));
#1099=IFCPOLYLOOP((#1085,#1084,#1098,#1094));
#1100=IFCFACEOUTERBOUND(#1099,.T.);
#1101=IFCFACE((#1100));
#1102=IFCPOLYLOOP((#1084,#910,#898,#1080,#1090,#1098));
#1103=IFCFACEOUTERBOUND(#1102,.T.);
#1104=IFCFACE((#1103));
#1105=IFCPOLYLOOP((#1094,#1098,#1090,#1089));
#1106=IFCFACEOUTERBOUND(#1105,.T.);
#1107=IFCFACE((#1106));
#1108=IFCCLOSEDSHELL((#923,#1083,#1088,#1093,#1097,#1101,#1104,#1107));
#1109=IFCFACETEDBREP(#1108);
#1110=IFCSTYLEDITEM(#1109,(#857),$);
#1111=IFCSHAPEREPRESENTATION(#12,'Body','Brep',(#1109));
#1112=IFCPRODUCTDEFINITIONSHAPE($,$,(#1111));
#1113=IFCCARTESIANPOINT((3799.7512407024501,31100.,702.48759297552999));
#1114=IFCAXIS2PLACEMENT3D(#1113,#8,#1074);
#1115=IFCLOCALPLACEMENT(#42,#1114);
#1116=IFCBEAM('1ltYPAgp59fPhuYedP7Pm_',#381,'Asfaltmembran','PL200X5',$,#1115,#1112,'ID6fde264a-ab31-49a5-9af8-8a89d91d9c3e');
#1117=IFCCOLOURRGB('Unnamed',0.94509803921568603,0.74117647058823499,0.039215686274509803);
#1118=IFCSURFACESTYLERENDERING(#1117,0.,$,$,$,$,IFCNORMALISEDRATIOMEASURE(0.00390625),IFCSPECULAREXPONENT(10.),.NOTDEFINED.);
#1119=IFCSURFACESTYLE('MISCELLANEOUS/Misc_Undefined',.POSITIVE.,(#1118));
#1120=IFCPRESENTATIONSTYLEASSIGNMENT((#1119));
#1121=IFCCARTESIANPOINT((-7.00000000000023,-100.,70.));
#1122=IFCCARTESIANPOINT((-7.00000000000023,100.,70.));
#1123=IFCPOLYLOOP((#1011,#1121,#1122,#1014));
#1124=IFCFACEOUTERBOUND(#1123,.T.);
#1125=IFCFACE((#1124));
#1126=IFCCARTESIANPOINT((45.,-100.,0.));
#1127=IFCCARTESIANPOINT((45.,100.,0.));
#1128=IFCPOLYLOOP((#1121,#1126,#1127,#1122));
#1129=IFCFACEOUTERBOUND(#1128,.T.);
#1130=IFCFACE((#1129));
#1131=IFCPOLYLOOP((#1126,#1011,#1014,#1127));
#1132=IFCFACEOUTERBOUND(#1131,.T.);
#1133=IFCFACE((#1132));
#1134=IFCPOLYLOOP((#1127,#1014,#1122));
#1135=IFCFACEOUTERBOUND(#1134,.T.);
#1136=IFCFACE((#1135));
#1137=IFCPOLYLOOP((#1126,#1121,#1011));
#1138=IFCFACEOUTERBOUND(#1137,.T.);
#1139=IFCFACE((#1138));
#1140=IFCCLOSEDSHELL((#1125,#1130,#1133,#1136,#1139));
#1141=IFCFACETEDBREP(#1140);
#1142=IFCSTYLEDITEM(#1141,(#1120),$);
#1143=IFCSHAPEREPRESENTATION(#12,'Body','Brep',(#1141));
#1144=IFCPRODUCTDEFINITIONSHAPE($,$,(#1143));
#1145=IFCCARTESIANPOINT((3800.,31100.,700.));
#1146=IFCAXIS2PLACEMENT3D(#1145,#7,#433);
#1147=IFCLOCALPLACEMENT(#42,#1146);
#1148=IFCPLATE('3fe9G36mb9zfdsfAdhJRhG',#381,'Trekantlist','PL200X36',$,#1147,#1144,'IDe9a09403-1b09-49f6-99f6-a4a9eb4dbad0');
#1149=IFCPLATETYPE('0SuUwAa1PEw9mGI$3bNoZ1',#5,'PL200X36',$,$,$,$,$,$,.NOTDEFINED.);
#1150=IFCCOLOURRGB('Unnamed',0.82352941176470595,0.82352941176470595,0.82352941176470595);
#1151=IFCSURFACESTYLERENDERING(#1150,0.,$,$,$,$,IFCNORMALISEDRATIOMEASURE(0.00390625),IFCSPECULAREXPONENT(10.),.NOTDEFINED.);
#1152=IFCSURFACESTYLE('CONCRETE/B45_SV_Standard',.POSITIVE.,(#1151));
#1153=IFCPRESENTATIONSTYLEASSIGNMENT((#1152));
#1154=IFCCARTESIANPOINT((-250.,-100.,-250.));
#1155=IFCCARTESIANPOINT((-250.,100.,-250.));
#1156=IFCPOLYLOOP((#1011,#1154,#1155,#1014));
#1157=IFCFACEOUTERBOUND(#1156,.T.);
#1158=IFCFACE((#1157));
#1159=IFCCARTESIANPOINT((-455.,-100.,-250.));
#1160=IFCCARTESIANPOINT((-455.,100.,-250.));
#1161=IFCPOLYLOOP((#1154,#1159,#1160,#1155));
#1162=IFCFACEOUTERBOUND(#1161,.T.);
#1163=IFCFACE((#1162));
#1164=IFCCARTESIANPOINT((-507.,-100.,-180.));
#1165=IFCCARTESIANPOINT((-507.,100.,-180.));
#1166=IFCPOLYLOOP((#1159,#1164,#1165,#1160));
#1167=IFCFACEOUTERBOUND(#1166,.T.);
#1168=IFCFACE((#1167));
#1169=IFCCARTESIANPOINT((-525.,-100.,0.));
#1170=IFCCARTESIANPOINT((-525.,100.,0.));
#1171=IFCPOLYLOOP((#1164,#1169,#1170,#1165));
#1172=IFCFACEOUTERBOUND(#1171,.T.);
#1173=IFCFACE((#1172));
#1174=IFCCARTESIANPOINT((-1550.,-100.,0.));
#1175=IFCCARTESIANPOINT((-1550.,100.,0.));
#1176=IFCPOLYLOOP((#1169,#1174,#1175,#1170));
#1177=IFCFACEOUTERBOUND(#1176,.T.);
#1178=IFCFACE((#1177));
#1179=IFCCARTESIANPOINT((-1700.,-100.,80.));
#1180=IFCCARTESIANPOINT((-1700.,100.,80.));
#1181=IFCPOLYLOOP((#1174,#1179,#1180,#1175));
#1182=IFCFACEOUTERBOUND(#1181,.T.);
#1183=IFCFACE((#1182));
#1184=IFCCARTESIANPOINT((-1700.,-100.,950.));
#1185=IFCCARTESIANPOINT((-1700.,100.,950.));
#1186=IFCPOLYLOOP((#1179,#1184,#1185,#1180));
#1187=IFCFACEOUTERBOUND(#1186,.T.);
#1188=IFCFACE((#1187));
#1189=IFCCARTESIANPOINT((200.,-100.,950.));
#1190=IFCCARTESIANPOINT((200.,100.,950.));
#1191=IFCPOLYLOOP((#1184,#1189,#1190,#1185));
#1192=IFCFACEOUTERBOUND(#1191,.T.);
#1193=IFCFACE((#1192));
#1194=IFCCARTESIANPOINT((200.,-100.,0.));
#1195=IFCCARTESIANPOINT((200.,100.,0.));
#1196=IFCPOLYLOOP((#1189,#1194,#1195,#1190));
#1197=IFCFACEOUTERBOUND(#1196,.T.);
#1198=IFCFACE((#1197));
#1199=IFCPOLYLOOP((#1194,#1011,#1014,#1195));
#1200=IFCFACEOUTERBOUND(#1199,.T.);
#1201=IFCFACE((#1200));
#1202=IFCPOLYLOOP((#1160,#1165,#1170,#1175,#1180,#1185,#1190,#1195,#1014,#1155));
#1203=IFCFACEOUTERBOUND(#1202,.T.);
#1204=IFCFACE((#1203));
#1205=IFCPOLYLOOP((#1194,#1189,#1184,#1179,#1174,#1169,#1164,#1159,#1154,#1011));
#1206=IFCFACEOUTERBOUND(#1205,.T.);
#1207=IFCFACE((#1206));
#1208=IFCCLOSEDSHELL((#1158,#1163,#1168,#1173,#1178,#1183,#1188,#1193,#1198,#1201,#1204,#1207));
#1209=IFCFACETEDBREP(#1208);
#1210=IFCSTYLEDITEM(#1209,(#1153),$);
#1211=IFCSHAPEREPRESENTATION(#12,'Body','Brep',(#1209));
#1212=IFCPRODUCTDEFINITIONSHAPE($,$,(#1211));
#1213=IFCCARTESIANPOINT((4050.,31100.,200.));
#1214=IFCAXIS2PLACEMENT3D(#1213,#7,#433);
#1215=IFCLOCALPLACEMENT(#42,#1214);
#1216=IFCSLAB('0iStnn$pr8XQu552a4lNv0',#44,'Landkar','200X1200',$,#1215,#1212,'ID2c737c71-ff3d-4885-ae05-142904bd7e40',.NOTDEFINED.);
#1217=IFCSLABTYPE('1yLGjB9Tf0ZuIUTC1TnEbV',#5,'200X1200',$,$,$,$,$,$,.NOTDEFINED.);
#1218=IFCRELAGGREGATES('1B1siR7YH3penQC$5KPKxk',#5,$,$,#36,(#38));
#1219=IFCRELAGGREGATES('269Hcavxn14R6HyRsXbDrg',#5,$,$,#38,(#41));
#1220=IFCRELAGGREGATES('3FCJmoMOT45BABeDjctTZR',#5,$,$,#41,(#43));
#1221=IFCRELCONTAINEDINSPATIALSTRUCTURE('2OeEgbXwX3BgMraL6iXw6j',#5,$,$,(#1216,#1148,#1116,#1077,#1045,#1006,#932,#892,#853,#841,#808,#772,#712,#599,#570,#532,#489,#436,#378,#268),#43);
#1222=IFCRELDEFINESBYTYPE('2M60h2J4L7h8CSdI99t3wq',#5,$,$,(#378),#379);
#1223=IFCRELDEFINESBYTYPE('2tSPVFb750duEYStTlLOzO',#5,$,$,(#436),#437);
#1224=IFCRELDEFINESBYTYPE('1TwxB5R4n82OpBMHAYVq2j',#5,$,$,(#489),#490);
#1225=IFCRELDEFINESBYTYPE('2KVZy1eKDAZfWi$poRMYWd',#5,$,$,(#532),#533);
#1226=IFCRELDEFINESBYTYPE('2Y5sYceXD0xg55K7Op56hQ',#5,$,$,(#599,#570),#571);
#1227=IFCRELDEFINESBYTYPE('2h_I0C8aP81AegzQ5q3C3F',#5,$,$,(#772),#773);
#1228=IFCRELDEFINESBYTYPE('00Z_OurWD3RuEPzeQpQAo9',#5,$,$,(#853,#841,#808),#809);
#1229=IFCRELDEFINESBYTYPE('2YV6NwT6z1xAmcmeyRe91t',#5,$,$,(#892),#893);
#1230=IFCRELDEFINESBYTYPE('215XD9kW50wOOdmZZgzhHe',#5,$,$,(#1116,#1006,#932),#933);
#1231=IFCRELDEFINESBYTYPE('3jzM2vm9LDvuHZ9led6xb8',#5,$,$,(#1045),#1046);
#1232=IFCRELDEFINESBYTYPE('00CG$UvqHDEvTjdtQzu0lQ',#5,$,$,(#1077),#1078);
#1233=IFCRELDEFINESBYTYPE('3MY57WiwfA6firkTdvpD_a',#5,$,$,(#1148),#1149);
#1234=IFCRELDEFINESBYTYPE('3JudyailbCNww59qboK0Wj',#5,$,$,(#1216),#1217);
#1235=IFCRELASSOCIATESMATERIAL('094N1GRxPD8wv0IXs2bQ7S',#5,$,$,(#712,#268),#269);
#1236=IFCRELASSOCIATESMATERIAL('0iopSGcdn9DAN4K9tQ$ypG',#5,$,$,(#1148,#1116,#1077,#1006,#932,#892,#853,#841,#808,#772,#599,#570,#532,#489,#436,#378),#380);
#1237=IFCRELASSOCIATESMATERIAL('2w$I9u6zbALBTdawdLbFYn',#5,$,$,(#1216,#1045),#1047);
#1238=IFCPRESENTATIONLAYERASSIGNMENT('Armering_Rustfritt',$,(#261,#705),$);
#1239=IFCPRESENTATIONLAYERASSIGNMENT('Ramme',$,(#371),$);
#1240=IFCPRESENTATIONLAYERASSIGNMENT('L\X2\00F8\X0\smasser_2',$,(#430),$);
#1241=IFCPRESENTATIONLAYERASSIGNMENT('L\X2\00F8\X0\smasser_1',$,(#484,#528),$);
#1242=IFCPRESENTATIONLAYERASSIGNMENT('Gjennomsiktig',$,(#565,#594),$);
#1243=IFCPRESENTATIONLAYERASSIGNMENT('Krympeplast',$,(#766),$);
#1244=IFCPRESENTATIONLAYERASSIGNMENT('Rissanvisende_fuge',$,(#803),$);
#1245=IFCPRESENTATIONLAYERASSIGNMENT('Asfaltdekker_slitelag',$,(#836),$);
#1246=IFCPRESENTATIONLAYERASSIGNMENT('Asfaltdekker_bindlag',$,(#848),$);
#1247=IFCPRESENTATIONLAYERASSIGNMENT('Fuktisolering_(A3-4)',$,(#887),$);
#1248=IFCPRESENTATIONLAYERASSIGNMENT('Kleber',$,(#927),$);
#1249=IFCPRESENTATIONLAYERASSIGNMENT('Fuktisolering_(A3-2)',$,(#1000),$);
#1250=IFCPRESENTATIONLAYERASSIGNMENT('Overgangsplate',$,(#1040),$);
#1251=IFCPRESENTATIONLAYERASSIGNMENT('Bitumenbasert_hulkil',$,(#1070),$);
#1252=IFCPRESENTATIONLAYERASSIGNMENT('Asfaltmembran',$,(#1111),$);
#1253=IFCPRESENTATIONLAYERASSIGNMENT('Trekantlist',$,(#1143),$);
#1254=IFCPRESENTATIONLAYERASSIGNMENT('Landkar',$,(#1211),$);
#1255=IFCOWNERHISTORY(#3,#4,.READWRITE.,.ADDED.,1789134012,#3,#4,1789134012);
#1256=IFCPROPERTYSET('33hVlwgwn9xR8uDE8a7og8',#1255,'BIM_Tverrfaglig',$,(#1259,#1260,#1261,#1262,#1263));
#1257=IFCOWNERHISTORY(#3,#4,.READWRITE.,.ADDED.,1789134012,#3,#4,1789134012);
#1258=IFCRELDEFINESBYPROPERTIES('00Pooj3UDF2BwUX9DfGkTf',#1257,$,$,(#772),#1256);
#1259=IFCPROPERTYSINGLEVALUE('BIM.04 - MMI',$,IFCTEXT('350'),$);
#1260=IFCPROPERTYSINGLEVALUE('BIM.05 - Elementnavn',$,IFCTEXT('Fuktisolering'),$);
#1261=IFCPROPERTYSINGLEVALUE('BIM.06 - Fag',$,IFCTEXT('KON'),$);
#1262=IFCPROPERTYSINGLEVALUE('BIM.07 - Revisjon',$,IFCTEXT('A'),$);
#1263=IFCPROPERTYSINGLEVALUE('BIM.08 - Revisjonsdato',$,IFCTEXT('2023-01-16'),$);
#1264=IFCOWNERHISTORY(#3,#4,.READWRITE.,.ADDED.,1789134012,#3,#4,1789134012);
#1265=IFCPROPERTYSET('37qPNrGbP6kg3V6D$g4yAT',#1264,'KON_Felles',$,(#1268,#1269,#1270,#1271,#1272,#1273,#1274,#1275,#1276,#1277,#1278,#1279));
#1266=IFCOWNERHISTORY(#3,#4,.READWRITE.,.ADDED.,1789134012,#3,#4,1789134012);
#1267=IFCRELDEFINESBYPROPERTIES('0IqcFe1xr4H9x_ztqgsxWZ',#1266,$,$,(#772),#1265);
#1268=IFCPROPERTYSINGLEVALUE('KON.01 - Konstruksjonsnummer',$,IFCTEXT('K100'),$);
#1269=IFCPROPERTYSINGLEVALUE('KON.03 - Akse',$,IFCTEXT('01'),$);
#1270=IFCPROPERTYSINGLEVALUE('KON.10 - Konstruksjonsinndeling',$,IFCTEXT('Bru'),$);
#1271=IFCPROPERTYSINGLEVALUE('KON.11 - Konstruksjonsdel',$,IFCTEXT('Fuktisolering'),$);
#1272=IFCPROPERTYSINGLEVALUE('KON.13 - Elementnavn',$,IFCTEXT('Fuktisolering'),$);
#1273=IFCPROPERTYSINGLEVALUE('KON.20 - Produksjonsenhet',$,IFCTEXT('PLD-1002'),$);
#1274=IFCPROPERTYSINGLEVALUE('KON.30 - Plasseringsprioritet',$,IFCTEXT('2 - Viker for 1'),$);
#1275=IFCPROPERTYSINGLEVALUE('KON.31 - Plasseringsmerknad',$,IFCTEXT('Ikke angitt'),$);
#1276=IFCPROPERTYSINGLEVALUE('KON.40 - Materialtype',$,IFCTEXT('Fuktisolering'),$);
#1277=IFCPROPERTYSINGLEVALUE('KON.41 - Materialspesifikasjon',$,IFCTEXT('Ikke angitt'),$);
#1278=IFCPROPERTYSINGLEVALUE('KON.51 - Produksjonsmerknad 1',$,IFCTEXT('Ikke angitt'),$);
#1279=IFCPROPERTYSINGLEVALUE('KON.53 - Utf\X2\00F8\X0\relsesmerknad 1',$,IFCTEXT('Ikke angitt'),$);
#1280=IFCOWNERHISTORY(#3,#4,.READWRITE.,.ADDED.,1789134012,#3,#4,1789134012);
#1281=IFCPROPERTYSET('3$EBFp2VjBzxsGwpm7$pMA',#1280,'BIM_Tverrfaglig',$,(#1284,#1285,#1286,#1287,#1288));
#1282=IFCOWNERHISTORY(#3,#4,.READWRITE.,.ADDED.,1789134012,#3,#4,1789134012);
#1283=IFCRELDEFINESBYPROPERTIES('0BK0cEFMb0uurSQTnFbsbj',#1282,$,$,(#808),#1281);
#1284=IFCPROPERTYSINGLEVALUE('BIM.04 - MMI',$,IFCTEXT('350'),$);
#1285=IFCPROPERTYSINGLEVALUE('BIM.05 - Elementnavn',$,IFCTEXT('Rissanvisende fuge'),$);
#1286=IFCPROPERTYSINGLEVALUE('BIM.06 - Fag',$,IFCTEXT('KON'),$);
#1287=IFCPROPERTYSINGLEVALUE('BIM.07 - Revisjon',$,IFCTEXT('A'),$);
#1288=IFCPROPERTYSINGLEVALUE('BIM.08 - Revisjonsdato',$,IFCTEXT('2023-01-16'),$);
#1289=IFCOWNERHISTORY(#3,#4,.READWRITE.,.ADDED.,1789134012,#3,#4,1789134012);
#1290=IFCPROPERTYSET('0j_FtS1HTBYQSt02A0OQxY',#1289,'KON_Felles',$,(#1293,#1294,#1295,#1296,#1297,#1298,#1299,#1300,#1301,#1302,#1303,#1304));
#1291=IFCOWNERHISTORY(#3,#4,.READWRITE.,.ADDED.,1789134012,#3,#4,1789134012);
#1292=IFCRELDEFINESBYPROPERTIES('3Miq3San9Fdv0Coo1dIYSA',#1291,$,$,(#808),#1290);
#1293=IFCPROPERTYSINGLEVALUE('KON.01 - Konstruksjonsnummer',$,IFCTEXT('K100'),$);
#1294=IFCPROPERTYSINGLEVALUE('KON.03 - Akse',$,IFCTEXT('01'),$);
#1295=IFCPROPERTYSINGLEVALUE('KON.10 - Konstruksjonsinndeling',$,IFCTEXT('Bru'),$);
#1296=IFCPROPERTYSINGLEVALUE('KON.11 - Konstruksjonsdel',$,IFCTEXT('Fuge'),$);
#1297=IFCPROPERTYSINGLEVALUE('KON.13 - Elementnavn',$,IFCTEXT('Rissanvisende fuge'),$);
#1298=IFCPROPERTYSINGLEVALUE('KON.20 - Produksjonsenhet',$,IFCTEXT('PLD-1002'),$);
#1299=IFCPROPERTYSINGLEVALUE('KON.30 - Plasseringsprioritet',$,IFCTEXT('2 - Viker for 1'),$);
#1300=IFCPROPERTYSINGLEVALUE('KON.31 - Plasseringsmerknad',$,IFCTEXT('Ikke angitt'),$);
#1301=IFCPROPERTYSINGLEVALUE('KON.40 - Materialtype',$,IFCTEXT('Fuge'),$);
#1302=IFCPROPERTYSINGLEVALUE('KON.41 - Materialspesifikasjon',$,IFCTEXT('Ikke angitt'),$);
#1303=IFCPROPERTYSINGLEVALUE('KON.51 - Produksjonsmerknad 1',$,IFCTEXT('Ikke angitt'),$);
#1304=IFCPROPERTYSINGLEVALUE('KON.53 - Utf\X2\00F8\X0\relsesmerknad 1',$,IFCTEXT('Ikke angitt'),$);
#1305=IFCOWNERHISTORY(#3,#4,.READWRITE.,.ADDED.,1789134012,#3,#4,1789134012);
#1306=IFCPROPERTYSET('0S9wfnQ7PBUAS5b3HPMGQx',#1305,'KON_Fuger',$,(#1309,#1310));
#1307=IFCOWNERHISTORY(#3,#4,.READWRITE.,.ADDED.,1789134012,#3,#4,1789134012);
#1308=IFCRELDEFINESBYPROPERTIES('08bWK367L2VRTr408imYPK',#1307,$,$,(#808),#1306);
#1309=IFCPROPERTYSINGLEVALUE('FUG.01 - Fugetype',$,IFCTEXT('Rissanvisende fuge'),$);
#1310=IFCPROPERTYSINGLEVALUE('FUG.02 - Bevegelseskapasitet',$,IFCTEXT('Ikke angitt'),$);
#1311=IFCOWNERHISTORY(#3,#4,.READWRITE.,.ADDED.,1789134012,#3,#4,1789134012);
#1312=IFCPROPERTYSET('0BUqCSe5f3Mu13o2r$m4ek',#1311,'BIM_Tverrfaglig',$,(#1315,#1316,#1317,#1318,#1319));
#1313=IFCOWNERHISTORY(#3,#4,.READWRITE.,.ADDED.,1789134012,#3,#4,1789134012);
#1314=IFCRELDEFINESBYPROPERTIES('2L3HctFAfAAOvHMZYLpCc7',#1313,$,$,(#841),#1312);
#1315=IFCPROPERTYSINGLEVALUE('BIM.04 - MMI',$,IFCTEXT('350'),$);
#1316=IFCPROPERTYSINGLEVALUE('BIM.05 - Elementnavn',$,IFCTEXT('Asfaltdekker slitelag'),$);
#1317=IFCPROPERTYSINGLEVALUE('BIM.06 - Fag',$,IFCTEXT('KON'),$);
#1318=IFCPROPERTYSINGLEVALUE('BIM.07 - Revisjon',$,IFCTEXT('A'),$);
#1319=IFCPROPERTYSINGLEVALUE('BIM.08 - Revisjonsdato',$,IFCTEXT('2023-01-16'),$);
#1320=IFCOWNERHISTORY(#3,#4,.READWRITE.,.ADDED.,1789134012,#3,#4,1789134012);
#1321=IFCPROPERTYSET('3XPlcuORLF28FrciRY0LSB',#1320,'KON_Felles',$,(#1324,#1325,#1326,#1327,#1328,#1329,#1330,#1331,#1332,#1333,#1334,#1335));
#1322=IFCOWNERHISTORY(#3,#4,.READWRITE.,.ADDED.,1789134012,#3,#4,1789134012);
#1323=IFCRELDEFINESBYPROPERTIES('17iRGMDpfEfBLqPYlos19z',#1322,$,$,(#841),#1321);
#1324=IFCPROPERTYSINGLEVALUE('KON.01 - Konstruksjonsnummer',$,IFCTEXT('K100'),$);
#1325=IFCPROPERTYSINGLEVALUE('KON.03 - Akse',$,IFCTEXT('01'),$);
#1326=IFCPROPERTYSINGLEVALUE('KON.10 - Konstruksjonsinndeling',$,IFCTEXT('Bru'),$);
#1327=IFCPROPERTYSINGLEVALUE('KON.11 - Konstruksjonsdel',$,IFCTEXT('Asfaltdekke'),$);
#1328=IFCPROPERTYSINGLEVALUE('KON.13 - Elementnavn',$,IFCTEXT('Asfaltdekker slitelag'),$);
#1329=IFCPROPERTYSINGLEVALUE('KON.20 - Produksjonsenhet',$,IFCTEXT('PLD-1002'),$);
#1330=IFCPROPERTYSINGLEVALUE('KON.30 - Plasseringsprioritet',$,IFCTEXT('2 - Viker for 1'),$);
#1331=IFCPROPERTYSINGLEVALUE('KON.31 - Plasseringsmerknad',$,IFCTEXT('Ikke angitt'),$);
#1332=IFCPROPERTYSINGLEVALUE('KON.40 - Materialtype',$,IFCTEXT('Asfalt'),$);
#1333=IFCPROPERTYSINGLEVALUE('KON.41 - Materialspesifikasjon',$,IFCTEXT('Slitelag'),$);
#1334=IFCPROPERTYSINGLEVALUE('KON.51 - Produksjonsmerknad 1',$,IFCTEXT('Ikke angitt'),$);
#1335=IFCPROPERTYSINGLEVALUE('KON.53 - Utf\X2\00F8\X0\relsesmerknad 1',$,IFCTEXT('Ikke angitt'),$);
#1336=IFCOWNERHISTORY(#3,#4,.READWRITE.,.ADDED.,1789134012,#3,#4,1789134012);
#1337=IFCPROPERTYSET('2YPFNOGeHAYQvLMknqRcPh',#1336,'BIM_Tverrfaglig',$,(#1340,#1341,#1342,#1343,#1344));
#1338=IFCOWNERHISTORY(#3,#4,.READWRITE.,.ADDED.,1789134012,#3,#4,1789134012);
#1339=IFCRELDEFINESBYPROPERTIES('0e6jjQwXD6HhggEK$jQpEk',#1338,$,$,(#853),#1337);
#1340=IFCPROPERTYSINGLEVALUE('BIM.04 - MMI',$,IFCTEXT('350'),$);
#1341=IFCPROPERTYSINGLEVALUE('BIM.05 - Elementnavn',$,IFCTEXT('Asfaltdekker bindlag'),$);
#1342=IFCPROPERTYSINGLEVALUE('BIM.06 - Fag',$,IFCTEXT('KON'),$);
#1343=IFCPROPERTYSINGLEVALUE('BIM.07 - Revisjon',$,IFCTEXT('A'),$);
#1344=IFCPROPERTYSINGLEVALUE('BIM.08 - Revisjonsdato',$,IFCTEXT('2023-01-16'),$);
#1345=IFCOWNERHISTORY(#3,#4,.READWRITE.,.ADDED.,1789134012,#3,#4,1789134012);
#1346=IFCPROPERTYSET('32p5dd6hT4zv9N4TO95AJJ',#1345,'KON_Felles',$,(#1349,#1350,#1351,#1352,#1353,#1354,#1355,#1356,#1357,#1358,#1359,#1360));
#1347=IFCOWNERHISTORY(#3,#4,.READWRITE.,.ADDED.,1789134012,#3,#4,1789134012);
#1348=IFCRELDEFINESBYPROPERTIES('2aXSa6xurAUQyyrVoNLkV9',#1347,$,$,(#853),#1346);
#1349=IFCPROPERTYSINGLEVALUE('KON.01 - Konstruksjonsnummer',$,IFCTEXT('K100'),$);
#1350=IFCPROPERTYSINGLEVALUE('KON.03 - Akse',$,IFCTEXT('01'),$);
#1351=IFCPROPERTYSINGLEVALUE('KON.10 - Konstruksjonsinndeling',$,IFCTEXT('Bru'),$);
#1352=IFCPROPERTYSINGLEVALUE('KON.11 - Konstruksjonsdel',$,IFCTEXT('Asfaltdekke'),$);
#1353=IFCPROPERTYSINGLEVALUE('KON.13 - Elementnavn',$,IFCTEXT('Asfaltdekker bindlag'),$);
#1354=IFCPROPERTYSINGLEVALUE('KON.20 - Produksjonsenhet',$,IFCTEXT('PLD-1002'),$);
#1355=IFCPROPERTYSINGLEVALUE('KON.30 - Plasseringsprioritet',$,IFCTEXT('2 - Viker for 1'),$);
#1356=IFCPROPERTYSINGLEVALUE('KON.31 - Plasseringsmerknad',$,IFCTEXT('Ikke angitt'),$);
#1357=IFCPROPERTYSINGLEVALUE('KON.40 - Materialtype',$,IFCTEXT('Asfalt'),$);
#1358=IFCPROPERTYSINGLEVALUE('KON.41 - Materialspesifikasjon',$,IFCTEXT('Bindlag'),$);
#1359=IFCPROPERTYSINGLEVALUE('KON.51 - Produksjonsmerknad 1',$,IFCTEXT('Ikke angitt'),$);
#1360=IFCPROPERTYSINGLEVALUE('KON.53 - Utf\X2\00F8\X0\relsesmerknad 1',$,IFCTEXT('Ikke angitt'),$);
#1361=IFCOWNERHISTORY(#3,#4,.READWRITE.,.ADDED.,1789134012,#3,#4,1789134012);
#1362=IFCPROPERTYSET('3upABEdoX0zBuVS$jOOm0g',#1361,'BIM_Tverrfaglig',$,(#1365,#1366,#1367,#1368,#1369));
#1363=IFCOWNERHISTORY(#3,#4,.READWRITE.,.ADDED.,1789134012,#3,#4,1789134012);
#1364=IFCRELDEFINESBYPROPERTIES('3qEYr5lXfA9xHN5GU0EpnE',#1363,$,$,(#892),#1362);
#1365=IFCPROPERTYSINGLEVALUE('BIM.04 - MMI',$,IFCTEXT('350'),$);
#1366=IFCPROPERTYSINGLEVALUE('BIM.05 - Elementnavn',$,IFCTEXT('Fuktisolering'),$);
#1367=IFCPROPERTYSINGLEVALUE('BIM.06 - Fag',$,IFCTEXT('KON'),$);
#1368=IFCPROPERTYSINGLEVALUE('BIM.07 - Revisjon',$,IFCTEXT('A'),$);
#1369=IFCPROPERTYSINGLEVALUE('BIM.08 - Revisjonsdato',$,IFCTEXT('2023-01-16'),$);
#1370=IFCOWNERHISTORY(#3,#4,.READWRITE.,.ADDED.,1789134012,#3,#4,1789134012);
#1371=IFCPROPERTYSET('1QAERj$vj4SREOU9AOLeMl',#1370,'KON_Felles',$,(#1374,#1375,#1376,#1377,#1378,#1379,#1380,#1381,#1382,#1383,#1384,#1385));
#1372=IFCOWNERHISTORY(#3,#4,.READWRITE.,.ADDED.,1789134012,#3,#4,1789134012);
#1373=IFCRELDEFINESBYPROPERTIES('1L3$ZkAf56PxPnS6W9CoCF',#1372,$,$,(#892),#1371);
#1374=IFCPROPERTYSINGLEVALUE('KON.01 - Konstruksjonsnummer',$,IFCTEXT('K100'),$);
#1375=IFCPROPERTYSINGLEVALUE('KON.03 - Akse',$,IFCTEXT('01'),$);
#1376=IFCPROPERTYSINGLEVALUE('KON.10 - Konstruksjonsinndeling',$,IFCTEXT('Bru'),$);
#1377=IFCPROPERTYSINGLEVALUE('KON.11 - Konstruksjonsdel',$,IFCTEXT('Fuktisolering'),$);
#1378=IFCPROPERTYSINGLEVALUE('KON.13 - Elementnavn',$,IFCTEXT('Fuktisolering'),$);
#1379=IFCPROPERTYSINGLEVALUE('KON.20 - Produksjonsenhet',$,IFCTEXT('PLD-1002'),$);
#1380=IFCPROPERTYSINGLEVALUE('KON.30 - Plasseringsprioritet',$,IFCTEXT('2 - Viker for 1'),$);
#1381=IFCPROPERTYSINGLEVALUE('KON.31 - Plasseringsmerknad',$,IFCTEXT('Ikke angitt'),$);
#1382=IFCPROPERTYSINGLEVALUE('KON.40 - Materialtype',$,IFCTEXT('Fuktisolering'),$);
#1383=IFCPROPERTYSINGLEVALUE('KON.41 - Materialspesifikasjon',$,IFCTEXT('Ikke angitt'),$);
#1384=IFCPROPERTYSINGLEVALUE('KON.51 - Produksjonsmerknad 1',$,IFCTEXT('Ikke angitt'),$);
#1385=IFCPROPERTYSINGLEVALUE('KON.53 - Utf\X2\00F8\X0\relsesmerknad 1',$,IFCTEXT('Ikke angitt'),$);
#1386=IFCOWNERHISTORY(#3,#4,.READWRITE.,.ADDED.,1789134012,#3,#4,1789134012);
#1387=IFCPROPERTYSET('2zcZArqiD1LOaL$stm0Qvm',#1386,'BIM_Tverrfaglig',$,(#1390,#1391,#1392,#1393,#1394));
#1388=IFCOWNERHISTORY(#3,#4,.READWRITE.,.ADDED.,1789134012,#3,#4,1789134012);
#1389=IFCRELDEFINESBYPROPERTIES('20rnNDM8H5PBNgMQBi63pG',#1388,$,$,(#932),#1387);
#1390=IFCPROPERTYSINGLEVALUE('BIM.04 - MMI',$,IFCTEXT('350'),$);
#1391=IFCPROPERTYSINGLEVALUE('BIM.05 - Elementnavn',$,IFCTEXT('Fuktisolering'),$);
#1392=IFCPROPERTYSINGLEVALUE('BIM.06 - Fag',$,IFCTEXT('KON'),$);
#1393=IFCPROPERTYSINGLEVALUE('BIM.07 - Revisjon',$,IFCTEXT('A'),$);
#1394=IFCPROPERTYSINGLEVALUE('BIM.08 - Revisjonsdato',$,IFCTEXT('2023-01-16'),$);
#1395=IFCOWNERHISTORY(#3,#4,.READWRITE.,.ADDED.,1789134012,#3,#4,1789134012);
#1396=IFCPROPERTYSET('0IsR30K0jDHvZI7TelqXpt',#1395,'KON_Felles',$,(#1399,#1400,#1401,#1402,#1403,#1404,#1405,#1406,#1407,#1408,#1409,#1410));
#1397=IFCOWNERHISTORY(#3,#4,.READWRITE.,.ADDED.,1789134012,#3,#4,1789134012);
#1398=IFCRELDEFINESBYPROPERTIES('0kiJHCvnX9vgNMXi0oZkxo',#1397,$,$,(#932),#1396);
#1399=IFCPROPERTYSINGLEVALUE('KON.01 - Konstruksjonsnummer',$,IFCTEXT('K100'),$);
#1400=IFCPROPERTYSINGLEVALUE('KON.03 - Akse',$,IFCTEXT('01'),$);
#1401=IFCPROPERTYSINGLEVALUE('KON.10 - Konstruksjonsinndeling',$,IFCTEXT('Bru'),$);
#1402=IFCPROPERTYSINGLEVALUE('KON.11 - Konstruksjonsdel',$,IFCTEXT('Fuktisolering'),$);
#1403=IFCPROPERTYSINGLEVALUE('KON.13 - Elementnavn',$,IFCTEXT('Fuktisolering'),$);
#1404=IFCPROPERTYSINGLEVALUE('KON.20 - Produksjonsenhet',$,IFCTEXT('PLD-1002'),$);
#1405=IFCPROPERTYSINGLEVALUE('KON.30 - Plasseringsprioritet',$,IFCTEXT('2 - Viker for 1'),$);
#1406=IFCPROPERTYSINGLEVALUE('KON.31 - Plasseringsmerknad',$,IFCTEXT('Ikke angitt'),$);
#1407=IFCPROPERTYSINGLEVALUE('KON.40 - Materialtype',$,IFCTEXT('Fuktisolering'),$);
#1408=IFCPROPERTYSINGLEVALUE('KON.41 - Materialspesifikasjon',$,IFCTEXT('Ikke angitt'),$);
#1409=IFCPROPERTYSINGLEVALUE('KON.51 - Produksjonsmerknad 1',$,IFCTEXT('Ikke angitt'),$);
#1410=IFCPROPERTYSINGLEVALUE('KON.53 - Utf\X2\00F8\X0\relsesmerknad 1',$,IFCTEXT('Ikke angitt'),$);
#1411=IFCOWNERHISTORY(#3,#4,.READWRITE.,.ADDED.,1789134012,#3,#4,1789134012);
#1412=IFCPROPERTYSET('3ZyBYBZxL6O8Gwkns76$Cs',#1411,'BIM_Tverrfaglig',$,(#1415,#1416,#1417,#1418,#1419));
#1413=IFCOWNERHISTORY(#3,#4,.READWRITE.,.ADDED.,1789134012,#3,#4,1789134012);
#1414=IFCRELDEFINESBYPROPERTIES('2LR73c60T3_uZEVKS4Y$6W',#1413,$,$,(#1006),#1412);
#1415=IFCPROPERTYSINGLEVALUE('BIM.04 - MMI',$,IFCTEXT('350'),$);
#1416=IFCPROPERTYSINGLEVALUE('BIM.05 - Elementnavn',$,IFCTEXT('Fuktisolering'),$);
#1417=IFCPROPERTYSINGLEVALUE('BIM.06 - Fag',$,IFCTEXT('KON'),$);
#1418=IFCPROPERTYSINGLEVALUE('BIM.07 - Revisjon',$,IFCTEXT('A'),$);
#1419=IFCPROPERTYSINGLEVALUE('BIM.08 - Revisjonsdato',$,IFCTEXT('2023-01-16'),$);
#1420=IFCOWNERHISTORY(#3,#4,.READWRITE.,.ADDED.,1789134012,#3,#4,1789134012);
#1421=IFCPROPERTYSET('1zZKPp1CbDLue77sRiphNq',#1420,'KON_Felles',$,(#1424,#1425,#1426,#1427,#1428,#1429,#1430,#1431,#1432,#1433,#1434,#1435));
#1422=IFCOWNERHISTORY(#3,#4,.READWRITE.,.ADDED.,1789134012,#3,#4,1789134012);
#1423=IFCRELDEFINESBYPROPERTIES('2lZ$4yLwPB$vP$vcIe3lT2',#1422,$,$,(#1006),#1421);
#1424=IFCPROPERTYSINGLEVALUE('KON.01 - Konstruksjonsnummer',$,IFCTEXT('K100'),$);
#1425=IFCPROPERTYSINGLEVALUE('KON.03 - Akse',$,IFCTEXT('01'),$);
#1426=IFCPROPERTYSINGLEVALUE('KON.10 - Konstruksjonsinndeling',$,IFCTEXT('Bru'),$);
#1427=IFCPROPERTYSINGLEVALUE('KON.11 - Konstruksjonsdel',$,IFCTEXT('Fuktisolering'),$);
#1428=IFCPROPERTYSINGLEVALUE('KON.13 - Elementnavn',$,IFCTEXT('Fuktisolering'),$);
#1429=IFCPROPERTYSINGLEVALUE('KON.20 - Produksjonsenhet',$,IFCTEXT('PLD-1002'),$);
#1430=IFCPROPERTYSINGLEVALUE('KON.30 - Plasseringsprioritet',$,IFCTEXT('2 - Viker for 1'),$);
#1431=IFCPROPERTYSINGLEVALUE('KON.31 - Plasseringsmerknad',$,IFCTEXT('Ikke angitt'),$);
#1432=IFCPROPERTYSINGLEVALUE('KON.40 - Materialtype',$,IFCTEXT('Fuktisolering'),$);
#1433=IFCPROPERTYSINGLEVALUE('KON.41 - Materialspesifikasjon',$,IFCTEXT('Ikke angitt'),$);
#1434=IFCPROPERTYSINGLEVALUE('KON.51 - Produksjonsmerknad 1',$,IFCTEXT('Ikke angitt'),$);
#1435=IFCPROPERTYSINGLEVALUE('KON.53 - Utf\X2\00F8\X0\relsesmerknad 1',$,IFCTEXT('Ikke angitt'),$);
#1436=IFCOWNERHISTORY(#3,#4,.READWRITE.,.ADDED.,1789134012,#3,#4,1789134012);
#1437=IFCPROPERTYSET('3OfpWKkm1E_R968fwEOn2k',#1436,'BIM_Tverrfaglig',$,(#1440,#1441,#1442,#1443,#1444));
#1438=IFCOWNERHISTORY(#3,#4,.READWRITE.,.ADDED.,1789134012,#3,#4,1789134012);
#1439=IFCRELDEFINESBYPROPERTIES('0d9OIB$Mj37fIxzRApLQFD',#1438,$,$,(#1116),#1437);
#1440=IFCPROPERTYSINGLEVALUE('BIM.04 - MMI',$,IFCTEXT('350'),$);
#1441=IFCPROPERTYSINGLEVALUE('BIM.05 - Elementnavn',$,IFCTEXT('Fuktisolering'),$);
#1442=IFCPROPERTYSINGLEVALUE('BIM.06 - Fag',$,IFCTEXT('KON'),$);
#1443=IFCPROPERTYSINGLEVALUE('BIM.07 - Revisjon',$,IFCTEXT('A'),$);
#1444=IFCPROPERTYSINGLEVALUE('BIM.08 - Revisjonsdato',$,IFCTEXT('2023-01-16'),$);
#1445=IFCOWNERHISTORY(#3,#4,.READWRITE.,.ADDED.,1789134012,#3,#4,1789134012);
#1446=IFCPROPERTYSET('2qRlrxcx92pwaJm1pWppH1',#1445,'KON_Felles',$,(#1449,#1450,#1451,#1452,#1453,#1454,#1455,#1456,#1457,#1458,#1459,#1460));
#1447=IFCOWNERHISTORY(#3,#4,.READWRITE.,.ADDED.,1789134012,#3,#4,1789134012);
#1448=IFCRELDEFINESBYPROPERTIES('0OvmSr7pT8PBR70EUABStW',#1447,$,$,(#1116),#1446);
#1449=IFCPROPERTYSINGLEVALUE('KON.01 - Konstruksjonsnummer',$,IFCTEXT('K100'),$);
#1450=IFCPROPERTYSINGLEVALUE('KON.03 - Akse',$,IFCTEXT('01'),$);
#1451=IFCPROPERTYSINGLEVALUE('KON.10 - Konstruksjonsinndeling',$,IFCTEXT('Bru'),$);
#1452=IFCPROPERTYSINGLEVALUE('KON.11 - Konstruksjonsdel',$,IFCTEXT('Fuktisolering'),$);
#1453=IFCPROPERTYSINGLEVALUE('KON.13 - Elementnavn',$,IFCTEXT('Fuktisolering'),$);
#1454=IFCPROPERTYSINGLEVALUE('KON.20 - Produksjonsenhet',$,IFCTEXT('PLD-1002'),$);
#1455=IFCPROPERTYSINGLEVALUE('KON.30 - Plasseringsprioritet',$,IFCTEXT('2 - Viker for 1'),$);
#1456=IFCPROPERTYSINGLEVALUE('KON.31 - Plasseringsmerknad',$,IFCTEXT('Ikke angitt'),$);
#1457=IFCPROPERTYSINGLEVALUE('KON.40 - Materialtype',$,IFCTEXT('Fuktisolering'),$);
#1458=IFCPROPERTYSINGLEVALUE('KON.41 - Materialspesifikasjon',$,IFCTEXT('Ikke angitt'),$);
#1459=IFCPROPERTYSINGLEVALUE('KON.51 - Produksjonsmerknad 1',$,IFCTEXT('Ikke angitt'),$);
#1460=IFCPROPERTYSINGLEVALUE('KON.53 - Utf\X2\00F8\X0\relsesmerknad 1',$,IFCTEXT('Ikke angitt'),$);
#1461=IFCOWNERHISTORY(#3,#4,.READWRITE.,.ADDED.,1789134012,#3,#4,1789134012);
#1462=IFCPROPERTYSET('0IVK14ohjB2exUkaZRFBKR',#1461,'BIM_Tverrfaglig',$,(#1465,#1466,#1467,#1468,#1469));
#1463=IFCOWNERHISTORY(#3,#4,.READWRITE.,.ADDED.,1789134012,#3,#4,1789134012);
#1464=IFCRELDEFINESBYPROPERTIES('1wayuso05068r4an38X9T1',#1463,$,$,(#268),#1462);
#1465=IFCPROPERTYSINGLEVALUE('BIM.04 - MMI',$,IFCTEXT('350'),$);
#1466=IFCPROPERTYSINGLEVALUE('BIM.05 - Elementnavn',$,IFCTEXT('Armering rustfritt'),$);
#1467=IFCPROPERTYSINGLEVALUE('BIM.06 - Fag',$,IFCTEXT('KON'),$);
#1468=IFCPROPERTYSINGLEVALUE('BIM.07 - Revisjon',$,IFCTEXT('A'),$);
#1469=IFCPROPERTYSINGLEVALUE('BIM.08 - Revisjonsdato',$,IFCTEXT('2023-01-16'),$);
#1470=IFCOWNERHISTORY(#3,#4,.READWRITE.,.ADDED.,1789134012,#3,#4,1789134012);
#1471=IFCPROPERTYSET('0tavcIpm1EpQiA4KBqMzL2',#1470,'KON_Felles',$,(#1474,#1475,#1476,#1477,#1478,#1479,#1480,#1481,#1482,#1483,#1484,#1485));
#1472=IFCOWNERHISTORY(#3,#4,.READWRITE.,.ADDED.,1789134012,#3,#4,1789134012);
#1473=IFCRELDEFINESBYPROPERTIES('29QTKAC496veMRsNtPJTxw',#1472,$,$,(#268),#1471);
#1474=IFCPROPERTYSINGLEVALUE('KON.01 - Konstruksjonsnummer',$,IFCTEXT('K100'),$);
#1475=IFCPROPERTYSINGLEVALUE('KON.03 - Akse',$,IFCTEXT('01'),$);
#1476=IFCPROPERTYSINGLEVALUE('KON.10 - Konstruksjonsinndeling',$,IFCTEXT('Bru'),$);
#1477=IFCPROPERTYSINGLEVALUE('KON.11 - Konstruksjonsdel',$,IFCTEXT('Armering'),$);
#1478=IFCPROPERTYSINGLEVALUE('KON.13 - Elementnavn',$,IFCTEXT('Armering rustfritt'),$);
#1479=IFCPROPERTYSINGLEVALUE('KON.20 - Produksjonsenhet',$,IFCTEXT('PLD-1002'),$);
#1480=IFCPROPERTYSINGLEVALUE('KON.30 - Plasseringsprioritet',$,IFCTEXT('2 - Viker for 1'),$);
#1481=IFCPROPERTYSINGLEVALUE('KON.31 - Plasseringsmerknad',$,IFCTEXT('Ikke angitt'),$);
#1482=IFCPROPERTYSINGLEVALUE('KON.40 - Materialtype',$,IFCTEXT('Rustfritt st\X2\00E5\X0\l'),$);
#1483=IFCPROPERTYSINGLEVALUE('KON.41 - Materialspesifikasjon',$,IFCTEXT('Rustfritt st\X2\00E5\X0\l'),$);
#1484=IFCPROPERTYSINGLEVALUE('KON.51 - Produksjonsmerknad 1',$,IFCTEXT('Ikke angitt'),$);
#1485=IFCPROPERTYSINGLEVALUE('KON.53 - Utf\X2\00F8\X0\relsesmerknad 1',$,IFCTEXT('Ikke angitt'),$);
#1486=IFCOWNERHISTORY(#3,#4,.READWRITE.,.ADDED.,1789134012,#3,#4,1789134012);
#1487=IFCPROPERTYSET('2Nsjk0qy523eEyf1vrCpuy',#1486,'KON_Armering',$,(#1490,#1491,#1492,#1493,#1494,#1495,#1496,#1497,#1498,#1499,#1500,#1501,#1502,#1503,#1504,#1505,#1506,#1507,#1508,#1509));
#1488=IFCOWNERHISTORY(#3,#4,.READWRITE.,.ADDED.,1789134012,#3,#4,1789134012);
#1489=IFCRELDEFINESBYPROPERTIES('1x$BqzfcTAg8Q0lb6jIYqF',#1488,$,$,(#268),#1487);
#1490=IFCPROPERTYSINGLEVALUE('ARM.01 - Armeringstekst',$,IFCTEXT('Rustfri armering'),$);
#1491=IFCPROPERTYSINGLEVALUE('ARM.07 - Posisjonsnummer',$,IFCTEXT('Ikke angitt'),$);
#1492=IFCPROPERTYSINGLEVALUE('ARM.08 - Stangdiameter',$,IFCLENGTHMEASURE(12.),$);
#1493=IFCPROPERTYSINGLEVALUE('ARM.10 - Senteravstand',$,IFCLENGTHMEASURE(0.),$);
#1494=IFCPROPERTYSINGLEVALUE('ARM.13 - Plassering',$,IFCTEXT('Ikke angitt'),$);
#1495=IFCPROPERTYSINGLEVALUE('ARM.17 - Omfar',$,IFCLENGTHMEASURE(0.),$);
#1496=IFCPROPERTYSINGLEVALUE('ARM.19 - Antall i gruppe',$,IFCINTEGER(1),$);
#1497=IFCPROPERTYSINGLEVALUE('ARM.30 - Formkode',$,IFCTEXT('Ikke angitt'),$);
#1498=IFCPROPERTYSINGLEVALUE('ARM.31 - BVBS',$,IFCTEXT('Ikke angitt'),$);
#1499=IFCPROPERTYSINGLEVALUE('ARM.32 - Endekode 1',$,IFCTEXT('Ikke angitt'),$);
#1500=IFCPROPERTYSINGLEVALUE('ARM.33 - Endetype 1',$,IFCTEXT('Ikke angitt'),$);
#1501=IFCPROPERTYSINGLEVALUE('ARM.34 - Endekode 2',$,IFCTEXT('Ikke angitt'),$);
#1502=IFCPROPERTYSINGLEVALUE('ARM.35 - Endetype 2',$,IFCTEXT('Ikke angitt'),$);
#1503=IFCPROPERTYSINGLEVALUE('ARM.36 - Materialspesifikasjon (dup)',$,IFCTEXT('Rustfritt st\X2\00E5\X0\l'),$);
#1504=IFCPROPERTYSINGLEVALUE('ARM.39 - Dordiameter',$,IFCLENGTHMEASURE(0.),$);
#1505=IFCPROPERTYSINGLEVALUE('ARM.40 - A',$,IFCLENGTHMEASURE(0.),$);
#1506=IFCPROPERTYSINGLEVALUE('ARM.80 - Kapplengde',$,IFCLENGTHMEASURE(0.),$);
#1507=IFCPROPERTYSINGLEVALUE('ARM.81 - Totallengde',$,IFCLENGTHMEASURE(0.),$);
#1508=IFCPROPERTYSINGLEVALUE('ARM.83 - Vekt per jern',$,IFCMASSMEASURE(0.),$);
#1509=IFCPROPERTYSINGLEVALUE('ARM.84 - Vekt per gruppe',$,IFCMASSMEASURE(0.),$);
#1510=IFCOWNERHISTORY(#3,#4,.READWRITE.,.ADDED.,1789134012,#3,#4,1789134012);
#1511=IFCPROPERTYSET('2Kg89csrj3fAHFFdhtYMGl',#1510,'BIM_Tverrfaglig',$,(#1514,#1515,#1516,#1517,#1518));
#1512=IFCOWNERHISTORY(#3,#4,.READWRITE.,.ADDED.,1789134012,#3,#4,1789134012);
#1513=IFCRELDEFINESBYPROPERTIES('0sewFv9E1EevtcebrDjBw5',#1512,$,$,(#712),#1511);
#1514=IFCPROPERTYSINGLEVALUE('BIM.04 - MMI',$,IFCTEXT('350'),$);
#1515=IFCPROPERTYSINGLEVALUE('BIM.05 - Elementnavn',$,IFCTEXT('Armering rustfritt'),$);
#1516=IFCPROPERTYSINGLEVALUE('BIM.06 - Fag',$,IFCTEXT('KON'),$);
#1517=IFCPROPERTYSINGLEVALUE('BIM.07 - Revisjon',$,IFCTEXT('A'),$);
#1518=IFCPROPERTYSINGLEVALUE('BIM.08 - Revisjonsdato',$,IFCTEXT('2023-01-16'),$);
#1519=IFCOWNERHISTORY(#3,#4,.READWRITE.,.ADDED.,1789134012,#3,#4,1789134012);
#1520=IFCPROPERTYSET('1JMnX7rl183g9SOjc1PgIl',#1519,'KON_Felles',$,(#1523,#1524,#1525,#1526,#1527,#1528,#1529,#1530,#1531,#1532,#1533,#1534));
#1521=IFCOWNERHISTORY(#3,#4,.READWRITE.,.ADDED.,1789134012,#3,#4,1789134012);
#1522=IFCRELDEFINESBYPROPERTIES('3ndAsYiRH3E9Lz$8gcEe3j',#1521,$,$,(#712),#1520);
#1523=IFCPROPERTYSINGLEVALUE('KON.01 - Konstruksjonsnummer',$,IFCTEXT('K100'),$);
#1524=IFCPROPERTYSINGLEVALUE('KON.03 - Akse',$,IFCTEXT('01'),$);
#1525=IFCPROPERTYSINGLEVALUE('KON.10 - Konstruksjonsinndeling',$,IFCTEXT('Bru'),$);
#1526=IFCPROPERTYSINGLEVALUE('KON.11 - Konstruksjonsdel',$,IFCTEXT('Armering'),$);
#1527=IFCPROPERTYSINGLEVALUE('KON.13 - Elementnavn',$,IFCTEXT('Armering rustfritt'),$);
#1528=IFCPROPERTYSINGLEVALUE('KON.20 - Produksjonsenhet',$,IFCTEXT('PLD-1002'),$);
#1529=IFCPROPERTYSINGLEVALUE('KON.30 - Plasseringsprioritet',$,IFCTEXT('2 - Viker for 1'),$);
#1530=IFCPROPERTYSINGLEVALUE('KON.31 - Plasseringsmerknad',$,IFCTEXT('Ikke angitt'),$);
#1531=IFCPROPERTYSINGLEVALUE('KON.40 - Materialtype',$,IFCTEXT('Rustfritt st\X2\00E5\X0\l'),$);
#1532=IFCPROPERTYSINGLEVALUE('KON.41 - Materialspesifikasjon',$,IFCTEXT('Rustfritt st\X2\00E5\X0\l'),$);
#1533=IFCPROPERTYSINGLEVALUE('KON.51 - Produksjonsmerknad 1',$,IFCTEXT('Ikke angitt'),$);
#1534=IFCPROPERTYSINGLEVALUE('KON.53 - Utf\X2\00F8\X0\relsesmerknad 1',$,IFCTEXT('Ikke angitt'),$);
#1535=IFCOWNERHISTORY(#3,#4,.READWRITE.,.ADDED.,1789134012,#3,#4,1789134012);
#1536=IFCPROPERTYSET('2$az21u2v0yQGes1BZmXJO',#1535,'KON_Armering',$,(#1539,#1540,#1541,#1542,#1543,#1544,#1545,#1546,#1547,#1548,#1549,#1550,#1551,#1552,#1553,#1554,#1555,#1556,#1557,#1558));
#1537=IFCOWNERHISTORY(#3,#4,.READWRITE.,.ADDED.,1789134012,#3,#4,1789134012);
#1538=IFCRELDEFINESBYPROPERTIES('3TucTXSp53sRyh_DiW6fAn',#1537,$,$,(#712),#1536);
#1539=IFCPROPERTYSINGLEVALUE('ARM.01 - Armeringstekst',$,IFCTEXT('Rustfri armering'),$);
#1540=IFCPROPERTYSINGLEVALUE('ARM.07 - Posisjonsnummer',$,IFCTEXT('Ikke angitt'),$);
#1541=IFCPROPERTYSINGLEVALUE('ARM.08 - Stangdiameter',$,IFCLENGTHMEASURE(12.),$);
#1542=IFCPROPERTYSINGLEVALUE('ARM.10 - Senteravstand',$,IFCLENGTHMEASURE(0.),$);
#1543=IFCPROPERTYSINGLEVALUE('ARM.13 - Plassering',$,IFCTEXT('Ikke angitt'),$);
#1544=IFCPROPERTYSINGLEVALUE('ARM.17 - Omfar',$,IFCLENGTHMEASURE(0.),$);
#1545=IFCPROPERTYSINGLEVALUE('ARM.19 - Antall i gruppe',$,IFCINTEGER(1),$);
#1546=IFCPROPERTYSINGLEVALUE('ARM.30 - Formkode',$,IFCTEXT('Ikke angitt'),$);
#1547=IFCPROPERTYSINGLEVALUE('ARM.31 - BVBS',$,IFCTEXT('Ikke angitt'),$);
#1548=IFCPROPERTYSINGLEVALUE('ARM.32 - Endekode 1',$,IFCTEXT('Ikke angitt'),$);
#1549=IFCPROPERTYSINGLEVALUE('ARM.33 - Endetype 1',$,IFCTEXT('Ikke angitt'),$);
#1550=IFCPROPERTYSINGLEVALUE('ARM.34 - Endekode 2',$,IFCTEXT('Ikke angitt'),$);
#1551=IFCPROPERTYSINGLEVALUE('ARM.35 - Endetype 2',$,IFCTEXT('Ikke angitt'),$);
#1552=IFCPROPERTYSINGLEVALUE('ARM.36 - Materialspesifikasjon (dup)',$,IFCTEXT('Rustfritt st\X2\00E5\X0\l'),$);
#1553=IFCPROPERTYSINGLEVALUE('ARM.39 - Dordiameter',$,IFCLENGTHMEASURE(0.),$);
#1554=IFCPROPERTYSINGLEVALUE('ARM.40 - A',$,IFCLENGTHMEASURE(0.),$);
#1555=IFCPROPERTYSINGLEVALUE('ARM.80 - Kapplengde',$,IFCLENGTHMEASURE(0.),$);
#1556=IFCPROPERTYSINGLEVALUE('ARM.81 - Totallengde',$,IFCLENGTHMEASURE(0.),$);
#1557=IFCPROPERTYSINGLEVALUE('ARM.83 - Vekt per jern',$,IFCMASSMEASURE(0.),$);
#1558=IFCPROPERTYSINGLEVALUE('ARM.84 - Vekt per gruppe',$,IFCMASSMEASURE(0.),$);
#1559=IFCOWNERHISTORY(#3,#4,.READWRITE.,.ADDED.,1789134012,#3,#4,1789134012);
#1560=IFCPROPERTYSET('0ufrqwxzjEpBRES0m9VBSj',#1559,'BIM_Tverrfaglig',$,(#1563,#1564,#1565,#1566,#1567));
#1561=IFCOWNERHISTORY(#3,#4,.READWRITE.,.ADDED.,1789134012,#3,#4,1789134012);
#1562=IFCRELDEFINESBYPROPERTIES('1SM9cVcs1CVuQb8iYnVfDt',#1561,$,$,(#1045),#1560);
#1563=IFCPROPERTYSINGLEVALUE('BIM.04 - MMI',$,IFCTEXT('350'),$);
#1564=IFCPROPERTYSINGLEVALUE('BIM.05 - Elementnavn',$,IFCTEXT('Overgangsplate'),$);
#1565=IFCPROPERTYSINGLEVALUE('BIM.06 - Fag',$,IFCTEXT('KON'),$);
#1566=IFCPROPERTYSINGLEVALUE('BIM.07 - Revisjon',$,IFCTEXT('A'),$);
#1567=IFCPROPERTYSINGLEVALUE('BIM.08 - Revisjonsdato',$,IFCTEXT('2023-01-16'),$);
#1568=IFCOWNERHISTORY(#3,#4,.READWRITE.,.ADDED.,1789134012,#3,#4,1789134012);
#1569=IFCPROPERTYSET('2DN3DWz$T0hgpwJt_eLYck',#1568,'KON_Felles',$,(#1572,#1573,#1574,#1575,#1576,#1577,#1578,#1579,#1580,#1581,#1582,#1583));
#1570=IFCOWNERHISTORY(#3,#4,.READWRITE.,.ADDED.,1789134012,#3,#4,1789134012);
#1571=IFCRELDEFINESBYPROPERTIES('3iB7TJnM94$OTYqeQyXfUR',#1570,$,$,(#1045),#1569);
#1572=IFCPROPERTYSINGLEVALUE('KON.01 - Konstruksjonsnummer',$,IFCTEXT('K100'),$);
#1573=IFCPROPERTYSINGLEVALUE('KON.03 - Akse',$,IFCTEXT('01'),$);
#1574=IFCPROPERTYSINGLEVALUE('KON.10 - Konstruksjonsinndeling',$,IFCTEXT('Underbygning'),$);
#1575=IFCPROPERTYSINGLEVALUE('KON.11 - Konstruksjonsdel',$,IFCTEXT('Overgangsplate'),$);
#1576=IFCPROPERTYSINGLEVALUE('KON.13 - Elementnavn',$,IFCTEXT('Overgangsplate'),$);
#1577=IFCPROPERTYSINGLEVALUE('KON.20 - Produksjonsenhet',$,IFCTEXT('PLD-1002'),$);
#1578=IFCPROPERTYSINGLEVALUE('KON.30 - Plasseringsprioritet',$,IFCTEXT('2 - Viker for 1'),$);
#1579=IFCPROPERTYSINGLEVALUE('KON.31 - Plasseringsmerknad',$,IFCTEXT('Ikke angitt'),$);
#1580=IFCPROPERTYSINGLEVALUE('KON.40 - Materialtype',$,IFCTEXT('Betong'),$);
#1581=IFCPROPERTYSINGLEVALUE('KON.41 - Materialspesifikasjon',$,IFCTEXT('B45 SV-Standard'),$);
#1582=IFCPROPERTYSINGLEVALUE('KON.51 - Produksjonsmerknad 1',$,IFCTEXT('Ikke angitt'),$);
#1583=IFCPROPERTYSINGLEVALUE('KON.53 - Utf\X2\00F8\X0\relsesmerknad 1',$,IFCTEXT('Ikke angitt'),$);
#1584=IFCOWNERHISTORY(#3,#4,.READWRITE.,.ADDED.,1789134012,#3,#4,1789134012);
#1585=IFCPROPERTYSET('3z3CBOBD13C8RAuyUY8uKe',#1584,'KON_Betong',$,(#1588,#1589,#1590,#1591,#1592,#1593,#1594,#1595));
#1586=IFCOWNERHISTORY(#3,#4,.READWRITE.,.ADDED.,1789134012,#3,#4,1789134012);
#1587=IFCRELDEFINESBYPROPERTIES('2vfKC5h6P5$gAaAd$mjq7z',#1586,$,$,(#1045),#1585);
#1588=IFCPROPERTYSINGLEVALUE('BET.01 - Utf\X2\00F8\X0\relsesklasse',$,IFCTEXT('2'),$);
#1589=IFCPROPERTYSINGLEVALUE('BET.02 - N\X2\00F8\X0\yaktighetsklasse',$,IFCTEXT('B'),$);
#1590=IFCPROPERTYSINGLEVALUE('BET.04 - Materialspesifikasjon (dup)',$,IFCTEXT('B45 SV-Standard'),$);
#1591=IFCPROPERTYSINGLEVALUE('BET.10 - Produksjonsmetode',$,IFCTEXT('Plasst\X2\00F8\X0\pt'),$);
#1592=IFCPROPERTYSINGLEVALUE('BET.11 - Forskaling',$,IFCTEXT('St\X2\00E5\X0\ende bord'),$);
#1593=IFCPROPERTYSINGLEVALUE('BET.21 - Overdekning hovedarmering',$,IFCTEXT('UK, NS og FS: 75mm \X2\00B1\X0\15mm, OK: 65mm \X2\00B1\X0\15mm'),$);
#1594=IFCPROPERTYSINGLEVALUE('BET.30 - Diameter monteringsstenger',$,IFCTEXT('12 mm'),$);
#1595=IFCPROPERTYSINGLEVALUE('BET.31 - Overdekning monteringsstenger',$,IFCTEXT('UK, NS og FS: 60mm \X2\00B1\X0\5mm, OK: 50mm \X2\00B1\X0\5mm'),$);
#1596=IFCOWNERHISTORY(#3,#4,.READWRITE.,.ADDED.,1789134012,#3,#4,1789134012);
#1597=IFCPROPERTYSET('0_6AWNWUjDu92unMnz4lY1',#1596,'BIM_Tverrfaglig',$,(#1600,#1601,#1602,#1603,#1604));
#1598=IFCOWNERHISTORY(#3,#4,.READWRITE.,.ADDED.,1789134012,#3,#4,1789134012);
#1599=IFCRELDEFINESBYPROPERTIES('1eXYzaBX1Eoe5u4C0zcpxh',#1598,$,$,(#1077),#1597);
#1600=IFCPROPERTYSINGLEVALUE('BIM.04 - MMI',$,IFCTEXT('350'),$);
#1601=IFCPROPERTYSINGLEVALUE('BIM.05 - Elementnavn',$,IFCTEXT('Fuktisolering'),$);
#1602=IFCPROPERTYSINGLEVALUE('BIM.06 - Fag',$,IFCTEXT('KON'),$);
#1603=IFCPROPERTYSINGLEVALUE('BIM.07 - Revisjon',$,IFCTEXT('A'),$);
#1604=IFCPROPERTYSINGLEVALUE('BIM.08 - Revisjonsdato',$,IFCTEXT('2023-01-16'),$);
#1605=IFCOWNERHISTORY(#3,#4,.READWRITE.,.ADDED.,1789134012,#3,#4,1789134012);
#1606=IFCPROPERTYSET('2UC0t3JdTANvm4Avz_NR9K',#1605,'KON_Felles',$,(#1609,#1610,#1611,#1612,#1613,#1614,#1615,#1616,#1617,#1618,#1619,#1620));
#1607=IFCOWNERHISTORY(#3,#4,.READWRITE.,.ADDED.,1789134012,#3,#4,1789134012);
#1608=IFCRELDEFINESBYPROPERTIES('3mPFQfncjFmQTCuvk7euRA',#1607,$,$,(#1077),#1606);
#1609=IFCPROPERTYSINGLEVALUE('KON.01 - Konstruksjonsnummer',$,IFCTEXT('K100'),$);
#1610=IFCPROPERTYSINGLEVALUE('KON.03 - Akse',$,IFCTEXT('01'),$);
#1611=IFCPROPERTYSINGLEVALUE('KON.10 - Konstruksjonsinndeling',$,IFCTEXT('Bru'),$);
#1612=IFCPROPERTYSINGLEVALUE('KON.11 - Konstruksjonsdel',$,IFCTEXT('Fuktisolering'),$);
#1613=IFCPROPERTYSINGLEVALUE('KON.13 - Elementnavn',$,IFCTEXT('Fuktisolering'),$);
#1614=IFCPROPERTYSINGLEVALUE('KON.20 - Produksjonsenhet',$,IFCTEXT('PLD-1002'),$);
#1615=IFCPROPERTYSINGLEVALUE('KON.30 - Plasseringsprioritet',$,IFCTEXT('2 - Viker for 1'),$);
#1616=IFCPROPERTYSINGLEVALUE('KON.31 - Plasseringsmerknad',$,IFCTEXT('Ikke angitt'),$);
#1617=IFCPROPERTYSINGLEVALUE('KON.40 - Materialtype',$,IFCTEXT('Fuktisolering'),$);
#1618=IFCPROPERTYSINGLEVALUE('KON.41 - Materialspesifikasjon',$,IFCTEXT('Ikke angitt'),$);
#1619=IFCPROPERTYSINGLEVALUE('KON.51 - Produksjonsmerknad 1',$,IFCTEXT('Ikke angitt'),$);
#1620=IFCPROPERTYSINGLEVALUE('KON.53 - Utf\X2\00F8\X0\relsesmerknad 1',$,IFCTEXT('Ikke angitt'),$);
#1621=IFCOWNERHISTORY(#3,#4,.READWRITE.,.ADDED.,1789134012,#3,#4,1789134012);
#1622=IFCPROPERTYSET('1xfltz81jA3BEtmvJLJJOs',#1621,'BIM_Tverrfaglig',$,(#1625,#1626,#1627,#1628,#1629));
#1623=IFCOWNERHISTORY(#3,#4,.READWRITE.,.ADDED.,1789134012,#3,#4,1789134012);
#1624=IFCRELDEFINESBYPROPERTIES('35VOZfH9n77B3eEvdCqQ5u',#1623,$,$,(#1148),#1622);
#1625=IFCPROPERTYSINGLEVALUE('BIM.04 - MMI',$,IFCTEXT('350'),$);
#1626=IFCPROPERTYSINGLEVALUE('BIM.05 - Elementnavn',$,IFCTEXT('Trekantlist'),$);
#1627=IFCPROPERTYSINGLEVALUE('BIM.06 - Fag',$,IFCTEXT('KON'),$);
#1628=IFCPROPERTYSINGLEVALUE('BIM.07 - Revisjon',$,IFCTEXT('A'),$);
#1629=IFCPROPERTYSINGLEVALUE('BIM.08 - Revisjonsdato',$,IFCTEXT('2023-01-16'),$);
#1630=IFCOWNERHISTORY(#3,#4,.READWRITE.,.ADDED.,1789134012,#3,#4,1789134012);
#1631=IFCPROPERTYSET('3EKLxc83HF28$PApZ7xce2',#1630,'KON_Felles',$,(#1634,#1635,#1636,#1637,#1638,#1639,#1640,#1641,#1642,#1643,#1644,#1645));
#1632=IFCOWNERHISTORY(#3,#4,.READWRITE.,.ADDED.,1789134012,#3,#4,1789134012);
#1633=IFCRELDEFINESBYPROPERTIES('0a4vmDFX594PUcRphB41kM',#1632,$,$,(#1148),#1631);
#1634=IFCPROPERTYSINGLEVALUE('KON.01 - Konstruksjonsnummer',$,IFCTEXT('K100'),$);
#1635=IFCPROPERTYSINGLEVALUE('KON.03 - Akse',$,IFCTEXT('01'),$);
#1636=IFCPROPERTYSINGLEVALUE('KON.10 - Konstruksjonsinndeling',$,IFCTEXT('Bru'),$);
#1637=IFCPROPERTYSINGLEVALUE('KON.11 - Konstruksjonsdel',$,IFCTEXT('Trekantlist'),$);
#1638=IFCPROPERTYSINGLEVALUE('KON.13 - Elementnavn',$,IFCTEXT('Trekantlist'),$);
#1639=IFCPROPERTYSINGLEVALUE('KON.20 - Produksjonsenhet',$,IFCTEXT('PLD-1002'),$);
#1640=IFCPROPERTYSINGLEVALUE('KON.30 - Plasseringsprioritet',$,IFCTEXT('2 - Viker for 1'),$);
#1641=IFCPROPERTYSINGLEVALUE('KON.31 - Plasseringsmerknad',$,IFCTEXT('Ikke angitt'),$);
#1642=IFCPROPERTYSINGLEVALUE('KON.40 - Materialtype',$,IFCTEXT('Uspesifisert'),$);
#1643=IFCPROPERTYSINGLEVALUE('KON.41 - Materialspesifikasjon',$,IFCTEXT('Ikke angitt'),$);
#1644=IFCPROPERTYSINGLEVALUE('KON.51 - Produksjonsmerknad 1',$,IFCTEXT('Ikke angitt'),$);
#1645=IFCPROPERTYSINGLEVALUE('KON.53 - Utf\X2\00F8\X0\relsesmerknad 1',$,IFCTEXT('Ikke angitt'),$);
#1646=IFCOWNERHISTORY(#3,#4,.READWRITE.,.ADDED.,1789134012,#3,#4,1789134012);
#1647=IFCPROPERTYSET('2LnDUmfjz9IRR9rqdWLT9d',#1646,'BIM_Tverrfaglig',$,(#1650,#1651,#1652,#1653,#1654));
#1648=IFCOWNERHISTORY(#3,#4,.READWRITE.,.ADDED.,1789134012,#3,#4,1789134012);
#1649=IFCRELDEFINESBYPROPERTIES('1W7n9hXKLAERWJO1MBeT5P',#1648,$,$,(#436),#1647);
#1650=IFCPROPERTYSINGLEVALUE('BIM.04 - MMI',$,IFCTEXT('350'),$);
#1651=IFCPROPERTYSINGLEVALUE('BIM.05 - Elementnavn',$,IFCTEXT('L\X2\00F8\X0\smasser'),$);
#1652=IFCPROPERTYSINGLEVALUE('BIM.06 - Fag',$,IFCTEXT('KON'),$);
#1653=IFCPROPERTYSINGLEVALUE('BIM.07 - Revisjon',$,IFCTEXT('A'),$);
#1654=IFCPROPERTYSINGLEVALUE('BIM.08 - Revisjonsdato',$,IFCTEXT('2023-01-16'),$);
#1655=IFCOWNERHISTORY(#3,#4,.READWRITE.,.ADDED.,1789134012,#3,#4,1789134012);
#1656=IFCPROPERTYSET('0M2TiTisjAzhmJOuNQpDKv',#1655,'KON_L\X2\00F8\X0\smasser',$,(#1659,#1660,#1661,#1662));
#1657=IFCOWNERHISTORY(#3,#4,.READWRITE.,.ADDED.,1789134012,#3,#4,1789134012);
#1658=IFCRELDEFINESBYPROPERTIES('39rfpCM7r8sQBCkfV9oOAr',#1657,$,$,(#436),#1656);
#1659=IFCPROPERTYSINGLEVALUE('LSM.01 - Materialspesifikasjon (dup)',$,IFCTEXT('L\X2\00F8\X0\smasser'),$);
#1660=IFCPROPERTYSINGLEVALUE('LSM.02 - Lagtykkelse',$,IFCTEXT('Ikke angitt'),$);
#1661=IFCPROPERTYSINGLEVALUE('LSM.03 - Komprimering',$,IFCTEXT('Ikke angitt'),$);
#1662=IFCPROPERTYSINGLEVALUE('LSM.04 - L\X2\00F8\X0\smassemerknad krav',$,IFCTEXT('Ikke angitt'),$);
#1663=IFCOWNERHISTORY(#3,#4,.READWRITE.,.ADDED.,1789134012,#3,#4,1789134012);
#1664=IFCPROPERTYSET('28aCYce2nEU8BiyJtlkB49',#1663,'BIM_Tverrfaglig',$,(#1667,#1668,#1669,#1670,#1671));
#1665=IFCOWNERHISTORY(#3,#4,.READWRITE.,.ADDED.,1789134012,#3,#4,1789134012);
#1666=IFCRELDEFINESBYPROPERTIES('2qcC6dq1HDtQ4wKATnu9bw',#1665,$,$,(#1216),#1664);
#1667=IFCPROPERTYSINGLEVALUE('BIM.04 - MMI',$,IFCTEXT('350'),$);
#1668=IFCPROPERTYSINGLEVALUE('BIM.05 - Elementnavn',$,IFCTEXT('Landkar'),$);
#1669=IFCPROPERTYSINGLEVALUE('BIM.06 - Fag',$,IFCTEXT('KON'),$);
#1670=IFCPROPERTYSINGLEVALUE('BIM.07 - Revisjon',$,IFCTEXT('A'),$);
#1671=IFCPROPERTYSINGLEVALUE('BIM.08 - Revisjonsdato',$,IFCTEXT('2023-01-16'),$);
#1672=IFCOWNERHISTORY(#3,#4,.READWRITE.,.ADDED.,1789134012,#3,#4,1789134012);
#1673=IFCPROPERTYSET('1FJi940Y13RvgUiz1F819$',#1672,'KON_Felles',$,(#1676,#1677,#1678,#1679,#1680,#1681,#1682,#1683,#1684,#1685,#1686,#1687));
#1674=IFCOWNERHISTORY(#3,#4,.READWRITE.,.ADDED.,1789134012,#3,#4,1789134012);
#1675=IFCRELDEFINESBYPROPERTIES('2mj_XcvmfFsOV9X1qaexGy',#1674,$,$,(#1216),#1673);
#1676=IFCPROPERTYSINGLEVALUE('KON.01 - Konstruksjonsnummer',$,IFCTEXT('K100'),$);
#1677=IFCPROPERTYSINGLEVALUE('KON.03 - Akse',$,IFCTEXT('01'),$);
#1678=IFCPROPERTYSINGLEVALUE('KON.10 - Konstruksjonsinndeling',$,IFCTEXT('Underbygning'),$);
#1679=IFCPROPERTYSINGLEVALUE('KON.11 - Konstruksjonsdel',$,IFCTEXT('Landkar'),$);
#1680=IFCPROPERTYSINGLEVALUE('KON.13 - Elementnavn',$,IFCTEXT('Landkar'),$);
#1681=IFCPROPERTYSINGLEVALUE('KON.20 - Produksjonsenhet',$,IFCTEXT('PLD-1002'),$);
#1682=IFCPROPERTYSINGLEVALUE('KON.30 - Plasseringsprioritet',$,IFCTEXT('2 - Viker for 1'),$);
#1683=IFCPROPERTYSINGLEVALUE('KON.31 - Plasseringsmerknad',$,IFCTEXT('Ikke angitt'),$);
#1684=IFCPROPERTYSINGLEVALUE('KON.40 - Materialtype',$,IFCTEXT('Betong'),$);
#1685=IFCPROPERTYSINGLEVALUE('KON.41 - Materialspesifikasjon',$,IFCTEXT('B45 SV-Standard'),$);
#1686=IFCPROPERTYSINGLEVALUE('KON.51 - Produksjonsmerknad 1',$,IFCTEXT('Ikke angitt'),$);
#1687=IFCPROPERTYSINGLEVALUE('KON.53 - Utf\X2\00F8\X0\relsesmerknad 1',$,IFCTEXT('Ikke angitt'),$);
#1688=IFCOWNERHISTORY(#3,#4,.READWRITE.,.ADDED.,1789134012,#3,#4,1789134012);
#1689=IFCPROPERTYSET('3zm_fEVxnADu2E9Wsxroln',#1688,'KON_Betong',$,(#1692,#1693,#1694,#1695,#1696,#1697,#1698,#1699));
#1690=IFCOWNERHISTORY(#3,#4,.READWRITE.,.ADDED.,1789134012,#3,#4,1789134012);
#1691=IFCRELDEFINESBYPROPERTIES('0jiwsJYlL1su7eb3Y3SuL5',#1690,$,$,(#1216),#1689);
#1692=IFCPROPERTYSINGLEVALUE('BET.01 - Utf\X2\00F8\X0\relsesklasse',$,IFCTEXT('2'),$);
#1693=IFCPROPERTYSINGLEVALUE('BET.02 - N\X2\00F8\X0\yaktighetsklasse',$,IFCTEXT('B'),$);
#1694=IFCPROPERTYSINGLEVALUE('BET.04 - Materialspesifikasjon (dup)',$,IFCTEXT('B45 SV-Standard'),$);
#1695=IFCPROPERTYSINGLEVALUE('BET.10 - Produksjonsmetode',$,IFCTEXT('Plasst\X2\00F8\X0\pt'),$);
#1696=IFCPROPERTYSINGLEVALUE('BET.11 - Forskaling',$,IFCTEXT('St\X2\00E5\X0\ende bord'),$);
#1697=IFCPROPERTYSINGLEVALUE('BET.21 - Overdekning hovedarmering',$,IFCTEXT('UK, NS og FS: 75mm \X2\00B1\X0\15mm, OK: 65mm \X2\00B1\X0\15mm'),$);
#1698=IFCPROPERTYSINGLEVALUE('BET.30 - Diameter monteringsstenger',$,IFCTEXT('12 mm'),$);
#1699=IFCPROPERTYSINGLEVALUE('BET.31 - Overdekning monteringsstenger',$,IFCTEXT('UK, NS og FS: 60mm \X2\00B1\X0\5mm, OK: 50mm \X2\00B1\X0\5mm'),$);
#1700=IFCOWNERHISTORY(#3,#4,.READWRITE.,.ADDED.,1789134012,#3,#4,1789134012);
#1701=IFCPROPERTYSET('0VJG2Ch616y8Osh50szhpu',#1700,'BIM_Tverrfaglig',$,(#1704,#1705,#1706,#1707,#1708));
#1702=IFCOWNERHISTORY(#3,#4,.READWRITE.,.ADDED.,1789134012,#3,#4,1789134012);
#1703=IFCRELDEFINESBYPROPERTIES('0hAj6EuQrCvBE9YPBeso_y',#1702,$,$,(#489),#1701);
#1704=IFCPROPERTYSINGLEVALUE('BIM.04 - MMI',$,IFCTEXT('350'),$);
#1705=IFCPROPERTYSINGLEVALUE('BIM.05 - Elementnavn',$,IFCTEXT('L\X2\00F8\X0\smasser'),$);
#1706=IFCPROPERTYSINGLEVALUE('BIM.06 - Fag',$,IFCTEXT('KON'),$);
#1707=IFCPROPERTYSINGLEVALUE('BIM.07 - Revisjon',$,IFCTEXT('A'),$);
#1708=IFCPROPERTYSINGLEVALUE('BIM.08 - Revisjonsdato',$,IFCTEXT('2023-01-16'),$);
#1709=IFCOWNERHISTORY(#3,#4,.READWRITE.,.ADDED.,1789134012,#3,#4,1789134012);
#1710=IFCPROPERTYSET('3PDxW_xzD76v9KKl3HlU6p',#1709,'KON_L\X2\00F8\X0\smasser',$,(#1713,#1714,#1715,#1716));
#1711=IFCOWNERHISTORY(#3,#4,.READWRITE.,.ADDED.,1789134012,#3,#4,1789134012);
#1712=IFCRELDEFINESBYPROPERTIES('0Ih_45knj6PBpjsSBI8W_5',#1711,$,$,(#489),#1710);
#1713=IFCPROPERTYSINGLEVALUE('LSM.01 - Materialspesifikasjon (dup)',$,IFCTEXT('L\X2\00F8\X0\smasser'),$);
#1714=IFCPROPERTYSINGLEVALUE('LSM.02 - Lagtykkelse',$,IFCTEXT('Ikke angitt'),$);
#1715=IFCPROPERTYSINGLEVALUE('LSM.03 - Komprimering',$,IFCTEXT('Ikke angitt'),$);
#1716=IFCPROPERTYSINGLEVALUE('LSM.04 - L\X2\00F8\X0\smassemerknad krav',$,IFCTEXT('Ikke angitt'),$);
#1717=IFCOWNERHISTORY(#3,#4,.READWRITE.,.ADDED.,1789134012,#3,#4,1789134012);
#1718=IFCPROPERTYSET('2DR2edA2fAovTbLaMHiK91',#1717,'BIM_Tverrfaglig',$,(#1721,#1722,#1723,#1724,#1725));
#1719=IFCOWNERHISTORY(#3,#4,.READWRITE.,.ADDED.,1789134012,#3,#4,1789134012);
#1720=IFCRELDEFINESBYPROPERTIES('2pTib6lhP1WBNuwAkr4W_q',#1719,$,$,(#532),#1718);
#1721=IFCPROPERTYSINGLEVALUE('BIM.04 - MMI',$,IFCTEXT('350'),$);
#1722=IFCPROPERTYSINGLEVALUE('BIM.05 - Elementnavn',$,IFCTEXT('L\X2\00F8\X0\smasser'),$);
#1723=IFCPROPERTYSINGLEVALUE('BIM.06 - Fag',$,IFCTEXT('KON'),$);
#1724=IFCPROPERTYSINGLEVALUE('BIM.07 - Revisjon',$,IFCTEXT('A'),$);
#1725=IFCPROPERTYSINGLEVALUE('BIM.08 - Revisjonsdato',$,IFCTEXT('2023-01-16'),$);
#1726=IFCOWNERHISTORY(#3,#4,.READWRITE.,.ADDED.,1789134012,#3,#4,1789134012);
#1727=IFCPROPERTYSET('0LHTSme1L80gED21gjg4z2',#1726,'KON_L\X2\00F8\X0\smasser',$,(#1730,#1731,#1732,#1733));
#1728=IFCOWNERHISTORY(#3,#4,.READWRITE.,.ADDED.,1789134012,#3,#4,1789134012);
#1729=IFCRELDEFINESBYPROPERTIES('2PXLUUkaL8COIOasJvw7hG',#1728,$,$,(#532),#1727);
#1730=IFCPROPERTYSINGLEVALUE('LSM.01 - Materialspesifikasjon (dup)',$,IFCTEXT('L\X2\00F8\X0\smasser'),$);
#1731=IFCPROPERTYSINGLEVALUE('LSM.02 - Lagtykkelse',$,IFCTEXT('Ikke angitt'),$);
#1732=IFCPROPERTYSINGLEVALUE('LSM.03 - Komprimering',$,IFCTEXT('Ikke angitt'),$);
#1733=IFCPROPERTYSINGLEVALUE('LSM.04 - L\X2\00F8\X0\smassemerknad krav',$,IFCTEXT('Ikke angitt'),$);
ENDSEC;
END-ISO-10303-21;
