ISO-10303-21;
HEADER;
FILE_DESCRIPTION(('ViewDefinition[CoordinationView_V2.0]','ExchangeRequirement[Structural, SurfaceGeometry]','Option [GridExport:Off]','Option [Assemblies:Off]','Option [Bolts:On]','Option [Rebars:On]','Option [PourObjects:Off]','Option [Welds:Off]','Option [SurfaceTreatments:Off]','Option [LocationBy:0]','Option [ViewColors:On]','Option [SectionedSpine:Off]','Option [PropertySets:On]','Option [Export all:Off]'),'2;1');
FILE_NAME('SNACKS_Detalj_Bolter.ifc','2026-08-26T15:41:51',('SWECO\\NOULVE'),('Structural Designer'),'IFC Parser','Tekla Structures 2025 Service Pack 7, IFC Export Version: 4.0.0.0 Feb 24 2026','');
FILE_SCHEMA(('IFC2X3'));
ENDSEC;
DATA;
#1=IFCPERSON('SWECO\\NOULVE','Undefined',$,$,$,$,$,$);
#2=IFCORGANIZATION($,'Trimble Solutions Corporation',$,$,$);
#3=IFCPERSONANDORGANIZATION(#1,#2,$);
#4=IFCAPPLICATION(#2,'2025 Service Pack 7','Tekla Structures','Multi material modeling');
#5=IFCOWNERHISTORY(#3,#4,$,.NOCHANGE.,$,$,$,1787751711);
#6=IFCCARTESIANPOINT((0.,0.,0.));
#7=IFCDIRECTION((1.,0.,0.));
#8=IFCDIRECTION((0.,1.,0.));
#9=IFCDIRECTION((0.,0.,1.));
#10=IFCAXIS2PLACEMENT3D(#6,#9,#7);
#11=IFCGEOMETRICREPRESENTATIONCONTEXT($,'Model',3,1.0000000000000001E-05,#10,$);
#12=IFCGEOMETRICREPRESENTATIONSUBCONTEXT('Body','Model',*,*,*,*,#11,$,.MODEL_VIEW.,$);
#13=IFCGEOMETRICREPRESENTATIONSUBCONTEXT('Axis','Model',*,*,*,*,#11,$,.GRAPH_VIEW.,$);
#14=IFCSIUNIT(*,.LENGTHUNIT.,.MILLI.,.METRE.);
#15=IFCMEASUREWITHUNIT(IFCRATIOMEASURE(304.80000000000001),#14);
#16=IFCDIMENSIONALEXPONENTS(1,0,0,0,0,0,0);
#17=IFCCONVERSIONBASEDUNIT(#16,.LENGTHUNIT.,'FOOT',#15);
#18=IFCSIUNIT(*,.AREAUNIT.,$,.SQUARE_METRE.);
#19=IFCMEASUREWITHUNIT(IFCRATIOMEASURE(0.092903040000000006),#18);
#20=IFCDIMENSIONALEXPONENTS(2,0,0,0,0,0,0);
#21=IFCCONVERSIONBASEDUNIT(#20,.AREAUNIT.,'SQUARE FOOT',#19);
#22=IFCSIUNIT(*,.VOLUMEUNIT.,$,.CUBIC_METRE.);
#23=IFCMEASUREWITHUNIT(IFCRATIOMEASURE(0.028316846592000001),#22);
#24=IFCDIMENSIONALEXPONENTS(3,0,0,0,0,0,0);
#25=IFCCONVERSIONBASEDUNIT(#24,.VOLUMEUNIT.,'CUBIC FOOT',#23);
#26=IFCSIUNIT(*,.MASSUNIT.,.KILO.,.GRAM.);
#27=IFCSIUNIT(*,.TIMEUNIT.,$,.SECOND.);
#28=IFCSIUNIT(*,.PLANEANGLEUNIT.,$,.RADIAN.);
#29=IFCMEASUREWITHUNIT(IFCRATIOMEASURE(0.017453292519943299),#28);
#30=IFCDIMENSIONALEXPONENTS(0,0,0,0,0,0,0);
#31=IFCCONVERSIONBASEDUNIT(#30,.PLANEANGLEUNIT.,'DEGREE',#29);
#32=IFCSIUNIT(*,.SOLIDANGLEUNIT.,$,.STERADIAN.);
#33=IFCSIUNIT(*,.THERMODYNAMICTEMPERATUREUNIT.,$,.DEGREE_CELSIUS.);
#34=IFCSIUNIT(*,.LUMINOUSINTENSITYUNIT.,$,.LUMEN.);
#35=IFCUNITASSIGNMENT((#14,#18,#22,#26,#27,#28,#32,#33,#34));
#36=IFCPROJECT('2YG0JLJLPAvRd9NM8hMiC$',#5,'SNACKS Detalj Bolter',$,$,$,$,(#11),#35);
#37=IFCLOCALPLACEMENT($,#10);
#38=IFCSITE('0cHbuZ7tTAAARUvYnq2GoH',#5,'SNACKS Detalj Bolter',$,$,#37,$,$,.ELEMENT.,$,$,$,$,$);
#39=IFCPOSTALADDRESS($,' ',$,' ',$,' ',' ',' ',' ',' ');
#40=IFCLOCALPLACEMENT(#37,#10);
#41=IFCBUILDING('2cH2Ye1ODFPROjgJsPA4pC',#5,'Bru',$,$,#40,$,$,.ELEMENT.,$,$,#39);
#42=IFCLOCALPLACEMENT(#40,#10);
#43=IFCBUILDINGSTOREY('09Zmb6wqH33AoobR5q1mOS',#5,'Bolter',$,$,#42,$,$,.ELEMENT.,0.);
#44=IFCOWNERHISTORY(#3,#4,$,.NOCHANGE.,$,$,$,1787756400);
#45=IFCCOLOURRGB('Unnamed',0.47058823529411797,0.752941176470588,0.80392156862745101);
#46=IFCSURFACESTYLERENDERING(#45,0.80000000000000004,$,$,$,$,IFCNORMALISEDRATIOMEASURE(0.00390625),IFCSPECULAREXPONENT(10.),.NOTDEFINED.);
#47=IFCSURFACESTYLE('STEEL/Steel_Undefined',.POSITIVE.,(#46));
#48=IFCPRESENTATIONSTYLEASSIGNMENT((#47));
#49=IFCCARTESIANPOINT((3.2741809263825397E-11,20.000000000000501,-30.000000000003599));
#50=IFCCARTESIANPOINT((1.81898940354586E-11,19.999999999996401,30.000000000014602));
#51=IFCCARTESIANPOINT((97.490000018406107,19.999999999996401,30.0000000000373));
#52=IFCCARTESIANPOINT((97.490000018420702,20.000000000000501,-29.999999999981799));
#53=IFCPOLYLOOP((#49,#50,#51,#52));
#54=IFCFACEOUTERBOUND(#53,.T.);
#55=IFCFACE((#54));
#56=IFCCARTESIANPOINT((-1.81898940354586E-11,-20.000000000000199,30.0000000000027));
#57=IFCCARTESIANPOINT((97.490000018369798,-20.000000000000199,30.000000000025501));
#58=IFCPOLYLOOP((#50,#56,#57,#51));
#59=IFCFACEOUTERBOUND(#58,.T.);
#60=IFCFACE((#59));
#61=IFCCARTESIANPOINT((-1.81898940354586E-11,-20.000000000000199,27.000000000001801));
#62=IFCCARTESIANPOINT((97.490000018369798,-20.000000000000199,27.000000000023601));
#63=IFCPOLYLOOP((#56,#61,#62,#57));
#64=IFCFACEOUTERBOUND(#63,.T.);
#65=IFCFACE((#64));
#66=IFCCARTESIANPOINT((1.81898940354586E-11,16.999999999996799,27.000000000012701));
#67=IFCCARTESIANPOINT((97.490000018406107,16.999999999996799,27.0000000000346));
#68=IFCPOLYLOOP((#61,#66,#67,#62));
#69=IFCFACEOUTERBOUND(#68,.T.);
#70=IFCFACE((#69));
#71=IFCCARTESIANPOINT((2.91038304567337E-11,17.000000000000501,-27.0000000000027));
#72=IFCCARTESIANPOINT((97.490000018417007,17.000000000000501,-26.999999999981799));
#73=IFCPOLYLOOP((#66,#71,#72,#67));
#74=IFCFACEOUTERBOUND(#73,.T.);
#75=IFCFACE((#74));
#76=IFCCARTESIANPOINT((-7.2759576141834308E-12,-19.9999999999966,-27.0000000000136));
#77=IFCCARTESIANPOINT((97.490000018380698,-19.9999999999966,-26.999999999992699));
#78=IFCPOLYLOOP((#71,#76,#77,#72));
#79=IFCFACEOUTERBOUND(#78,.T.);
#80=IFCFACE((#79));
#81=IFCCARTESIANPOINT((-7.2759576141834308E-12,-19.999999999996401,-30.0000000000155));
#82=IFCCARTESIANPOINT((97.490000018380698,-19.999999999996401,-29.999999999993602));
#83=IFCPOLYLOOP((#76,#81,#82,#77));
#84=IFCFACEOUTERBOUND(#83,.T.);
#85=IFCFACE((#84));
#86=IFCPOLYLOOP((#81,#49,#52,#82));
#87=IFCFACEOUTERBOUND(#86,.T.);
#88=IFCFACE((#87));
#89=IFCPOLYLOOP((#57,#62,#67,#72,#77,#82,#52,#51));
#90=IFCFACEOUTERBOUND(#89,.T.);
#91=IFCFACE((#90));
#92=IFCPOLYLOOP((#81,#76,#71,#66,#61,#56,#50,#49));
#93=IFCFACEOUTERBOUND(#92,.T.);
#94=IFCFACE((#93));
#95=IFCCLOSEDSHELL((#55,#60,#65,#70,#75,#80,#85,#88,#91,#94));
#96=IFCFACETEDBREP(#95);
#97=IFCSTYLEDITEM(#96,(#48),$);
#98=IFCSHAPEREPRESENTATION(#12,'Body','Brep',(#96));
#99=IFCPRODUCTDEFINITIONSHAPE($,$,(#98));
#100=IFCCARTESIANPOINT((5958.7508536790001,31000.000859348798,1769.36518920713));
#101=IFCDIRECTION((0.999999999782333,-1.93299999918963E-05,7.8539999981330696E-06));
#102=IFCDIRECTION((1.9329999991890899E-05,0.999999999813176,0.));
#103=IFCAXIS2PLACEMENT3D(#100,#101,#102);
#104=IFCLOCALPLACEMENT(#42,#103);
#105=IFCBEAM('1MkhHe$R9BLfrQuS8Gg9P$',#44,'Rekkverk','U60X40X3',$,#104,#99,'ID56bab468-fdb2-4b56-9d5a-e1c210a8967f');
#106=IFCBEAMTYPE('09QEpPcsn3ReenxvL2_Gb1',#5,'U60X40X3',$,$,$,$,$,$,.NOTDEFINED.);
#107=IFCMATERIAL('STEEL/Steel_Undefined');
#108=IFCCARTESIANPOINT((1.77660695044324E-08,1.5000000000166001,-100.000000000138));
#109=IFCCARTESIANPOINT((1.7731508705764999E-08,1.49999999998386,100.000000000127));
#110=IFCCARTESIANPOINT((36.731789835890602,1.4999995653802201,100.000000000109));
#111=IFCCARTESIANPOINT((36.731789835925198,1.49999956540637,-100.00000000015299));
#112=IFCPOLYLOOP((#108,#109,#110,#111));
#113=IFCFACEOUTERBOUND(#112,.T.);
#114=IFCFACE((#113));
#115=IFCCARTESIANPOINT((-1.7764250515028801E-08,-1.5000000000159199,100.000000000131));
#116=IFCCARTESIANPOINT((-1.7729689716361499E-08,-1.4999999999831699,-100.000000000131));
#117=IFCCARTESIANPOINT((36.731789800430299,-1.5000004345870399,-100.000000000149));
#118=IFCCARTESIANPOINT((36.731789800395703,-1.5000004346195499,100.000000000116));
#119=IFCPOLYLOOP((#115,#116,#117,#118));
#120=IFCFACEOUTERBOUND(#119,.T.);
#121=IFCFACE((#120));
#122=IFCPOLYLOOP((#116,#115,#109,#108));
#123=IFCFACEOUTERBOUND(#122,.T.);
#124=IFCFACE((#123));
#125=IFCCARTESIANPOINT((44.743164670243502,-0.38113354346251099,100.000000000113));
#126=IFCCARTESIANPOINT((44.743164670368998,-0.38113354346592099,-100.000000000149));
#127=IFCPOLYLOOP((#111,#110,#125,#126));
#128=IFCFACEOUTERBOUND(#127,.T.);
#129=IFCFACE((#128));
#130=IFCCARTESIANPOINT((43.4079354958849,-3.0676113586728202,-100.000000000149));
#131=IFCCARTESIANPOINT((43.407935495758501,-3.06761135867032,100.000000000113));
#132=IFCPOLYLOOP((#118,#117,#130,#131));
#133=IFCFACEOUTERBOUND(#132,.T.);
#134=IFCFACE((#133));
#135=IFCCARTESIANPOINT((83.279409173911503,-19.534359989287399,100.000000000131));
#136=IFCCARTESIANPOINT((83.279409174006105,-19.534359989354201,-100.000000000131));
#137=IFCPOLYLOOP((#126,#125,#135,#136));
#138=IFCFACEOUTERBOUND(#137,.T.);
#139=IFCFACE((#138));
#140=IFCCARTESIANPOINT((81.944179999552901,-22.2208378044993,-100.000000000127));
#141=IFCCARTESIANPOINT((81.9441799994256,-22.220837804495201,100.000000000135));
#142=IFCPOLYLOOP((#131,#130,#140,#141));
#143=IFCFACEOUTERBOUND(#142,.T.);
#144=IFCFACE((#143));
#145=IFCCARTESIANPOINT((93.049074685203806,-27.586200344143201,100.00000000014199));
#146=IFCCARTESIANPOINT((93.049074685283799,-27.586200344284201,-100.00000000012));
#147=IFCPOLYLOOP((#136,#135,#145,#146));
#148=IFCFACEOUTERBOUND(#147,.T.);
#149=IFCFACE((#148));
#150=IFCCARTESIANPOINT((90.667095634629703,-29.4099809786394,-100.000000000116));
#151=IFCCARTESIANPOINT((90.667095634550606,-29.409980978498002,100.000000000146));
#152=IFCPOLYLOOP((#141,#140,#150,#151));
#153=IFCFACEOUTERBOUND(#152,.T.);
#154=IFCFACE((#153));
#155=IFCCARTESIANPOINT((95.331975312738905,-39.706190686259802,-100.000000000098));
#156=IFCCARTESIANPOINT((95.331975312652503,-39.706190686101301,100.00000000016399));
#157=IFCPOLYLOOP((#150,#155,#156,#151));
#158=IFCFACEOUTERBOUND(#157,.T.);
#159=IFCFACE((#158));
#160=IFCCARTESIANPOINT((98.273739924655303,-39.117955216608799,100.00000000016));
#161=IFCCARTESIANPOINT((98.273739924740795,-39.117955216766198,-100.00000000010201));
#162=IFCPOLYLOOP((#145,#160,#161,#146));
#163=IFCFACEOUTERBOUND(#162,.T.);
#164=IFCFACE((#163));
#165=IFCCARTESIANPOINT((94.985145685825998,-51.004542157355402,-100.00000000007999));
#166=IFCCARTESIANPOINT((94.985145685738601,-51.004542157178498,100.000000000182));
#167=IFCPOLYLOOP((#155,#165,#166,#156));
#168=IFCFACEOUTERBOUND(#167,.T.);
#169=IFCFACE((#168));
#170=IFCCARTESIANPOINT((97.885290742515295,-51.772108864160103,100.00000000018601));
#171=IFCCARTESIANPOINT((97.885290742600802,-51.772108864335898,-100.000000000076));
#172=IFCPOLYLOOP((#160,#170,#171,#161));
#173=IFCFACEOUTERBOUND(#172,.T.);
#174=IFCFACE((#173));
#175=IFCCARTESIANPOINT((89.697511513349994,-60.995235907670597,-100.00000000005799));
#176=IFCCARTESIANPOINT((89.697511513272701,-60.995235907477998,100.000000000204));
#177=IFCPOLYLOOP((#165,#175,#176,#166));
#178=IFCFACEOUTERBOUND(#177,.T.);
#179=IFCFACE((#178));
#180=IFCCARTESIANPOINT((91.963140469376398,-62.961685864446501,100.000000000211));
#181=IFCCARTESIANPOINT((91.963140469422797,-62.961685864612001,-100.000000000055));
#182=IFCPOLYLOOP((#170,#180,#181,#171));
#183=IFCFACEOUTERBOUND(#182,.T.);
#184=IFCFACE((#183));
#185=IFCCARTESIANPOINT((44.973123957935996,-117.100842408437,100.000000000331));
#186=IFCCARTESIANPOINT((44.973123957933197,-117.100842408562,-99.999999999930907));
#187=IFCPOLYLOOP((#181,#180,#185,#186));
#188=IFCFACEOUTERBOUND(#187,.T.);
#189=IFCFACE((#188));
#190=IFCCARTESIANPOINT((42.707495001843199,-115.134392451606,-99.999999999930907));
#191=IFCCARTESIANPOINT((42.707495001830502,-115.134392451468,100.000000000331));
#192=IFCPOLYLOOP((#176,#175,#190,#191));
#193=IFCFACEOUTERBOUND(#192,.T.);
#194=IFCFACE((#193));
#195=IFCCARTESIANPOINT((41.211966174050801,-124.576739117279,100.00000000034601));
#196=IFCCARTESIANPOINT((41.211966174049799,-124.576739117358,-99.999999999916298));
#197=IFCPOLYLOOP((#186,#185,#195,#196));
#198=IFCFACEOUTERBOUND(#197,.T.);
#199=IFCFACE((#198));
#200=IFCCARTESIANPOINT((38.282603491335102,-123.92956505026,-99.999999999920007));
#201=IFCCARTESIANPOINT((38.2826034913369,-123.929565050181,100.000000000342));
#202=IFCPOLYLOOP((#191,#190,#200,#201));
#203=IFCFACEOUTERBOUND(#202,.T.);
#204=IFCFACE((#203));
#205=IFCCARTESIANPOINT((38.590328127248497,-133.77029832926101,-99.999999999905398));
#206=IFCCARTESIANPOINT((38.590328127251297,-133.77029832921599,100.00000000035701));
#207=IFCPOLYLOOP((#200,#205,#206,#201));
#208=IFCFACEOUTERBOUND(#207,.T.);
#209=IFCFACE((#208));
#210=IFCCARTESIANPOINT((41.473532114575399,-132.94136240438499,100.000000000353));
#211=IFCCARTESIANPOINT((41.473532114563596,-132.94136240443399,-99.999999999909093));
#212=IFCPOLYLOOP((#195,#210,#211,#196));
#213=IFCFACEOUTERBOUND(#212,.T.);
#214=IFCFACE((#213));
#215=IFCCARTESIANPOINT((48.2643843257583,-156.56129681192701,100.00000000037799));
#216=IFCCARTESIANPOINT((48.2643843257474,-156.56129681197601,-99.999999999883599));
#217=IFCPOLYLOOP((#211,#210,#215,#216));
#218=IFCFACEOUTERBOUND(#217,.T.);
#219=IFCFACE((#218));
#220=IFCCARTESIANPOINT((45.381180338411497,-157.39023273680999,-99.999999999879904));
#221=IFCCARTESIANPOINT((45.381180338434199,-157.39023273675801,100.000000000382));
#222=IFCPOLYLOOP((#206,#205,#220,#221));
#223=IFCFACEOUTERBOUND(#222,.T.);
#224=IFCFACE((#223));
#225=IFCCARTESIANPOINT((52.484762652496997,-163.78705769288399,100.00000000038899));
#226=IFCCARTESIANPOINT((52.484762652514299,-163.787057692958,-99.999999999869004));
#227=IFCPOLYLOOP((#216,#215,#225,#226));
#228=IFCFACEOUTERBOUND(#227,.T.);
#229=IFCFACE((#228));
#230=IFCCARTESIANPOINT((50.346331311137,-165.89112789098101,-99.999999999865395));
#231=IFCCARTESIANPOINT((50.346331311116003,-165.89112789090399,100.000000000393));
#232=IFCPOLYLOOP((#221,#220,#230,#231));
#233=IFCFACEOUTERBOUND(#232,.T.);
#234=IFCFACE((#233));
#235=IFCCARTESIANPOINT((58.765688384132801,-170.993320466873,-99.999999999861799));
#236=IFCCARTESIANPOINT((58.765688384079098,-170.99332046677699,100.00000000039999));
#237=IFCPOLYLOOP((#230,#235,#236,#231));
#238=IFCFACEOUTERBOUND(#237,.T.);
#239=IFCFACE((#238));
#240=IFCCARTESIANPOINT((59.641216164447499,-168.123921382335,100.000000000393));
#241=IFCCARTESIANPOINT((59.641216164501202,-168.123921382426,-99.999999999865395));
#242=IFCPOLYLOOP((#225,#240,#241,#226));
#243=IFCFACEOUTERBOUND(#242,.T.);
#244=IFCFACE((#243));
#245=IFCCARTESIANPOINT((128.210873448212,-189.046295048579,100.00000000039999));
#246=IFCCARTESIANPOINT((128.21087344826,-189.046295048677,-99.999999999861799));
#247=IFCPOLYLOOP((#241,#240,#245,#246));
#248=IFCFACEOUTERBOUND(#247,.T.);
#249=IFCFACE((#248));
#250=IFCCARTESIANPOINT((127.335345667895,-191.91569413310901,-99.999999999854495));
#251=IFCCARTESIANPOINT((127.335345667844,-191.91569413302199,100.000000000404));
#252=IFCPOLYLOOP((#236,#235,#250,#251));
#253=IFCFACEOUTERBOUND(#252,.T.);
#254=IFCFACE((#253));
#255=IFCCARTESIANPOINT((139.17090507437101,-195.38277066431399,100.00000000039999));
#256=IFCCARTESIANPOINT((139.170905074422,-195.382770664427,-99.999999999858105));
#257=IFCPOLYLOOP((#246,#245,#255,#256));
#258=IFCFACEOUTERBOUND(#257,.T.);
#259=IFCFACE((#258));
#260=IFCCARTESIANPOINT((137.12108819129401,-197.573261647207,-99.9999999998508));
#261=IFCCARTESIANPOINT((137.12108819124401,-197.57326164709499,100.000000000407));
#262=IFCPOLYLOOP((#251,#250,#260,#261));
#263=IFCFACEOUTERBOUND(#262,.T.);
#264=IFCFACE((#263));
#265=IFCCARTESIANPOINT((143.41479473432301,-206.96251533752201,-99.999999999839901));
#266=IFCCARTESIANPOINT((143.41479473426901,-206.96251533740499,100.000000000418));
#267=IFCPOLYLOOP((#260,#265,#266,#261));
#268=IFCFACEOUTERBOUND(#267,.T.);
#269=IFCFACE((#268));
#270=IFCCARTESIANPOINT((146.21985640252899,-205.89873479741601,100.000000000415));
#271=IFCCARTESIANPOINT((146.21985640258299,-205.898734797532,-99.999999999843595));
#272=IFCPOLYLOOP((#255,#270,#271,#256));
#273=IFCFACEOUTERBOUND(#272,.T.);
#274=IFCFACE((#273));
#275=IFCCARTESIANPOINT((144.92984209400299,-218.16400891689599,-99.999999999821696));
#276=IFCCARTESIANPOINT((144.92984209394899,-218.164008916775,100.000000000437));
#277=IFCPOLYLOOP((#265,#275,#276,#266));
#278=IFCFACEOUTERBOUND(#277,.T.);
#279=IFCFACE((#278));
#280=IFCCARTESIANPOINT((147.91670944536301,-218.44440760625301,100.00000000044));
#281=IFCCARTESIANPOINT((147.91670944541701,-218.444407606374,-99.999999999821696));
#282=IFCPOLYLOOP((#270,#280,#281,#271));
#283=IFCFACEOUTERBOUND(#282,.T.);
#284=IFCFACE((#283));
#285=IFCCARTESIANPOINT((141.35650895218799,-228.88781967465499,-99.999999999799897));
#286=IFCCARTESIANPOINT((141.35650895213399,-228.88781967453099,100.000000000458));
#287=IFCPOLYLOOP((#275,#285,#286,#276));
#288=IFCFACEOUTERBOUND(#287,.T.);
#289=IFCFACE((#288));
#290=IFCCARTESIANPOINT((143.914576326548,-230.455075654887,100.000000000455));
#291=IFCCARTESIANPOINT((143.91457632659399,-230.45507565500901,-99.999999999803507));
#292=IFCPOLYLOOP((#280,#290,#291,#281));
#293=IFCFACEOUTERBOUND(#292,.T.);
#294=IFCFACE((#293));
#295=IFCCARTESIANPOINT((121.42616878870901,-267.16054198974001,100.000000000531));
#296=IFCCARTESIANPOINT((121.426168788746,-267.16054198985699,-99.999999999727194));
#297=IFCPOLYLOOP((#291,#290,#295,#296));
#298=IFCFACEOUTERBOUND(#297,.T.);
#299=IFCFACE((#298));
#300=IFCCARTESIANPOINT((118.868101414335,-265.593286009498,-99.999999999730804));
#301=IFCCARTESIANPOINT((118.868101414295,-265.59328600938301,100.000000000528));
#302=IFCPOLYLOOP((#286,#285,#300,#301));
#303=IFCFACEOUTERBOUND(#302,.T.);
#304=IFCFACE((#303));
#305=IFCCARTESIANPOINT((115.637733456806,-273.00846486916203,100.000000000546));
#306=IFCCARTESIANPOINT((115.637733456747,-273.00846486938002,-99.9999999997126));
#307=IFCPOLYLOOP((#296,#295,#305,#306));
#308=IFCFACEOUTERBOUND(#307,.T.);
#309=IFCFACE((#308));
#310=IFCCARTESIANPOINT((114.044405304268,-270.46655507583398,-99.999999999716195));
#311=IFCCARTESIANPOINT((114.04440530433,-270.46655507561599,100.000000000542));
#312=IFCPOLYLOOP((#301,#300,#310,#311));
#313=IFCFACEOUTERBOUND(#312,.T.);
#314=IFCFACE((#313));
#315=IFCCARTESIANPOINT((84.528871693520202,-292.50822263585297,100.000000000615));
#316=IFCCARTESIANPOINT((84.528871693461994,-292.50822263607103,-99.999999999643506));
#317=IFCPOLYLOOP((#306,#305,#315,#316));
#318=IFCFACEOUTERBOUND(#317,.T.);
#319=IFCFACE((#318));
#320=IFCCARTESIANPOINT((82.935543541044396,-289.96631284230699,100.000000000611));
#321=IFCPOLYLOOP((#305,#295,#290,#280,#270,#255,#245,#240,#225,#215,#210,#195,#185,#180,#170,#160,#145,#135,#125,#110,#109,#115,#118,#131,#141,#151,#156,#166,#176,#191,#201,#206,#221,#231,#236,#251,#261,#266,#276,#286,#301,#311,#320,#315));
#322=IFCFACEOUTERBOUND(#321,.T.);
#323=IFCFACE((#322));
#324=IFCCARTESIANPOINT((82.935543540983403,-289.96631284252499,-99.999999999650797));
#325=IFCPOLYLOOP((#311,#310,#324,#320));
#326=IFCFACEOUTERBOUND(#325,.T.);
#327=IFCFACE((#326));
#328=IFCPOLYLOOP((#310,#300,#285,#275,#265,#260,#250,#235,#230,#220,#205,#200,#190,#175,#165,#155,#150,#140,#130,#117,#116,#108,#111,#126,#136,#146,#161,#171,#181,#186,#196,#211,#216,#226,#241,#246,#256,#271,#281,#291,#296,#306,#316,#324));
#329=IFCFACEOUTERBOUND(#328,.T.);
#330=IFCFACE((#329));
#331=IFCPOLYLOOP((#320,#324,#316,#315));
#332=IFCFACEOUTERBOUND(#331,.T.);
#333=IFCFACE((#332));
#334=IFCCLOSEDSHELL((#114,#121,#124,#129,#134,#139,#144,#149,#154,#159,#164,#169,#174,#179,#184,#189,#194,#199,#204,#209,#214,#219,#224,#229,#234,#239,#244,#249,#254,#259,#264,#269,#274,#279,#284,#289,#294,#299,#304,#309,#314,#319,#323,#327,#330,#333));
#335=IFCFACETEDBREP(#334);
#336=IFCSTYLEDITEM(#335,(#48),$);
#337=IFCSHAPEREPRESENTATION(#12,'Body','Brep',(#335));
#338=IFCPRODUCTDEFINITIONSHAPE($,$,(#337));
#339=IFCCARTESIANPOINT((6086.6239177305397,31099.996723142802,1272.8442829602));
#340=IFCDIRECTION((3.0679530027555301E-10,0.99999999996959499,7.7980882051633802E-06));
#341=IFCDIRECTION((0.96106799577486901,-2.1550000037946599E-06,0.27631197493527498));
#342=IFCAXIS2PLACEMENT3D(#339,#340,#341);
#343=IFCLOCALPLACEMENT(#42,#342);
#344=IFCBEAM('3ilCEfMz57GgtMuV6U_fPR',#44,'Rekkverk','PL3X200',$,#343,#338,'IDecbcc3a9-5bd1-4742-add6-e1f19efa965b');
#345=IFCBEAMTYPE('3dAUyArvD5LfxemPwc6YxO',#5,'PL3X200',$,$,$,$,$,$,.NOTDEFINED.);
#346=IFCSHAPEREPRESENTATION(#12,'Body','Brep',(#96));
#347=IFCPRODUCTDEFINITIONSHAPE($,$,(#346));
#348=IFCCARTESIANPOINT((6908.7508536790001,31000.000859348798,1769.36518920713));
#349=IFCAXIS2PLACEMENT3D(#348,#101,#102);
#350=IFCLOCALPLACEMENT(#42,#349);
#351=IFCBEAM('2Z_b5SVyXDGeh8mIUxtf8E',#44,'Rekkverk','U60X40X3',$,#350,#347,'IDa3fa515c-7fc8-4d42-8ac8-c127bbde920e');
#352=IFCSHAPEREPRESENTATION(#12,'Body','Brep',(#335));
#353=IFCPRODUCTDEFINITIONSHAPE($,$,(#352));
#354=IFCCARTESIANPOINT((7036.6239177305397,31099.996723142802,1272.8442829602));
#355=IFCAXIS2PLACEMENT3D(#354,#340,#341);
#356=IFCLOCALPLACEMENT(#42,#355);
#357=IFCBEAM('1E_M$IzVvCPR30OnuR6njI',#44,'Rekkverk','PL3X200',$,#356,#353,'ID4ef96fd2-f5fe-4c65-b0c0-631e1b1b1b52');
#358=IFCSHAPEREPRESENTATION(#12,'Body','Brep',(#96));
#359=IFCPRODUCTDEFINITIONSHAPE($,$,(#358));
#360=IFCCARTESIANPOINT((5958.7508536790001,31102.4908593488,1769.36518920713));
#361=IFCAXIS2PLACEMENT3D(#360,#101,#102);
#362=IFCLOCALPLACEMENT(#42,#361);
#363=IFCBEAM('26vJuPcczAJPgMbgzi1XxA',#44,'Rekkverk','U60X40X3',$,#362,#359,'ID86e53e19-9a6f-4a4d-9a96-96af6c061eca');
#364=IFCCARTESIANPOINT((1.0459189070388701E-11,-50.000000000098197,48.));
#365=IFCCARTESIANPOINT((1.0459189070388701E-11,-50.000000000098197,40.));
#366=IFCCARTESIANPOINT((975.07239624002602,-50.000000001666201,40.));
#367=IFCCARTESIANPOINT((975.07239624002602,-50.000000001666201,48.));
#368=IFCPOLYLOOP((#364,#365,#366,#367));
#369=IFCFACEOUTERBOUND(#368,.T.);
#370=IFCFACE((#369));
#371=IFCCARTESIANPOINT((-1.06865627458319E-11,50.0000000000909,48.));
#372=IFCCARTESIANPOINT((975.07239624000499,49.9999999985193,48.));
#373=IFCPOLYLOOP((#371,#364,#367,#372));
#374=IFCFACEOUTERBOUND(#373,.T.);
#375=IFCFACE((#374));
#376=IFCCARTESIANPOINT((-1.06865627458319E-11,50.0000000000909,40.));
#377=IFCCARTESIANPOINT((975.07239624000499,49.9999999985193,40.));
#378=IFCPOLYLOOP((#376,#371,#372,#377));
#379=IFCFACEOUTERBOUND(#378,.T.);
#380=IFCFACE((#379));
#381=IFCCARTESIANPOINT((-4.5474735088646402E-13,2.5,40.));
#382=IFCCARTESIANPOINT((975.072396240015,2.49999999842839,40.));
#383=IFCPOLYLOOP((#381,#376,#377,#382));
#384=IFCFACEOUTERBOUND(#383,.T.);
#385=IFCFACE((#384));
#386=IFCCARTESIANPOINT((-4.5474735088646402E-13,2.5,-40.));
#387=IFCCARTESIANPOINT((975.072396240015,2.49999999842839,-40.));
#388=IFCPOLYLOOP((#386,#381,#382,#387));
#389=IFCFACEOUTERBOUND(#388,.T.);
#390=IFCFACE((#389));
#391=IFCCARTESIANPOINT((-1.06865627458319E-11,50.0000000000909,-40.));
#392=IFCCARTESIANPOINT((975.07239624000499,49.9999999985193,-40.));
#393=IFCPOLYLOOP((#391,#386,#387,#392));
#394=IFCFACEOUTERBOUND(#393,.T.);
#395=IFCFACE((#394));
#396=IFCCARTESIANPOINT((-1.06865627458319E-11,50.0000000000909,-48.));
#397=IFCCARTESIANPOINT((975.07239624000499,49.9999999985193,-48.));
#398=IFCPOLYLOOP((#396,#391,#392,#397));
#399=IFCFACEOUTERBOUND(#398,.T.);
#400=IFCFACE((#399));
#401=IFCCARTESIANPOINT((1.0459189070388701E-11,-50.000000000098197,-40.));
#402=IFCCARTESIANPOINT((4.5474735088646402E-13,-2.5000000000109099,-40.));
#403=IFCCARTESIANPOINT((4.5474735088646402E-13,-2.5000000000109099,40.));
#404=IFCCARTESIANPOINT((1.0459189070388701E-11,-50.000000000098197,-48.));
#405=IFCPOLYLOOP((#401,#402,#403,#365,#364,#371,#376,#381,#386,#391,#396,#404));
#406=IFCFACEOUTERBOUND(#405,.T.);
#407=IFCFACE((#406));
#408=IFCCARTESIANPOINT((975.07239624002602,-50.000000001666201,-48.));
#409=IFCCARTESIANPOINT((975.07239624002602,-50.000000001666201,-40.));
#410=IFCPOLYLOOP((#401,#404,#408,#409));
#411=IFCFACEOUTERBOUND(#410,.T.);
#412=IFCFACE((#411));
#413=IFCCARTESIANPOINT((975.07239624001602,-2.5000000015825199,-40.));
#414=IFCPOLYLOOP((#402,#401,#409,#413));
#415=IFCFACEOUTERBOUND(#414,.T.);
#416=IFCFACE((#415));
#417=IFCCARTESIANPOINT((975.07239624001602,-2.5000000015825199,40.));
#418=IFCPOLYLOOP((#403,#402,#413,#417));
#419=IFCFACEOUTERBOUND(#418,.T.);
#420=IFCFACE((#419));
#421=IFCPOLYLOOP((#365,#403,#417,#366));
#422=IFCFACEOUTERBOUND(#421,.T.);
#423=IFCFACE((#422));
#424=IFCCARTESIANPOINT((975.07086446466997,97.028870762445905,83.016512174040102));
#425=IFCCARTESIANPOINT((1000.07086446392,97.029064512400495,83.016512174040102));
#426=IFCCARTESIANPOINT((1000.07084726844,99.247835840724306,76.675628019202094));
#427=IFCCARTESIANPOINT((975.07084726918902,99.247642090769702,76.675628019202094));
#428=IFCPOLYLOOP((#424,#425,#426,#427));
#429=IFCFACEOUTERBOUND(#428,.T.);
#430=IFCFACE((#429));
#431=IFCCARTESIANPOINT((975.07089216411498,93.4547491995108,88.704694056275002));
#432=IFCCARTESIANPOINT((1000.07089216337,93.454942949465504,88.704694056275002));
#433=IFCPOLYLOOP((#431,#432,#425,#424));
#434=IFCFACEOUTERBOUND(#433,.T.);
#435=IFCFACE((#434));
#436=IFCCARTESIANPOINT((975.07092897856103,88.704498781364194,93.4549444745535));
#437=IFCCARTESIANPOINT((1000.07092897781,88.704692531318898,93.4549444745535));
#438=IFCPOLYLOOP((#436,#437,#432,#431));
#439=IFCFACEOUTERBOUND(#438,.T.);
#440=IFCFACE((#439));
#441=IFCCARTESIANPOINT((975.07097306197602,83.016316899280397,97.029066037585807));
#442=IFCCARTESIANPOINT((1000.07097306123,83.016510649235002,97.029066037585807));
#443=IFCPOLYLOOP((#441,#442,#437,#436));
#444=IFCFACEOUTERBOUND(#443,.T.);
#445=IFCFACE((#444));
#446=IFCCARTESIANPOINT((975.07102220383501,76.675432744617893,99.247837365967797));
#447=IFCCARTESIANPOINT((1000.07102220309,76.675626494572498,99.247837365967797));
#448=IFCPOLYLOOP((#446,#447,#442,#441));
#449=IFCFACEOUTERBOUND(#448,.T.);
#450=IFCFACE((#449));
#451=IFCCARTESIANPOINT((975.07107393995898,69.999804726110597,100.000000000513));
#452=IFCCARTESIANPOINT((1000.07107393921,69.999998476065201,100.000000000513));
#453=IFCPOLYLOOP((#451,#452,#447,#446));
#454=IFCFACEOUTERBOUND(#453,.T.);
#455=IFCFACE((#454));
#456=IFCCARTESIANPOINT((975.07215894010096,-70.000195270073206,100.000000000513));
#457=IFCCARTESIANPOINT((1000.0721589393499,-70.000001520118502,100.000000000513));
#458=IFCPOLYLOOP((#456,#457,#452,#451));
#459=IFCFACEOUTERBOUND(#458,.T.);
#460=IFCFACE((#459));
#461=IFCCARTESIANPOINT((975.07221067622402,-76.675823288580403,99.247837365967797));
#462=IFCCARTESIANPOINT((1000.0722106754801,-76.675629538625799,99.247837365967797));
#463=IFCPOLYLOOP((#461,#462,#457,#456));
#464=IFCFACEOUTERBOUND(#463,.T.);
#465=IFCFACE((#464));
#466=IFCCARTESIANPOINT((975.07225981808301,-83.016707443246602,97.029066037585807));
#467=IFCCARTESIANPOINT((1000.07225981733,-83.016513693291898,97.029066037585807));
#468=IFCPOLYLOOP((#466,#467,#462,#461));
#469=IFCFACEOUTERBOUND(#468,.T.);
#470=IFCFACE((#469));
#471=IFCCARTESIANPOINT((975.072303901498,-88.704889325326803,93.4549444745535));
#472=IFCCARTESIANPOINT((1000.0723039007499,-88.704695575372199,93.4549444745535));
#473=IFCPOLYLOOP((#471,#472,#467,#466));
#474=IFCFACEOUTERBOUND(#473,.T.);
#475=IFCFACE((#474));
#476=IFCCARTESIANPOINT((975.07234071594405,-93.455139743477005,88.704694056275002));
#477=IFCCARTESIANPOINT((1000.07234071519,-93.454945993522401,88.704694056275002));
#478=IFCPOLYLOOP((#476,#477,#472,#471));
#479=IFCFACEOUTERBOUND(#478,.T.);
#480=IFCFACE((#479));
#481=IFCCARTESIANPOINT((975.07236841538997,-97.029261306412096,83.016512174040102));
#482=IFCCARTESIANPOINT((1000.07236841464,-97.029067556453796,83.016512174040102));
#483=IFCPOLYLOOP((#481,#482,#477,#476));
#484=IFCFACEOUTERBOUND(#483,.T.);
#485=IFCFACE((#484));
#486=IFCCARTESIANPOINT((975.07238561087001,-99.248032634732198,76.675628019202094));
#487=IFCCARTESIANPOINT((1000.07238561012,-99.247838884777593,76.675628019202094));
#488=IFCPOLYLOOP((#486,#487,#482,#481));
#489=IFCFACEOUTERBOUND(#488,.T.);
#490=IFCFACE((#489));
#491=IFCCARTESIANPOINT((975.07239144013101,-100.000195269258,70.000000000512998));
#492=IFCCARTESIANPOINT((1000.07239143938,-100.00000151930401,70.000000000512998));
#493=IFCPOLYLOOP((#491,#492,#487,#486));
#494=IFCFACEOUTERBOUND(#493,.T.);
#495=IFCFACE((#494));
#496=IFCCARTESIANPOINT((975.07239144013101,-100.000195269258,-69.999999999487002));
#497=IFCCARTESIANPOINT((1000.07239143938,-100.00000151930401,-69.999999999487002));
#498=IFCPOLYLOOP((#496,#497,#492,#491));
#499=IFCFACEOUTERBOUND(#498,.T.);
#500=IFCFACE((#499));
#501=IFCCARTESIANPOINT((975.07238561087001,-99.248032634732198,-76.675628018176198));
#502=IFCCARTESIANPOINT((1000.07238561012,-99.247838884777593,-76.675628018176198));
#503=IFCPOLYLOOP((#501,#502,#497,#496));
#504=IFCFACEOUTERBOUND(#503,.T.);
#505=IFCFACE((#504));
#506=IFCCARTESIANPOINT((975.07236841538997,-97.029261306412096,-83.016512173014206));
#507=IFCCARTESIANPOINT((1000.07236841464,-97.029067556453796,-83.016512173014206));
#508=IFCPOLYLOOP((#506,#507,#502,#501));
#509=IFCFACEOUTERBOUND(#508,.T.);
#510=IFCFACE((#509));
#511=IFCCARTESIANPOINT((975.07234071594405,-93.455139743477005,-88.704694055249107));
#512=IFCCARTESIANPOINT((1000.07234071519,-93.454945993522401,-88.704694055249107));
#513=IFCPOLYLOOP((#511,#512,#507,#506));
#514=IFCFACEOUTERBOUND(#513,.T.);
#515=IFCFACE((#514));
#516=IFCCARTESIANPOINT((975.072303901498,-88.704889325326803,-93.454944473527604));
#517=IFCCARTESIANPOINT((1000.0723039007499,-88.704695575372199,-93.454944473527604));
#518=IFCPOLYLOOP((#516,#517,#512,#511));
#519=IFCFACEOUTERBOUND(#518,.T.);
#520=IFCFACE((#519));
#521=IFCCARTESIANPOINT((975.07225981808301,-83.016707443246602,-97.029066036559897));
#522=IFCCARTESIANPOINT((1000.07225981733,-83.016513693291898,-97.029066036559897));
#523=IFCPOLYLOOP((#521,#522,#517,#516));
#524=IFCFACEOUTERBOUND(#523,.T.);
#525=IFCFACE((#524));
#526=IFCCARTESIANPOINT((975.07221067622402,-76.675823288580403,-99.247837364941901));
#527=IFCCARTESIANPOINT((1000.0722106754801,-76.675629538625799,-99.247837364941901));
#528=IFCPOLYLOOP((#526,#527,#522,#521));
#529=IFCFACEOUTERBOUND(#528,.T.);
#530=IFCFACE((#529));
#531=IFCCARTESIANPOINT((975.07215894010096,-70.000195270073206,-99.999999999487002));
#532=IFCCARTESIANPOINT((1000.0721589393499,-70.000001520118502,-99.999999999487002));
#533=IFCPOLYLOOP((#531,#532,#527,#526));
#534=IFCFACEOUTERBOUND(#533,.T.);
#535=IFCFACE((#534));
#536=IFCCARTESIANPOINT((975.07107393995898,69.999804726110597,-99.999999999487002));
#537=IFCCARTESIANPOINT((1000.07107393921,69.999998476065201,-99.999999999487002));
#538=IFCPOLYLOOP((#536,#537,#532,#531));
#539=IFCFACEOUTERBOUND(#538,.T.);
#540=IFCFACE((#539));
#541=IFCCARTESIANPOINT((975.07102220383501,76.675432744617893,-99.247837364941901));
#542=IFCCARTESIANPOINT((1000.07102220309,76.675626494572498,-99.247837364941901));
#543=IFCPOLYLOOP((#541,#542,#537,#536));
#544=IFCFACEOUTERBOUND(#543,.T.);
#545=IFCFACE((#544));
#546=IFCCARTESIANPOINT((975.07097306197602,83.016316899280397,-97.029066036559897));
#547=IFCCARTESIANPOINT((1000.07097306123,83.016510649235002,-97.029066036559897));
#548=IFCPOLYLOOP((#546,#547,#542,#541));
#549=IFCFACEOUTERBOUND(#548,.T.);
#550=IFCFACE((#549));
#551=IFCCARTESIANPOINT((975.07092897856103,88.704498781364194,-93.454944473527604));
#552=IFCCARTESIANPOINT((1000.07092897781,88.704692531318898,-93.454944473527604));
#553=IFCPOLYLOOP((#551,#552,#547,#546));
#554=IFCFACEOUTERBOUND(#553,.T.);
#555=IFCFACE((#554));
#556=IFCCARTESIANPOINT((975.07089216411498,93.4547491995108,-88.704694055249107));
#557=IFCCARTESIANPOINT((1000.07089216337,93.454942949465504,-88.704694055249107));
#558=IFCPOLYLOOP((#556,#557,#552,#551));
#559=IFCFACEOUTERBOUND(#558,.T.);
#560=IFCFACE((#559));
#561=IFCCARTESIANPOINT((975.07086446466997,97.028870762445905,-83.016512173014206));
#562=IFCCARTESIANPOINT((1000.07086446392,97.029064512400495,-83.016512173014206));
#563=IFCPOLYLOOP((#561,#562,#557,#556));
#564=IFCFACEOUTERBOUND(#563,.T.);
#565=IFCFACE((#564));
#566=IFCCARTESIANPOINT((975.07084726918902,99.247642090769702,-76.675628018176198));
#567=IFCCARTESIANPOINT((1000.07084726844,99.247835840724306,-76.675628018176198));
#568=IFCPOLYLOOP((#566,#567,#562,#561));
#569=IFCFACEOUTERBOUND(#568,.T.);
#570=IFCFACE((#569));
#571=IFCCARTESIANPOINT((975.07084143992802,99.999804725292094,-69.999999999487002));
#572=IFCCARTESIANPOINT((1000.07084143918,99.999998475246699,-69.999999999487002));
#573=IFCPOLYLOOP((#571,#572,#567,#566));
#574=IFCFACEOUTERBOUND(#573,.T.);
#575=IFCFACE((#574));
#576=IFCCARTESIANPOINT((975.07084143992802,99.999804725292094,70.000000000512998));
#577=IFCCARTESIANPOINT((1000.07084143918,99.999998475246699,70.000000000512998));
#578=IFCPOLYLOOP((#576,#577,#572,#571));
#579=IFCFACEOUTERBOUND(#578,.T.);
#580=IFCFACE((#579));
#581=IFCPOLYLOOP((#427,#426,#577,#576));
#582=IFCFACEOUTERBOUND(#581,.T.);
#583=IFCFACE((#582));
#584=IFCCARTESIANPOINT((1000.0721589157801,-69.996960463049604,-57.014912592618202));
#585=IFCCARTESIANPOINT((1000.0722092907901,-76.496960462874995,-58.756582343420597));
#586=IFCCARTESIANPOINT((975.07220929153902,-76.497154212829599,-58.756582343420597));
#587=IFCCARTESIANPOINT((975.07215891653198,-69.997154213004293,-57.014912592618202));
#588=IFCPOLYLOOP((#584,#585,#586,#587));
#589=IFCFACEOUTERBOUND(#588,.T.);
#590=IFCFACE((#589));
#591=IFCCARTESIANPOINT((1000.0721085407801,-63.4969604632279,-58.756582343420597));
#592=IFCCARTESIANPOINT((975.07210854152595,-63.497154213182498,-58.756582343420597));
#593=IFCPOLYLOOP((#591,#584,#587,#592));
#594=IFCFACEOUTERBOUND(#593,.T.);
#595=IFCFACE((#594));
#596=IFCCARTESIANPOINT((1000.0720716637099,-58.738630214160402,-63.514912592618202));
#597=IFCCARTESIANPOINT((975.07207166446096,-58.738823964114999,-63.514912592618202));
#598=IFCPOLYLOOP((#596,#591,#592,#597));
#599=IFCFACEOUTERBOUND(#598,.T.);
#600=IFCFACE((#599));
#601=IFCCARTESIANPOINT((1000.07205816577,-56.996960463406097,-70.014912592618202));
#602=IFCCARTESIANPOINT((975.07205816651901,-56.997154213360801,-70.014912592618202));
#603=IFCPOLYLOOP((#601,#596,#597,#602));
#604=IFCFACEOUTERBOUND(#603,.T.);
#605=IFCFACE((#604));
#606=IFCCARTESIANPOINT((1000.0720716637099,-58.738630214160402,-76.514912592618202));
#607=IFCCARTESIANPOINT((975.07207166446096,-58.738823964114999,-76.514912592618202));
#608=IFCPOLYLOOP((#606,#601,#602,#607));
#609=IFCFACEOUTERBOUND(#608,.T.);
#610=IFCFACE((#609));
#611=IFCCARTESIANPOINT((1000.0721085407801,-63.4969604632279,-81.273242841815801));
#612=IFCCARTESIANPOINT((975.07210854152595,-63.497154213182498,-81.273242841815801));
#613=IFCPOLYLOOP((#611,#606,#607,#612));
#614=IFCFACEOUTERBOUND(#613,.T.);
#615=IFCFACE((#614));
#616=IFCCARTESIANPOINT((1000.0721589157801,-69.996960463049604,-83.014912592618202));
#617=IFCCARTESIANPOINT((975.07215891653198,-69.997154213004293,-83.014912592618202));
#618=IFCPOLYLOOP((#616,#611,#612,#617));
#619=IFCFACEOUTERBOUND(#618,.T.);
#620=IFCFACE((#619));
#621=IFCCARTESIANPOINT((1000.0722092907901,-76.496960462874995,-81.273242841815801));
#622=IFCCARTESIANPOINT((975.07220929153902,-76.497154212829599,-81.273242841815801));
#623=IFCPOLYLOOP((#621,#616,#617,#622));
#624=IFCFACEOUTERBOUND(#623,.T.);
#625=IFCFACE((#624));
#626=IFCCARTESIANPOINT((1000.07224616785,-81.255290711938898,-76.514912592618202));
#627=IFCCARTESIANPOINT((975.07224616860299,-81.255484461897098,-76.514912592618202));
#628=IFCPOLYLOOP((#626,#621,#622,#627));
#629=IFCFACEOUTERBOUND(#628,.T.);
#630=IFCFACE((#629));
#631=IFCCARTESIANPOINT((1000.0722596657999,-82.996960462696705,-70.014912592618202));
#632=IFCCARTESIANPOINT((975.07225966654596,-82.997154212651395,-70.014912592618202));
#633=IFCPOLYLOOP((#631,#626,#627,#632));
#634=IFCFACEOUTERBOUND(#633,.T.);
#635=IFCFACE((#634));
#636=IFCCARTESIANPOINT((1000.07224616785,-81.255290711938898,-63.514912592618202));
#637=IFCCARTESIANPOINT((975.07224616860299,-81.255484461897098,-63.514912592618202));
#638=IFCPOLYLOOP((#636,#631,#632,#637));
#639=IFCFACEOUTERBOUND(#638,.T.);
#640=IFCFACE((#639));
#641=IFCPOLYLOOP((#585,#636,#637,#586));
#642=IFCFACEOUTERBOUND(#641,.T.);
#643=IFCFACE((#642));
#644=IFCCARTESIANPOINT((1000.07107391564,70.003039536481097,-57.014912592560002));
#645=IFCCARTESIANPOINT((1000.07112429065,63.503039536659301,-58.756582343362403));
#646=IFCCARTESIANPOINT((975.07112429139704,63.502845786704697,-58.756582343362403));
#647=IFCCARTESIANPOINT((975.07107391639101,70.002845786526393,-57.014912592560002));
#648=IFCPOLYLOOP((#644,#645,#646,#647));
#649=IFCFACEOUTERBOUND(#648,.T.);
#650=IFCFACE((#649));
#651=IFCCARTESIANPOINT((1000.07102354063,76.503039536302794,-58.756582343362403));
#652=IFCCARTESIANPOINT((975.07102354138397,76.502845786348203,-58.756582343362403));
#653=IFCPOLYLOOP((#651,#644,#647,#652));
#654=IFCFACEOUTERBOUND(#653,.T.);
#655=IFCFACE((#654));
#656=IFCCARTESIANPOINT((1000.07098666357,81.261369785370306,-63.514912592560002));
#657=IFCCARTESIANPOINT((975.07098666432,81.261176035415701,-63.514912592560002));
#658=IFCPOLYLOOP((#656,#651,#652,#657));
#659=IFCFACEOUTERBOUND(#658,.T.);
#660=IFCFACE((#659));
#661=IFCCARTESIANPOINT((1000.07097316563,83.003039536128199,-70.014912592559995));
#662=IFCCARTESIANPOINT((975.07097316637703,83.002845786173594,-70.014912592559995));
#663=IFCPOLYLOOP((#661,#656,#657,#662));
#664=IFCFACEOUTERBOUND(#663,.T.);
#665=IFCFACE((#664));
#666=IFCCARTESIANPOINT((1000.07098666357,81.261369785370306,-76.514912592559995));
#667=IFCCARTESIANPOINT((975.07098666432,81.261176035415701,-76.514912592559995));
#668=IFCPOLYLOOP((#666,#661,#662,#667));
#669=IFCFACEOUTERBOUND(#668,.T.);
#670=IFCFACE((#669));
#671=IFCCARTESIANPOINT((1000.07102354063,76.503039536302794,-81.273242841757593));
#672=IFCCARTESIANPOINT((975.07102354138397,76.502845786348203,-81.273242841757593));
#673=IFCPOLYLOOP((#671,#666,#667,#672));
#674=IFCFACEOUTERBOUND(#673,.T.);
#675=IFCFACE((#674));
#676=IFCCARTESIANPOINT((1000.07107391564,70.003039536481097,-83.014912592559995));
#677=IFCCARTESIANPOINT((975.07107391639101,70.002845786526393,-83.014912592559995));
#678=IFCPOLYLOOP((#676,#671,#672,#677));
#679=IFCFACEOUTERBOUND(#678,.T.);
#680=IFCFACE((#679));
#681=IFCCARTESIANPOINT((1000.07112429065,63.503039536659301,-81.273242841757593));
#682=IFCCARTESIANPOINT((975.07112429139704,63.502845786704697,-81.273242841757593));
#683=IFCPOLYLOOP((#681,#676,#677,#682));
#684=IFCFACEOUTERBOUND(#683,.T.);
#685=IFCFACE((#684));
#686=IFCCARTESIANPOINT((1000.07116116771,58.744709287591803,-76.514912592559995));
#687=IFCCARTESIANPOINT((975.071161168461,58.744515537633603,-76.514912592559995));
#688=IFCPOLYLOOP((#686,#681,#682,#687));
#689=IFCFACEOUTERBOUND(#688,.T.);
#690=IFCFACE((#689));
#691=IFCCARTESIANPOINT((1000.07117466565,57.003039536834002,-70.014912592559995));
#692=IFCCARTESIANPOINT((975.07117466640398,57.002845786879298,-70.014912592559995));
#693=IFCPOLYLOOP((#691,#686,#687,#692));
#694=IFCFACEOUTERBOUND(#693,.T.);
#695=IFCFACE((#694));
#696=IFCCARTESIANPOINT((1000.07116116771,58.744709287591803,-63.514912592560002));
#697=IFCCARTESIANPOINT((975.071161168461,58.744515537633603,-63.514912592560002));
#698=IFCPOLYLOOP((#696,#691,#692,#697));
#699=IFCFACEOUTERBOUND(#698,.T.);
#700=IFCFACE((#699));
#701=IFCPOLYLOOP((#645,#696,#697,#646));
#702=IFCFACEOUTERBOUND(#701,.T.);
#703=IFCFACE((#702));
#704=IFCCARTESIANPOINT((1000.0721589157801,-69.9969604630205,82.985087410772394));
#705=IFCCARTESIANPOINT((1000.0722092907901,-76.496960462845905,81.243417659970007));
#706=IFCCARTESIANPOINT((975.07220929153902,-76.497154212800496,81.243417659970007));
#707=IFCCARTESIANPOINT((975.07215891653198,-69.997154212975104,82.985087410772394));
#708=IFCPOLYLOOP((#704,#705,#706,#707));
#709=IFCFACEOUTERBOUND(#708,.T.);
#710=IFCFACE((#709));
#711=IFCCARTESIANPOINT((1000.0721085407801,-63.496960463198803,81.243417659970007));
#712=IFCCARTESIANPOINT((975.07210854152595,-63.497154213153401,81.243417659970007));
#713=IFCPOLYLOOP((#711,#704,#707,#712));
#714=IFCFACEOUTERBOUND(#713,.T.);
#715=IFCFACE((#714));
#716=IFCCARTESIANPOINT((1000.0720716637099,-58.738630214131298,76.485087410772394));
#717=IFCCARTESIANPOINT((975.07207166446096,-58.738823964085903,76.485087410772394));
#718=IFCPOLYLOOP((#716,#711,#712,#717));
#719=IFCFACEOUTERBOUND(#718,.T.);
#720=IFCFACE((#719));
#721=IFCCARTESIANPOINT((1000.07205816577,-56.996960463377,69.985087410772394));
#722=IFCCARTESIANPOINT((975.07205816651901,-56.997154213331697,69.985087410772394));
#723=IFCPOLYLOOP((#721,#716,#717,#722));
#724=IFCFACEOUTERBOUND(#723,.T.);
#725=IFCFACE((#724));
#726=IFCCARTESIANPOINT((1000.0720716637099,-58.738630214131298,63.485087410772401));
#727=IFCCARTESIANPOINT((975.07207166446096,-58.738823964085903,63.485087410772401));
#728=IFCPOLYLOOP((#726,#721,#722,#727));
#729=IFCFACEOUTERBOUND(#728,.T.);
#730=IFCFACE((#729));
#731=IFCCARTESIANPOINT((1000.0721085407801,-63.496960463198803,58.726757161574803));
#732=IFCCARTESIANPOINT((975.07210854152595,-63.497154213153401,58.726757161574803));
#733=IFCPOLYLOOP((#731,#726,#727,#732));
#734=IFCFACEOUTERBOUND(#733,.T.);
#735=IFCFACE((#734));
#736=IFCCARTESIANPOINT((1000.0721589157801,-69.9969604630205,56.985087410772401));
#737=IFCCARTESIANPOINT((975.07215891653198,-69.997154212975104,56.985087410772401));
#738=IFCPOLYLOOP((#736,#731,#732,#737));
#739=IFCFACEOUTERBOUND(#738,.T.);
#740=IFCFACE((#739));
#741=IFCCARTESIANPOINT((1000.0722092907901,-76.496960462845905,58.726757161574803));
#742=IFCCARTESIANPOINT((975.07220929153902,-76.497154212800496,58.726757161574803));
#743=IFCPOLYLOOP((#741,#736,#737,#742));
#744=IFCFACEOUTERBOUND(#743,.T.);
#745=IFCFACE((#744));
#746=IFCCARTESIANPOINT((1000.07224616785,-81.255290711909794,63.485087410772401));
#747=IFCCARTESIANPOINT((975.07224616860299,-81.255484461867994,63.485087410772401));
#748=IFCPOLYLOOP((#746,#741,#742,#747));
#749=IFCFACEOUTERBOUND(#748,.T.);
#750=IFCFACE((#749));
#751=IFCCARTESIANPOINT((1000.0722596657999,-82.996960462667602,69.985087410772394));
#752=IFCCARTESIANPOINT((975.07225966654596,-82.997154212622306,69.985087410772394));
#753=IFCPOLYLOOP((#751,#746,#747,#752));
#754=IFCFACEOUTERBOUND(#753,.T.);
#755=IFCFACE((#754));
#756=IFCCARTESIANPOINT((1000.07224616785,-81.255290711909794,76.485087410772394));
#757=IFCCARTESIANPOINT((975.07224616860299,-81.255484461867994,76.485087410772394));
#758=IFCPOLYLOOP((#756,#751,#752,#757));
#759=IFCFACEOUTERBOUND(#758,.T.);
#760=IFCFACE((#759));
#761=IFCPOLYLOOP((#705,#756,#757,#706));
#762=IFCFACEOUTERBOUND(#761,.T.);
#763=IFCFACE((#762));
#764=IFCPOLYLOOP((#425,#432,#437,#442,#447,#452,#457,#462,#467,#472,#477,#482,#487,#492,#497,#502,#507,#512,#517,#522,#527,#532,#537,#542,#547,#552,#557,#562,#567,#572,#577,#426));
#765=IFCFACEOUTERBOUND(#764,.T.);
#766=IFCCARTESIANPOINT((1000.07107391564,70.003039536481097,82.985087410757799));
#767=IFCCARTESIANPOINT((1000.07102354063,76.503039536302794,81.243417659955398));
#768=IFCCARTESIANPOINT((1000.07098666357,81.261369785370306,76.485087410757799));
#769=IFCCARTESIANPOINT((1000.07097316563,83.003039536128199,69.985087410757799));
#770=IFCCARTESIANPOINT((1000.07098666357,81.261369785370306,63.485087410757799));
#771=IFCCARTESIANPOINT((1000.07102354063,76.503039536302794,58.7267571615603));
#772=IFCCARTESIANPOINT((1000.07107391564,70.003039536481097,56.985087410757799));
#773=IFCCARTESIANPOINT((1000.07112429065,63.503039536659301,58.7267571615603));
#774=IFCCARTESIANPOINT((1000.07116116771,58.744709287591803,63.485087410757799));
#775=IFCCARTESIANPOINT((1000.07117466565,57.003039536834002,69.985087410757799));
#776=IFCCARTESIANPOINT((1000.07116116771,58.744709287591803,76.485087410757799));
#777=IFCCARTESIANPOINT((1000.07112429065,63.503039536659301,81.243417659955398));
#778=IFCPOLYLOOP((#766,#767,#768,#769,#770,#771,#772,#773,#774,#775,#776,#777));
#779=IFCFACEBOUND(#778,.T.);
#780=IFCPOLYLOOP((#704,#711,#716,#721,#726,#731,#736,#741,#746,#751,#756,#705));
#781=IFCFACEBOUND(#780,.T.);
#782=IFCPOLYLOOP((#644,#651,#656,#661,#666,#671,#676,#681,#686,#691,#696,#645));
#783=IFCFACEBOUND(#782,.T.);
#784=IFCPOLYLOOP((#584,#591,#596,#601,#606,#611,#616,#621,#626,#631,#636,#585));
#785=IFCFACEBOUND(#784,.T.);
#786=IFCFACE((#765,#779,#781,#783,#785));
#787=IFCCARTESIANPOINT((975.071161168461,58.744515537633603,63.485087410757799));
#788=IFCCARTESIANPOINT((975.07117466640398,57.002845786879298,69.985087410757799));
#789=IFCPOLYLOOP((#775,#774,#787,#788));
#790=IFCFACEOUTERBOUND(#789,.T.);
#791=IFCFACE((#790));
#792=IFCCARTESIANPOINT((975.071161168461,58.744515537633603,76.485087410757799));
#793=IFCPOLYLOOP((#776,#775,#788,#792));
#794=IFCFACEOUTERBOUND(#793,.T.);
#795=IFCFACE((#794));
#796=IFCCARTESIANPOINT((975.07112429139704,63.502845786704697,81.243417659955398));
#797=IFCPOLYLOOP((#777,#776,#792,#796));
#798=IFCFACEOUTERBOUND(#797,.T.);
#799=IFCFACE((#798));
#800=IFCCARTESIANPOINT((975.07107391639101,70.002845786526393,82.985087410757799));
#801=IFCPOLYLOOP((#766,#777,#796,#800));
#802=IFCFACEOUTERBOUND(#801,.T.);
#803=IFCFACE((#802));
#804=IFCCARTESIANPOINT((975.07102354138397,76.502845786348203,81.243417659955398));
#805=IFCPOLYLOOP((#767,#766,#800,#804));
#806=IFCFACEOUTERBOUND(#805,.T.);
#807=IFCFACE((#806));
#808=IFCCARTESIANPOINT((975.07098666432,81.261176035415701,76.485087410757799));
#809=IFCPOLYLOOP((#768,#767,#804,#808));
#810=IFCFACEOUTERBOUND(#809,.T.);
#811=IFCFACE((#810));
#812=IFCCARTESIANPOINT((975.07097316637703,83.002845786173594,69.985087410757799));
#813=IFCPOLYLOOP((#769,#768,#808,#812));
#814=IFCFACEOUTERBOUND(#813,.T.);
#815=IFCFACE((#814));
#816=IFCCARTESIANPOINT((975.07098666432,81.261176035415701,63.485087410757799));
#817=IFCPOLYLOOP((#770,#769,#812,#816));
#818=IFCFACEOUTERBOUND(#817,.T.);
#819=IFCFACE((#818));
#820=IFCCARTESIANPOINT((975.07102354138397,76.502845786348203,58.7267571615603));
#821=IFCPOLYLOOP((#771,#770,#816,#820));
#822=IFCFACEOUTERBOUND(#821,.T.);
#823=IFCFACE((#822));
#824=IFCCARTESIANPOINT((975.07107391639101,70.002845786526393,56.985087410757799));
#825=IFCPOLYLOOP((#772,#771,#820,#824));
#826=IFCFACEOUTERBOUND(#825,.T.);
#827=IFCFACE((#826));
#828=IFCCARTESIANPOINT((975.07112429139704,63.502845786704697,58.7267571615603));
#829=IFCPOLYLOOP((#773,#772,#824,#828));
#830=IFCFACEOUTERBOUND(#829,.T.);
#831=IFCFACE((#830));
#832=IFCPOLYLOOP((#774,#773,#828,#787));
#833=IFCFACEOUTERBOUND(#832,.T.);
#834=IFCFACE((#833));
#835=IFCPOLYLOOP((#561,#556,#551,#546,#541,#536,#531,#526,#521,#516,#511,#506,#501,#496,#491,#486,#481,#476,#471,#466,#461,#456,#451,#446,#441,#436,#431,#424,#427,#576,#571,#566));
#836=IFCFACEOUTERBOUND(#835,.T.);
#837=IFCPOLYLOOP((#824,#820,#816,#812,#808,#804,#800,#796,#792,#788,#787,#828));
#838=IFCFACEBOUND(#837,.T.);
#839=IFCPOLYLOOP((#737,#732,#727,#722,#717,#712,#707,#706,#757,#752,#747,#742));
#840=IFCFACEBOUND(#839,.T.);
#841=IFCPOLYLOOP((#677,#672,#667,#662,#657,#652,#647,#646,#697,#692,#687,#682));
#842=IFCFACEBOUND(#841,.T.);
#843=IFCPOLYLOOP((#617,#612,#607,#602,#597,#592,#587,#586,#637,#632,#627,#622));
#844=IFCFACEBOUND(#843,.T.);
#845=IFCPOLYLOOP((#413,#409,#408,#397,#392,#387,#382,#377,#372,#367,#366,#417));
#846=IFCFACEBOUND(#845,.T.);
#847=IFCFACE((#836,#838,#840,#842,#844,#846));
#848=IFCPOLYLOOP((#404,#396,#397,#408));
#849=IFCFACEOUTERBOUND(#848,.T.);
#850=IFCCARTESIANPOINT((637.66884168541105,-39.999984110705597,-47.999305720668403));
#851=IFCCARTESIANPOINT((680.00786511522301,-39.999986142462099,-47.999305720803001));
#852=IFCCARTESIANPOINT((680.00786895410795,40.0000138577889,-47.999305731595101));
#853=IFCCARTESIANPOINT((637.66884552456099,40.000015889549097,-47.999305731715999));
#854=IFCPOLYLOOP((#850,#851,#852,#853));
#855=IFCFACEBOUND(#854,.T.);
#856=IFCCARTESIANPOINT((501.67999246651198,-39.9999775843498,-47.999305720815798));
#857=IFCCARTESIANPOINT((546.26981936972504,-39.999979724332697,-47.999305720762997));
#858=IFCCARTESIANPOINT((546.26982320896502,40.000020275921997,-47.999305731548702));
#859=IFCCARTESIANPOINT((501.67999630569301,40.000022415901199,-47.999305731482302));
#860=IFCPOLYLOOP((#856,#857,#858,#859));
#861=IFCFACEBOUND(#860,.T.);
#862=IFCFACE((#849,#855,#861));
#863=IFCCARTESIANPOINT((609.99703155894804,40.0000172074433,-123.99951172514599));
#864=IFCCARTESIANPOINT((609.99702771974103,-39.999982792811402,-123.99951171442601));
#865=IFCPOLYLOOP((#863,#864,#850,#853));
#866=IFCFACEOUTERBOUND(#865,.T.);
#867=IFCFACE((#866));
#868=IFCCARTESIANPOINT((573.93782247741797,40.0000189380116,-123.99951172514599));
#869=IFCCARTESIANPOINT((573.93781863815605,-39.999981062243002,-123.999511714414));
#870=IFCPOLYLOOP((#868,#869,#864,#863));
#871=IFCFACEOUTERBOUND(#870,.T.);
#872=IFCFACE((#871));
#873=IFCCARTESIANPOINT((490.83774867868698,-39.9999770846334,-203.00058571628199));
#874=IFCCARTESIANPOINT((494.827998611667,-39.999977276165701,-203.279701234226));
#875=IFCCARTESIANPOINT((505.40996882844701,-39.999977763887699,-51.999305720815798));
#876=IFCCARTESIANPOINT((543.46920344662101,-39.9999795904587,-51.999305720762102));
#877=IFCCARTESIANPOINT((571.13720271505304,-39.999980928361801,-127.999511714414));
#878=IFCCARTESIANPOINT((612.79751155600002,-39.999982927740298,-127.99951171442601));
#879=IFCCARTESIANPOINT((640.46932552167095,-39.999984245641798,-51.9993057206675));
#880=IFCCARTESIANPOINT((676.277888753257,-39.999985964004701,-51.999305720802099));
#881=IFCCARTESIANPOINT((686.85985896847205,-39.999986491948199,-203.279701229778));
#882=IFCCARTESIANPOINT((690.85010890145395,-39.999986683396898,-203.00058571186901));
#883=IFCPOLYLOOP((#864,#869,#857,#856,#873,#874,#875,#876,#877,#878,#879,#880,#881,#882,#851,#850));
#884=IFCFACEOUTERBOUND(#883,.T.);
#885=IFCFACE((#884));
#886=IFCCARTESIANPOINT((490.83775251786102,40.000022915621201,-203.00058572706001));
#887=IFCPOLYLOOP((#886,#873,#856,#859));
#888=IFCFACEOUTERBOUND(#887,.T.);
#889=IFCFACE((#888));
#890=IFCCARTESIANPOINT((494.82800245084002,40.0000227240889,-203.27970124500399));
#891=IFCPOLYLOOP((#890,#874,#873,#886));
#892=IFCFACEOUTERBOUND(#891,.T.);
#893=IFCFACE((#892));
#894=IFCCARTESIANPOINT((505.40997266762901,40.000022236366902,-51.999305731482302));
#895=IFCPOLYLOOP((#874,#890,#894,#875));
#896=IFCFACEOUTERBOUND(#895,.T.);
#897=IFCFACE((#896));
#898=IFCCARTESIANPOINT((543.46920728586099,40.000020409796001,-51.9993057315478));
#899=IFCPOLYLOOP((#875,#894,#898,#876));
#900=IFCFACEOUTERBOUND(#899,.T.);
#901=IFCFACE((#900));
#902=IFCCARTESIANPOINT((571.13720655431405,40.000019071892901,-127.999511725144));
#903=IFCPOLYLOOP((#876,#898,#902,#877));
#904=IFCFACEOUTERBOUND(#903,.T.);
#905=IFCFACE((#904));
#906=IFCCARTESIANPOINT((612.79751539520703,40.000017072510701,-127.99951172514599));
#907=IFCPOLYLOOP((#877,#902,#906,#878));
#908=IFCFACEOUTERBOUND(#907,.T.);
#909=IFCFACE((#908));
#910=IFCCARTESIANPOINT((640.46932936082101,40.000015754612797,-51.999305731715999));
#911=IFCPOLYLOOP((#878,#906,#910,#879));
#912=IFCFACEOUTERBOUND(#911,.T.);
#913=IFCFACE((#912));
#914=IFCCARTESIANPOINT((676.27789259214205,40.000014036249901,-51.999305731593303));
#915=IFCPOLYLOOP((#879,#910,#914,#880));
#916=IFCFACEOUTERBOUND(#915,.T.);
#917=IFCFACE((#916));
#918=IFCCARTESIANPOINT((686.859862807372,40.0000135083028,-203.27970124056699));
#919=IFCPOLYLOOP((#880,#914,#918,#881));
#920=IFCFACEOUTERBOUND(#919,.T.);
#921=IFCFACE((#920));
#922=IFCCARTESIANPOINT((690.85011274035298,40.000013316857803,-203.000585722658));
#923=IFCPOLYLOOP((#881,#918,#922,#882));
#924=IFCFACEOUTERBOUND(#923,.T.);
#925=IFCFACE((#924));
#926=IFCPOLYLOOP((#882,#922,#852,#851));
#927=IFCFACEOUTERBOUND(#926,.T.);
#928=IFCFACE((#927));
#929=IFCPOLYLOOP((#922,#918,#914,#910,#906,#902,#898,#894,#890,#886,#859,#858,#868,#863,#853,#852));
#930=IFCFACEOUTERBOUND(#929,.T.);
#931=IFCFACE((#930));
#932=IFCPOLYLOOP((#869,#868,#858,#857));
#933=IFCFACEOUTERBOUND(#932,.T.);
#934=IFCFACE((#933));
#935=IFCCLOSEDSHELL((#370,#375,#380,#385,#390,#395,#400,#407,#412,#416,#420,#423,#430,#435,#440,#445,#450,#455,#460,#465,#470,#475,#480,#485,#490,#495,#500,#505,#510,#515,#520,#525,#530,#535,#540,#545,#550,#555,#560,#565,#570,#575,#580,#583,#590,#595,#600,#605,#610,#615,#620,#625,#630,#635,#640,#643,#650,#655,#660,#665,#670,#675,#680,#685,#690,#695,#700,#703,#710,#715,#720,#725,#730,#735,#740,#745,#750,#755,#760,#763,#786,#791,#795,#799,#803,#807,#811,#815,#819,#823,#827,#831,#834,#847,#862,#867,#872,#885,#889,#893,#897,#901,#905,#909,#913,#917,#921,#925,#928,#931,#934));
#936=IFCFACETEDBREP(#935);
#937=IFCSTYLEDITEM(#936,(#48),$);
#938=IFCSHAPEREPRESENTATION(#12,'Body','Brep',(#936));
#939=IFCPRODUCTDEFINITIONSHAPE($,$,(#938));
#940=IFCCARTESIANPOINT((5958.7500000005202,31099.9909719481,2016.3260546091799));
#941=IFCDIRECTION((-1.,0.,0.));
#942=IFCDIRECTION((0.,7.7499999987713994E-06,-0.99999999996996902));
#943=IFCAXIS2PLACEMENT3D(#940,#941,#942);
#944=IFCLOCALPLACEMENT(#42,#943);
#945=IFCBUILDINGELEMENTPROXY('0xuX0LHKT15AMtIG0RFHIj',#44,'Rekkverk','6>/B_+0>_Rekkverk__2',$,#944,#939,'ID3be21015-4547-4114-a5b7-49001b3d14ad',.ELEMENT.);
#946=IFCBUILDINGELEMENTPROXYTYPE('1QWA8QvZL0OR8DH_HagJxr',#5,'6>/B_+0>_Rekkverk__2',$,$,$,$,$,$,.NOTDEFINED.);
#947=IFCCARTESIANPOINT((4.3655745685100601E-11,30.000000000001801,-59.999999999976403));
#948=IFCCARTESIANPOINT((-1.12777343019843E-10,29.9999999999939,59.999999999992703));
#949=IFCCARTESIANPOINT((200.000000008873,29.9999999999939,60.000000000073697));
#950=IFCCARTESIANPOINT((200.00000000903299,30.000000000001801,-59.999999999895401));
#951=IFCPOLYLOOP((#947,#948,#949,#950));
#952=IFCFACEOUTERBOUND(#951,.T.);
#953=IFCFACE((#952));
#954=IFCCARTESIANPOINT((-4.0017766878008797E-11,-30.0000000000014,59.999999999974499));
#955=IFCCARTESIANPOINT((200.000000008949,-30.0000000000014,60.0000000000555));
#956=IFCPOLYLOOP((#948,#954,#955,#949));
#957=IFCFACEOUTERBOUND(#956,.T.);
#958=IFCFACE((#957));
#959=IFCCARTESIANPOINT((-3.2741809263825397E-11,-30.000000000001101,55.999999999976403));
#960=IFCCARTESIANPOINT((200.00000000895301,-30.000000000001101,56.000000000057298));
#961=IFCPOLYLOOP((#954,#959,#960,#955));
#962=IFCFACEOUTERBOUND(#961,.T.);
#963=IFCFACE((#962));
#964=IFCCARTESIANPOINT((-1.01863406598568E-10,25.9999999999945,55.999999999992703));
#965=IFCCARTESIANPOINT((200.000000008884,25.9999999999945,56.000000000073697));
#966=IFCPOLYLOOP((#959,#964,#965,#960));
#967=IFCFACEOUTERBOUND(#966,.T.);
#968=IFCFACE((#967));
#969=IFCCARTESIANPOINT((4.3655745685100601E-11,26.000000000002,-55.999999999978201));
#970=IFCCARTESIANPOINT((200.00000000902901,26.000000000002,-55.999999999897199));
#971=IFCPOLYLOOP((#964,#969,#970,#965));
#972=IFCFACEOUTERBOUND(#971,.T.);
#973=IFCFACE((#972));
#974=IFCCARTESIANPOINT((1.12777343019843E-10,-29.999999999993602,-55.9999999999945));
#975=IFCCARTESIANPOINT((200.000000009102,-29.999999999993602,-55.999999999913598));
#976=IFCPOLYLOOP((#969,#974,#975,#970));
#977=IFCFACEOUTERBOUND(#976,.T.);
#978=IFCFACE((#977));
#979=IFCCARTESIANPOINT((1.2005330063402699E-10,-29.999999999993399,-59.9999999999945));
#980=IFCCARTESIANPOINT((200.000000009106,-29.999999999993399,-59.999999999913598));
#981=IFCPOLYLOOP((#974,#979,#980,#975));
#982=IFCFACEOUTERBOUND(#981,.T.);
#983=IFCFACE((#982));
#984=IFCPOLYLOOP((#979,#947,#950,#980));
#985=IFCFACEOUTERBOUND(#984,.T.);
#986=IFCFACE((#985));
#987=IFCPOLYLOOP((#955,#960,#965,#970,#975,#980,#950,#949));
#988=IFCFACEOUTERBOUND(#987,.T.);
#989=IFCFACE((#988));
#990=IFCPOLYLOOP((#979,#974,#969,#964,#959,#954,#948,#947));
#991=IFCFACEOUTERBOUND(#990,.T.);
#992=IFCFACE((#991));
#993=IFCCLOSEDSHELL((#953,#958,#963,#968,#973,#978,#983,#986,#989,#992));
#994=IFCFACETEDBREP(#993);
#995=IFCSTYLEDITEM(#994,(#48),$);
#996=IFCSHAPEREPRESENTATION(#12,'Body','Brep',(#994));
#997=IFCPRODUCTDEFINITIONSHAPE($,$,(#996));
#998=IFCCARTESIANPOINT((5958.7509322189999,31000.000859349599,1990.32518920744));
#999=IFCDIRECTION((0.99999999992476996,-9.4219999991764796E-06,7.8539999992699505E-06));
#1000=IFCDIRECTION((9.42199999785048E-06,0.99999999995561295,0.));
#1001=IFCAXIS2PLACEMENT3D(#998,#999,#1000);
#1002=IFCLOCALPLACEMENT(#42,#1001);
#1003=IFCBEAM('05CTujHnL7chZNxyhSJMkH',#44,'Rekkverk','U120X60X4',$,#1002,#997,'ID0531de2d-4715-479a-b8d7-efcadc4d6b91');
#1004=IFCBEAMTYPE('2S4U_pIcnAlxvde0SS2bns',#5,'U120X60X4',$,$,$,$,$,$,.NOTDEFINED.);
#1005=IFCSHAPEREPRESENTATION(#12,'Body','Brep',(#96));
#1006=IFCPRODUCTDEFINITIONSHAPE($,$,(#1005));
#1007=IFCCARTESIANPOINT((6908.7508536790001,31102.4908593488,1769.36518920713));
#1008=IFCAXIS2PLACEMENT3D(#1007,#101,#102);
#1009=IFCLOCALPLACEMENT(#42,#1008);
#1010=IFCBEAM('2Jbxcf_S59wQ7utvOR3cSA',#44,'Rekkverk','U60X40X3',$,#1009,#1006,'ID9397b9a9-f9c1-49e9-a1f8-df961b0e670a');
#1011=IFCSHAPEREPRESENTATION(#12,'Body','Brep',(#936));
#1012=IFCPRODUCTDEFINITIONSHAPE($,$,(#1011));
#1013=IFCCARTESIANPOINT((6908.7500000005202,31099.9909719481,2016.3260546091799));
#1014=IFCAXIS2PLACEMENT3D(#1013,#941,#942);
#1015=IFCLOCALPLACEMENT(#42,#1014);
#1016=IFCBUILDINGELEMENTPROXY('2uiw8TPEHA1PZbQXLY3jRd',#44,'Rekkverk','6>/B_+0>_Rekkverk__2',$,#1015,#1012,'IDb8b3a21d-64e4-4a05-98e5-6a15620ed6e7',.ELEMENT.);
#1017=IFCSHAPEREPRESENTATION(#12,'Body','Brep',(#994));
#1018=IFCPRODUCTDEFINITIONSHAPE($,$,(#1017));
#1019=IFCCARTESIANPOINT((6908.7509322189999,31000.000859349599,1990.32518920744));
#1020=IFCAXIS2PLACEMENT3D(#1019,#999,#1000);
#1021=IFCLOCALPLACEMENT(#42,#1020);
#1022=IFCBEAM('3EmN_dOwr2WP6znALk_0Y_',#44,'Rekkverk','U120X60X4',$,#1021,#1018,'IDcec17fa7-63ad-4281-91bd-c4a56ef808be');
#1023=IFCCOLOURRGB('Unnamed',0.65490196078431395,0.65490196078431395,0.65490196078431395);
#1024=IFCSURFACESTYLERENDERING(#1023,0.80000000000000004,$,$,$,$,IFCNORMALISEDRATIOMEASURE(0.00390625),IFCSPECULAREXPONENT(10.),.NOTDEFINED.);
#1025=IFCSURFACESTYLE('CONCRETE/B45_SV_Standard',.POSITIVE.,(#1024));
#1026=IFCPRESENTATIONSTYLEASSIGNMENT((#1025));
#1027=IFCCARTESIANPOINT((1.13686837721616E-13,-50.,0.));
#1028=IFCCARTESIANPOINT((-0.0054136651453973198,-50.,30.006882521609398));
#1029=IFCCARTESIANPOINT((-0.0054136651453973198,50.,30.006882521609398));
#1030=IFCCARTESIANPOINT((1.13686837721616E-13,50.,0.));
#1031=IFCPOLYLOOP((#1027,#1028,#1029,#1030));
#1032=IFCFACEOUTERBOUND(#1031,.T.);
#1033=IFCFACE((#1032));
#1034=IFCCARTESIANPOINT((-2.5913592073456999,-50.,159.79618017681599));
#1035=IFCCARTESIANPOINT((-2.5913592073456999,50.,159.79618017681599));
#1036=IFCPOLYLOOP((#1028,#1034,#1035,#1029));
#1037=IFCFACEOUTERBOUND(#1036,.T.);
#1038=IFCFACE((#1037));
#1039=IFCCARTESIANPOINT((103.131996087856,-50.,159.78712470344701));
#1040=IFCCARTESIANPOINT((103.131996087856,50.,159.78712470344701));
#1041=IFCPOLYLOOP((#1034,#1039,#1040,#1035));
#1042=IFCFACEOUTERBOUND(#1041,.T.);
#1043=IFCFACE((#1042));
#1044=IFCCARTESIANPOINT((134.903207359324,-50.,102.64660422642299));
#1045=IFCCARTESIANPOINT((134.903207359324,50.,102.64660422642299));
#1046=IFCPOLYLOOP((#1039,#1044,#1045,#1040));
#1047=IFCFACEOUTERBOUND(#1046,.T.);
#1048=IFCFACE((#1047));
#1049=IFCCARTESIANPOINT((134.90323548879101,-50.,202.650506310466));
#1050=IFCCARTESIANPOINT((134.90323548879101,50.,202.650506310466));
#1051=IFCPOLYLOOP((#1044,#1049,#1050,#1045));
#1052=IFCFACEOUTERBOUND(#1051,.T.);
#1053=IFCFACE((#1052));
#1054=IFCCARTESIANPOINT((158.73588410505201,-50.,159.78762146857801));
#1055=IFCCARTESIANPOINT((158.73588410505201,50.,159.78762146857801));
#1056=IFCPOLYLOOP((#1049,#1054,#1055,#1050));
#1057=IFCFACEOUTERBOUND(#1056,.T.);
#1058=IFCFACE((#1057));
#1059=IFCCARTESIANPOINT((361.932785696991,-50.,159.78943682968301));
#1060=IFCCARTESIANPOINT((361.932785696991,50.,159.78943682968301));
#1061=IFCPOLYLOOP((#1054,#1059,#1060,#1055));
#1062=IFCFACEOUTERBOUND(#1061,.T.);
#1063=IFCFACE((#1062));
#1064=IFCCARTESIANPOINT((349.99485462278102,-50.,-3.2741809263825397E-11));
#1065=IFCCARTESIANPOINT((349.99485462278102,50.,-3.2741809263825397E-11));
#1066=IFCPOLYLOOP((#1059,#1064,#1065,#1060));
#1067=IFCFACEOUTERBOUND(#1066,.T.);
#1068=IFCFACE((#1067));
#1069=IFCPOLYLOOP((#1064,#1027,#1030,#1065));
#1070=IFCFACEOUTERBOUND(#1069,.T.);
#1071=IFCFACE((#1070));
#1072=IFCPOLYLOOP((#1035,#1040,#1045,#1050,#1055,#1060,#1065,#1030,#1029));
#1073=IFCFACEOUTERBOUND(#1072,.T.);
#1074=IFCFACE((#1073));
#1075=IFCPOLYLOOP((#1064,#1059,#1054,#1049,#1044,#1039,#1034,#1028,#1027));
#1076=IFCFACEOUTERBOUND(#1075,.T.);
#1077=IFCFACE((#1076));
#1078=IFCCLOSEDSHELL((#1033,#1038,#1043,#1048,#1053,#1058,#1063,#1068,#1071,#1074,#1077));
#1079=IFCFACETEDBREP(#1078);
#1080=IFCSTYLEDITEM(#1079,(#1026),$);
#1081=IFCSHAPEREPRESENTATION(#12,'Body','Brep',(#1079));
#1082=IFCPRODUCTDEFINITIONSHAPE($,$,(#1081));
#1083=IFCCARTESIANPOINT((7140.2537966839,31150.,724.85421324141703));
#1084=IFCDIRECTION((0.99999999996009203,0.,-8.9340000008633006E-06));
#1085=IFCDIRECTION((-8.9340000008771292E-06,0.,-0.99999999996009203));
#1086=IFCAXIS2PLACEMENT3D(#1083,#1084,#1085);
#1087=IFCLOCALPLACEMENT(#42,#1086);
#1088=IFCSLAB('2wfD9JvELEpRJTbxL29eOR',#44,'Bruplate','100X203',$,#1087,#1082,'IDbaa4d253-e4e5-4ecd-b4dd-97b54226861b',.NOTDEFINED.);
#1089=IFCSLABTYPE('0uGizCaSrECAAl5Fbqkw0L',#5,'100X203',$,$,$,$,$,$,.NOTDEFINED.);
#1090=IFCMATERIAL('CONCRETE/B45_SV_Standard');
#1091=IFCSHAPEREPRESENTATION(#12,'Body','Brep',(#1079));
#1092=IFCPRODUCTDEFINITIONSHAPE($,$,(#1091));
#1093=IFCCARTESIANPOINT((6190.2537966839,31150.,724.85421324141703));
#1094=IFCAXIS2PLACEMENT3D(#1093,#1084,#1085);
#1095=IFCLOCALPLACEMENT(#42,#1094);
#1096=IFCSLAB('0gwGV9xbv83vQc1e3lPmVi',#44,'Bruplate','100X203',$,#1095,#1092,'ID2ae907c9-ee5e-480f-96a6-0680ef6707ec',.NOTDEFINED.);
#1097=IFCCOLOURRGB('Unnamed',0.63921568627450998,0.73333333333333295,0.76078431372549005);
#1098=IFCSURFACESTYLERENDERING(#1097,0.80000000000000004,$,$,$,$,IFCNORMALISEDRATIOMEASURE(0.00390625),IFCSPECULAREXPONENT(10.),.NOTDEFINED.);
#1099=IFCSURFACESTYLE('MISCELLANEOUS/Misc_Undefined',.POSITIVE.,(#1098));
#1100=IFCPRESENTATIONSTYLEASSIGNMENT((#1099));
#1101=IFCCARTESIANPOINT((-2.1302894717480299,-50.000000000032699,106.779397608037));
#1102=IFCCARTESIANPOINT((-2.1302894717499599,50.000000000047301,106.77939760805999));
#1103=IFCPOLYLOOP((#1027,#1101,#1102,#1030));
#1104=IFCFACEOUTERBOUND(#1103,.T.);
#1105=IFCFACE((#1104));
#1106=IFCCARTESIANPOINT((37.869704810767203,-50.0000000000691,106.779341560687));
#1107=IFCCARTESIANPOINT((37.869704810765299,50.000000000007297,106.779341560711));
#1108=IFCPOLYLOOP((#1101,#1106,#1107,#1102));
#1109=IFCFACEOUTERBOUND(#1108,.T.);
#1110=IFCFACE((#1109));
#1111=IFCCARTESIANPOINT((40.004294136609801,-50.000000000076398,5.4569682106375702E-12));
#1112=IFCCARTESIANPOINT((40.004294136607903,50.000000000003602,2.91038304567337E-11));
#1113=IFCPOLYLOOP((#1106,#1111,#1112,#1107));
#1114=IFCFACEOUTERBOUND(#1113,.T.);
#1115=IFCFACE((#1114));
#1116=IFCPOLYLOOP((#1111,#1027,#1030,#1112));
#1117=IFCFACEOUTERBOUND(#1116,.T.);
#1118=IFCFACE((#1117));
#1119=IFCPOLYLOOP((#1107,#1112,#1030,#1102));
#1120=IFCFACEOUTERBOUND(#1119,.T.);
#1121=IFCFACE((#1120));
#1122=IFCPOLYLOOP((#1111,#1106,#1101,#1027));
#1123=IFCFACEOUTERBOUND(#1122,.T.);
#1124=IFCFACE((#1123));
#1125=IFCCLOSEDSHELL((#1105,#1110,#1115,#1118,#1121,#1124));
#1126=IFCFACETEDBREP(#1125);
#1127=IFCSTYLEDITEM(#1126,(#1100),$);
#1128=IFCSHAPEREPRESENTATION(#12,'Body','Brep',(#1126));
#1129=IFCPRODUCTDEFINITIONSHAPE($,$,(#1128));
#1130=IFCCARTESIANPOINT((6243.2594017124002,31149.978572481701,820.35094822220105));
#1131=IFCDIRECTION((0.99999999971540998,2.3816999600967399E-05,1.3897344833822E-06));
#1132=IFCDIRECTION((1.3770000022995601E-06,0.00053467200003104497,-0.99999985706196803));
#1133=IFCAXIS2PLACEMENT3D(#1130,#1131,#1132);
#1134=IFCLOCALPLACEMENT(#42,#1133);
#1135=IFCPLATE('0EFxidA_bFJOl$TKqeeo1J',#44,'Asfaltdekker_slitelag','PL100X40',$,#1134,#1129,'ID0e3fbb27-2be9-4f4d-8bff-754d28a32053');
#1136=IFCPLATETYPE('0ZOQ1kGxn76uImtu4InVfu',#5,'PL100X40',$,$,$,$,$,$,.NOTDEFINED.);
#1137=IFCMATERIAL('MISCELLANEOUS/Misc_Undefined');
#1138=IFCCOLOURRGB('Unnamed',0.49019607843137297,0.623529411764706,0.66666666666666696);
#1139=IFCSURFACESTYLERENDERING(#1138,0.80000000000000004,$,$,$,$,IFCNORMALISEDRATIOMEASURE(0.00390625),IFCSPECULAREXPONENT(10.),.NOTDEFINED.);
#1140=IFCSURFACESTYLE('MISCELLANEOUS/Misc_Undefined',.POSITIVE.,(#1139));
#1141=IFCPRESENTATIONSTYLEASSIGNMENT((#1140));
#1142=IFCFACETEDBREP(#1125);
#1143=IFCSTYLEDITEM(#1142,(#1141),$);
#1144=IFCSHAPEREPRESENTATION(#12,'Body','Brep',(#1142));
#1145=IFCPRODUCTDEFINITIONSHAPE($,$,(#1144));
#1146=IFCCARTESIANPOINT((6243.2594017124002,31149.978572481701,780.35094822220105));
#1147=IFCAXIS2PLACEMENT3D(#1146,#1131,#1132);
#1148=IFCLOCALPLACEMENT(#42,#1147);
#1149=IFCPLATE('1_4vqx3V52cxkbIV86F8yC',#44,'Asfaltdekker_bindlag','PL100X40',$,#1148,#1145,'ID7e139d3b-0df1-429b-bba5-49f2063c8f0c');
#1150=IFCCOLOURRGB('Unnamed',0.33333333333333298,1.,0.33333333333333298);
#1151=IFCSURFACESTYLERENDERING(#1150,0.80000000000000004,$,$,$,$,IFCNORMALISEDRATIOMEASURE(0.00390625),IFCSPECULAREXPONENT(10.),.NOTDEFINED.);
#1152=IFCSURFACESTYLE('MISCELLANEOUS/Misc_Undefined',.POSITIVE.,(#1151));
#1153=IFCPRESENTATIONSTYLEASSIGNMENT((#1152));
#1154=IFCCARTESIANPOINT((9.59538006413948,-49.999999999985398,20.0007235534658));
#1155=IFCCARTESIANPOINT((9.5953800641364104,49.999999999970903,20.0007235535058));
#1156=IFCPOLYLOOP((#1027,#1154,#1155,#1030));
#1157=IFCFACEOUTERBOUND(#1156,.T.);
#1158=IFCFACE((#1157));
#1159=IFCCARTESIANPOINT((89.595667627464806,-49.999999999985398,20.0000135409846));
#1160=IFCCARTESIANPOINT((89.595667627461694,49.999999999974499,20.000013541025499));
#1161=IFCPOLYLOOP((#1154,#1159,#1160,#1155));
#1162=IFCFACEOUTERBOUND(#1161,.T.);
#1163=IFCFACE((#1162));
#1164=IFCCARTESIANPOINT((89.999985337592605,-49.999999999974499,-3.6379788070917097E-11));
#1165=IFCCARTESIANPOINT((89.999985337589607,49.999999999985398,5.4569682106375702E-12));
#1166=IFCPOLYLOOP((#1159,#1164,#1165,#1160));
#1167=IFCFACEOUTERBOUND(#1166,.T.);
#1168=IFCFACE((#1167));
#1169=IFCPOLYLOOP((#1164,#1027,#1030,#1165));
#1170=IFCFACEOUTERBOUND(#1169,.T.);
#1171=IFCFACE((#1170));
#1172=IFCPOLYLOOP((#1160,#1165,#1030,#1155));
#1173=IFCFACEOUTERBOUND(#1172,.T.);
#1174=IFCFACE((#1173));
#1175=IFCPOLYLOOP((#1164,#1159,#1154,#1027));
#1176=IFCFACEOUTERBOUND(#1175,.T.);
#1177=IFCFACE((#1176));
#1178=IFCCLOSEDSHELL((#1158,#1163,#1168,#1171,#1174,#1177));
#1179=IFCFACETEDBREP(#1178);
#1180=IFCSTYLEDITEM(#1179,(#1153),$);
#1181=IFCSHAPEREPRESENTATION(#12,'Body','Brep',(#1179));
#1182=IFCPRODUCTDEFINITIONSHAPE($,$,(#1181));
#1183=IFCCARTESIANPOINT((6223.3133025082398,31149.999939709302,829.91957611469502));
#1184=IFCDIRECTION((0.999999428142477,-0.00106941500015455,8.1409953415914098E-06));
#1185=IFCDIRECTION((8.1409999968673E-06,0.,-0.99999999996686195));
#1186=IFCAXIS2PLACEMENT3D(#1183,#1184,#1185);
#1187=IFCLOCALPLACEMENT(#42,#1186);
#1188=IFCPLATE('3gX6l085n4r9KNn3bGGbq5',#44,'Topeka','PL100X20',$,#1187,#1182,'IDea846bc0-205c-44d4-9517-c43950425d05');
#1189=IFCPLATETYPE('2zUj1LkbPEHuCFTLgVzUnw',#5,'PL100X20',$,$,$,$,$,$,.NOTDEFINED.);
#1190=IFCCARTESIANPOINT((-2.53384843036656,-49.9999999999891,126.77944866190199));
#1191=IFCCARTESIANPOINT((-2.5338484303712199,49.999999999865402,126.77944866190001));
#1192=IFCPOLYLOOP((#1027,#1190,#1191,#1030));
#1193=IFCFACEOUTERBOUND(#1192,.T.);
#1194=IFCFACE((#1193));
#1195=IFCCARTESIANPOINT((9.46615156906444,-49.9999999999891,126.779333823809));
#1196=IFCCARTESIANPOINT((9.4661515690597806,49.999999999865402,126.77933382380699));
#1197=IFCPOLYLOOP((#1190,#1195,#1196,#1191));
#1198=IFCFACEOUTERBOUND(#1197,.T.);
#1199=IFCFACE((#1198));
#1200=IFCCARTESIANPOINT((11.999706957652799,-49.999999999923602,-9.0949470177292804E-13));
#1201=IFCCARTESIANPOINT((11.999706957648201,49.999999999934502,-2.7284841053187799E-12));
#1202=IFCPOLYLOOP((#1195,#1200,#1201,#1196));
#1203=IFCFACEOUTERBOUND(#1202,.T.);
#1204=IFCFACE((#1203));
#1205=IFCPOLYLOOP((#1200,#1027,#1030,#1201));
#1206=IFCFACEOUTERBOUND(#1205,.T.);
#1207=IFCFACE((#1206));
#1208=IFCPOLYLOOP((#1196,#1201,#1030,#1191));
#1209=IFCFACEOUTERBOUND(#1208,.T.);
#1210=IFCFACE((#1209));
#1211=IFCPOLYLOOP((#1200,#1195,#1190,#1027));
#1212=IFCFACEOUTERBOUND(#1211,.T.);
#1213=IFCFACE((#1212));
#1214=IFCCLOSEDSHELL((#1194,#1199,#1204,#1207,#1210,#1213));
#1215=IFCFACETEDBREP(#1214);
#1216=IFCSTYLEDITEM(#1215,(#1153),$);
#1217=IFCSHAPEREPRESENTATION(#12,'Body','Brep',(#1215));
#1218=IFCPRODUCTDEFINITIONSHAPE($,$,(#1217));
#1219=IFCCARTESIANPOINT((6223.2684465686998,31149.999967679199,739.919554414039));
#1220=IFCDIRECTION((0.99999998752854902,-0.000157642999925884,9.5701133956254107E-06));
#1221=IFCDIRECTION((9.5700000116244208E-06,-7.1999996380961205E-07,-0.99999999995394795));
#1222=IFCAXIS2PLACEMENT3D(#1219,#1220,#1221);
#1223=IFCLOCALPLACEMENT(#42,#1222);
#1224=IFCPLATE('02RrDcQkv2HemMuXlBBE8V',#44,'Topeka','PL100X12',$,#1223,#1218,'ID026f5366-6aee-4246-8c16-e21bcb2ce21f');
#1225=IFCPLATETYPE('3YJ7ov$y568vE7jbMgh2ll',#5,'PL100X12',$,$,$,$,$,$,.NOTDEFINED.);
#1226=IFCCOLOURRGB('Unnamed',0.94509803921568603,0.74117647058823499,0.039215686274509803);
#1227=IFCSURFACESTYLERENDERING(#1226,0.80000000000000004,$,$,$,$,IFCNORMALISEDRATIOMEASURE(0.00390625),IFCSPECULAREXPONENT(10.),.NOTDEFINED.);
#1228=IFCSURFACESTYLE('MISCELLANEOUS/Misc_Undefined',.POSITIVE.,(#1227));
#1229=IFCPRESENTATIONSTYLEASSIGNMENT((#1228));
#1230=IFCCARTESIANPOINT((-4.6929926611483097E-10,-1.49999999999864,-50.000000000065498));
#1231=IFCCARTESIANPOINT((-4.7657522372901398E-10,-1.5000000000018201,50.000000000054598));
#1232=IFCCARTESIANPOINT((4.6748027671128501E-10,1.4999999999984099,50.000000000054598));
#1233=IFCCARTESIANPOINT((4.7475623432546895E-10,1.50000000000171,-50.0000000000691));
#1234=IFCPOLYLOOP((#1230,#1231,#1232,#1233));
#1235=IFCFACEOUTERBOUND(#1234,.T.);
#1236=IFCFACE((#1235));
#1237=IFCCARTESIANPOINT((129.81505808152201,1.4999999590545501,49.999999999894499));
#1238=IFCCARTESIANPOINT((129.81505808151499,1.49999995905796,-50.000000000225597));
#1239=IFCPOLYLOOP((#1233,#1232,#1237,#1238));
#1240=IFCFACEOUTERBOUND(#1239,.T.);
#1241=IFCFACE((#1240));
#1242=IFCCARTESIANPOINT((126.754717481816,-1.50000003997695,-50.0000000002183));
#1243=IFCCARTESIANPOINT((126.754717481821,-1.50000003998025,49.999999999905398));
#1244=IFCPOLYLOOP((#1231,#1230,#1242,#1243));
#1245=IFCFACEOUTERBOUND(#1244,.T.);
#1246=IFCFACE((#1245));
#1247=IFCCARTESIANPOINT((126.31963027587101,-174.01518489517801,49.999999999992703));
#1248=IFCCARTESIANPOINT((126.319630275883,-174.015184895164,-50.000000000127301));
#1249=IFCPOLYLOOP((#1238,#1237,#1247,#1248));
#1250=IFCFACEOUTERBOUND(#1249,.T.);
#1251=IFCFACE((#1250));
#1252=IFCCARTESIANPOINT((123.3202250244,-173.95545100648201,50.));
#1253=IFCPOLYLOOP((#1237,#1232,#1231,#1243,#1252,#1247));
#1254=IFCFACEOUTERBOUND(#1253,.T.);
#1255=IFCFACE((#1254));
#1256=IFCCARTESIANPOINT((123.320225024414,-173.955451006467,-50.000000000123698));
#1257=IFCPOLYLOOP((#1243,#1242,#1256,#1252));
#1258=IFCFACEOUTERBOUND(#1257,.T.);
#1259=IFCFACE((#1258));
#1260=IFCPOLYLOOP((#1242,#1230,#1233,#1238,#1248,#1256));
#1261=IFCFACEOUTERBOUND(#1260,.T.);
#1262=IFCFACE((#1261));
#1263=IFCPOLYLOOP((#1252,#1256,#1248,#1247));
#1264=IFCFACEOUTERBOUND(#1263,.T.);
#1265=IFCFACE((#1264));
#1266=IFCCLOSEDSHELL((#1236,#1241,#1246,#1251,#1255,#1259,#1262,#1265));
#1267=IFCFACETEDBREP(#1266);
#1268=IFCSTYLEDITEM(#1267,(#1229),$);
#1269=IFCSHAPEREPRESENTATION(#12,'Body','Brep',(#1267));
#1270=IFCPRODUCTDEFINITIONSHAPE($,$,(#1269));
#1271=IFCCARTESIANPOINT((6350.0278218967997,31149.9799799637,728.94464865471798));
#1272=IFCDIRECTION((-0.000153776427640878,-0.99999998804802104,-1.6023988602000801E-05));
#1273=IFCDIRECTION((-0.999801738624151,0.00015406499993654701,-0.019911295992515302));
#1274=IFCAXIS2PLACEMENT3D(#1271,#1272,#1273);
#1275=IFCLOCALPLACEMENT(#42,#1274);
#1276=IFCBEAM('1LeY1q_Mv5hOMdCjecUOhQ',#44,'C60BP2','PL3X100',$,#1275,#1270,'ID55a22074-f96e-45ad-85a7-32da26798ada');
#1277=IFCBEAMTYPE('1CJz8adxr70RtuDNAcArX5',#5,'PL3X100',$,$,$,$,$,$,.NOTDEFINED.);
#1278=IFCCOLOURRGB('Unnamed',0.82352941176470595,0.82352941176470595,0.82352941176470595);
#1279=IFCSURFACESTYLERENDERING(#1278,0.80000000000000004,$,$,$,$,IFCNORMALISEDRATIOMEASURE(0.00390625),IFCSPECULAREXPONENT(10.),.NOTDEFINED.);
#1280=IFCSURFACESTYLE('CONCRETE/B45_SV_Standard',.POSITIVE.,(#1279));
#1281=IFCPRESENTATIONSTYLEASSIGNMENT((#1280));
#1282=IFCCARTESIANPOINT((-135.48088126962301,-50.,500.70299106826502));
#1283=IFCCARTESIANPOINT((-135.48088126962301,50.,500.70299106826502));
#1284=IFCPOLYLOOP((#1027,#1282,#1283,#1030));
#1285=IFCFACEOUTERBOUND(#1284,.T.);
#1286=IFCFACE((#1285));
#1287=IFCCARTESIANPOINT((-120.704657982984,-50.,520.00892424272604));
#1288=IFCCARTESIANPOINT((-120.704657982984,50.,520.00892424272604));
#1289=IFCPOLYLOOP((#1282,#1287,#1288,#1283));
#1290=IFCFACEOUTERBOUND(#1289,.T.);
#1291=IFCFACE((#1290));
#1292=IFCCARTESIANPOINT((601.63536887922101,-50.,520.01873831498006));
#1293=IFCCARTESIANPOINT((601.63536887922101,50.,520.01873831498006));
#1294=IFCPOLYLOOP((#1287,#1292,#1293,#1288));
#1295=IFCFACEOUTERBOUND(#1294,.T.);
#1296=IFCFACE((#1295));
#1297=IFCCARTESIANPOINT((620.55122624026205,-50.,500.04832270058603));
#1298=IFCCARTESIANPOINT((620.55122624026205,50.,500.04832270058603));
#1299=IFCPOLYLOOP((#1292,#1297,#1298,#1293));
#1300=IFCFACEOUTERBOUND(#1299,.T.);
#1301=IFCFACE((#1300));
#1302=IFCCARTESIANPOINT((595.549630507085,-50.,39.995325457611202));
#1303=IFCCARTESIANPOINT((595.549630507085,50.,39.995325457611202));
#1304=IFCPOLYLOOP((#1297,#1302,#1303,#1298));
#1305=IFCFACEOUTERBOUND(#1304,.T.);
#1306=IFCFACE((#1305));
#1307=IFCCARTESIANPOINT((525.55025587386604,-50.,-30.005314200317098));
#1308=IFCCARTESIANPOINT((525.55025587386604,50.,-30.005314200317098));
#1309=IFCPOLYLOOP((#1302,#1307,#1308,#1303));
#1310=IFCFACEOUTERBOUND(#1309,.T.);
#1311=IFCFACE((#1310));
#1312=IFCCARTESIANPOINT((350.00026808810401,-50.,-30.0068825263515));
#1313=IFCCARTESIANPOINT((350.00026808810401,50.,-30.0068825263515));
#1314=IFCPOLYLOOP((#1307,#1312,#1313,#1308));
#1315=IFCFACEOUTERBOUND(#1314,.T.);
#1316=IFCFACE((#1315));
#1317=IFCPOLYLOOP((#1312,#1064,#1065,#1313));
#1318=IFCFACEOUTERBOUND(#1317,.T.);
#1319=IFCFACE((#1318));
#1320=IFCPOLYLOOP((#1288,#1293,#1298,#1303,#1308,#1313,#1065,#1030,#1283));
#1321=IFCFACEOUTERBOUND(#1320,.T.);
#1322=IFCFACE((#1321));
#1323=IFCPOLYLOOP((#1064,#1312,#1307,#1302,#1297,#1292,#1287,#1282,#1027));
#1324=IFCFACEOUTERBOUND(#1323,.T.);
#1325=IFCFACE((#1324));
#1326=IFCCLOSEDSHELL((#1286,#1291,#1296,#1301,#1306,#1311,#1316,#1319,#1071,#1322,#1325));
#1327=IFCFACETEDBREP(#1326);
#1328=IFCSTYLEDITEM(#1327,(#1281),$);
#1329=IFCSHAPEREPRESENTATION(#12,'Body','Brep',(#1327));
#1330=IFCPRODUCTDEFINITIONSHAPE($,$,(#1329));
#1331=IFCCARTESIANPOINT((6190.2506698298403,31150.,374.85935863262699));
#1332=IFCDIRECTION((-0.99999999996009203,0.,8.9340000008633107E-06));
#1333=IFCDIRECTION((8.9340000008666294E-06,0.,0.99999999996009203));
#1334=IFCAXIS2PLACEMENT3D(#1331,#1332,#1333);
#1335=IFCLOCALPLACEMENT(#42,#1334);
#1336=IFCSLAB('1SW9oZA7PCje6gQRUTz2OS',#44,'Kantbjelke','100X550',$,#1335,#1330,'ID5c809ca3-2876-4cb6-81aa-69b79df4261c',.NOTDEFINED.);
#1337=IFCSLABTYPE('1q264ImuH8DujNbu5uPI3n',#5,'100X550',$,$,$,$,$,$,.NOTDEFINED.);
#1338=IFCSHAPEREPRESENTATION(#12,'Body','Brep',(#1126));
#1339=IFCPRODUCTDEFINITIONSHAPE($,$,(#1338));
#1340=IFCCARTESIANPOINT((7193.2594017124002,31149.978572481701,820.35094822220105));
#1341=IFCAXIS2PLACEMENT3D(#1340,#1131,#1132);
#1342=IFCLOCALPLACEMENT(#42,#1341);
#1343=IFCPLATE('2t0baiuuTFzuwO29hEvDu6',#44,'Asfaltdekker_slitelag','PL100X40',$,#1342,#1339,'IDb702592c-e387-4ff7-8e98-089acee4de06');
#1344=IFCSHAPEREPRESENTATION(#12,'Body','Brep',(#1142));
#1345=IFCPRODUCTDEFINITIONSHAPE($,$,(#1344));
#1346=IFCCARTESIANPOINT((7193.2594017124002,31149.978572481701,780.35094822220105));
#1347=IFCAXIS2PLACEMENT3D(#1346,#1131,#1132);
#1348=IFCLOCALPLACEMENT(#42,#1347);
#1349=IFCPLATE('0a3qU$V4X1$vJL5wAmCLvH',#44,'Asfaltdekker_bindlag','PL100X40',$,#1348,#1345,'ID240f47bf-7c48-41ff-94d5-17a2b0315e51');
#1350=IFCSHAPEREPRESENTATION(#12,'Body','Brep',(#1179));
#1351=IFCPRODUCTDEFINITIONSHAPE($,$,(#1350));
#1352=IFCCARTESIANPOINT((7173.3133025082398,31149.999939709302,829.91957611469502));
#1353=IFCAXIS2PLACEMENT3D(#1352,#1184,#1185);
#1354=IFCLOCALPLACEMENT(#42,#1353);
#1355=IFCPLATE('2ffIaTOYzBqe0Cd97QBpGL',#44,'Topeka','PL100X20',$,#1354,#1351,'IDa9a5291d-622f-4bd2-800c-9c91da2f3415');
#1356=IFCSHAPEREPRESENTATION(#12,'Body','Brep',(#1215));
#1357=IFCPRODUCTDEFINITIONSHAPE($,$,(#1356));
#1358=IFCCARTESIANPOINT((7173.2684465686998,31149.999967679199,739.919554414039));
#1359=IFCAXIS2PLACEMENT3D(#1358,#1220,#1221);
#1360=IFCLOCALPLACEMENT(#42,#1359);
#1361=IFCPLATE('306EcOwkv7PBF0GKkBDBoX',#44,'Topeka','PL100X12',$,#1360,#1357,'IDc018e998-eaee-4764-b3c0-414b8b34bca1');
#1362=IFCSHAPEREPRESENTATION(#12,'Body','Brep',(#1267));
#1363=IFCPRODUCTDEFINITIONSHAPE($,$,(#1362));
#1364=IFCCARTESIANPOINT((7300.0278218967997,31149.9799799637,728.94464865471798));
#1365=IFCAXIS2PLACEMENT3D(#1364,#1272,#1273);
#1366=IFCLOCALPLACEMENT(#42,#1365);
#1367=IFCBEAM('1Q4MaFsGfCWQ$uJnWiwXvx',#44,'C60BP2','PL3X100',$,#1366,#1363,'ID5a11690f-d90a-4c81-aff8-4f182cea1e7b');
#1368=IFCSHAPEREPRESENTATION(#12,'Body','Brep',(#1327));
#1369=IFCPRODUCTDEFINITIONSHAPE($,$,(#1368));
#1370=IFCCARTESIANPOINT((7140.2506698298403,31150.,374.85935863262699));
#1371=IFCAXIS2PLACEMENT3D(#1370,#1332,#1333);
#1372=IFCLOCALPLACEMENT(#42,#1371);
#1373=IFCSLAB('2vYyfCd8v01wDHLQ5QzoR_',#44,'Kantbjelke','100X550',$,#1372,#1369,'IDb98bca4c-9c8e-4007-a351-55a15af726fe',.NOTDEFINED.);
#1374=IFCCOLOURRGB('Unnamed',0.,0.,0.);
#1375=IFCSURFACESTYLERENDERING(#1374,0.,$,$,$,$,IFCNORMALISEDRATIOMEASURE(0.00390625),IFCSPECULAREXPONENT(10.),.NOTDEFINED.);
#1376=IFCSURFACESTYLE('MISCELLANEOUS/Misc_Undefined',.POSITIVE.,(#1375));
#1377=IFCPRESENTATIONSTYLEASSIGNMENT((#1376));
#1378=IFCCARTESIANPOINT((1.8189894035458601E-12,-2.5,-50.));
#1379=IFCCARTESIANPOINT((-1.70530256582424E-12,-2.5,50.));
#1380=IFCCARTESIANPOINT((-1.8189894035458601E-12,2.5,50.));
#1381=IFCCARTESIANPOINT((1.70530256582424E-12,2.5,-50.));
#1382=IFCPOLYLOOP((#1378,#1379,#1380,#1381));
#1383=IFCFACEOUTERBOUND(#1382,.T.);
#1384=IFCFACE((#1383));
#1385=IFCCARTESIANPOINT((210.72921038056501,2.5000000000045501,50.000000000007297));
#1386=IFCCARTESIANPOINT((210.72921038055799,2.5000000000045501,-49.999999999992703));
#1387=IFCPOLYLOOP((#1381,#1380,#1385,#1386));
#1388=IFCFACEOUTERBOUND(#1387,.T.);
#1389=IFCFACE((#1388));
#1390=IFCCARTESIANPOINT((213.67006583633199,-2.4999999999954499,-49.999999999992703));
#1391=IFCCARTESIANPOINT((213.67006583633801,-2.4999999999954499,50.000000000007297));
#1392=IFCPOLYLOOP((#1379,#1378,#1390,#1391));
#1393=IFCFACEOUTERBOUND(#1392,.T.);
#1394=IFCFACE((#1393));
#1395=IFCCARTESIANPOINT((242.49991115737899,59.640804318940397,50.));
#1396=IFCCARTESIANPOINT((242.49991115734301,59.640804318875801,-50.));
#1397=IFCPOLYLOOP((#1386,#1385,#1395,#1396));
#1398=IFCFACEOUTERBOUND(#1397,.T.);
#1399=IFCFACE((#1398));
#1400=IFCCARTESIANPOINT((237.50008884262499,40.359195681068698,-50.));
#1401=IFCCARTESIANPOINT((237.500088842661,40.359195681133301,50.));
#1402=IFCPOLYLOOP((#1391,#1390,#1400,#1401));
#1403=IFCFACEOUTERBOUND(#1402,.T.);
#1404=IFCFACE((#1403));
#1405=IFCCARTESIANPOINT((242.50083272169499,-40.363097760971897,50.000000000003602));
#1406=IFCCARTESIANPOINT((242.50083272168899,-40.363097761072801,-49.999999999996398));
#1407=IFCPOLYLOOP((#1396,#1395,#1405,#1406));
#1408=IFCFACEOUTERBOUND(#1407,.T.);
#1409=IFCFACE((#1408));
#1410=IFCCARTESIANPOINT((237.501010406495,-59.644654719448198,-49.999999999996398));
#1411=IFCCARTESIANPOINT((237.501010406501,-59.644654719347301,50.000000000003602));
#1412=IFCPOLYLOOP((#1401,#1400,#1410,#1411));
#1413=IFCFACEOUTERBOUND(#1412,.T.);
#1414=IFCFACE((#1413));
#1415=IFCCARTESIANPOINT((266.33309839996701,2.5000000000009099,50.000000000007297));
#1416=IFCCARTESIANPOINT((266.33309839996701,2.5000000000081899,-49.999999999992703));
#1417=IFCPOLYLOOP((#1406,#1405,#1415,#1416));
#1418=IFCFACEOUTERBOUND(#1417,.T.);
#1419=IFCFACE((#1418));
#1420=IFCCARTESIANPOINT((269.27394947307999,-2.4999999999918101,-49.999999999992703));
#1421=IFCCARTESIANPOINT((269.27394947308102,-2.4999999999990901,50.000000000007297));
#1422=IFCPOLYLOOP((#1411,#1410,#1420,#1421));
#1423=IFCFACEOUTERBOUND(#1422,.T.);
#1424=IFCFACE((#1423));
#1425=IFCCARTESIANPOINT((479.53000000000202,2.5000000000018199,50.000000000007297));
#1426=IFCCARTESIANPOINT((479.53000000000202,2.5000000000127298,-49.999999999992703));
#1427=IFCPOLYLOOP((#1416,#1415,#1425,#1426));
#1428=IFCFACEOUTERBOUND(#1427,.T.);
#1429=IFCFACE((#1428));
#1430=IFCCARTESIANPOINT((479.53000000000202,-2.4999999999981801,50.000000000007297));
#1431=IFCPOLYLOOP((#1415,#1405,#1395,#1385,#1380,#1379,#1391,#1401,#1411,#1421,#1430,#1425));
#1432=IFCFACEOUTERBOUND(#1431,.T.);
#1433=IFCFACE((#1432));
#1434=IFCCARTESIANPOINT((479.53000000000202,-2.4999999999872702,-49.999999999992703));
#1435=IFCPOLYLOOP((#1421,#1420,#1434,#1430));
#1436=IFCFACEOUTERBOUND(#1435,.T.);
#1437=IFCFACE((#1436));
#1438=IFCPOLYLOOP((#1420,#1410,#1400,#1390,#1378,#1381,#1386,#1396,#1406,#1416,#1426,#1434));
#1439=IFCFACEOUTERBOUND(#1438,.T.);
#1440=IFCFACE((#1439));
#1441=IFCPOLYLOOP((#1430,#1434,#1426,#1425));
#1442=IFCFACEOUTERBOUND(#1441,.T.);
#1443=IFCFACE((#1442));
#1444=IFCCLOSEDSHELL((#1384,#1389,#1394,#1399,#1404,#1409,#1414,#1419,#1424,#1429,#1433,#1437,#1440,#1443));
#1445=IFCFACETEDBREP(#1444);
#1446=IFCSTYLEDITEM(#1445,(#1377),$);
#1447=IFCSHAPEREPRESENTATION(#12,'Body','Brep',(#1445));
#1448=IFCPRODUCTDEFINITIONSHAPE($,$,(#1447));
#1449=IFCCARTESIANPOINT((7302.54,31149.98,832.45000000001198));
#1450=IFCDIRECTION((0.,0.,-1.));
#1451=IFCAXIS2PLACEMENT3D(#1449,#8,#1450);
#1452=IFCLOCALPLACEMENT(#42,#1451);
#1453=IFCBEAM('32I9$jgvH8nRa36UanMAvA',#44,'Ramme','PL100X5',$,#1452,#1448,'IDc2489fed-ab94-48c5-b903-19e93158ae4a');
#1454=IFCBEAMTYPE('3TT7hKt418PhhK64BT5rqj',#5,'PL100X5',$,$,$,$,$,$,.NOTDEFINED.);
#1455=IFCSHAPEREPRESENTATION(#12,'Body','Brep',(#1445));
#1456=IFCPRODUCTDEFINITIONSHAPE($,$,(#1455));
#1457=IFCCARTESIANPOINT((6352.54,31149.98,832.45000000001198));
#1458=IFCAXIS2PLACEMENT3D(#1457,#8,#1450);
#1459=IFCLOCALPLACEMENT(#42,#1458);
#1460=IFCBEAM('3slitw2AfCtvFuA6rQ85n3',#44,'Ramme','PL100X5',$,#1459,#1456,'IDf6becdfa-08aa-4cdf-93f8-286d5a205c43');
#1461=IFCCOLOURRGB('Unnamed',0.92941176470588205,0.79607843137254897,0.047058823529411799);
#1462=IFCSURFACESTYLERENDERING(#1461,0.,$,$,$,$,IFCNORMALISEDRATIOMEASURE(0.00390625),IFCSPECULAREXPONENT(10.),.NOTDEFINED.);
#1463=IFCSURFACESTYLE('STEEL/Steel_Undefined',.POSITIVE.,(#1462));
#1464=IFCPRESENTATIONSTYLEASSIGNMENT((#1463));
#1465=IFCCARTESIANPOINT((-44.301203755472699,-228.00388441513101,178.24862467940699));
#1466=IFCCARTESIANPOINT((-30.011784593028999,-228.003884415127,186.49862467940699));
#1467=IFCCARTESIANPOINT((-15.722365430585301,-228.00388441513101,178.24862467940699));
#1468=IFCCARTESIANPOINT((-15.722365430585301,-228.003884415139,161.74862467940699));
#1469=IFCCARTESIANPOINT((-30.011784593028999,-228.00388441514201,153.49862467940699));
#1470=IFCCARTESIANPOINT((-44.301203755472699,-228.003884415139,161.74862467940699));
#1471=IFCPOLYLOOP((#1465,#1466,#1467,#1468,#1469,#1470));
#1472=IFCFACEOUTERBOUND(#1471,.T.);
#1473=IFCCARTESIANPOINT((-42.000822698679301,-228.00388441513499,169.998624679432));
#1474=IFCCARTESIANPOINT((-40.3931275440927,-228.003884415138,163.998624679432));
#1475=IFCCARTESIANPOINT((-36.000822698679301,-228.00388441513999,159.60631983402001));
#1476=IFCCARTESIANPOINT((-30.000822698679301,-228.00388441513999,157.998624679432));
#1477=IFCCARTESIANPOINT((-24.000822698679301,-228.00388441513999,159.60631983402001));
#1478=IFCCARTESIANPOINT((-19.608517853265798,-228.003884415138,163.998624679432));
#1479=IFCCARTESIANPOINT((-18.000822698679301,-228.00388441513499,169.998624679432));
#1480=IFCCARTESIANPOINT((-19.608517853265798,-228.00388441513201,175.998624679432));
#1481=IFCCARTESIANPOINT((-24.000822698679301,-228.00388441512999,180.39092952484501));
#1482=IFCCARTESIANPOINT((-30.000822698679301,-228.00388441512999,181.998624679432));
#1483=IFCCARTESIANPOINT((-36.000822698679301,-228.00388441512999,180.39092952484501));
#1484=IFCCARTESIANPOINT((-40.3931275440927,-228.00388441513201,175.998624679432));
#1485=IFCPOLYLOOP((#1473,#1474,#1475,#1476,#1477,#1478,#1479,#1480,#1481,#1482,#1483,#1484));
#1486=IFCFACEBOUND(#1485,.T.);
#1487=IFCFACE((#1472,#1486));
#1488=IFCCARTESIANPOINT((-15.722365430585301,-244.003884415139,161.7486246794));
#1489=IFCCARTESIANPOINT((-30.011784593028999,-244.00388441514201,153.4986246794));
#1490=IFCPOLYLOOP((#1468,#1488,#1489,#1469));
#1491=IFCFACEOUTERBOUND(#1490,.T.);
#1492=IFCFACE((#1491));
#1493=IFCCARTESIANPOINT((-44.301203755472699,-244.00388441513101,178.2486246794));
#1494=IFCCARTESIANPOINT((-30.011784593028999,-244.003884415127,186.4986246794));
#1495=IFCPOLYLOOP((#1465,#1493,#1494,#1466));
#1496=IFCFACEOUTERBOUND(#1495,.T.);
#1497=IFCFACE((#1496));
#1498=IFCCARTESIANPOINT((-44.301203755472699,-244.003884415139,161.7486246794));
#1499=IFCPOLYLOOP((#1470,#1498,#1493,#1465));
#1500=IFCFACEOUTERBOUND(#1499,.T.);
#1501=IFCFACE((#1500));
#1502=IFCPOLYLOOP((#1469,#1489,#1498,#1470));
#1503=IFCFACEOUTERBOUND(#1502,.T.);
#1504=IFCFACE((#1503));
#1505=IFCCARTESIANPOINT((-15.722365430585301,-244.00388441513101,178.2486246794));
#1506=IFCPOLYLOOP((#1466,#1494,#1505,#1467));
#1507=IFCFACEOUTERBOUND(#1506,.T.);
#1508=IFCFACE((#1507));
#1509=IFCPOLYLOOP((#1467,#1505,#1488,#1468));
#1510=IFCFACEOUTERBOUND(#1509,.T.);
#1511=IFCFACE((#1510));
#1512=IFCCARTESIANPOINT((-30.000822698679301,-28.999998638600299,181.998624679523));
#1513=IFCCARTESIANPOINT((-36.000822698679301,-28.999998638600999,180.39092952493601));
#1514=IFCPOLYLOOP((#1512,#1513,#1483,#1482));
#1515=IFCFACEOUTERBOUND(#1514,.T.);
#1516=IFCFACE((#1515));
#1517=IFCCARTESIANPOINT((-40.3931275440927,-28.999998638603099,175.998624679523));
#1518=IFCPOLYLOOP((#1513,#1517,#1484,#1483));
#1519=IFCFACEOUTERBOUND(#1518,.T.);
#1520=IFCFACE((#1519));
#1521=IFCCARTESIANPOINT((-42.000822698679301,-28.999998638605799,169.998624679523));
#1522=IFCPOLYLOOP((#1517,#1521,#1473,#1484));
#1523=IFCFACEOUTERBOUND(#1522,.T.);
#1524=IFCFACE((#1523));
#1525=IFCCARTESIANPOINT((-40.3931275440927,-28.999998638608499,163.998624679523));
#1526=IFCPOLYLOOP((#1521,#1525,#1474,#1473));
#1527=IFCFACEOUTERBOUND(#1526,.T.);
#1528=IFCFACE((#1527));
#1529=IFCCARTESIANPOINT((-36.000822698679301,-28.999998638610599,159.60631983411099));
#1530=IFCPOLYLOOP((#1525,#1529,#1475,#1474));
#1531=IFCFACEOUTERBOUND(#1530,.T.);
#1532=IFCFACE((#1531));
#1533=IFCCARTESIANPOINT((-30.000822698679301,-28.999998638611299,157.998624679523));
#1534=IFCPOLYLOOP((#1529,#1533,#1476,#1475));
#1535=IFCFACEOUTERBOUND(#1534,.T.);
#1536=IFCFACE((#1535));
#1537=IFCCARTESIANPOINT((-24.000822698679301,-28.999998638610599,159.60631983411099));
#1538=IFCPOLYLOOP((#1533,#1537,#1477,#1476));
#1539=IFCFACEOUTERBOUND(#1538,.T.);
#1540=IFCFACE((#1539));
#1541=IFCCARTESIANPOINT((-19.608517853265798,-28.999998638608499,163.998624679523));
#1542=IFCPOLYLOOP((#1537,#1541,#1478,#1477));
#1543=IFCFACEOUTERBOUND(#1542,.T.);
#1544=IFCFACE((#1543));
#1545=IFCCARTESIANPOINT((-18.000822698679301,-28.999998638605799,169.998624679523));
#1546=IFCPOLYLOOP((#1541,#1545,#1479,#1478));
#1547=IFCFACEOUTERBOUND(#1546,.T.);
#1548=IFCFACE((#1547));
#1549=IFCCARTESIANPOINT((-19.608517853265798,-28.999998638603099,175.998624679523));
#1550=IFCPOLYLOOP((#1545,#1549,#1480,#1479));
#1551=IFCFACEOUTERBOUND(#1550,.T.);
#1552=IFCFACE((#1551));
#1553=IFCCARTESIANPOINT((-24.000822698679301,-28.999998638600999,180.39092952493601));
#1554=IFCPOLYLOOP((#1549,#1553,#1481,#1480));
#1555=IFCFACEOUTERBOUND(#1554,.T.);
#1556=IFCFACE((#1555));
#1557=IFCPOLYLOOP((#1553,#1512,#1482,#1481));
#1558=IFCFACEOUTERBOUND(#1557,.T.);
#1559=IFCFACE((#1558));
#1560=IFCCARTESIANPOINT((-45.588886408771003,-28.999998638609899,160.99866583930299));
#1561=IFCCARTESIANPOINT((-30.0004291406512,-28.999998638613999,151.99866583930299));
#1562=IFCCARTESIANPOINT((-14.411971872531501,-28.999998638609899,160.99866583930299));
#1563=IFCCARTESIANPOINT((-14.411971872531501,-28.999998638601699,178.99866583930299));
#1564=IFCCARTESIANPOINT((-30.0004291406512,-28.999998638597599,187.99866583930299));
#1565=IFCCARTESIANPOINT((-45.588886408771003,-28.999998638601699,178.99866583930299));
#1566=IFCPOLYLOOP((#1560,#1561,#1562,#1563,#1564,#1565));
#1567=IFCFACEOUTERBOUND(#1566,.T.);
#1568=IFCPOLYLOOP((#1545,#1541,#1537,#1533,#1529,#1525,#1521,#1517,#1513,#1512,#1553,#1549));
#1569=IFCFACEBOUND(#1568,.T.);
#1570=IFCFACE((#1567,#1569));
#1571=IFCCARTESIANPOINT((-14.411971872531501,-12.999998638656299,178.99866583931001));
#1572=IFCCARTESIANPOINT((-30.0004291406512,-12.999998638652199,187.99866583931001));
#1573=IFCPOLYLOOP((#1563,#1571,#1572,#1564));
#1574=IFCFACEOUTERBOUND(#1573,.T.);
#1575=IFCFACE((#1574));
#1576=IFCCARTESIANPOINT((-13.978959170421099,-12.9999986386646,160.74866584418501));
#1577=IFCCARTESIANPOINT((-11.500429140433001,-12.999998638660401,169.99866584418501));
#1578=IFCCARTESIANPOINT((-13.978959170421099,-12.9999986386562,179.24866584418501));
#1579=IFCCARTESIANPOINT((-20.750429140432999,-12.9999986386531,186.020135814197));
#1580=IFCCARTESIANPOINT((-30.000429140432999,-12.999998638652,188.49866584418501));
#1581=IFCCARTESIANPOINT((-39.250429140432999,-12.9999986386531,186.020135814197));
#1582=IFCCARTESIANPOINT((-46.021899110444799,-12.9999986386562,179.24866584418501));
#1583=IFCCARTESIANPOINT((-48.500429140432999,-12.999998638660401,169.99866584418501));
#1584=IFCCARTESIANPOINT((-46.021899110444799,-12.9999986386646,160.74866584418501));
#1585=IFCCARTESIANPOINT((-39.250429140432999,-12.9999986386676,153.97719587417299));
#1586=IFCCARTESIANPOINT((-30.000429140432999,-12.999998638668799,151.49866584418501));
#1587=IFCCARTESIANPOINT((-20.750429140432999,-12.9999986386676,153.97719587417299));
#1588=IFCPOLYLOOP((#1576,#1577,#1578,#1579,#1580,#1581,#1582,#1583,#1584,#1585,#1586,#1587));
#1589=IFCFACEOUTERBOUND(#1588,.T.);
#1590=IFCCARTESIANPOINT((-14.411971872531501,-12.999998638664501,160.99866583931001));
#1591=IFCCARTESIANPOINT((-30.0004291406512,-12.9999986386686,151.99866583931001));
#1592=IFCCARTESIANPOINT((-45.588886408771003,-12.999998638664501,160.99866583931001));
#1593=IFCCARTESIANPOINT((-45.588886408771003,-12.999998638656299,178.99866583931001));
#1594=IFCPOLYLOOP((#1572,#1571,#1590,#1591,#1592,#1593));
#1595=IFCFACEBOUND(#1594,.T.);
#1596=IFCFACE((#1589,#1595));
#1597=IFCPOLYLOOP((#1560,#1592,#1591,#1561));
#1598=IFCFACEOUTERBOUND(#1597,.T.);
#1599=IFCFACE((#1598));
#1600=IFCPOLYLOOP((#1565,#1593,#1592,#1560));
#1601=IFCFACEOUTERBOUND(#1600,.T.);
#1602=IFCFACE((#1601));
#1603=IFCPOLYLOOP((#1564,#1572,#1593,#1565));
#1604=IFCFACEOUTERBOUND(#1603,.T.);
#1605=IFCFACE((#1604));
#1606=IFCPOLYLOOP((#1561,#1591,#1590,#1562));
#1607=IFCFACEOUTERBOUND(#1606,.T.);
#1608=IFCFACE((#1607));
#1609=IFCPOLYLOOP((#1562,#1590,#1571,#1563));
#1610=IFCFACEOUTERBOUND(#1609,.T.);
#1611=IFCFACE((#1610));
#1612=IFCCARTESIANPOINT((-39.250429140432999,-9.9999986386783295,153.97719587417299));
#1613=IFCCARTESIANPOINT((-30.000429140432999,-9.9999986386794699,151.49866584418501));
#1614=IFCPOLYLOOP((#1585,#1612,#1613,#1586));
#1615=IFCFACEOUTERBOUND(#1614,.T.);
#1616=IFCFACE((#1615));
#1617=IFCCARTESIANPOINT((-200.,-10.000000199997899,199.999999991978));
#1618=IFCCARTESIANPOINT((-200.,-10.,-8.0799509305506895E-09));
#1619=IFCCARTESIANPOINT((0.,-10.,-8.0217432696372304E-09));
#1620=IFCCARTESIANPOINT((0.,-10.000000199997899,199.999999991978));
#1621=IFCPOLYLOOP((#1617,#1618,#1619,#1620));
#1622=IFCFACEOUTERBOUND(#1621,.T.);
#1623=IFCCARTESIANPOINT((-47.414324509808502,-10.000000138203299,138.20470724239601));
#1624=IFCCARTESIANPOINT((-38.181755584994796,-10.0000001200835,120.08477047775899));
#1625=IFCCARTESIANPOINT((-35.000429144180103,-10.0000000999976,99.998665843384501));
#1626=IFCCARTESIANPOINT((-38.181755584994796,-10.0000000799117,79.912561209013802));
#1627=IFCCARTESIANPOINT((-47.414324509808502,-10.000000061792001,61.792624444373402));
#1628=IFCCARTESIANPOINT((-61.794387745168898,-10.000000047412099,47.412561209013802));
#1629=IFCCARTESIANPOINT((-79.914324509808495,-10.0000000381796,38.179992284200097));
#1630=IFCCARTESIANPOINT((-100.00042914418,-10.000000034998299,34.998665843384501));
#1631=IFCCARTESIANPOINT((-120.086533778552,-10.0000000381796,38.179992284200097));
#1632=IFCCARTESIANPOINT((-138.20647054319099,-10.000000047412099,47.412561209013802));
#1633=IFCCARTESIANPOINT((-152.586533778552,-10.000000061792001,61.792624444373402));
#1634=IFCCARTESIANPOINT((-161.81910270336499,-10.0000000799117,79.912561209013802));
#1635=IFCCARTESIANPOINT((-165.00042914418,-10.0000000999976,99.998665843384501));
#1636=IFCCARTESIANPOINT((-161.81910270336499,-10.0000001200835,120.08477047775899));
#1637=IFCCARTESIANPOINT((-152.586533778552,-10.000000138203299,138.20470724239601));
#1638=IFCCARTESIANPOINT((-138.20647054319099,-10.000000152583199,152.58477047775901));
#1639=IFCCARTESIANPOINT((-120.086533778552,-10.000000161815599,161.817339402573));
#1640=IFCCARTESIANPOINT((-100.00042914418,-10.0000001649969,164.998665843385));
#1641=IFCCARTESIANPOINT((-79.914324509808495,-10.000000161815599,161.817339402573));
#1642=IFCCARTESIANPOINT((-61.794387745168898,-10.000000152583199,152.58477047775901));
#1643=IFCPOLYLOOP((#1623,#1624,#1625,#1626,#1627,#1628,#1629,#1630,#1631,#1632,#1633,#1634,#1635,#1636,#1637,#1638,#1639,#1640,#1641,#1642));
#1644=IFCFACEBOUND(#1643,.T.);
#1645=IFCCARTESIANPOINT((-30.0004291429868,-9.9999985974043302,48.498665838640598));
#1646=IFCCARTESIANPOINT((-20.7504291429868,-9.9999985974054706,46.020135808652398));
#1647=IFCCARTESIANPOINT((-13.978959172974999,-9.9999985974085295,39.248665838640598));
#1648=IFCCARTESIANPOINT((-11.5004291429868,-9.9999985974127394,29.998665838640601));
#1649=IFCCARTESIANPOINT((-13.978959172974999,-9.9999985974169494,20.748665838640601));
#1650=IFCCARTESIANPOINT((-20.7504291429868,-9.9999985974200207,13.977195868628799));
#1651=IFCCARTESIANPOINT((-30.0004291429868,-9.9999985974211505,11.4986658386406));
#1652=IFCCARTESIANPOINT((-39.250429142986803,-9.9999985974200207,13.977195868628799));
#1653=IFCCARTESIANPOINT((-46.021899112998703,-9.9999985974169494,20.748665838640601));
#1654=IFCCARTESIANPOINT((-48.500429142986803,-9.9999985974127394,29.998665838640601));
#1655=IFCCARTESIANPOINT((-46.021899112998703,-9.9999985974085295,39.248665838640598));
#1656=IFCCARTESIANPOINT((-39.250429142986803,-9.9999985974054706,46.020135808652398));
#1657=IFCPOLYLOOP((#1645,#1646,#1647,#1648,#1649,#1650,#1651,#1652,#1653,#1654,#1655,#1656));
#1658=IFCFACEBOUND(#1657,.T.);
#1659=IFCCARTESIANPOINT((-30.000429140432999,-9.9999986386626496,188.49866584418501));
#1660=IFCCARTESIANPOINT((-20.750429140432999,-9.9999986386637794,186.020135814197));
#1661=IFCCARTESIANPOINT((-13.978959170421099,-9.9999986386668507,179.24866584418501));
#1662=IFCCARTESIANPOINT((-11.500429140433001,-9.9999986386710606,169.99866584418501));
#1663=IFCCARTESIANPOINT((-13.978959170421099,-9.9999986386752706,160.74866584418501));
#1664=IFCCARTESIANPOINT((-20.750429140432999,-9.9999986386783295,153.97719587417299));
#1665=IFCCARTESIANPOINT((-46.021899110444799,-9.9999986386752706,160.74866584418501));
#1666=IFCCARTESIANPOINT((-48.500429140432999,-9.9999986386710606,169.99866584418501));
#1667=IFCCARTESIANPOINT((-46.021899110444799,-9.9999986386668507,179.24866584418501));
#1668=IFCCARTESIANPOINT((-39.250429140432999,-9.9999986386637794,186.020135814197));
#1669=IFCPOLYLOOP((#1659,#1660,#1661,#1662,#1663,#1664,#1613,#1612,#1665,#1666,#1667,#1668));
#1670=IFCFACEBOUND(#1669,.T.);
#1671=IFCCARTESIANPOINT((-170.00042914418,-9.9999985961474103,48.498665843384501));
#1672=IFCCARTESIANPOINT((-160.75042914418,-9.99999859614854,46.020135813396301));
#1673=IFCCARTESIANPOINT((-153.97895917416801,-9.9999985961516096,39.248665843384501));
#1674=IFCCARTESIANPOINT((-151.50042914418,-9.9999985961558195,29.998665843384501));
#1675=IFCCARTESIANPOINT((-153.97895917416801,-9.9999985961600295,20.748665843384501));
#1676=IFCCARTESIANPOINT((-160.75042914418,-9.9999985961631008,13.9771958733727));
#1677=IFCCARTESIANPOINT((-170.00042914418,-9.9999985961642306,11.498665843384501));
#1678=IFCCARTESIANPOINT((-179.25042914418,-9.9999985961631008,13.9771958733727));
#1679=IFCCARTESIANPOINT((-186.021899114192,-9.9999985961600295,20.748665843384501));
#1680=IFCCARTESIANPOINT((-188.50042914418,-9.9999985961558195,29.998665843384501));
#1681=IFCCARTESIANPOINT((-186.021899114192,-9.9999985961516096,39.248665843384501));
#1682=IFCCARTESIANPOINT((-179.25042914418,-9.99999859614854,46.020135813396301));
#1683=IFCPOLYLOOP((#1671,#1672,#1673,#1674,#1675,#1676,#1677,#1678,#1679,#1680,#1681,#1682));
#1684=IFCFACEBOUND(#1683,.T.);
#1685=IFCCARTESIANPOINT((-170.00042914167699,-9.9999986374057208,188.49866584892899));
#1686=IFCCARTESIANPOINT((-160.75042914167699,-9.9999986374068595,186.02013581894099));
#1687=IFCCARTESIANPOINT((-153.978959171665,-9.9999986374099308,179.24866584892899));
#1688=IFCCARTESIANPOINT((-151.50042914167699,-9.9999986374141407,169.99866584892899));
#1689=IFCCARTESIANPOINT((-153.978959171665,-9.9999986374183401,160.74866584892899));
#1690=IFCCARTESIANPOINT((-160.75042914167699,-9.9999986374214096,153.977195878917));
#1691=IFCCARTESIANPOINT((-170.00042914167699,-9.99999863742255,151.49866584892899));
#1692=IFCCARTESIANPOINT((-179.25042914167699,-9.9999986374214096,153.977195878917));
#1693=IFCCARTESIANPOINT((-186.02189911168901,-9.9999986374183401,160.74866584892899));
#1694=IFCCARTESIANPOINT((-188.50042914167699,-9.9999986374141407,169.99866584892899));
#1695=IFCCARTESIANPOINT((-186.02189911168901,-9.9999986374099308,179.24866584892899));
#1696=IFCCARTESIANPOINT((-179.25042914167699,-9.9999986374068595,186.02013581894099));
#1697=IFCPOLYLOOP((#1685,#1686,#1687,#1688,#1689,#1690,#1691,#1692,#1693,#1694,#1695,#1696));
#1698=IFCFACEBOUND(#1697,.T.);
#1699=IFCFACE((#1622,#1644,#1658,#1670,#1684,#1698));
#1700=IFCCARTESIANPOINT((-186.02189911168901,-12.9999986373992,179.24866584892899));
#1701=IFCCARTESIANPOINT((-188.50042914167699,-12.9999986374035,169.99866584892899));
#1702=IFCPOLYLOOP((#1700,#1695,#1694,#1701));
#1703=IFCFACEOUTERBOUND(#1702,.T.);
#1704=IFCFACE((#1703));
#1705=IFCCARTESIANPOINT((-179.25042914167699,-12.9999986373962,186.02013581894099));
#1706=IFCPOLYLOOP((#1705,#1696,#1695,#1700));
#1707=IFCFACEOUTERBOUND(#1706,.T.);
#1708=IFCFACE((#1707));
#1709=IFCCARTESIANPOINT((-170.00042914167699,-12.999998637395001,188.49866584892899));
#1710=IFCPOLYLOOP((#1709,#1685,#1696,#1705));
#1711=IFCFACEOUTERBOUND(#1710,.T.);
#1712=IFCFACE((#1711));
#1713=IFCCARTESIANPOINT((-160.75042914167699,-12.9999986373962,186.02013581894099));
#1714=IFCPOLYLOOP((#1713,#1686,#1685,#1709));
#1715=IFCFACEOUTERBOUND(#1714,.T.);
#1716=IFCFACE((#1715));
#1717=IFCCARTESIANPOINT((-153.978959171665,-12.9999986373992,179.24866584892899));
#1718=IFCPOLYLOOP((#1717,#1687,#1686,#1713));
#1719=IFCFACEOUTERBOUND(#1718,.T.);
#1720=IFCFACE((#1719));
#1721=IFCCARTESIANPOINT((-151.50042914167699,-12.9999986374035,169.99866584892899));
#1722=IFCPOLYLOOP((#1721,#1688,#1687,#1717));
#1723=IFCFACEOUTERBOUND(#1722,.T.);
#1724=IFCFACE((#1723));
#1725=IFCCARTESIANPOINT((-153.978959171665,-12.9999986374077,160.74866584892899));
#1726=IFCPOLYLOOP((#1725,#1689,#1688,#1721));
#1727=IFCFACEOUTERBOUND(#1726,.T.);
#1728=IFCFACE((#1727));
#1729=IFCCARTESIANPOINT((-160.75042914167699,-12.9999986374107,153.977195878917));
#1730=IFCPOLYLOOP((#1729,#1690,#1689,#1725));
#1731=IFCFACEOUTERBOUND(#1730,.T.);
#1732=IFCFACE((#1731));
#1733=IFCCARTESIANPOINT((-170.00042914167699,-12.999998637411901,151.49866584892899));
#1734=IFCPOLYLOOP((#1733,#1691,#1690,#1729));
#1735=IFCFACEOUTERBOUND(#1734,.T.);
#1736=IFCFACE((#1735));
#1737=IFCCARTESIANPOINT((-179.25042914167699,-12.9999986374107,153.977195878917));
#1738=IFCPOLYLOOP((#1737,#1692,#1691,#1733));
#1739=IFCFACEOUTERBOUND(#1738,.T.);
#1740=IFCFACE((#1739));
#1741=IFCCARTESIANPOINT((-186.02189911168901,-12.9999986374077,160.74866584892899));
#1742=IFCPOLYLOOP((#1741,#1693,#1692,#1737));
#1743=IFCFACEOUTERBOUND(#1742,.T.);
#1744=IFCFACE((#1743));
#1745=IFCPOLYLOOP((#1701,#1694,#1693,#1741));
#1746=IFCFACEOUTERBOUND(#1745,.T.);
#1747=IFCFACE((#1746));
#1748=IFCPOLYLOOP((#1725,#1721,#1717,#1713,#1709,#1705,#1700,#1701,#1741,#1737,#1733,#1729));
#1749=IFCFACEOUTERBOUND(#1748,.T.);
#1750=IFCCARTESIANPOINT((-170.000429141903,-12.999998637411601,151.99866584405399));
#1751=IFCCARTESIANPOINT((-185.58888641002201,-12.999998637407501,160.99866584405399));
#1752=IFCCARTESIANPOINT((-185.58888641002201,-12.999998637399401,178.99866584405399));
#1753=IFCCARTESIANPOINT((-170.000429141903,-12.999998637395301,187.99866584405399));
#1754=IFCCARTESIANPOINT((-154.41197187378299,-12.999998637399401,178.99866584405399));
#1755=IFCCARTESIANPOINT((-154.41197187378299,-12.999998637407501,160.99866584405399));
#1756=IFCPOLYLOOP((#1750,#1751,#1752,#1753,#1754,#1755));
#1757=IFCFACEBOUND(#1756,.T.);
#1758=IFCFACE((#1749,#1757));
#1759=IFCCARTESIANPOINT((-170.000429141903,-28.999998637338901,187.998665844047));
#1760=IFCCARTESIANPOINT((-154.41197187378299,-28.999998637343001,178.998665844047));
#1761=IFCPOLYLOOP((#1759,#1760,#1754,#1753));
#1762=IFCFACEOUTERBOUND(#1761,.T.);
#1763=IFCFACE((#1762));
#1764=IFCCARTESIANPOINT((-154.41197187378299,-28.999998637351201,160.998665844047));
#1765=IFCPOLYLOOP((#1760,#1764,#1755,#1754));
#1766=IFCFACEOUTERBOUND(#1765,.T.);
#1767=IFCFACE((#1766));
#1768=IFCCARTESIANPOINT((-170.000429141903,-28.999998637355201,151.998665844047));
#1769=IFCPOLYLOOP((#1764,#1768,#1750,#1755));
#1770=IFCFACEOUTERBOUND(#1769,.T.);
#1771=IFCFACE((#1770));
#1772=IFCCARTESIANPOINT((-185.58888641002201,-28.999998637351201,160.998665844047));
#1773=IFCPOLYLOOP((#1768,#1772,#1751,#1750));
#1774=IFCFACEOUTERBOUND(#1773,.T.);
#1775=IFCFACE((#1774));
#1776=IFCCARTESIANPOINT((-185.58888641002201,-28.999998637343001,178.998665844047));
#1777=IFCPOLYLOOP((#1772,#1776,#1752,#1751));
#1778=IFCFACEOUTERBOUND(#1777,.T.);
#1779=IFCFACE((#1778));
#1780=IFCPOLYLOOP((#1776,#1759,#1753,#1752));
#1781=IFCFACEOUTERBOUND(#1780,.T.);
#1782=IFCFACE((#1781));
#1783=IFCPOLYLOOP((#1772,#1768,#1764,#1760,#1759,#1776));
#1784=IFCFACEOUTERBOUND(#1783,.T.);
#1785=IFCCARTESIANPOINT((-170.000429141903,-28.999998637339601,186.498665844047));
#1786=IFCCARTESIANPOINT((-155.71100997945899,-28.9999986373433,178.248665844047));
#1787=IFCCARTESIANPOINT((-155.71100997945899,-28.999998637350799,161.748665844047));
#1788=IFCCARTESIANPOINT((-170.000429141903,-28.999998637354601,153.498665844047));
#1789=IFCCARTESIANPOINT((-184.28984830434601,-28.999998637350799,161.748665844047));
#1790=IFCCARTESIANPOINT((-184.28984830434601,-28.9999986373433,178.248665844047));
#1791=IFCPOLYLOOP((#1785,#1786,#1787,#1788,#1789,#1790));
#1792=IFCFACEBOUND(#1791,.T.);
#1793=IFCFACE((#1784,#1792));
#1794=IFCPOLYLOOP((#1789,#1788,#1787,#1786,#1785,#1790));
#1795=IFCFACEOUTERBOUND(#1794,.T.);
#1796=IFCCARTESIANPOINT((-158.00082270207,-28.999998637347101,169.99862467949399));
#1797=IFCCARTESIANPOINT((-159.60851785665599,-28.999998637349801,163.99862467949399));
#1798=IFCCARTESIANPOINT((-164.00082270207,-28.999998637351801,159.606319834082));
#1799=IFCCARTESIANPOINT((-170.00082270207,-28.999998637352501,157.99862467949399));
#1800=IFCCARTESIANPOINT((-176.00082270207,-28.999998637351801,159.606319834082));
#1801=IFCCARTESIANPOINT((-180.393127547483,-28.999998637349801,163.99862467949399));
#1802=IFCCARTESIANPOINT((-182.00082270207,-28.999998637347101,169.99862467949399));
#1803=IFCCARTESIANPOINT((-180.393127547483,-28.999998637344301,175.99862467949399));
#1804=IFCCARTESIANPOINT((-176.00082270207,-28.999998637342301,180.39092952490699));
#1805=IFCCARTESIANPOINT((-170.00082270207,-28.999998637341601,181.99862467949399));
#1806=IFCCARTESIANPOINT((-164.00082270207,-28.999998637342301,180.39092952490699));
#1807=IFCCARTESIANPOINT((-159.60851785665599,-28.999998637344301,175.99862467949399));
#1808=IFCPOLYLOOP((#1796,#1797,#1798,#1799,#1800,#1801,#1802,#1803,#1804,#1805,#1806,#1807));
#1809=IFCFACEBOUND(#1808,.T.);
#1810=IFCFACE((#1795,#1809));
#1811=IFCCARTESIANPOINT((-170.00082270207,-228.00388441512999,181.99862467940301));
#1812=IFCCARTESIANPOINT((-164.00082270207,-228.00388441512999,180.39092952481599));
#1813=IFCPOLYLOOP((#1806,#1805,#1811,#1812));
#1814=IFCFACEOUTERBOUND(#1813,.T.);
#1815=IFCFACE((#1814));
#1816=IFCCARTESIANPOINT((-176.00082270207,-228.00388441512999,180.39092952481599));
#1817=IFCPOLYLOOP((#1805,#1804,#1816,#1811));
#1818=IFCFACEOUTERBOUND(#1817,.T.);
#1819=IFCFACE((#1818));
#1820=IFCCARTESIANPOINT((-180.393127547483,-228.00388441513201,175.99862467940301));
#1821=IFCPOLYLOOP((#1804,#1803,#1820,#1816));
#1822=IFCFACEOUTERBOUND(#1821,.T.);
#1823=IFCFACE((#1822));
#1824=IFCCARTESIANPOINT((-182.00082270207,-228.00388441513499,169.99862467940301));
#1825=IFCPOLYLOOP((#1803,#1802,#1824,#1820));
#1826=IFCFACEOUTERBOUND(#1825,.T.);
#1827=IFCFACE((#1826));
#1828=IFCCARTESIANPOINT((-180.393127547483,-228.003884415138,163.99862467940301));
#1829=IFCPOLYLOOP((#1802,#1801,#1828,#1824));
#1830=IFCFACEOUTERBOUND(#1829,.T.);
#1831=IFCFACE((#1830));
#1832=IFCCARTESIANPOINT((-176.00082270207,-228.00388441513999,159.60631983399099));
#1833=IFCPOLYLOOP((#1801,#1800,#1832,#1828));
#1834=IFCFACEOUTERBOUND(#1833,.T.);
#1835=IFCFACE((#1834));
#1836=IFCCARTESIANPOINT((-170.00082270207,-228.00388441513999,157.99862467940301));
#1837=IFCPOLYLOOP((#1800,#1799,#1836,#1832));
#1838=IFCFACEOUTERBOUND(#1837,.T.);
#1839=IFCFACE((#1838));
#1840=IFCCARTESIANPOINT((-164.00082270207,-228.00388441513999,159.60631983399099));
#1841=IFCPOLYLOOP((#1799,#1798,#1840,#1836));
#1842=IFCFACEOUTERBOUND(#1841,.T.);
#1843=IFCFACE((#1842));
#1844=IFCCARTESIANPOINT((-159.60851785665599,-228.003884415138,163.99862467940301));
#1845=IFCPOLYLOOP((#1798,#1797,#1844,#1840));
#1846=IFCFACEOUTERBOUND(#1845,.T.);
#1847=IFCFACE((#1846));
#1848=IFCCARTESIANPOINT((-158.00082270207,-228.00388441513499,169.99862467940301));
#1849=IFCPOLYLOOP((#1797,#1796,#1848,#1844));
#1850=IFCFACEOUTERBOUND(#1849,.T.);
#1851=IFCFACE((#1850));
#1852=IFCCARTESIANPOINT((-159.60851785665599,-228.00388441513201,175.99862467940301));
#1853=IFCPOLYLOOP((#1796,#1807,#1852,#1848));
#1854=IFCFACEOUTERBOUND(#1853,.T.);
#1855=IFCFACE((#1854));
#1856=IFCPOLYLOOP((#1807,#1806,#1812,#1852));
#1857=IFCFACEOUTERBOUND(#1856,.T.);
#1858=IFCFACE((#1857));
#1859=IFCCARTESIANPOINT((-184.30120375547301,-228.00388441513101,178.24862467940699));
#1860=IFCCARTESIANPOINT((-170.01178459302901,-228.003884415127,186.49862467940699));
#1861=IFCCARTESIANPOINT((-155.722365430585,-228.00388441513101,178.24862467940699));
#1862=IFCCARTESIANPOINT((-155.722365430585,-228.003884415139,161.74862467940699));
#1863=IFCCARTESIANPOINT((-170.01178459302901,-228.00388441514201,153.49862467940699));
#1864=IFCCARTESIANPOINT((-184.30120375547301,-228.003884415139,161.74862467940699));
#1865=IFCPOLYLOOP((#1859,#1860,#1861,#1862,#1863,#1864));
#1866=IFCFACEOUTERBOUND(#1865,.T.);
#1867=IFCPOLYLOOP((#1824,#1828,#1832,#1836,#1840,#1844,#1848,#1852,#1812,#1811,#1816,#1820));
#1868=IFCFACEBOUND(#1867,.T.);
#1869=IFCFACE((#1866,#1868));
#1870=IFCCARTESIANPOINT((-155.722365430585,-244.003884415139,161.7486246794));
#1871=IFCCARTESIANPOINT((-170.01178459302901,-244.00388441514201,153.4986246794));
#1872=IFCPOLYLOOP((#1862,#1870,#1871,#1863));
#1873=IFCFACEOUTERBOUND(#1872,.T.);
#1874=IFCFACE((#1873));
#1875=IFCCARTESIANPOINT((-188.51178459302901,-244.002919416373,170.00219015971399));
#1876=IFCCARTESIANPOINT((-186.033254563041,-244.002919416368,179.25219015971399));
#1877=IFCCARTESIANPOINT((-179.26178459302901,-244.00291941636499,186.02366012972601));
#1878=IFCCARTESIANPOINT((-170.01178459302901,-244.00291941636399,188.50219015971399));
#1879=IFCCARTESIANPOINT((-160.76178459302901,-244.00291941636499,186.02366012972601));
#1880=IFCCARTESIANPOINT((-153.99031462301701,-244.002919416368,179.25219015971399));
#1881=IFCCARTESIANPOINT((-151.51178459302901,-244.002919416373,170.00219015971399));
#1882=IFCCARTESIANPOINT((-153.99031462301701,-244.00291941637701,160.75219015971399));
#1883=IFCCARTESIANPOINT((-160.76178459302901,-244.00291941638,153.980720189702));
#1884=IFCCARTESIANPOINT((-170.01178459302901,-244.00291941638099,151.50219015971399));
#1885=IFCCARTESIANPOINT((-179.26178459302901,-244.00291941638,153.980720189702));
#1886=IFCCARTESIANPOINT((-186.033254563041,-244.00291941637701,160.75219015971399));
#1887=IFCPOLYLOOP((#1875,#1876,#1877,#1878,#1879,#1880,#1881,#1882,#1883,#1884,#1885,#1886));
#1888=IFCFACEOUTERBOUND(#1887,.T.);
#1889=IFCCARTESIANPOINT((-170.01178459302901,-244.003884415127,186.4986246794));
#1890=IFCCARTESIANPOINT((-184.30120375547301,-244.00388441513101,178.2486246794));
#1891=IFCCARTESIANPOINT((-184.30120375547301,-244.003884415139,161.7486246794));
#1892=IFCCARTESIANPOINT((-155.722365430585,-244.00388441513101,178.2486246794));
#1893=IFCPOLYLOOP((#1889,#1890,#1891,#1871,#1870,#1892));
#1894=IFCFACEBOUND(#1893,.T.);
#1895=IFCFACE((#1888,#1894));
#1896=IFCPOLYLOOP((#1863,#1871,#1891,#1864));
#1897=IFCFACEOUTERBOUND(#1896,.T.);
#1898=IFCFACE((#1897));
#1899=IFCPOLYLOOP((#1864,#1891,#1890,#1859));
#1900=IFCFACEOUTERBOUND(#1899,.T.);
#1901=IFCFACE((#1900));
#1902=IFCPOLYLOOP((#1859,#1890,#1889,#1860));
#1903=IFCFACEOUTERBOUND(#1902,.T.);
#1904=IFCFACE((#1903));
#1905=IFCPOLYLOOP((#1860,#1889,#1892,#1861));
#1906=IFCFACEOUTERBOUND(#1905,.T.);
#1907=IFCFACE((#1906));
#1908=IFCPOLYLOOP((#1861,#1892,#1870,#1862));
#1909=IFCFACEOUTERBOUND(#1908,.T.);
#1910=IFCFACE((#1909));
#1911=IFCCARTESIANPOINT((-179.26178459302901,-247.00291941638,153.980720189702));
#1912=IFCCARTESIANPOINT((-170.01178459302901,-247.00291941638099,151.50219015971399));
#1913=IFCPOLYLOOP((#1911,#1885,#1884,#1912));
#1914=IFCFACEOUTERBOUND(#1913,.T.);
#1915=IFCFACE((#1914));
#1916=IFCCARTESIANPOINT((-186.033254563041,-247.00291941637701,160.75219015971399));
#1917=IFCPOLYLOOP((#1916,#1886,#1885,#1911));
#1918=IFCFACEOUTERBOUND(#1917,.T.);
#1919=IFCFACE((#1918));
#1920=IFCCARTESIANPOINT((-188.51178459302901,-247.002919416373,170.00219015971399));
#1921=IFCPOLYLOOP((#1920,#1875,#1886,#1916));
#1922=IFCFACEOUTERBOUND(#1921,.T.);
#1923=IFCFACE((#1922));
#1924=IFCCARTESIANPOINT((-186.033254563041,-247.002919416368,179.25219015971399));
#1925=IFCPOLYLOOP((#1924,#1876,#1875,#1920));
#1926=IFCFACEOUTERBOUND(#1925,.T.);
#1927=IFCFACE((#1926));
#1928=IFCCARTESIANPOINT((-179.26178459302901,-247.00291941636499,186.02366012972601));
#1929=IFCPOLYLOOP((#1928,#1877,#1876,#1924));
#1930=IFCFACEOUTERBOUND(#1929,.T.);
#1931=IFCFACE((#1930));
#1932=IFCCARTESIANPOINT((-170.01178459302901,-247.00291941636399,188.50219015971399));
#1933=IFCPOLYLOOP((#1932,#1878,#1877,#1928));
#1934=IFCFACEOUTERBOUND(#1933,.T.);
#1935=IFCFACE((#1934));
#1936=IFCCARTESIANPOINT((-160.76178459302901,-247.00291941636499,186.02366012972601));
#1937=IFCPOLYLOOP((#1936,#1879,#1878,#1932));
#1938=IFCFACEOUTERBOUND(#1937,.T.);
#1939=IFCFACE((#1938));
#1940=IFCCARTESIANPOINT((-153.99031462301701,-247.002919416368,179.25219015971399));
#1941=IFCPOLYLOOP((#1940,#1880,#1879,#1936));
#1942=IFCFACEOUTERBOUND(#1941,.T.);
#1943=IFCFACE((#1942));
#1944=IFCCARTESIANPOINT((-151.51178459302901,-247.002919416373,170.00219015971399));
#1945=IFCPOLYLOOP((#1944,#1881,#1880,#1940));
#1946=IFCFACEOUTERBOUND(#1945,.T.);
#1947=IFCFACE((#1946));
#1948=IFCCARTESIANPOINT((-153.99031462301701,-247.00291941637701,160.75219015971399));
#1949=IFCPOLYLOOP((#1948,#1882,#1881,#1944));
#1950=IFCFACEOUTERBOUND(#1949,.T.);
#1951=IFCFACE((#1950));
#1952=IFCCARTESIANPOINT((-160.76178459302901,-247.00291941638,153.980720189702));
#1953=IFCPOLYLOOP((#1952,#1883,#1882,#1948));
#1954=IFCFACEOUTERBOUND(#1953,.T.);
#1955=IFCFACE((#1954));
#1956=IFCPOLYLOOP((#1912,#1884,#1883,#1952));
#1957=IFCFACEOUTERBOUND(#1956,.T.);
#1958=IFCFACE((#1957));
#1959=IFCPOLYLOOP((#1948,#1944,#1940,#1936,#1932,#1928,#1924,#1920,#1916,#1911,#1912,#1952));
#1960=IFCFACEOUTERBOUND(#1959,.T.);
#1961=IFCCARTESIANPOINT((-158.00082270207,-247.002919416373,169.99862467939599));
#1962=IFCCARTESIANPOINT((-159.60851785665599,-247.00291941637499,163.99862467939599));
#1963=IFCCARTESIANPOINT((-164.00082270207,-247.00291941637701,159.60631983398301));
#1964=IFCCARTESIANPOINT((-170.00082270207,-247.00291941637801,157.99862467939599));
#1965=IFCCARTESIANPOINT((-176.00082270207,-247.00291941637701,159.60631983398301));
#1966=IFCCARTESIANPOINT((-180.393127547483,-247.00291941637499,163.99862467939599));
#1967=IFCCARTESIANPOINT((-182.00082270207,-247.002919416373,169.99862467939599));
#1968=IFCCARTESIANPOINT((-180.393127547483,-247.00291941636999,175.99862467939599));
#1969=IFCCARTESIANPOINT((-176.00082270207,-247.002919416368,180.390929524809));
#1970=IFCCARTESIANPOINT((-170.00082270207,-247.00291941636701,181.99862467939599));
#1971=IFCCARTESIANPOINT((-164.00082270207,-247.002919416368,180.390929524809));
#1972=IFCCARTESIANPOINT((-159.60851785665599,-247.00291941636999,175.99862467939599));
#1973=IFCPOLYLOOP((#1961,#1962,#1963,#1964,#1965,#1966,#1967,#1968,#1969,#1970,#1971,#1972));
#1974=IFCFACEBOUND(#1973,.T.);
#1975=IFCFACE((#1960,#1974));
#1976=IFCCARTESIANPOINT((-170.00082270207,-272.00291941636698,181.99862467938499));
#1977=IFCCARTESIANPOINT((-164.00082270207,-272.002919416368,180.390929524798));
#1978=IFCPOLYLOOP((#1976,#1977,#1971,#1970));
#1979=IFCFACEOUTERBOUND(#1978,.T.);
#1980=IFCFACE((#1979));
#1981=IFCCARTESIANPOINT((-159.60851785665599,-272.00291941636999,175.99862467938499));
#1982=IFCPOLYLOOP((#1977,#1981,#1972,#1971));
#1983=IFCFACEOUTERBOUND(#1982,.T.);
#1984=IFCFACE((#1983));
#1985=IFCCARTESIANPOINT((-158.00082270207,-272.002919416373,169.99862467938499));
#1986=IFCPOLYLOOP((#1981,#1985,#1961,#1972));
#1987=IFCFACEOUTERBOUND(#1986,.T.);
#1988=IFCFACE((#1987));
#1989=IFCCARTESIANPOINT((-159.60851785665599,-272.00291941637499,163.99862467938499));
#1990=IFCPOLYLOOP((#1985,#1989,#1962,#1961));
#1991=IFCFACEOUTERBOUND(#1990,.T.);
#1992=IFCFACE((#1991));
#1993=IFCCARTESIANPOINT((-164.00082270207,-272.00291941637698,159.606319833969));
#1994=IFCPOLYLOOP((#1989,#1993,#1963,#1962));
#1995=IFCFACEOUTERBOUND(#1994,.T.);
#1996=IFCFACE((#1995));
#1997=IFCCARTESIANPOINT((-170.00082270207,-272.00291941637801,157.99862467938499));
#1998=IFCPOLYLOOP((#1993,#1997,#1964,#1963));
#1999=IFCFACEOUTERBOUND(#1998,.T.);
#2000=IFCFACE((#1999));
#2001=IFCCARTESIANPOINT((-176.00082270207,-272.00291941637698,159.606319833969));
#2002=IFCPOLYLOOP((#1997,#2001,#1965,#1964));
#2003=IFCFACEOUTERBOUND(#2002,.T.);
#2004=IFCFACE((#2003));
#2005=IFCCARTESIANPOINT((-180.393127547483,-272.00291941637499,163.99862467938499));
#2006=IFCPOLYLOOP((#2001,#2005,#1966,#1965));
#2007=IFCFACEOUTERBOUND(#2006,.T.);
#2008=IFCFACE((#2007));
#2009=IFCCARTESIANPOINT((-182.00082270207,-272.002919416373,169.99862467938499));
#2010=IFCPOLYLOOP((#2005,#2009,#1967,#1966));
#2011=IFCFACEOUTERBOUND(#2010,.T.);
#2012=IFCFACE((#2011));
#2013=IFCCARTESIANPOINT((-180.393127547483,-272.00291941636999,175.99862467938499));
#2014=IFCPOLYLOOP((#2009,#2013,#1968,#1967));
#2015=IFCFACEOUTERBOUND(#2014,.T.);
#2016=IFCFACE((#2015));
#2017=IFCCARTESIANPOINT((-176.00082270207,-272.002919416368,180.390929524798));
#2018=IFCPOLYLOOP((#2013,#2017,#1969,#1968));
#2019=IFCFACEOUTERBOUND(#2018,.T.);
#2020=IFCFACE((#2019));
#2021=IFCPOLYLOOP((#2017,#1976,#1970,#1969));
#2022=IFCFACEOUTERBOUND(#2021,.T.);
#2023=IFCFACE((#2022));
#2024=IFCCARTESIANPOINT((-188.51178459302901,-272.002919416373,170.00219015970299));
#2025=IFCCARTESIANPOINT((-186.033254563041,-272.00291941636902,179.25219015970299));
#2026=IFCCARTESIANPOINT((-179.26178459302901,-272.00291941636499,186.02366012971501));
#2027=IFCCARTESIANPOINT((-170.01178459302901,-272.00291941636402,188.50219015970299));
#2028=IFCCARTESIANPOINT((-160.76178459302901,-272.00291941636499,186.02366012971501));
#2029=IFCCARTESIANPOINT((-153.99031462301701,-272.00291941636902,179.25219015970299));
#2030=IFCCARTESIANPOINT((-151.51178459302901,-272.002919416373,170.00219015970299));
#2031=IFCCARTESIANPOINT((-153.99031462301701,-272.00291941637698,160.75219015970299));
#2032=IFCCARTESIANPOINT((-160.76178459302901,-272.00291941638,153.980720189691));
#2033=IFCCARTESIANPOINT((-170.01178459302901,-272.00291941638102,151.50219015970299));
#2034=IFCCARTESIANPOINT((-179.26178459302901,-272.00291941638,153.980720189691));
#2035=IFCCARTESIANPOINT((-186.033254563041,-272.00291941637698,160.75219015970299));
#2036=IFCPOLYLOOP((#2024,#2025,#2026,#2027,#2028,#2029,#2030,#2031,#2032,#2033,#2034,#2035));
#2037=IFCFACEOUTERBOUND(#2036,.T.);
#2038=IFCPOLYLOOP((#2009,#2005,#2001,#1997,#1993,#1989,#1985,#1981,#1977,#1976,#2017,#2013));
#2039=IFCFACEBOUND(#2038,.T.);
#2040=IFCFACE((#2037,#2039));
#2041=IFCCARTESIANPOINT((-179.26178459302901,-275.00291941638,153.98072018968699));
#2042=IFCCARTESIANPOINT((-170.01178459302901,-275.00291941638102,151.50219015969901));
#2043=IFCPOLYLOOP((#2041,#2034,#2033,#2042));
#2044=IFCFACEOUTERBOUND(#2043,.T.);
#2045=IFCFACE((#2044));
#2046=IFCCARTESIANPOINT((-186.033254563041,-275.00291941637698,160.75219015969901));
#2047=IFCPOLYLOOP((#2046,#2035,#2034,#2041));
#2048=IFCFACEOUTERBOUND(#2047,.T.);
#2049=IFCFACE((#2048));
#2050=IFCCARTESIANPOINT((-188.51178459302901,-275.002919416373,170.00219015969901));
#2051=IFCPOLYLOOP((#2050,#2024,#2035,#2046));
#2052=IFCFACEOUTERBOUND(#2051,.T.);
#2053=IFCFACE((#2052));
#2054=IFCCARTESIANPOINT((-186.033254563041,-275.00291941636902,179.25219015969901));
#2055=IFCPOLYLOOP((#2054,#2025,#2024,#2050));
#2056=IFCFACEOUTERBOUND(#2055,.T.);
#2057=IFCFACE((#2056));
#2058=IFCCARTESIANPOINT((-179.26178459302901,-275.00291941636499,186.023660129711));
#2059=IFCPOLYLOOP((#2058,#2026,#2025,#2054));
#2060=IFCFACEOUTERBOUND(#2059,.T.);
#2061=IFCFACE((#2060));
#2062=IFCCARTESIANPOINT((-170.01178459302901,-275.00291941636402,188.50219015969901));
#2063=IFCPOLYLOOP((#2062,#2027,#2026,#2058));
#2064=IFCFACEOUTERBOUND(#2063,.T.);
#2065=IFCFACE((#2064));
#2066=IFCCARTESIANPOINT((-160.76178459302901,-275.00291941636499,186.023660129711));
#2067=IFCPOLYLOOP((#2066,#2028,#2027,#2062));
#2068=IFCFACEOUTERBOUND(#2067,.T.);
#2069=IFCFACE((#2068));
#2070=IFCCARTESIANPOINT((-153.99031462301701,-275.00291941636902,179.25219015969901));
#2071=IFCPOLYLOOP((#2070,#2029,#2028,#2066));
#2072=IFCFACEOUTERBOUND(#2071,.T.);
#2073=IFCFACE((#2072));
#2074=IFCCARTESIANPOINT((-151.51178459302901,-275.002919416373,170.00219015969901));
#2075=IFCPOLYLOOP((#2074,#2030,#2029,#2070));
#2076=IFCFACEOUTERBOUND(#2075,.T.);
#2077=IFCFACE((#2076));
#2078=IFCCARTESIANPOINT((-153.99031462301701,-275.00291941637698,160.75219015969901));
#2079=IFCPOLYLOOP((#2078,#2031,#2030,#2074));
#2080=IFCFACEOUTERBOUND(#2079,.T.);
#2081=IFCFACE((#2080));
#2082=IFCCARTESIANPOINT((-160.76178459302901,-275.00291941638,153.98072018968699));
#2083=IFCPOLYLOOP((#2082,#2032,#2031,#2078));
#2084=IFCFACEOUTERBOUND(#2083,.T.);
#2085=IFCFACE((#2084));
#2086=IFCPOLYLOOP((#2042,#2033,#2032,#2082));
#2087=IFCFACEOUTERBOUND(#2086,.T.);
#2088=IFCFACE((#2087));
#2089=IFCPOLYLOOP((#2078,#2074,#2070,#2066,#2062,#2058,#2054,#2050,#2046,#2041,#2042,#2082));
#2090=IFCFACEOUTERBOUND(#2089,.T.);
#2091=IFCCARTESIANPOINT((-170.01178459302901,-275.00388441514201,153.49862467938499));
#2092=IFCCARTESIANPOINT((-184.30120375547301,-275.003884415139,161.74862467938499));
#2093=IFCCARTESIANPOINT((-184.30120375547301,-275.00388441513098,178.24862467938499));
#2094=IFCCARTESIANPOINT((-170.01178459302901,-275.003884415127,186.49862467938499));
#2095=IFCCARTESIANPOINT((-155.722365430585,-275.00388441513098,178.24862467938499));
#2096=IFCCARTESIANPOINT((-155.722365430585,-275.003884415139,161.74862467938499));
#2097=IFCPOLYLOOP((#2091,#2092,#2093,#2094,#2095,#2096));
#2098=IFCFACEBOUND(#2097,.T.);
#2099=IFCFACE((#2090,#2098));
#2100=IFCCARTESIANPOINT((-170.01178459302901,-291.003884415127,186.498624679378));
#2101=IFCCARTESIANPOINT((-155.722365430585,-291.00388441513098,178.248624679378));
#2102=IFCPOLYLOOP((#2100,#2101,#2095,#2094));
#2103=IFCFACEOUTERBOUND(#2102,.T.);
#2104=IFCFACE((#2103));
#2105=IFCCARTESIANPOINT((-155.722365430585,-291.003884415139,161.748624679378));
#2106=IFCPOLYLOOP((#2101,#2105,#2096,#2095));
#2107=IFCFACEOUTERBOUND(#2106,.T.);
#2108=IFCFACE((#2107));
#2109=IFCCARTESIANPOINT((-170.01178459302901,-291.00388441514201,153.498624679378));
#2110=IFCPOLYLOOP((#2105,#2109,#2091,#2096));
#2111=IFCFACEOUTERBOUND(#2110,.T.);
#2112=IFCFACE((#2111));
#2113=IFCCARTESIANPOINT((-184.30120375547301,-291.003884415139,161.748624679378));
#2114=IFCPOLYLOOP((#2109,#2113,#2092,#2091));
#2115=IFCFACEOUTERBOUND(#2114,.T.);
#2116=IFCFACE((#2115));
#2117=IFCCARTESIANPOINT((-184.30120375547301,-291.00388441513098,178.248624679378));
#2118=IFCPOLYLOOP((#2113,#2117,#2093,#2092));
#2119=IFCFACEOUTERBOUND(#2118,.T.);
#2120=IFCFACE((#2119));
#2121=IFCPOLYLOOP((#2117,#2100,#2094,#2093));
#2122=IFCFACEOUTERBOUND(#2121,.T.);
#2123=IFCFACE((#2122));
#2124=IFCPOLYLOOP((#2100,#2117,#2113,#2109,#2105,#2101));
#2125=IFCFACEOUTERBOUND(#2124,.T.);
#2126=IFCCARTESIANPOINT((-158.00082270207,-291.00388441513502,169.99862467937399));
#2127=IFCCARTESIANPOINT((-159.60851785665599,-291.00388441513797,163.99862467937399));
#2128=IFCCARTESIANPOINT((-164.00082270207,-291.00388441514002,159.606319833962));
#2129=IFCCARTESIANPOINT((-170.00082270207,-291.00388441514002,157.99862467937399));
#2130=IFCCARTESIANPOINT((-176.00082270207,-291.00388441514002,159.606319833962));
#2131=IFCCARTESIANPOINT((-180.393127547483,-291.00388441513797,163.99862467937399));
#2132=IFCCARTESIANPOINT((-182.00082270207,-291.00388441513502,169.99862467937399));
#2133=IFCCARTESIANPOINT((-180.393127547483,-291.00388441513201,175.99862467937399));
#2134=IFCCARTESIANPOINT((-176.00082270207,-291.00388441513002,180.390929524787));
#2135=IFCCARTESIANPOINT((-170.00082270207,-291.00388441513002,181.99862467937399));
#2136=IFCCARTESIANPOINT((-164.00082270207,-291.00388441513002,180.390929524787));
#2137=IFCCARTESIANPOINT((-159.60851785665599,-291.00388441513201,175.99862467937399));
#2138=IFCPOLYLOOP((#2126,#2127,#2128,#2129,#2130,#2131,#2132,#2133,#2134,#2135,#2136,#2137));
#2139=IFCFACEBOUND(#2138,.T.);
#2140=IFCFACE((#2125,#2139));
#2141=IFCCARTESIANPOINT((-170.00082270207,-301.00388441513098,181.99862467937101));
#2142=IFCCARTESIANPOINT((-164.00082270207,-301.00388441513201,180.39092952478299));
#2143=IFCPOLYLOOP((#2141,#2142,#2136,#2135));
#2144=IFCFACEOUTERBOUND(#2143,.T.);
#2145=IFCFACE((#2144));
#2146=IFCCARTESIANPOINT((-159.60851785665599,-301.003884415134,175.99862467937101));
#2147=IFCPOLYLOOP((#2142,#2146,#2137,#2136));
#2148=IFCFACEOUTERBOUND(#2147,.T.);
#2149=IFCFACE((#2148));
#2150=IFCCARTESIANPOINT((-158.00082270207,-301.00388441513701,169.99862467937101));
#2151=IFCPOLYLOOP((#2146,#2150,#2126,#2137));
#2152=IFCFACEOUTERBOUND(#2151,.T.);
#2153=IFCFACE((#2152));
#2154=IFCCARTESIANPOINT((-159.60851785665599,-301.00388441514002,163.99862467937101));
#2155=IFCPOLYLOOP((#2150,#2154,#2127,#2126));
#2156=IFCFACEOUTERBOUND(#2155,.T.);
#2157=IFCFACE((#2156));
#2158=IFCCARTESIANPOINT((-164.00082270207,-301.00388441514201,159.606319833958));
#2159=IFCPOLYLOOP((#2154,#2158,#2128,#2127));
#2160=IFCFACEOUTERBOUND(#2159,.T.);
#2161=IFCFACE((#2160));
#2162=IFCCARTESIANPOINT((-170.00082270207,-301.00388441514201,157.99862467937101));
#2163=IFCPOLYLOOP((#2158,#2162,#2129,#2128));
#2164=IFCFACEOUTERBOUND(#2163,.T.);
#2165=IFCFACE((#2164));
#2166=IFCCARTESIANPOINT((-176.00082270207,-301.00388441514201,159.606319833958));
#2167=IFCPOLYLOOP((#2162,#2166,#2130,#2129));
#2168=IFCFACEOUTERBOUND(#2167,.T.);
#2169=IFCFACE((#2168));
#2170=IFCCARTESIANPOINT((-180.393127547483,-301.00388441514002,163.99862467937101));
#2171=IFCPOLYLOOP((#2166,#2170,#2131,#2130));
#2172=IFCFACEOUTERBOUND(#2171,.T.);
#2173=IFCFACE((#2172));
#2174=IFCCARTESIANPOINT((-182.00082270207,-301.00388441513701,169.99862467937101));
#2175=IFCPOLYLOOP((#2170,#2174,#2132,#2131));
#2176=IFCFACEOUTERBOUND(#2175,.T.);
#2177=IFCFACE((#2176));
#2178=IFCCARTESIANPOINT((-180.393127547483,-301.003884415134,175.99862467937101));
#2179=IFCPOLYLOOP((#2174,#2178,#2133,#2132));
#2180=IFCFACEOUTERBOUND(#2179,.T.);
#2181=IFCFACE((#2180));
#2182=IFCCARTESIANPOINT((-176.00082270207,-301.00388441513201,180.39092952478299));
#2183=IFCPOLYLOOP((#2178,#2182,#2134,#2133));
#2184=IFCFACEOUTERBOUND(#2183,.T.);
#2185=IFCFACE((#2184));
#2186=IFCPOLYLOOP((#2182,#2141,#2135,#2134));
#2187=IFCFACEOUTERBOUND(#2186,.T.);
#2188=IFCFACE((#2187));
#2189=IFCPOLYLOOP((#2154,#2150,#2146,#2142,#2141,#2182,#2178,#2174,#2170,#2166,#2162,#2158));
#2190=IFCFACEOUTERBOUND(#2189,.T.);
#2191=IFCFACE((#2190));
#2192=IFCCARTESIANPOINT((-186.021899114192,-12.9999985961409,39.248665843384501));
#2193=IFCCARTESIANPOINT((-188.50042914418,-12.999998596145099,29.998665843384501));
#2194=IFCPOLYLOOP((#2192,#1681,#1680,#2193));
#2195=IFCFACEOUTERBOUND(#2194,.T.);
#2196=IFCFACE((#2195));
#2197=IFCCARTESIANPOINT((-179.25042914418,-12.9999985961379,46.020135813396301));
#2198=IFCPOLYLOOP((#2197,#1682,#1681,#2192));
#2199=IFCFACEOUTERBOUND(#2198,.T.);
#2200=IFCFACE((#2199));
#2201=IFCCARTESIANPOINT((-170.00042914418,-12.999998596136701,48.498665843384501));
#2202=IFCPOLYLOOP((#2201,#1671,#1682,#2197));
#2203=IFCFACEOUTERBOUND(#2202,.T.);
#2204=IFCFACE((#2203));
#2205=IFCCARTESIANPOINT((-160.75042914418,-12.9999985961379,46.020135813396301));
#2206=IFCPOLYLOOP((#2205,#1672,#1671,#2201));
#2207=IFCFACEOUTERBOUND(#2206,.T.);
#2208=IFCFACE((#2207));
#2209=IFCCARTESIANPOINT((-153.97895917416801,-12.9999985961409,39.248665843384501));
#2210=IFCPOLYLOOP((#2209,#1673,#1672,#2205));
#2211=IFCFACEOUTERBOUND(#2210,.T.);
#2212=IFCFACE((#2211));
#2213=IFCCARTESIANPOINT((-151.50042914418,-12.999998596145099,29.998665843384501));
#2214=IFCPOLYLOOP((#2213,#1674,#1673,#2209));
#2215=IFCFACEOUTERBOUND(#2214,.T.);
#2216=IFCFACE((#2215));
#2217=IFCCARTESIANPOINT((-153.97895917416801,-12.9999985961493,20.748665843384501));
#2218=IFCPOLYLOOP((#2217,#1675,#1674,#2213));
#2219=IFCFACEOUTERBOUND(#2218,.T.);
#2220=IFCFACE((#2219));
#2221=IFCCARTESIANPOINT((-160.75042914418,-12.9999985961524,13.9771958733727));
#2222=IFCPOLYLOOP((#2221,#1676,#1675,#2217));
#2223=IFCFACEOUTERBOUND(#2222,.T.);
#2224=IFCFACE((#2223));
#2225=IFCCARTESIANPOINT((-170.00042914418,-12.9999985961535,11.498665843384501));
#2226=IFCPOLYLOOP((#2225,#1677,#1676,#2221));
#2227=IFCFACEOUTERBOUND(#2226,.T.);
#2228=IFCFACE((#2227));
#2229=IFCCARTESIANPOINT((-179.25042914418,-12.9999985961524,13.9771958733727));
#2230=IFCPOLYLOOP((#2229,#1678,#1677,#2225));
#2231=IFCFACEOUTERBOUND(#2230,.T.);
#2232=IFCFACE((#2231));
#2233=IFCCARTESIANPOINT((-186.021899114192,-12.9999985961493,20.748665843384501));
#2234=IFCPOLYLOOP((#2233,#1679,#1678,#2229));
#2235=IFCFACEOUTERBOUND(#2234,.T.);
#2236=IFCFACE((#2235));
#2237=IFCPOLYLOOP((#2193,#1680,#1679,#2233));
#2238=IFCFACEOUTERBOUND(#2237,.T.);
#2239=IFCFACE((#2238));
#2240=IFCPOLYLOOP((#2217,#2213,#2209,#2205,#2201,#2197,#2192,#2193,#2233,#2229,#2225,#2221));
#2241=IFCFACEOUTERBOUND(#2240,.T.);
#2242=IFCCARTESIANPOINT((-170.000429144398,-12.9999985961369,47.998665838516899));
#2243=IFCCARTESIANPOINT((-154.41197187627901,-12.999998596140999,38.998665838516899));
#2244=IFCCARTESIANPOINT((-154.41197187627901,-12.999998596149201,20.998665838516899));
#2245=IFCCARTESIANPOINT((-170.000429144398,-12.999998596153301,11.998665838516899));
#2246=IFCCARTESIANPOINT((-185.58888641251801,-12.999998596149201,20.998665838516899));
#2247=IFCCARTESIANPOINT((-185.58888641251801,-12.999998596140999,38.998665838516899));
#2248=IFCPOLYLOOP((#2242,#2243,#2244,#2245,#2246,#2247));
#2249=IFCFACEBOUND(#2248,.T.);
#2250=IFCFACE((#2241,#2249));
#2251=IFCCARTESIANPOINT((-185.58888641251801,-28.999998596094699,20.998665838509599));
#2252=IFCCARTESIANPOINT((-170.000429144398,-28.999998596098699,11.9986658385096));
#2253=IFCPOLYLOOP((#2251,#2246,#2245,#2252));
#2254=IFCFACEOUTERBOUND(#2253,.T.);
#2255=IFCFACE((#2254));
#2256=IFCCARTESIANPOINT((-185.58888641251801,-28.999998596086499,38.998665838509602));
#2257=IFCPOLYLOOP((#2256,#2247,#2246,#2251));
#2258=IFCFACEOUTERBOUND(#2257,.T.);
#2259=IFCFACE((#2258));
#2260=IFCCARTESIANPOINT((-170.000429144398,-28.999998596082399,47.998665838509602));
#2261=IFCPOLYLOOP((#2260,#2242,#2247,#2256));
#2262=IFCFACEOUTERBOUND(#2261,.T.);
#2263=IFCFACE((#2262));
#2264=IFCCARTESIANPOINT((-154.41197187627901,-28.999998596086499,38.998665838509602));
#2265=IFCPOLYLOOP((#2264,#2243,#2242,#2260));
#2266=IFCFACEOUTERBOUND(#2265,.T.);
#2267=IFCFACE((#2266));
#2268=IFCCARTESIANPOINT((-154.41197187627901,-28.999998596094699,20.998665838509599));
#2269=IFCPOLYLOOP((#2268,#2244,#2243,#2264));
#2270=IFCFACEOUTERBOUND(#2269,.T.);
#2271=IFCFACE((#2270));
#2272=IFCPOLYLOOP((#2252,#2245,#2244,#2268));
#2273=IFCFACEOUTERBOUND(#2272,.T.);
#2274=IFCFACE((#2273));
#2275=IFCPOLYLOOP((#2251,#2252,#2268,#2264,#2260,#2256));
#2276=IFCFACEOUTERBOUND(#2275,.T.);
#2277=IFCCARTESIANPOINT((-158.00082270205499,-28.999998596090599,29.998624676176401));
#2278=IFCCARTESIANPOINT((-159.60851785664201,-28.999998596093299,23.998624676176401));
#2279=IFCCARTESIANPOINT((-164.00082270205499,-28.999998596095299,19.606319830763798));
#2280=IFCCARTESIANPOINT((-170.00082270205499,-28.999998596095999,17.998624676176401));
#2281=IFCCARTESIANPOINT((-176.00082270205499,-28.999998596095299,19.606319830763798));
#2282=IFCCARTESIANPOINT((-180.39312754746899,-28.999998596093299,23.998624676176401));
#2283=IFCCARTESIANPOINT((-182.00082270205499,-28.999998596090599,29.998624676176401));
#2284=IFCCARTESIANPOINT((-180.39312754746899,-28.999998596087799,35.998624676176398));
#2285=IFCCARTESIANPOINT((-176.00082270205499,-28.999998596085799,40.390929521589001));
#2286=IFCCARTESIANPOINT((-170.00082270205499,-28.999998596085099,41.998624676176398));
#2287=IFCCARTESIANPOINT((-164.00082270205499,-28.999998596085799,40.390929521589001));
#2288=IFCCARTESIANPOINT((-159.60851785664201,-28.999998596087799,35.998624676176398));
#2289=IFCPOLYLOOP((#2277,#2278,#2279,#2280,#2281,#2282,#2283,#2284,#2285,#2286,#2287,#2288));
#2290=IFCFACEBOUND(#2289,.T.);
#2291=IFCFACE((#2276,#2290));
#2292=IFCCARTESIANPOINT((-170.00082270205499,-228.003884415193,41.998624676085498));
#2293=IFCCARTESIANPOINT((-164.00082270205499,-228.00388441519399,40.390929521498002));
#2294=IFCPOLYLOOP((#2287,#2286,#2292,#2293));
#2295=IFCFACEOUTERBOUND(#2294,.T.);
#2296=IFCFACE((#2295));
#2297=IFCCARTESIANPOINT((-176.00082270205499,-228.00388441519399,40.390929521498002));
#2298=IFCPOLYLOOP((#2286,#2285,#2297,#2292));
#2299=IFCFACEOUTERBOUND(#2298,.T.);
#2300=IFCFACE((#2299));
#2301=IFCCARTESIANPOINT((-180.39312754746899,-228.00388441519601,35.998624676085498));
#2302=IFCPOLYLOOP((#2285,#2284,#2301,#2297));
#2303=IFCFACEOUTERBOUND(#2302,.T.);
#2304=IFCFACE((#2303));
#2305=IFCCARTESIANPOINT((-182.00082270205499,-228.003884415199,29.998624676085502));
#2306=IFCPOLYLOOP((#2284,#2283,#2305,#2301));
#2307=IFCFACEOUTERBOUND(#2306,.T.);
#2308=IFCFACE((#2307));
#2309=IFCCARTESIANPOINT((-180.39312754746899,-228.00388441520099,23.998624676085502));
#2310=IFCPOLYLOOP((#2283,#2282,#2309,#2305));
#2311=IFCFACEOUTERBOUND(#2310,.T.);
#2312=IFCFACE((#2311));
#2313=IFCCARTESIANPOINT((-176.00082270205499,-228.003884415203,19.606319830672899));
#2314=IFCPOLYLOOP((#2282,#2281,#2313,#2309));
#2315=IFCFACEOUTERBOUND(#2314,.T.);
#2316=IFCFACE((#2315));
#2317=IFCCARTESIANPOINT((-170.00082270205499,-228.003884415204,17.998624676085502));
#2318=IFCPOLYLOOP((#2281,#2280,#2317,#2313));
#2319=IFCFACEOUTERBOUND(#2318,.T.);
#2320=IFCFACE((#2319));
#2321=IFCCARTESIANPOINT((-164.00082270205499,-228.003884415203,19.606319830672899));
#2322=IFCPOLYLOOP((#2280,#2279,#2321,#2317));
#2323=IFCFACEOUTERBOUND(#2322,.T.);
#2324=IFCFACE((#2323));
#2325=IFCCARTESIANPOINT((-159.60851785664201,-228.00388441520099,23.998624676085502));
#2326=IFCPOLYLOOP((#2279,#2278,#2325,#2321));
#2327=IFCFACEOUTERBOUND(#2326,.T.);
#2328=IFCFACE((#2327));
#2329=IFCCARTESIANPOINT((-158.00082270205499,-228.003884415199,29.998624676085502));
#2330=IFCPOLYLOOP((#2278,#2277,#2329,#2325));
#2331=IFCFACEOUTERBOUND(#2330,.T.);
#2332=IFCFACE((#2331));
#2333=IFCCARTESIANPOINT((-159.60851785664201,-228.00388441519601,35.998624676085498));
#2334=IFCPOLYLOOP((#2277,#2288,#2333,#2329));
#2335=IFCFACEOUTERBOUND(#2334,.T.);
#2336=IFCFACE((#2335));
#2337=IFCPOLYLOOP((#2288,#2287,#2293,#2333));
#2338=IFCFACEOUTERBOUND(#2337,.T.);
#2339=IFCFACE((#2338));
#2340=IFCCARTESIANPOINT((-184.30120375547301,-228.00388441519499,38.248624679406902));
#2341=IFCCARTESIANPOINT((-170.01178459302901,-228.00388441519101,46.498624679406902));
#2342=IFCCARTESIANPOINT((-155.722365430585,-228.00388441519499,38.248624679406902));
#2343=IFCCARTESIANPOINT((-155.722365430585,-228.00388441520201,21.748624679406898));
#2344=IFCCARTESIANPOINT((-170.01178459302901,-228.00388441520599,13.4986246794069));
#2345=IFCCARTESIANPOINT((-184.30120375547301,-228.00388441520201,21.748624679406898));
#2346=IFCPOLYLOOP((#2340,#2341,#2342,#2343,#2344,#2345));
#2347=IFCFACEOUTERBOUND(#2346,.T.);
#2348=IFCPOLYLOOP((#2305,#2309,#2313,#2317,#2321,#2325,#2329,#2333,#2293,#2292,#2297,#2301));
#2349=IFCFACEBOUND(#2348,.T.);
#2350=IFCFACE((#2347,#2349));
#2351=IFCCARTESIANPOINT((-155.722365430585,-244.00388441520201,21.7486246793997));
#2352=IFCCARTESIANPOINT((-170.01178459302901,-244.00388441520599,13.4986246793997));
#2353=IFCPOLYLOOP((#2343,#2351,#2352,#2344));
#2354=IFCFACEOUTERBOUND(#2353,.T.);
#2355=IFCFACE((#2354));
#2356=IFCCARTESIANPOINT((-188.51178459302901,-244.00291941643599,30.002190159713798));
#2357=IFCCARTESIANPOINT((-186.033254563041,-244.00291941643201,39.252190159713798));
#2358=IFCCARTESIANPOINT((-179.26178459302901,-244.00291941642899,46.023660129725599));
#2359=IFCCARTESIANPOINT((-170.01178459302901,-244.002919416428,48.502190159713798));
#2360=IFCCARTESIANPOINT((-160.76178459302901,-244.00291941642899,46.023660129725599));
#2361=IFCCARTESIANPOINT((-153.99031462301701,-244.00291941643201,39.252190159713798));
#2362=IFCCARTESIANPOINT((-151.51178459302901,-244.00291941643599,30.002190159713798));
#2363=IFCCARTESIANPOINT((-153.99031462301701,-244.00291941643999,20.752190159713798));
#2364=IFCCARTESIANPOINT((-160.76178459302901,-244.002919416444,13.980720189702));
#2365=IFCCARTESIANPOINT((-170.01178459302901,-244.002919416445,11.5021901597138));
#2366=IFCCARTESIANPOINT((-179.26178459302901,-244.002919416444,13.980720189702));
#2367=IFCCARTESIANPOINT((-186.033254563041,-244.00291941643999,20.752190159713798));
#2368=IFCPOLYLOOP((#2356,#2357,#2358,#2359,#2360,#2361,#2362,#2363,#2364,#2365,#2366,#2367));
#2369=IFCFACEOUTERBOUND(#2368,.T.);
#2370=IFCCARTESIANPOINT((-170.01178459302901,-244.00388441519101,46.498624679399697));
#2371=IFCCARTESIANPOINT((-184.30120375547301,-244.00388441519499,38.248624679399697));
#2372=IFCCARTESIANPOINT((-184.30120375547301,-244.00388441520201,21.7486246793997));
#2373=IFCCARTESIANPOINT((-155.722365430585,-244.00388441519499,38.248624679399697));
#2374=IFCPOLYLOOP((#2370,#2371,#2372,#2352,#2351,#2373));
#2375=IFCFACEBOUND(#2374,.T.);
#2376=IFCFACE((#2369,#2375));
#2377=IFCPOLYLOOP((#2344,#2352,#2372,#2345));
#2378=IFCFACEOUTERBOUND(#2377,.T.);
#2379=IFCFACE((#2378));
#2380=IFCPOLYLOOP((#2345,#2372,#2371,#2340));
#2381=IFCFACEOUTERBOUND(#2380,.T.);
#2382=IFCFACE((#2381));
#2383=IFCPOLYLOOP((#2340,#2371,#2370,#2341));
#2384=IFCFACEOUTERBOUND(#2383,.T.);
#2385=IFCFACE((#2384));
#2386=IFCPOLYLOOP((#2341,#2370,#2373,#2342));
#2387=IFCFACEOUTERBOUND(#2386,.T.);
#2388=IFCFACE((#2387));
#2389=IFCPOLYLOOP((#2342,#2373,#2351,#2343));
#2390=IFCFACEOUTERBOUND(#2389,.T.);
#2391=IFCFACE((#2390));
#2392=IFCCARTESIANPOINT((-179.26178459302901,-247.002919416444,13.980720189702));
#2393=IFCCARTESIANPOINT((-170.01178459302901,-247.002919416445,11.5021901597138));
#2394=IFCPOLYLOOP((#2392,#2366,#2365,#2393));
#2395=IFCFACEOUTERBOUND(#2394,.T.);
#2396=IFCFACE((#2395));
#2397=IFCCARTESIANPOINT((-186.033254563041,-247.00291941643999,20.752190159713798));
#2398=IFCPOLYLOOP((#2397,#2367,#2366,#2392));
#2399=IFCFACEOUTERBOUND(#2398,.T.);
#2400=IFCFACE((#2399));
#2401=IFCCARTESIANPOINT((-188.51178459302901,-247.00291941643599,30.002190159713798));
#2402=IFCPOLYLOOP((#2401,#2356,#2367,#2397));
#2403=IFCFACEOUTERBOUND(#2402,.T.);
#2404=IFCFACE((#2403));
#2405=IFCCARTESIANPOINT((-186.033254563041,-247.00291941643201,39.252190159713798));
#2406=IFCPOLYLOOP((#2405,#2357,#2356,#2401));
#2407=IFCFACEOUTERBOUND(#2406,.T.);
#2408=IFCFACE((#2407));
#2409=IFCCARTESIANPOINT((-179.26178459302901,-247.00291941642899,46.023660129725599));
#2410=IFCPOLYLOOP((#2409,#2358,#2357,#2405));
#2411=IFCFACEOUTERBOUND(#2410,.T.);
#2412=IFCFACE((#2411));
#2413=IFCCARTESIANPOINT((-170.01178459302901,-247.002919416428,48.502190159713798));
#2414=IFCPOLYLOOP((#2413,#2359,#2358,#2409));
#2415=IFCFACEOUTERBOUND(#2414,.T.);
#2416=IFCFACE((#2415));
#2417=IFCCARTESIANPOINT((-160.76178459302901,-247.00291941642899,46.023660129725599));
#2418=IFCPOLYLOOP((#2417,#2360,#2359,#2413));
#2419=IFCFACEOUTERBOUND(#2418,.T.);
#2420=IFCFACE((#2419));
#2421=IFCCARTESIANPOINT((-153.99031462301701,-247.00291941643201,39.252190159713798));
#2422=IFCPOLYLOOP((#2421,#2361,#2360,#2417));
#2423=IFCFACEOUTERBOUND(#2422,.T.);
#2424=IFCFACE((#2423));
#2425=IFCCARTESIANPOINT((-151.51178459302901,-247.00291941643599,30.002190159713798));
#2426=IFCPOLYLOOP((#2425,#2362,#2361,#2421));
#2427=IFCFACEOUTERBOUND(#2426,.T.);
#2428=IFCFACE((#2427));
#2429=IFCCARTESIANPOINT((-153.99031462301701,-247.00291941643999,20.752190159713798));
#2430=IFCPOLYLOOP((#2429,#2363,#2362,#2425));
#2431=IFCFACEOUTERBOUND(#2430,.T.);
#2432=IFCFACE((#2431));
#2433=IFCCARTESIANPOINT((-160.76178459302901,-247.002919416444,13.980720189702));
#2434=IFCPOLYLOOP((#2433,#2364,#2363,#2429));
#2435=IFCFACEOUTERBOUND(#2434,.T.);
#2436=IFCFACE((#2435));
#2437=IFCPOLYLOOP((#2393,#2365,#2364,#2433));
#2438=IFCFACEOUTERBOUND(#2437,.T.);
#2439=IFCFACE((#2438));
#2440=IFCPOLYLOOP((#2429,#2425,#2421,#2417,#2413,#2409,#2405,#2401,#2397,#2392,#2393,#2433));
#2441=IFCFACEOUTERBOUND(#2440,.T.);
#2442=IFCCARTESIANPOINT((-158.00082270205499,-247.00291941643599,29.998624676078201));
#2443=IFCCARTESIANPOINT((-159.60851785664201,-247.002919416439,23.998624676078201));
#2444=IFCCARTESIANPOINT((-164.00082270205499,-247.00291941644099,19.606319830665601));
#2445=IFCCARTESIANPOINT((-170.00082270205499,-247.00291941644201,17.998624676078201));
#2446=IFCCARTESIANPOINT((-176.00082270205499,-247.00291941644099,19.606319830665601));
#2447=IFCCARTESIANPOINT((-180.39312754746899,-247.002919416439,23.998624676078201));
#2448=IFCCARTESIANPOINT((-182.00082270205499,-247.00291941643599,29.998624676078201));
#2449=IFCCARTESIANPOINT((-180.39312754746899,-247.002919416434,35.998624676078201));
#2450=IFCCARTESIANPOINT((-176.00082270205499,-247.00291941643101,40.390929521490797));
#2451=IFCCARTESIANPOINT((-170.00082270205499,-247.00291941643101,41.998624676078201));
#2452=IFCCARTESIANPOINT((-164.00082270205499,-247.00291941643101,40.390929521490797));
#2453=IFCCARTESIANPOINT((-159.60851785664201,-247.002919416434,35.998624676078201));
#2454=IFCPOLYLOOP((#2442,#2443,#2444,#2445,#2446,#2447,#2448,#2449,#2450,#2451,#2452,#2453));
#2455=IFCFACEBOUND(#2454,.T.);
#2456=IFCFACE((#2441,#2455));
#2457=IFCCARTESIANPOINT((-170.00082270205499,-272.00291941643098,41.998624676067301));
#2458=IFCCARTESIANPOINT((-164.00082270205499,-272.00291941643098,40.390929521479798));
#2459=IFCPOLYLOOP((#2457,#2458,#2452,#2451));
#2460=IFCFACEOUTERBOUND(#2459,.T.);
#2461=IFCFACE((#2460));
#2462=IFCCARTESIANPOINT((-159.60851785664201,-272.002919416434,35.998624676067301));
#2463=IFCPOLYLOOP((#2458,#2462,#2453,#2452));
#2464=IFCFACEOUTERBOUND(#2463,.T.);
#2465=IFCFACE((#2464));
#2466=IFCCARTESIANPOINT((-158.00082270205499,-272.00291941643599,29.998624676067301));
#2467=IFCPOLYLOOP((#2462,#2466,#2442,#2453));
#2468=IFCFACEOUTERBOUND(#2467,.T.);
#2469=IFCFACE((#2468));
#2470=IFCCARTESIANPOINT((-159.60851785664201,-272.002919416439,23.998624676067301));
#2471=IFCPOLYLOOP((#2466,#2470,#2443,#2442));
#2472=IFCFACEOUTERBOUND(#2471,.T.);
#2473=IFCFACE((#2472));
#2474=IFCCARTESIANPOINT((-164.00082270205499,-272.00291941644099,19.606319830651));
#2475=IFCPOLYLOOP((#2470,#2474,#2444,#2443));
#2476=IFCFACEOUTERBOUND(#2475,.T.);
#2477=IFCFACE((#2476));
#2478=IFCCARTESIANPOINT((-170.00082270205499,-272.00291941644201,17.998624676067301));
#2479=IFCPOLYLOOP((#2474,#2478,#2445,#2444));
#2480=IFCFACEOUTERBOUND(#2479,.T.);
#2481=IFCFACE((#2480));
#2482=IFCCARTESIANPOINT((-176.00082270205499,-272.00291941644099,19.606319830651));
#2483=IFCPOLYLOOP((#2478,#2482,#2446,#2445));
#2484=IFCFACEOUTERBOUND(#2483,.T.);
#2485=IFCFACE((#2484));
#2486=IFCCARTESIANPOINT((-180.39312754746899,-272.002919416439,23.998624676067301));
#2487=IFCPOLYLOOP((#2482,#2486,#2447,#2446));
#2488=IFCFACEOUTERBOUND(#2487,.T.);
#2489=IFCFACE((#2488));
#2490=IFCCARTESIANPOINT((-182.00082270205499,-272.00291941643599,29.998624676067301));
#2491=IFCPOLYLOOP((#2486,#2490,#2448,#2447));
#2492=IFCFACEOUTERBOUND(#2491,.T.);
#2493=IFCFACE((#2492));
#2494=IFCCARTESIANPOINT((-180.39312754746899,-272.002919416434,35.998624676067301));
#2495=IFCPOLYLOOP((#2490,#2494,#2449,#2448));
#2496=IFCFACEOUTERBOUND(#2495,.T.);
#2497=IFCFACE((#2496));
#2498=IFCCARTESIANPOINT((-176.00082270205499,-272.00291941643098,40.390929521479798));
#2499=IFCPOLYLOOP((#2494,#2498,#2450,#2449));
#2500=IFCFACEOUTERBOUND(#2499,.T.);
#2501=IFCFACE((#2500));
#2502=IFCPOLYLOOP((#2498,#2457,#2451,#2450));
#2503=IFCFACEOUTERBOUND(#2502,.T.);
#2504=IFCFACE((#2503));
#2505=IFCCARTESIANPOINT((-188.51178459302901,-272.00291941643599,30.002190159702899));
#2506=IFCCARTESIANPOINT((-186.033254563041,-272.00291941643201,39.252190159702899));
#2507=IFCCARTESIANPOINT((-179.26178459302901,-272.00291941642899,46.023660129714699));
#2508=IFCCARTESIANPOINT((-170.01178459302901,-272.00291941642803,48.502190159702899));
#2509=IFCCARTESIANPOINT((-160.76178459302901,-272.00291941642899,46.023660129714699));
#2510=IFCCARTESIANPOINT((-153.99031462301701,-272.00291941643201,39.252190159702899));
#2511=IFCCARTESIANPOINT((-151.51178459302901,-272.00291941643599,30.002190159702899));
#2512=IFCCARTESIANPOINT((-153.99031462301701,-272.00291941644002,20.752190159702899));
#2513=IFCCARTESIANPOINT((-160.76178459302901,-272.002919416444,13.9807201896911));
#2514=IFCCARTESIANPOINT((-170.01178459302901,-272.00291941644502,11.5021901597029));
#2515=IFCCARTESIANPOINT((-179.26178459302901,-272.002919416444,13.9807201896911));
#2516=IFCCARTESIANPOINT((-186.033254563041,-272.00291941644002,20.752190159702899));
#2517=IFCPOLYLOOP((#2505,#2506,#2507,#2508,#2509,#2510,#2511,#2512,#2513,#2514,#2515,#2516));
#2518=IFCFACEOUTERBOUND(#2517,.T.);
#2519=IFCPOLYLOOP((#2490,#2486,#2482,#2478,#2474,#2470,#2466,#2462,#2458,#2457,#2498,#2494));
#2520=IFCFACEBOUND(#2519,.T.);
#2521=IFCFACE((#2518,#2520));
#2522=IFCCARTESIANPOINT((-179.26178459302901,-275.002919416444,13.9807201896874));
#2523=IFCCARTESIANPOINT((-170.01178459302901,-275.00291941644502,11.5021901596992));
#2524=IFCPOLYLOOP((#2522,#2515,#2514,#2523));
#2525=IFCFACEOUTERBOUND(#2524,.T.);
#2526=IFCFACE((#2525));
#2527=IFCCARTESIANPOINT((-186.033254563041,-275.00291941644002,20.7521901596992));
#2528=IFCPOLYLOOP((#2527,#2516,#2515,#2522));
#2529=IFCFACEOUTERBOUND(#2528,.T.);
#2530=IFCFACE((#2529));
#2531=IFCCARTESIANPOINT((-188.51178459302901,-275.00291941643599,30.0021901596992));
#2532=IFCPOLYLOOP((#2531,#2505,#2516,#2527));
#2533=IFCFACEOUTERBOUND(#2532,.T.);
#2534=IFCFACE((#2533));
#2535=IFCCARTESIANPOINT((-186.033254563041,-275.00291941643201,39.252190159699197));
#2536=IFCPOLYLOOP((#2535,#2506,#2505,#2531));
#2537=IFCFACEOUTERBOUND(#2536,.T.);
#2538=IFCFACE((#2537));
#2539=IFCCARTESIANPOINT((-179.26178459302901,-275.00291941642899,46.023660129711097));
#2540=IFCPOLYLOOP((#2539,#2507,#2506,#2535));
#2541=IFCFACEOUTERBOUND(#2540,.T.);
#2542=IFCFACE((#2541));
#2543=IFCCARTESIANPOINT((-170.01178459302901,-275.00291941642803,48.502190159699197));
#2544=IFCPOLYLOOP((#2543,#2508,#2507,#2539));
#2545=IFCFACEOUTERBOUND(#2544,.T.);
#2546=IFCFACE((#2545));
#2547=IFCCARTESIANPOINT((-160.76178459302901,-275.00291941642899,46.023660129711097));
#2548=IFCPOLYLOOP((#2547,#2509,#2508,#2543));
#2549=IFCFACEOUTERBOUND(#2548,.T.);
#2550=IFCFACE((#2549));
#2551=IFCCARTESIANPOINT((-153.99031462301701,-275.00291941643201,39.252190159699197));
#2552=IFCPOLYLOOP((#2551,#2510,#2509,#2547));
#2553=IFCFACEOUTERBOUND(#2552,.T.);
#2554=IFCFACE((#2553));
#2555=IFCCARTESIANPOINT((-151.51178459302901,-275.00291941643599,30.0021901596992));
#2556=IFCPOLYLOOP((#2555,#2511,#2510,#2551));
#2557=IFCFACEOUTERBOUND(#2556,.T.);
#2558=IFCFACE((#2557));
#2559=IFCCARTESIANPOINT((-153.99031462301701,-275.00291941644002,20.7521901596992));
#2560=IFCPOLYLOOP((#2559,#2512,#2511,#2555));
#2561=IFCFACEOUTERBOUND(#2560,.T.);
#2562=IFCFACE((#2561));
#2563=IFCCARTESIANPOINT((-160.76178459302901,-275.002919416444,13.9807201896874));
#2564=IFCPOLYLOOP((#2563,#2513,#2512,#2559));
#2565=IFCFACEOUTERBOUND(#2564,.T.);
#2566=IFCFACE((#2565));
#2567=IFCPOLYLOOP((#2523,#2514,#2513,#2563));
#2568=IFCFACEOUTERBOUND(#2567,.T.);
#2569=IFCFACE((#2568));
#2570=IFCPOLYLOOP((#2559,#2555,#2551,#2547,#2543,#2539,#2535,#2531,#2527,#2522,#2523,#2563));
#2571=IFCFACEOUTERBOUND(#2570,.T.);
#2572=IFCCARTESIANPOINT((-170.01178459302901,-275.00388441519101,46.498624679385102));
#2573=IFCCARTESIANPOINT((-155.722365430585,-275.00388441519499,38.248624679385102));
#2574=IFCCARTESIANPOINT((-155.722365430585,-275.00388441520198,21.748624679385099));
#2575=IFCCARTESIANPOINT((-170.01178459302901,-275.00388441520602,13.498624679385101));
#2576=IFCCARTESIANPOINT((-184.30120375547301,-275.00388441520198,21.748624679385099));
#2577=IFCCARTESIANPOINT((-184.30120375547301,-275.00388441519499,38.248624679385102));
#2578=IFCPOLYLOOP((#2572,#2573,#2574,#2575,#2576,#2577));
#2579=IFCFACEBOUND(#2578,.T.);
#2580=IFCFACE((#2571,#2579));
#2581=IFCCARTESIANPOINT((-184.30120375547301,-291.00388441520198,21.748624679377802));
#2582=IFCCARTESIANPOINT((-170.01178459302901,-291.00388441520602,13.4986246793778));
#2583=IFCPOLYLOOP((#2581,#2576,#2575,#2582));
#2584=IFCFACEOUTERBOUND(#2583,.T.);
#2585=IFCFACE((#2584));
#2586=IFCCARTESIANPOINT((-184.30120375547301,-291.00388441519499,38.248624679377798));
#2587=IFCPOLYLOOP((#2586,#2577,#2576,#2581));
#2588=IFCFACEOUTERBOUND(#2587,.T.);
#2589=IFCFACE((#2588));
#2590=IFCCARTESIANPOINT((-170.01178459302901,-291.00388441519101,46.498624679377798));
#2591=IFCPOLYLOOP((#2590,#2572,#2577,#2586));
#2592=IFCFACEOUTERBOUND(#2591,.T.);
#2593=IFCFACE((#2592));
#2594=IFCCARTESIANPOINT((-155.722365430585,-291.00388441519499,38.248624679377798));
#2595=IFCPOLYLOOP((#2594,#2573,#2572,#2590));
#2596=IFCFACEOUTERBOUND(#2595,.T.);
#2597=IFCFACE((#2596));
#2598=IFCCARTESIANPOINT((-155.722365430585,-291.00388441520198,21.748624679377802));
#2599=IFCPOLYLOOP((#2598,#2574,#2573,#2594));
#2600=IFCFACEOUTERBOUND(#2599,.T.);
#2601=IFCFACE((#2600));
#2602=IFCPOLYLOOP((#2582,#2575,#2574,#2598));
#2603=IFCFACEOUTERBOUND(#2602,.T.);
#2604=IFCFACE((#2603));
#2605=IFCPOLYLOOP((#2590,#2586,#2581,#2582,#2598,#2594));
#2606=IFCFACEOUTERBOUND(#2605,.T.);
#2607=IFCCARTESIANPOINT((-158.00082270205499,-291.00388441519902,29.998624676056401));
#2608=IFCCARTESIANPOINT((-159.60851785664201,-291.00388441520101,23.998624676056401));
#2609=IFCCARTESIANPOINT((-164.00082270205499,-291.003884415203,19.606319830643798));
#2610=IFCCARTESIANPOINT((-170.00082270205499,-291.00388441520403,17.998624676056401));
#2611=IFCCARTESIANPOINT((-176.00082270205499,-291.003884415203,19.606319830643798));
#2612=IFCCARTESIANPOINT((-180.39312754746899,-291.00388441520101,23.998624676056401));
#2613=IFCCARTESIANPOINT((-182.00082270205499,-291.00388441519902,29.998624676056401));
#2614=IFCCARTESIANPOINT((-180.39312754746899,-291.00388441519601,35.998624676056401));
#2615=IFCCARTESIANPOINT((-176.00082270205499,-291.00388441519402,40.390929521468898));
#2616=IFCCARTESIANPOINT((-170.00082270205499,-291.003884415193,41.998624676056401));
#2617=IFCCARTESIANPOINT((-164.00082270205499,-291.00388441519402,40.390929521468898));
#2618=IFCCARTESIANPOINT((-159.60851785664201,-291.00388441519601,35.998624676056401));
#2619=IFCPOLYLOOP((#2607,#2608,#2609,#2610,#2611,#2612,#2613,#2614,#2615,#2616,#2617,#2618));
#2620=IFCFACEBOUND(#2619,.T.);
#2621=IFCFACE((#2606,#2620));
#2622=IFCCARTESIANPOINT((-170.00082270205499,-301.00388441519499,41.9986246760527));
#2623=IFCCARTESIANPOINT((-164.00082270205499,-301.00388441519601,40.390929521465303));
#2624=IFCPOLYLOOP((#2622,#2623,#2617,#2616));
#2625=IFCFACEOUTERBOUND(#2624,.T.);
#2626=IFCFACE((#2625));
#2627=IFCCARTESIANPOINT((-159.60851785664201,-301.003884415198,35.9986246760527));
#2628=IFCPOLYLOOP((#2623,#2627,#2618,#2617));
#2629=IFCFACEOUTERBOUND(#2628,.T.);
#2630=IFCFACE((#2629));
#2631=IFCCARTESIANPOINT((-158.00082270205499,-301.00388441519999,29.9986246760527));
#2632=IFCPOLYLOOP((#2627,#2631,#2607,#2618));
#2633=IFCFACEOUTERBOUND(#2632,.T.);
#2634=IFCFACE((#2633));
#2635=IFCCARTESIANPOINT((-159.60851785664201,-301.003884415203,23.9986246760527));
#2636=IFCPOLYLOOP((#2631,#2635,#2608,#2607));
#2637=IFCFACEOUTERBOUND(#2636,.T.);
#2638=IFCFACE((#2637));
#2639=IFCCARTESIANPOINT((-164.00082270205499,-301.00388441520499,19.6063198306401));
#2640=IFCPOLYLOOP((#2635,#2639,#2609,#2608));
#2641=IFCFACEOUTERBOUND(#2640,.T.);
#2642=IFCFACE((#2641));
#2643=IFCCARTESIANPOINT((-170.00082270205499,-301.00388441520602,17.9986246760527));
#2644=IFCPOLYLOOP((#2639,#2643,#2610,#2609));
#2645=IFCFACEOUTERBOUND(#2644,.T.);
#2646=IFCFACE((#2645));
#2647=IFCCARTESIANPOINT((-176.00082270205499,-301.00388441520499,19.6063198306401));
#2648=IFCPOLYLOOP((#2643,#2647,#2611,#2610));
#2649=IFCFACEOUTERBOUND(#2648,.T.);
#2650=IFCFACE((#2649));
#2651=IFCCARTESIANPOINT((-180.39312754746899,-301.003884415203,23.9986246760527));
#2652=IFCPOLYLOOP((#2647,#2651,#2612,#2611));
#2653=IFCFACEOUTERBOUND(#2652,.T.);
#2654=IFCFACE((#2653));
#2655=IFCCARTESIANPOINT((-182.00082270205499,-301.00388441519999,29.9986246760527));
#2656=IFCPOLYLOOP((#2651,#2655,#2613,#2612));
#2657=IFCFACEOUTERBOUND(#2656,.T.);
#2658=IFCFACE((#2657));
#2659=IFCCARTESIANPOINT((-180.39312754746899,-301.003884415198,35.9986246760527));
#2660=IFCPOLYLOOP((#2655,#2659,#2614,#2613));
#2661=IFCFACEOUTERBOUND(#2660,.T.);
#2662=IFCFACE((#2661));
#2663=IFCCARTESIANPOINT((-176.00082270205499,-301.00388441519601,40.390929521465303));
#2664=IFCPOLYLOOP((#2659,#2663,#2615,#2614));
#2665=IFCFACEOUTERBOUND(#2664,.T.);
#2666=IFCFACE((#2665));
#2667=IFCPOLYLOOP((#2663,#2622,#2616,#2615));
#2668=IFCFACEOUTERBOUND(#2667,.T.);
#2669=IFCFACE((#2668));
#2670=IFCPOLYLOOP((#2635,#2631,#2627,#2623,#2622,#2663,#2659,#2655,#2651,#2647,#2643,#2639));
#2671=IFCFACEOUTERBOUND(#2670,.T.);
#2672=IFCFACE((#2671));
#2673=IFCPOLYLOOP((#1582,#1667,#1666,#1583));
#2674=IFCFACEOUTERBOUND(#2673,.T.);
#2675=IFCFACE((#2674));
#2676=IFCPOLYLOOP((#1581,#1668,#1667,#1582));
#2677=IFCFACEOUTERBOUND(#2676,.T.);
#2678=IFCFACE((#2677));
#2679=IFCPOLYLOOP((#1580,#1659,#1668,#1581));
#2680=IFCFACEOUTERBOUND(#2679,.T.);
#2681=IFCFACE((#2680));
#2682=IFCPOLYLOOP((#1579,#1660,#1659,#1580));
#2683=IFCFACEOUTERBOUND(#2682,.T.);
#2684=IFCFACE((#2683));
#2685=IFCPOLYLOOP((#1578,#1661,#1660,#1579));
#2686=IFCFACEOUTERBOUND(#2685,.T.);
#2687=IFCFACE((#2686));
#2688=IFCPOLYLOOP((#1577,#1662,#1661,#1578));
#2689=IFCFACEOUTERBOUND(#2688,.T.);
#2690=IFCFACE((#2689));
#2691=IFCPOLYLOOP((#1576,#1663,#1662,#1577));
#2692=IFCFACEOUTERBOUND(#2691,.T.);
#2693=IFCFACE((#2692));
#2694=IFCPOLYLOOP((#1587,#1664,#1663,#1576));
#2695=IFCFACEOUTERBOUND(#2694,.T.);
#2696=IFCFACE((#2695));
#2697=IFCPOLYLOOP((#1586,#1613,#1664,#1587));
#2698=IFCFACEOUTERBOUND(#2697,.T.);
#2699=IFCFACE((#2698));
#2700=IFCPOLYLOOP((#1583,#1666,#1665,#1584));
#2701=IFCFACEOUTERBOUND(#2700,.T.);
#2702=IFCFACE((#2701));
#2703=IFCPOLYLOOP((#1584,#1665,#1612,#1585));
#2704=IFCFACEOUTERBOUND(#2703,.T.);
#2705=IFCFACE((#2704));
#2706=IFCCARTESIANPOINT((-46.021899112998703,-12.9999985973978,39.248665838640598));
#2707=IFCCARTESIANPOINT((-48.500429142986803,-12.999998597402101,29.998665838640601));
#2708=IFCPOLYLOOP((#2706,#1655,#1654,#2707));
#2709=IFCFACEOUTERBOUND(#2708,.T.);
#2710=IFCFACE((#2709));
#2711=IFCCARTESIANPOINT((-39.250429142986803,-12.9999985973948,46.020135808652398));
#2712=IFCPOLYLOOP((#2711,#1656,#1655,#2706));
#2713=IFCFACEOUTERBOUND(#2712,.T.);
#2714=IFCFACE((#2713));
#2715=IFCCARTESIANPOINT((-30.0004291429868,-12.999998597393599,48.498665838640598));
#2716=IFCPOLYLOOP((#2715,#1645,#1656,#2711));
#2717=IFCFACEOUTERBOUND(#2716,.T.);
#2718=IFCFACE((#2717));
#2719=IFCCARTESIANPOINT((-20.7504291429868,-12.9999985973948,46.020135808652398));
#2720=IFCPOLYLOOP((#2719,#1646,#1645,#2715));
#2721=IFCFACEOUTERBOUND(#2720,.T.);
#2722=IFCFACE((#2721));
#2723=IFCCARTESIANPOINT((-13.978959172974999,-12.9999985973978,39.248665838640598));
#2724=IFCPOLYLOOP((#2723,#1647,#1646,#2719));
#2725=IFCFACEOUTERBOUND(#2724,.T.);
#2726=IFCFACE((#2725));
#2727=IFCCARTESIANPOINT((-11.5004291429868,-12.999998597402101,29.998665838640601));
#2728=IFCPOLYLOOP((#2727,#1648,#1647,#2723));
#2729=IFCFACEOUTERBOUND(#2728,.T.);
#2730=IFCFACE((#2729));
#2731=IFCCARTESIANPOINT((-13.978959172974999,-12.9999985974063,20.748665838640601));
#2732=IFCPOLYLOOP((#2731,#1649,#1648,#2727));
#2733=IFCFACEOUTERBOUND(#2732,.T.);
#2734=IFCFACE((#2733));
#2735=IFCCARTESIANPOINT((-20.7504291429868,-12.9999985974093,13.977195868628799));
#2736=IFCPOLYLOOP((#2735,#1650,#1649,#2731));
#2737=IFCFACEOUTERBOUND(#2736,.T.);
#2738=IFCFACE((#2737));
#2739=IFCCARTESIANPOINT((-30.0004291429868,-12.999998597410499,11.4986658386406));
#2740=IFCPOLYLOOP((#2739,#1651,#1650,#2735));
#2741=IFCFACEOUTERBOUND(#2740,.T.);
#2742=IFCFACE((#2741));
#2743=IFCCARTESIANPOINT((-39.250429142986803,-12.9999985974093,13.977195868628799));
#2744=IFCPOLYLOOP((#2743,#1652,#1651,#2739));
#2745=IFCFACEOUTERBOUND(#2744,.T.);
#2746=IFCFACE((#2745));
#2747=IFCCARTESIANPOINT((-46.021899112998703,-12.9999985974063,20.748665838640601));
#2748=IFCPOLYLOOP((#2747,#1653,#1652,#2743));
#2749=IFCFACEOUTERBOUND(#2748,.T.);
#2750=IFCFACE((#2749));
#2751=IFCPOLYLOOP((#2707,#1654,#1653,#2747));
#2752=IFCFACEOUTERBOUND(#2751,.T.);
#2753=IFCFACE((#2752));
#2754=IFCPOLYLOOP((#2731,#2727,#2723,#2719,#2715,#2711,#2706,#2707,#2747,#2743,#2739,#2735));
#2755=IFCFACEOUTERBOUND(#2754,.T.);
#2756=IFCCARTESIANPOINT((-30.000429143212401,-12.999998597393899,47.998665833765699));
#2757=IFCCARTESIANPOINT((-14.4119718750926,-12.999998597397999,38.998665833765699));
#2758=IFCCARTESIANPOINT((-14.4119718750926,-12.999998597406099,20.998665833765699));
#2759=IFCCARTESIANPOINT((-30.000429143212401,-12.999998597410199,11.998665833765701));
#2760=IFCCARTESIANPOINT((-45.588886411332197,-12.999998597406099,20.998665833765699));
#2761=IFCCARTESIANPOINT((-45.588886411332197,-12.999998597397999,38.998665833765699));
#2762=IFCPOLYLOOP((#2756,#2757,#2758,#2759,#2760,#2761));
#2763=IFCFACEBOUND(#2762,.T.);
#2764=IFCFACE((#2755,#2763));
#2765=IFCCARTESIANPOINT((-45.588886411332197,-28.999998597351599,20.998665833758398));
#2766=IFCCARTESIANPOINT((-30.000429143212401,-28.999998597355699,11.9986658337584));
#2767=IFCPOLYLOOP((#2765,#2760,#2759,#2766));
#2768=IFCFACEOUTERBOUND(#2767,.T.);
#2769=IFCFACE((#2768));
#2770=IFCCARTESIANPOINT((-45.588886411332197,-28.999998597343399,38.998665833758402));
#2771=IFCPOLYLOOP((#2770,#2761,#2760,#2765));
#2772=IFCFACEOUTERBOUND(#2771,.T.);
#2773=IFCFACE((#2772));
#2774=IFCCARTESIANPOINT((-30.000429143212401,-28.9999985973393,47.998665833758402));
#2775=IFCPOLYLOOP((#2774,#2756,#2761,#2770));
#2776=IFCFACEOUTERBOUND(#2775,.T.);
#2777=IFCFACE((#2776));
#2778=IFCCARTESIANPOINT((-14.4119718750926,-28.999998597343399,38.998665833758402));
#2779=IFCPOLYLOOP((#2778,#2757,#2756,#2774));
#2780=IFCFACEOUTERBOUND(#2779,.T.);
#2781=IFCFACE((#2780));
#2782=IFCCARTESIANPOINT((-14.4119718750926,-28.999998597351599,20.998665833758398));
#2783=IFCPOLYLOOP((#2782,#2758,#2757,#2778));
#2784=IFCFACEOUTERBOUND(#2783,.T.);
#2785=IFCFACE((#2784));
#2786=IFCPOLYLOOP((#2766,#2759,#2758,#2782));
#2787=IFCFACEOUTERBOUND(#2786,.T.);
#2788=IFCFACE((#2787));
#2789=IFCPOLYLOOP((#2765,#2766,#2782,#2778,#2774,#2770));
#2790=IFCFACEOUTERBOUND(#2789,.T.);
#2791=IFCCARTESIANPOINT((-30.000429143212401,-28.999998597339999,46.498665833758402));
#2792=IFCCARTESIANPOINT((-15.711009980768701,-28.999998597343701,38.248665833758402));
#2793=IFCCARTESIANPOINT((-15.711009980768701,-28.999998597351201,21.748665833758398));
#2794=IFCCARTESIANPOINT((-30.000429143212401,-28.999998597354999,13.4986658337584));
#2795=IFCCARTESIANPOINT((-44.289848305656101,-28.999998597351201,21.748665833758398));
#2796=IFCCARTESIANPOINT((-44.289848305656101,-28.999998597343701,38.248665833758402));
#2797=IFCPOLYLOOP((#2791,#2792,#2793,#2794,#2795,#2796));
#2798=IFCFACEBOUND(#2797,.T.);
#2799=IFCFACE((#2790,#2798));
#2800=IFCPOLYLOOP((#2795,#2794,#2793,#2792,#2791,#2796));
#2801=IFCFACEOUTERBOUND(#2800,.T.);
#2802=IFCCARTESIANPOINT((-18.000822698737501,-28.999998597347499,29.998624676176401));
#2803=IFCCARTESIANPOINT((-19.608517853323999,-28.999998597350199,23.998624676176401));
#2804=IFCCARTESIANPOINT((-24.000822698737501,-28.999998597352299,19.606319830763798));
#2805=IFCCARTESIANPOINT((-30.000822698737501,-28.999998597352899,17.998624676176401));
#2806=IFCCARTESIANPOINT((-36.000822698737501,-28.999998597352299,19.606319830763798));
#2807=IFCCARTESIANPOINT((-40.393127544151,-28.999998597350199,23.998624676176401));
#2808=IFCCARTESIANPOINT((-42.000822698737501,-28.999998597347499,29.998624676176401));
#2809=IFCCARTESIANPOINT((-40.393127544151,-28.999998597344799,35.998624676176398));
#2810=IFCCARTESIANPOINT((-36.000822698737501,-28.999998597342699,40.390929521589001));
#2811=IFCCARTESIANPOINT((-30.000822698737501,-28.999998597342,41.998624676176398));
#2812=IFCCARTESIANPOINT((-24.000822698737501,-28.999998597342699,40.390929521589001));
#2813=IFCCARTESIANPOINT((-19.608517853323999,-28.999998597344799,35.998624676176398));
#2814=IFCPOLYLOOP((#2802,#2803,#2804,#2805,#2806,#2807,#2808,#2809,#2810,#2811,#2812,#2813));
#2815=IFCFACEBOUND(#2814,.T.);
#2816=IFCFACE((#2801,#2815));
#2817=IFCCARTESIANPOINT((-30.000822698737501,-228.003884415193,41.998624676085498));
#2818=IFCCARTESIANPOINT((-24.000822698737501,-228.00388441519399,40.390929521498002));
#2819=IFCPOLYLOOP((#2812,#2811,#2817,#2818));
#2820=IFCFACEOUTERBOUND(#2819,.T.);
#2821=IFCFACE((#2820));
#2822=IFCCARTESIANPOINT((-36.000822698737501,-228.00388441519399,40.390929521498002));
#2823=IFCPOLYLOOP((#2811,#2810,#2822,#2817));
#2824=IFCFACEOUTERBOUND(#2823,.T.);
#2825=IFCFACE((#2824));
#2826=IFCCARTESIANPOINT((-40.393127544151,-228.00388441519601,35.998624676085498));
#2827=IFCPOLYLOOP((#2810,#2809,#2826,#2822));
#2828=IFCFACEOUTERBOUND(#2827,.T.);
#2829=IFCFACE((#2828));
#2830=IFCCARTESIANPOINT((-42.000822698737501,-228.003884415199,29.998624676085502));
#2831=IFCPOLYLOOP((#2809,#2808,#2830,#2826));
#2832=IFCFACEOUTERBOUND(#2831,.T.);
#2833=IFCFACE((#2832));
#2834=IFCCARTESIANPOINT((-40.393127544151,-228.00388441520099,23.998624676085502));
#2835=IFCPOLYLOOP((#2808,#2807,#2834,#2830));
#2836=IFCFACEOUTERBOUND(#2835,.T.);
#2837=IFCFACE((#2836));
#2838=IFCCARTESIANPOINT((-36.000822698737501,-228.003884415203,19.606319830672899));
#2839=IFCPOLYLOOP((#2807,#2806,#2838,#2834));
#2840=IFCFACEOUTERBOUND(#2839,.T.);
#2841=IFCFACE((#2840));
#2842=IFCCARTESIANPOINT((-30.000822698737501,-228.003884415204,17.998624676085502));
#2843=IFCPOLYLOOP((#2806,#2805,#2842,#2838));
#2844=IFCFACEOUTERBOUND(#2843,.T.);
#2845=IFCFACE((#2844));
#2846=IFCCARTESIANPOINT((-24.000822698737501,-228.003884415203,19.606319830672899));
#2847=IFCPOLYLOOP((#2805,#2804,#2846,#2842));
#2848=IFCFACEOUTERBOUND(#2847,.T.);
#2849=IFCFACE((#2848));
#2850=IFCCARTESIANPOINT((-19.608517853323999,-228.00388441520099,23.998624676085502));
#2851=IFCPOLYLOOP((#2804,#2803,#2850,#2846));
#2852=IFCFACEOUTERBOUND(#2851,.T.);
#2853=IFCFACE((#2852));
#2854=IFCCARTESIANPOINT((-18.000822698737501,-228.003884415199,29.998624676085502));
#2855=IFCPOLYLOOP((#2803,#2802,#2854,#2850));
#2856=IFCFACEOUTERBOUND(#2855,.T.);
#2857=IFCFACE((#2856));
#2858=IFCCARTESIANPOINT((-19.608517853323999,-228.00388441519601,35.998624676085498));
#2859=IFCPOLYLOOP((#2802,#2813,#2858,#2854));
#2860=IFCFACEOUTERBOUND(#2859,.T.);
#2861=IFCFACE((#2860));
#2862=IFCPOLYLOOP((#2813,#2812,#2818,#2858));
#2863=IFCFACEOUTERBOUND(#2862,.T.);
#2864=IFCFACE((#2863));
#2865=IFCCARTESIANPOINT((-44.301203755472699,-228.00388441519499,38.248624679406902));
#2866=IFCCARTESIANPOINT((-30.011784593028999,-228.00388441519101,46.498624679406902));
#2867=IFCCARTESIANPOINT((-15.722365430585301,-228.00388441519499,38.248624679406902));
#2868=IFCCARTESIANPOINT((-15.722365430585301,-228.00388441520201,21.748624679406898));
#2869=IFCCARTESIANPOINT((-30.011784593028999,-228.00388441520599,13.4986246794069));
#2870=IFCCARTESIANPOINT((-44.301203755472699,-228.00388441520201,21.748624679406898));
#2871=IFCPOLYLOOP((#2865,#2866,#2867,#2868,#2869,#2870));
#2872=IFCFACEOUTERBOUND(#2871,.T.);
#2873=IFCPOLYLOOP((#2830,#2834,#2838,#2842,#2846,#2850,#2854,#2858,#2818,#2817,#2822,#2826));
#2874=IFCFACEBOUND(#2873,.T.);
#2875=IFCFACE((#2872,#2874));
#2876=IFCCARTESIANPOINT((-15.722365430585301,-244.00388441520201,21.7486246793997));
#2877=IFCCARTESIANPOINT((-30.011784593028999,-244.00388441520599,13.4986246793997));
#2878=IFCPOLYLOOP((#2868,#2876,#2877,#2869));
#2879=IFCFACEOUTERBOUND(#2878,.T.);
#2880=IFCFACE((#2879));
#2881=IFCCARTESIANPOINT((-48.511784593028999,-244.00291941643599,30.002190159713798));
#2882=IFCCARTESIANPOINT((-46.033254563040799,-244.00291941643201,39.252190159713798));
#2883=IFCCARTESIANPOINT((-39.261784593028999,-244.00291941642899,46.023660129725599));
#2884=IFCCARTESIANPOINT((-30.011784593028999,-244.002919416428,48.502190159713798));
#2885=IFCCARTESIANPOINT((-20.761784593028999,-244.00291941642899,46.023660129725599));
#2886=IFCCARTESIANPOINT((-13.9903146230172,-244.00291941643201,39.252190159713798));
#2887=IFCCARTESIANPOINT((-11.511784593029001,-244.00291941643599,30.002190159713798));
#2888=IFCCARTESIANPOINT((-13.9903146230172,-244.00291941643999,20.752190159713798));
#2889=IFCCARTESIANPOINT((-20.761784593028999,-244.002919416444,13.980720189702));
#2890=IFCCARTESIANPOINT((-30.011784593028999,-244.002919416445,11.5021901597138));
#2891=IFCCARTESIANPOINT((-39.261784593028999,-244.002919416444,13.980720189702));
#2892=IFCCARTESIANPOINT((-46.033254563040799,-244.00291941643999,20.752190159713798));
#2893=IFCPOLYLOOP((#2881,#2882,#2883,#2884,#2885,#2886,#2887,#2888,#2889,#2890,#2891,#2892));
#2894=IFCFACEOUTERBOUND(#2893,.T.);
#2895=IFCCARTESIANPOINT((-30.011784593028999,-244.00388441519101,46.498624679399697));
#2896=IFCCARTESIANPOINT((-44.301203755472699,-244.00388441519499,38.248624679399697));
#2897=IFCCARTESIANPOINT((-44.301203755472699,-244.00388441520201,21.7486246793997));
#2898=IFCCARTESIANPOINT((-15.722365430585301,-244.00388441519499,38.248624679399697));
#2899=IFCPOLYLOOP((#2895,#2896,#2897,#2877,#2876,#2898));
#2900=IFCFACEBOUND(#2899,.T.);
#2901=IFCFACE((#2894,#2900));
#2902=IFCPOLYLOOP((#2869,#2877,#2897,#2870));
#2903=IFCFACEOUTERBOUND(#2902,.T.);
#2904=IFCFACE((#2903));
#2905=IFCPOLYLOOP((#2870,#2897,#2896,#2865));
#2906=IFCFACEOUTERBOUND(#2905,.T.);
#2907=IFCFACE((#2906));
#2908=IFCPOLYLOOP((#2865,#2896,#2895,#2866));
#2909=IFCFACEOUTERBOUND(#2908,.T.);
#2910=IFCFACE((#2909));
#2911=IFCPOLYLOOP((#2866,#2895,#2898,#2867));
#2912=IFCFACEOUTERBOUND(#2911,.T.);
#2913=IFCFACE((#2912));
#2914=IFCPOLYLOOP((#2867,#2898,#2876,#2868));
#2915=IFCFACEOUTERBOUND(#2914,.T.);
#2916=IFCFACE((#2915));
#2917=IFCCARTESIANPOINT((-39.261784593028999,-247.002919416444,13.980720189702));
#2918=IFCCARTESIANPOINT((-30.011784593028999,-247.002919416445,11.5021901597138));
#2919=IFCPOLYLOOP((#2917,#2891,#2890,#2918));
#2920=IFCFACEOUTERBOUND(#2919,.T.);
#2921=IFCFACE((#2920));
#2922=IFCCARTESIANPOINT((-46.033254563040799,-247.00291941643999,20.752190159713798));
#2923=IFCPOLYLOOP((#2922,#2892,#2891,#2917));
#2924=IFCFACEOUTERBOUND(#2923,.T.);
#2925=IFCFACE((#2924));
#2926=IFCCARTESIANPOINT((-48.511784593028999,-247.00291941643599,30.002190159713798));
#2927=IFCPOLYLOOP((#2926,#2881,#2892,#2922));
#2928=IFCFACEOUTERBOUND(#2927,.T.);
#2929=IFCFACE((#2928));
#2930=IFCCARTESIANPOINT((-46.033254563040799,-247.00291941643201,39.252190159713798));
#2931=IFCPOLYLOOP((#2930,#2882,#2881,#2926));
#2932=IFCFACEOUTERBOUND(#2931,.T.);
#2933=IFCFACE((#2932));
#2934=IFCCARTESIANPOINT((-39.261784593028999,-247.00291941642899,46.023660129725599));
#2935=IFCPOLYLOOP((#2934,#2883,#2882,#2930));
#2936=IFCFACEOUTERBOUND(#2935,.T.);
#2937=IFCFACE((#2936));
#2938=IFCCARTESIANPOINT((-30.011784593028999,-247.002919416428,48.502190159713798));
#2939=IFCPOLYLOOP((#2938,#2884,#2883,#2934));
#2940=IFCFACEOUTERBOUND(#2939,.T.);
#2941=IFCFACE((#2940));
#2942=IFCCARTESIANPOINT((-20.761784593028999,-247.00291941642899,46.023660129725599));
#2943=IFCPOLYLOOP((#2942,#2885,#2884,#2938));
#2944=IFCFACEOUTERBOUND(#2943,.T.);
#2945=IFCFACE((#2944));
#2946=IFCCARTESIANPOINT((-13.9903146230172,-247.00291941643201,39.252190159713798));
#2947=IFCPOLYLOOP((#2946,#2886,#2885,#2942));
#2948=IFCFACEOUTERBOUND(#2947,.T.);
#2949=IFCFACE((#2948));
#2950=IFCCARTESIANPOINT((-11.511784593029001,-247.00291941643599,30.002190159713798));
#2951=IFCPOLYLOOP((#2950,#2887,#2886,#2946));
#2952=IFCFACEOUTERBOUND(#2951,.T.);
#2953=IFCFACE((#2952));
#2954=IFCCARTESIANPOINT((-13.9903146230172,-247.00291941643999,20.752190159713798));
#2955=IFCPOLYLOOP((#2954,#2888,#2887,#2950));
#2956=IFCFACEOUTERBOUND(#2955,.T.);
#2957=IFCFACE((#2956));
#2958=IFCCARTESIANPOINT((-20.761784593028999,-247.002919416444,13.980720189702));
#2959=IFCPOLYLOOP((#2958,#2889,#2888,#2954));
#2960=IFCFACEOUTERBOUND(#2959,.T.);
#2961=IFCFACE((#2960));
#2962=IFCPOLYLOOP((#2918,#2890,#2889,#2958));
#2963=IFCFACEOUTERBOUND(#2962,.T.);
#2964=IFCFACE((#2963));
#2965=IFCPOLYLOOP((#2954,#2950,#2946,#2942,#2938,#2934,#2930,#2926,#2922,#2917,#2918,#2958));
#2966=IFCFACEOUTERBOUND(#2965,.T.);
#2967=IFCCARTESIANPOINT((-18.000822698737501,-247.00291941643599,29.998624676078201));
#2968=IFCCARTESIANPOINT((-19.608517853323999,-247.002919416439,23.998624676078201));
#2969=IFCCARTESIANPOINT((-24.000822698737501,-247.00291941644099,19.606319830665601));
#2970=IFCCARTESIANPOINT((-30.000822698737501,-247.00291941644201,17.998624676078201));
#2971=IFCCARTESIANPOINT((-36.000822698737501,-247.00291941644099,19.606319830665601));
#2972=IFCCARTESIANPOINT((-40.393127544151,-247.002919416439,23.998624676078201));
#2973=IFCCARTESIANPOINT((-42.000822698737501,-247.00291941643599,29.998624676078201));
#2974=IFCCARTESIANPOINT((-40.393127544151,-247.002919416434,35.998624676078201));
#2975=IFCCARTESIANPOINT((-36.000822698737501,-247.00291941643101,40.390929521490797));
#2976=IFCCARTESIANPOINT((-30.000822698737501,-247.00291941643101,41.998624676078201));
#2977=IFCCARTESIANPOINT((-24.000822698737501,-247.00291941643101,40.390929521490797));
#2978=IFCCARTESIANPOINT((-19.608517853323999,-247.002919416434,35.998624676078201));
#2979=IFCPOLYLOOP((#2967,#2968,#2969,#2970,#2971,#2972,#2973,#2974,#2975,#2976,#2977,#2978));
#2980=IFCFACEBOUND(#2979,.T.);
#2981=IFCFACE((#2966,#2980));
#2982=IFCCARTESIANPOINT((-30.000822698737501,-272.00291941643098,41.998624676067301));
#2983=IFCCARTESIANPOINT((-24.000822698737501,-272.00291941643098,40.390929521479798));
#2984=IFCPOLYLOOP((#2982,#2983,#2977,#2976));
#2985=IFCFACEOUTERBOUND(#2984,.T.);
#2986=IFCFACE((#2985));
#2987=IFCCARTESIANPOINT((-19.608517853323999,-272.002919416434,35.998624676067301));
#2988=IFCPOLYLOOP((#2983,#2987,#2978,#2977));
#2989=IFCFACEOUTERBOUND(#2988,.T.);
#2990=IFCFACE((#2989));
#2991=IFCCARTESIANPOINT((-18.000822698737501,-272.00291941643599,29.998624676067301));
#2992=IFCPOLYLOOP((#2987,#2991,#2967,#2978));
#2993=IFCFACEOUTERBOUND(#2992,.T.);
#2994=IFCFACE((#2993));
#2995=IFCCARTESIANPOINT((-19.608517853323999,-272.002919416439,23.998624676067301));
#2996=IFCPOLYLOOP((#2991,#2995,#2968,#2967));
#2997=IFCFACEOUTERBOUND(#2996,.T.);
#2998=IFCFACE((#2997));
#2999=IFCCARTESIANPOINT((-24.000822698737501,-272.00291941644099,19.606319830651));
#3000=IFCPOLYLOOP((#2995,#2999,#2969,#2968));
#3001=IFCFACEOUTERBOUND(#3000,.T.);
#3002=IFCFACE((#3001));
#3003=IFCCARTESIANPOINT((-30.000822698737501,-272.00291941644201,17.998624676067301));
#3004=IFCPOLYLOOP((#2999,#3003,#2970,#2969));
#3005=IFCFACEOUTERBOUND(#3004,.T.);
#3006=IFCFACE((#3005));
#3007=IFCCARTESIANPOINT((-36.000822698737501,-272.00291941644099,19.606319830651));
#3008=IFCPOLYLOOP((#3003,#3007,#2971,#2970));
#3009=IFCFACEOUTERBOUND(#3008,.T.);
#3010=IFCFACE((#3009));
#3011=IFCCARTESIANPOINT((-40.393127544151,-272.002919416439,23.998624676067301));
#3012=IFCPOLYLOOP((#3007,#3011,#2972,#2971));
#3013=IFCFACEOUTERBOUND(#3012,.T.);
#3014=IFCFACE((#3013));
#3015=IFCCARTESIANPOINT((-42.000822698737501,-272.00291941643599,29.998624676067301));
#3016=IFCPOLYLOOP((#3011,#3015,#2973,#2972));
#3017=IFCFACEOUTERBOUND(#3016,.T.);
#3018=IFCFACE((#3017));
#3019=IFCCARTESIANPOINT((-40.393127544151,-272.002919416434,35.998624676067301));
#3020=IFCPOLYLOOP((#3015,#3019,#2974,#2973));
#3021=IFCFACEOUTERBOUND(#3020,.T.);
#3022=IFCFACE((#3021));
#3023=IFCCARTESIANPOINT((-36.000822698737501,-272.00291941643098,40.390929521479798));
#3024=IFCPOLYLOOP((#3019,#3023,#2975,#2974));
#3025=IFCFACEOUTERBOUND(#3024,.T.);
#3026=IFCFACE((#3025));
#3027=IFCPOLYLOOP((#3023,#2982,#2976,#2975));
#3028=IFCFACEOUTERBOUND(#3027,.T.);
#3029=IFCFACE((#3028));
#3030=IFCCARTESIANPOINT((-48.511784593028999,-272.00291941643599,30.002190159702899));
#3031=IFCCARTESIANPOINT((-46.033254563040799,-272.00291941643201,39.252190159702899));
#3032=IFCCARTESIANPOINT((-39.261784593028999,-272.00291941642899,46.023660129714699));
#3033=IFCCARTESIANPOINT((-30.011784593028999,-272.00291941642803,48.502190159702899));
#3034=IFCCARTESIANPOINT((-20.761784593028999,-272.00291941642899,46.023660129714699));
#3035=IFCCARTESIANPOINT((-13.9903146230172,-272.00291941643201,39.252190159702899));
#3036=IFCCARTESIANPOINT((-11.511784593029001,-272.00291941643599,30.002190159702899));
#3037=IFCCARTESIANPOINT((-13.9903146230172,-272.00291941644002,20.752190159702899));
#3038=IFCCARTESIANPOINT((-20.761784593028999,-272.002919416444,13.9807201896911));
#3039=IFCCARTESIANPOINT((-30.011784593028999,-272.00291941644502,11.5021901597029));
#3040=IFCCARTESIANPOINT((-39.261784593028999,-272.002919416444,13.9807201896911));
#3041=IFCCARTESIANPOINT((-46.033254563040799,-272.00291941644002,20.752190159702899));
#3042=IFCPOLYLOOP((#3030,#3031,#3032,#3033,#3034,#3035,#3036,#3037,#3038,#3039,#3040,#3041));
#3043=IFCFACEOUTERBOUND(#3042,.T.);
#3044=IFCPOLYLOOP((#3015,#3011,#3007,#3003,#2999,#2995,#2991,#2987,#2983,#2982,#3023,#3019));
#3045=IFCFACEBOUND(#3044,.T.);
#3046=IFCFACE((#3043,#3045));
#3047=IFCCARTESIANPOINT((-39.261784593028999,-275.002919416444,13.9807201896874));
#3048=IFCCARTESIANPOINT((-30.011784593028999,-275.00291941644502,11.5021901596992));
#3049=IFCPOLYLOOP((#3047,#3040,#3039,#3048));
#3050=IFCFACEOUTERBOUND(#3049,.T.);
#3051=IFCFACE((#3050));
#3052=IFCCARTESIANPOINT((-46.033254563040799,-275.00291941644002,20.7521901596992));
#3053=IFCPOLYLOOP((#3052,#3041,#3040,#3047));
#3054=IFCFACEOUTERBOUND(#3053,.T.);
#3055=IFCFACE((#3054));
#3056=IFCCARTESIANPOINT((-48.511784593028999,-275.00291941643599,30.0021901596992));
#3057=IFCPOLYLOOP((#3056,#3030,#3041,#3052));
#3058=IFCFACEOUTERBOUND(#3057,.T.);
#3059=IFCFACE((#3058));
#3060=IFCCARTESIANPOINT((-46.033254563040799,-275.00291941643201,39.252190159699197));
#3061=IFCPOLYLOOP((#3060,#3031,#3030,#3056));
#3062=IFCFACEOUTERBOUND(#3061,.T.);
#3063=IFCFACE((#3062));
#3064=IFCCARTESIANPOINT((-39.261784593028999,-275.00291941642899,46.023660129711097));
#3065=IFCPOLYLOOP((#3064,#3032,#3031,#3060));
#3066=IFCFACEOUTERBOUND(#3065,.T.);
#3067=IFCFACE((#3066));
#3068=IFCCARTESIANPOINT((-30.011784593028999,-275.00291941642803,48.502190159699197));
#3069=IFCPOLYLOOP((#3068,#3033,#3032,#3064));
#3070=IFCFACEOUTERBOUND(#3069,.T.);
#3071=IFCFACE((#3070));
#3072=IFCCARTESIANPOINT((-20.761784593028999,-275.00291941642899,46.023660129711097));
#3073=IFCPOLYLOOP((#3072,#3034,#3033,#3068));
#3074=IFCFACEOUTERBOUND(#3073,.T.);
#3075=IFCFACE((#3074));
#3076=IFCCARTESIANPOINT((-13.9903146230172,-275.00291941643201,39.252190159699197));
#3077=IFCPOLYLOOP((#3076,#3035,#3034,#3072));
#3078=IFCFACEOUTERBOUND(#3077,.T.);
#3079=IFCFACE((#3078));
#3080=IFCCARTESIANPOINT((-11.511784593029001,-275.00291941643599,30.0021901596992));
#3081=IFCPOLYLOOP((#3080,#3036,#3035,#3076));
#3082=IFCFACEOUTERBOUND(#3081,.T.);
#3083=IFCFACE((#3082));
#3084=IFCCARTESIANPOINT((-13.9903146230172,-275.00291941644002,20.7521901596992));
#3085=IFCPOLYLOOP((#3084,#3037,#3036,#3080));
#3086=IFCFACEOUTERBOUND(#3085,.T.);
#3087=IFCFACE((#3086));
#3088=IFCCARTESIANPOINT((-20.761784593028999,-275.002919416444,13.9807201896874));
#3089=IFCPOLYLOOP((#3088,#3038,#3037,#3084));
#3090=IFCFACEOUTERBOUND(#3089,.T.);
#3091=IFCFACE((#3090));
#3092=IFCPOLYLOOP((#3048,#3039,#3038,#3088));
#3093=IFCFACEOUTERBOUND(#3092,.T.);
#3094=IFCFACE((#3093));
#3095=IFCPOLYLOOP((#3084,#3080,#3076,#3072,#3068,#3064,#3060,#3056,#3052,#3047,#3048,#3088));
#3096=IFCFACEOUTERBOUND(#3095,.T.);
#3097=IFCCARTESIANPOINT((-30.011784593028999,-275.00388441519101,46.498624679385102));
#3098=IFCCARTESIANPOINT((-15.722365430585301,-275.00388441519499,38.248624679385102));
#3099=IFCCARTESIANPOINT((-15.722365430585301,-275.00388441520198,21.748624679385099));
#3100=IFCCARTESIANPOINT((-30.011784593028999,-275.00388441520602,13.498624679385101));
#3101=IFCCARTESIANPOINT((-44.301203755472699,-275.00388441520198,21.748624679385099));
#3102=IFCCARTESIANPOINT((-44.301203755472699,-275.00388441519499,38.248624679385102));
#3103=IFCPOLYLOOP((#3097,#3098,#3099,#3100,#3101,#3102));
#3104=IFCFACEBOUND(#3103,.T.);
#3105=IFCFACE((#3096,#3104));
#3106=IFCCARTESIANPOINT((-44.301203755472699,-291.00388441520198,21.748624679377802));
#3107=IFCCARTESIANPOINT((-30.011784593028999,-291.00388441520602,13.4986246793778));
#3108=IFCPOLYLOOP((#3106,#3101,#3100,#3107));
#3109=IFCFACEOUTERBOUND(#3108,.T.);
#3110=IFCFACE((#3109));
#3111=IFCCARTESIANPOINT((-44.301203755472699,-291.00388441519499,38.248624679377798));
#3112=IFCPOLYLOOP((#3111,#3102,#3101,#3106));
#3113=IFCFACEOUTERBOUND(#3112,.T.);
#3114=IFCFACE((#3113));
#3115=IFCCARTESIANPOINT((-30.011784593028999,-291.00388441519101,46.498624679377798));
#3116=IFCPOLYLOOP((#3115,#3097,#3102,#3111));
#3117=IFCFACEOUTERBOUND(#3116,.T.);
#3118=IFCFACE((#3117));
#3119=IFCCARTESIANPOINT((-15.722365430585301,-291.00388441519499,38.248624679377798));
#3120=IFCPOLYLOOP((#3119,#3098,#3097,#3115));
#3121=IFCFACEOUTERBOUND(#3120,.T.);
#3122=IFCFACE((#3121));
#3123=IFCCARTESIANPOINT((-15.722365430585301,-291.00388441520198,21.748624679377802));
#3124=IFCPOLYLOOP((#3123,#3099,#3098,#3119));
#3125=IFCFACEOUTERBOUND(#3124,.T.);
#3126=IFCFACE((#3125));
#3127=IFCPOLYLOOP((#3107,#3100,#3099,#3123));
#3128=IFCFACEOUTERBOUND(#3127,.T.);
#3129=IFCFACE((#3128));
#3130=IFCPOLYLOOP((#3115,#3111,#3106,#3107,#3123,#3119));
#3131=IFCFACEOUTERBOUND(#3130,.T.);
#3132=IFCCARTESIANPOINT((-18.000822698737501,-291.00388441519902,29.998624676056401));
#3133=IFCCARTESIANPOINT((-19.608517853323999,-291.00388441520101,23.998624676056401));
#3134=IFCCARTESIANPOINT((-24.000822698737501,-291.003884415203,19.606319830643798));
#3135=IFCCARTESIANPOINT((-30.000822698737501,-291.00388441520403,17.998624676056401));
#3136=IFCCARTESIANPOINT((-36.000822698737501,-291.003884415203,19.606319830643798));
#3137=IFCCARTESIANPOINT((-40.393127544151,-291.00388441520101,23.998624676056401));
#3138=IFCCARTESIANPOINT((-42.000822698737501,-291.00388441519902,29.998624676056401));
#3139=IFCCARTESIANPOINT((-40.393127544151,-291.00388441519601,35.998624676056401));
#3140=IFCCARTESIANPOINT((-36.000822698737501,-291.00388441519402,40.390929521468898));
#3141=IFCCARTESIANPOINT((-30.000822698737501,-291.003884415193,41.998624676056401));
#3142=IFCCARTESIANPOINT((-24.000822698737501,-291.00388441519402,40.390929521468898));
#3143=IFCCARTESIANPOINT((-19.608517853323999,-291.00388441519601,35.998624676056401));
#3144=IFCPOLYLOOP((#3132,#3133,#3134,#3135,#3136,#3137,#3138,#3139,#3140,#3141,#3142,#3143));
#3145=IFCFACEBOUND(#3144,.T.);
#3146=IFCFACE((#3131,#3145));
#3147=IFCCARTESIANPOINT((-30.000822698737501,-301.00388441519499,41.9986246760527));
#3148=IFCCARTESIANPOINT((-24.000822698737501,-301.00388441519601,40.390929521465303));
#3149=IFCPOLYLOOP((#3147,#3148,#3142,#3141));
#3150=IFCFACEOUTERBOUND(#3149,.T.);
#3151=IFCFACE((#3150));
#3152=IFCCARTESIANPOINT((-19.608517853323999,-301.003884415198,35.9986246760527));
#3153=IFCPOLYLOOP((#3148,#3152,#3143,#3142));
#3154=IFCFACEOUTERBOUND(#3153,.T.);
#3155=IFCFACE((#3154));
#3156=IFCCARTESIANPOINT((-18.000822698737501,-301.00388441519999,29.9986246760527));
#3157=IFCPOLYLOOP((#3152,#3156,#3132,#3143));
#3158=IFCFACEOUTERBOUND(#3157,.T.);
#3159=IFCFACE((#3158));
#3160=IFCCARTESIANPOINT((-19.608517853323999,-301.003884415203,23.9986246760527));
#3161=IFCPOLYLOOP((#3156,#3160,#3133,#3132));
#3162=IFCFACEOUTERBOUND(#3161,.T.);
#3163=IFCFACE((#3162));
#3164=IFCCARTESIANPOINT((-24.000822698737501,-301.00388441520499,19.6063198306401));
#3165=IFCPOLYLOOP((#3160,#3164,#3134,#3133));
#3166=IFCFACEOUTERBOUND(#3165,.T.);
#3167=IFCFACE((#3166));
#3168=IFCCARTESIANPOINT((-30.000822698737501,-301.00388441520602,17.9986246760527));
#3169=IFCPOLYLOOP((#3164,#3168,#3135,#3134));
#3170=IFCFACEOUTERBOUND(#3169,.T.);
#3171=IFCFACE((#3170));
#3172=IFCCARTESIANPOINT((-36.000822698737501,-301.00388441520499,19.6063198306401));
#3173=IFCPOLYLOOP((#3168,#3172,#3136,#3135));
#3174=IFCFACEOUTERBOUND(#3173,.T.);
#3175=IFCFACE((#3174));
#3176=IFCCARTESIANPOINT((-40.393127544151,-301.003884415203,23.9986246760527));
#3177=IFCPOLYLOOP((#3172,#3176,#3137,#3136));
#3178=IFCFACEOUTERBOUND(#3177,.T.);
#3179=IFCFACE((#3178));
#3180=IFCCARTESIANPOINT((-42.000822698737501,-301.00388441519999,29.9986246760527));
#3181=IFCPOLYLOOP((#3176,#3180,#3138,#3137));
#3182=IFCFACEOUTERBOUND(#3181,.T.);
#3183=IFCFACE((#3182));
#3184=IFCCARTESIANPOINT((-40.393127544151,-301.003884415198,35.9986246760527));
#3185=IFCPOLYLOOP((#3180,#3184,#3139,#3138));
#3186=IFCFACEOUTERBOUND(#3185,.T.);
#3187=IFCFACE((#3186));
#3188=IFCCARTESIANPOINT((-36.000822698737501,-301.00388441519601,40.390929521465303));
#3189=IFCPOLYLOOP((#3184,#3188,#3140,#3139));
#3190=IFCFACEOUTERBOUND(#3189,.T.);
#3191=IFCFACE((#3190));
#3192=IFCPOLYLOOP((#3188,#3147,#3141,#3140));
#3193=IFCFACEOUTERBOUND(#3192,.T.);
#3194=IFCFACE((#3193));
#3195=IFCPOLYLOOP((#3160,#3156,#3152,#3148,#3147,#3188,#3184,#3180,#3176,#3172,#3168,#3164));
#3196=IFCFACEOUTERBOUND(#3195,.T.);
#3197=IFCFACE((#3196));
#3198=IFCCARTESIANPOINT((-100.00042914418,-1.64996890816838E-07,164.99866584339199));
#3199=IFCCARTESIANPOINT((-79.914324509808495,-1.6181559203687399E-07,161.81733940257601));
#3200=IFCPOLYLOOP((#3198,#3199,#1641,#1640));
#3201=IFCFACEOUTERBOUND(#3200,.T.);
#3202=IFCFACE((#3201));
#3203=IFCCARTESIANPOINT((-61.794387745168898,-1.5258319763233901E-07,152.58477047776299));
#3204=IFCPOLYLOOP((#3199,#3203,#1642,#1641));
#3205=IFCFACEOUTERBOUND(#3204,.T.);
#3206=IFCFACE((#3205));
#3207=IFCCARTESIANPOINT((-47.414324509808502,-1.3820329058944499E-07,138.204707242403));
#3208=IFCPOLYLOOP((#3203,#3207,#1623,#1642));
#3209=IFCFACEOUTERBOUND(#3208,.T.);
#3210=IFCFACE((#3209));
#3211=IFCCARTESIANPOINT((-38.181755584994796,-1.2008354133286E-07,120.084770477763));
#3212=IFCPOLYLOOP((#3207,#3211,#1624,#1623));
#3213=IFCFACEOUTERBOUND(#3212,.T.);
#3214=IFCFACE((#3213));
#3215=IFCCARTESIANPOINT((-35.000429144180103,-9.99975782178808E-08,99.998665843391805));
#3216=IFCPOLYLOOP((#3211,#3215,#1625,#1624));
#3217=IFCFACEOUTERBOUND(#3216,.T.);
#3218=IFCFACE((#3217));
#3219=IFCCARTESIANPOINT((-38.181755584994796,-7.9911728789738805E-08,79.912561209017397));
#3220=IFCPOLYLOOP((#3215,#3219,#1626,#1625));
#3221=IFCFACEOUTERBOUND(#3220,.T.);
#3222=IFCFACE((#3221));
#3223=IFCCARTESIANPOINT((-47.414324509808502,-6.1791979533154504E-08,61.7926244443806));
#3224=IFCPOLYLOOP((#3219,#3223,#1627,#1626));
#3225=IFCFACEOUTERBOUND(#3224,.T.);
#3226=IFCFACE((#3225));
#3227=IFCCARTESIANPOINT((-61.794387745168898,-4.7412072490260497E-08,47.412561209017397));
#3228=IFCPOLYLOOP((#3223,#3227,#1628,#1627));
#3229=IFCFACEOUTERBOUND(#3228,.T.);
#3230=IFCFACE((#3229));
#3231=IFCCARTESIANPOINT((-79.914324509808495,-3.8179564398888E-08,38.179992284203799));
#3232=IFCPOLYLOOP((#3227,#3231,#1629,#1628));
#3233=IFCFACEOUTERBOUND(#3232,.T.);
#3234=IFCFACE((#3233));
#3235=IFCCARTESIANPOINT((-100.00042914418,-3.4998265618924098E-08,34.998665843391798));
#3236=IFCPOLYLOOP((#3231,#3235,#1630,#1629));
#3237=IFCFACEOUTERBOUND(#3236,.T.);
#3238=IFCFACE((#3237));
#3239=IFCCARTESIANPOINT((-120.086533778552,-3.8179564398888E-08,38.179992284203799));
#3240=IFCPOLYLOOP((#3235,#3239,#1631,#1630));
#3241=IFCFACEOUTERBOUND(#3240,.T.);
#3242=IFCFACE((#3241));
#3243=IFCCARTESIANPOINT((-138.20647054319099,-4.7412072490260497E-08,47.412561209017397));
#3244=IFCPOLYLOOP((#3239,#3243,#1632,#1631));
#3245=IFCFACEOUTERBOUND(#3244,.T.);
#3246=IFCFACE((#3245));
#3247=IFCCARTESIANPOINT((-152.586533778552,-6.1791979533154504E-08,61.7926244443806));
#3248=IFCPOLYLOOP((#3243,#3247,#1633,#1632));
#3249=IFCFACEOUTERBOUND(#3248,.T.);
#3250=IFCFACE((#3249));
#3251=IFCCARTESIANPOINT((-161.81910270336499,-7.9911728789738805E-08,79.912561209017397));
#3252=IFCPOLYLOOP((#3247,#3251,#1634,#1633));
#3253=IFCFACEOUTERBOUND(#3252,.T.);
#3254=IFCFACE((#3253));
#3255=IFCCARTESIANPOINT((-165.00042914418,-9.99975782178808E-08,99.998665843391805));
#3256=IFCPOLYLOOP((#3251,#3255,#1635,#1634));
#3257=IFCFACEOUTERBOUND(#3256,.T.);
#3258=IFCFACE((#3257));
#3259=IFCCARTESIANPOINT((-161.81910270336499,-1.2008354133286E-07,120.084770477763));
#3260=IFCPOLYLOOP((#3255,#3259,#1636,#1635));
#3261=IFCFACEOUTERBOUND(#3260,.T.);
#3262=IFCFACE((#3261));
#3263=IFCCARTESIANPOINT((-152.586533778552,-1.3820329058944499E-07,138.204707242403));
#3264=IFCPOLYLOOP((#3259,#3263,#1637,#1636));
#3265=IFCFACEOUTERBOUND(#3264,.T.);
#3266=IFCFACE((#3265));
#3267=IFCCARTESIANPOINT((-138.20647054319099,-1.5258319763233901E-07,152.58477047776299));
#3268=IFCPOLYLOOP((#3263,#3267,#1638,#1637));
#3269=IFCFACEOUTERBOUND(#3268,.T.);
#3270=IFCFACE((#3269));
#3271=IFCCARTESIANPOINT((-120.086533778552,-1.6181559203687399E-07,161.81733940257601));
#3272=IFCPOLYLOOP((#3267,#3271,#1639,#1638));
#3273=IFCFACEOUTERBOUND(#3272,.T.);
#3274=IFCFACE((#3273));
#3275=IFCPOLYLOOP((#3271,#3198,#1640,#1639));
#3276=IFCFACEOUTERBOUND(#3275,.T.);
#3277=IFCFACE((#3276));
#3278=IFCCARTESIANPOINT((0.,-1.99997884919867E-07,200.00000000198301));
#3279=IFCCARTESIANPOINT((-200.,0.,1.9244907889515199E-09));
#3280=IFCCARTESIANPOINT((-200.,-1.99997884919867E-07,200.00000000198301));
#3281=IFCPOLYLOOP((#3278,#6,#3279,#3280));
#3282=IFCFACEOUTERBOUND(#3281,.T.);
#3283=IFCPOLYLOOP((#3263,#3259,#3255,#3251,#3247,#3243,#3239,#3235,#3231,#3227,#3223,#3219,#3215,#3211,#3207,#3203,#3199,#3198,#3271,#3267));
#3284=IFCFACEBOUND(#3283,.T.);
#3285=IFCCARTESIANPOINT((-30.000429142812202,1.40255929181876E-06,48.498665842606002));
#3286=IFCCARTESIANPOINT((-39.250429142812202,1.40255815495038E-06,46.020135812617802));
#3287=IFCCARTESIANPOINT((-46.021899112824002,1.40255508540577E-06,39.248665842606002));
#3288=IFCCARTESIANPOINT((-48.500429142812202,1.4025508789927701E-06,29.998665842606002));
#3289=IFCCARTESIANPOINT((-46.021899112824002,1.4025466725797699E-06,20.748665842606002));
#3290=IFCCARTESIANPOINT((-39.250429142812202,1.4025436030351599E-06,13.9771958725942));
#3291=IFCCARTESIANPOINT((-30.000429142812202,1.4025424661667799E-06,11.498665842606));
#3292=IFCCARTESIANPOINT((-20.750429142812202,1.4025436030351599E-06,13.9771958725942));
#3293=IFCCARTESIANPOINT((-13.978959172800399,1.4025466725797699E-06,20.748665842606002));
#3294=IFCCARTESIANPOINT((-11.5004291428122,1.4025508789927701E-06,29.998665842606002));
#3295=IFCCARTESIANPOINT((-13.978959172800399,1.40255508540577E-06,39.248665842606002));
#3296=IFCCARTESIANPOINT((-20.750429142812202,1.40255815495038E-06,46.020135812617802));
#3297=IFCPOLYLOOP((#3285,#3286,#3287,#3288,#3289,#3290,#3291,#3292,#3293,#3294,#3295,#3296));
#3298=IFCFACEBOUND(#3297,.T.);
#3299=IFCCARTESIANPOINT((-30.0004291402511,1.36130279315694E-06,188.49866584816499));
#3300=IFCCARTESIANPOINT((-39.2504291402511,1.3613016562885601E-06,186.02013581817701));
#3301=IFCCARTESIANPOINT((-46.0218991102629,1.3612985867439401E-06,179.24866584816499));
#3302=IFCCARTESIANPOINT((-48.5004291402511,1.3612943803309499E-06,169.99866584816499));
#3303=IFCCARTESIANPOINT((-46.0218991102629,1.36129017391795E-06,160.74866584816499));
#3304=IFCCARTESIANPOINT((-39.2504291402511,1.36128710437333E-06,153.977195878153));
#3305=IFCCARTESIANPOINT((-30.0004291402511,1.36128596750495E-06,151.49866584816499));
#3306=IFCCARTESIANPOINT((-20.7504291402511,1.36128710437333E-06,153.977195878153));
#3307=IFCCARTESIANPOINT((-13.9789591702392,1.36129017391795E-06,160.74866584816499));
#3308=IFCCARTESIANPOINT((-11.5004291402511,1.3612943803309499E-06,169.99866584816499));
#3309=IFCCARTESIANPOINT((-13.9789591702392,1.3612985867439401E-06,179.24866584816499));
#3310=IFCCARTESIANPOINT((-20.7504291402511,1.3613016562885601E-06,186.02013581817701));
#3311=IFCPOLYLOOP((#3299,#3300,#3301,#3302,#3303,#3304,#3305,#3306,#3307,#3308,#3309,#3310));
#3312=IFCFACEBOUND(#3311,.T.);
#3313=IFCCARTESIANPOINT((-170.00042914399799,1.4038180324860099E-06,48.498665847364499));
#3314=IFCCARTESIANPOINT((-179.25042914399799,1.4038168956176399E-06,46.0201358173763));
#3315=IFCCARTESIANPOINT((-186.02189911401001,1.4038138260730199E-06,39.248665847364499));
#3316=IFCCARTESIANPOINT((-188.50042914399799,1.40380961966002E-06,29.998665847364499));
#3317=IFCCARTESIANPOINT((-186.02189911401001,1.40380541324703E-06,20.748665847364499));
#3318=IFCCARTESIANPOINT((-179.25042914399799,1.4038023437024101E-06,13.977195877352599));
#3319=IFCCARTESIANPOINT((-170.00042914399799,1.4038012068340301E-06,11.498665847364499));
#3320=IFCCARTESIANPOINT((-160.75042914399799,1.4038023437024101E-06,13.977195877352599));
#3321=IFCCARTESIANPOINT((-153.978959173986,1.40380541324703E-06,20.748665847364499));
#3322=IFCCARTESIANPOINT((-151.50042914399799,1.40380961966002E-06,29.998665847364499));
#3323=IFCCARTESIANPOINT((-153.978959173986,1.4038138260730199E-06,39.248665847364499));
#3324=IFCCARTESIANPOINT((-160.75042914399799,1.4038168956176399E-06,46.0201358173763));
#3325=IFCPOLYLOOP((#3313,#3314,#3315,#3316,#3317,#3318,#3319,#3320,#3321,#3322,#3323,#3324));
#3326=IFCFACEBOUND(#3325,.T.);
#3327=IFCCARTESIANPOINT((-170.00042914150299,1.36255971483479E-06,188.49866585290101));
#3328=IFCCARTESIANPOINT((-179.25042914150299,1.36255857796641E-06,186.02013582291301));
#3329=IFCCARTESIANPOINT((-186.02189911151399,1.3625555084217901E-06,179.24866585290101));
#3330=IFCCARTESIANPOINT((-188.50042914150299,1.3625513020088001E-06,169.99866585290101));
#3331=IFCCARTESIANPOINT((-186.02189911151399,1.3625470955957999E-06,160.74866585290101));
#3332=IFCCARTESIANPOINT((-179.25042914150299,1.36254402605118E-06,153.97719588288999));
#3333=IFCCARTESIANPOINT((-170.00042914150299,1.36254288918281E-06,151.49866585290101));
#3334=IFCCARTESIANPOINT((-160.75042914150299,1.36254402605118E-06,153.97719588288999));
#3335=IFCCARTESIANPOINT((-153.978959171491,1.3625470955957999E-06,160.74866585290101));
#3336=IFCCARTESIANPOINT((-151.50042914150299,1.3625513020088001E-06,169.99866585290101));
#3337=IFCCARTESIANPOINT((-153.978959171491,1.3625555084217901E-06,179.24866585290101));
#3338=IFCCARTESIANPOINT((-160.75042914150299,1.36255857796641E-06,186.02013582291301));
#3339=IFCPOLYLOOP((#3327,#3328,#3329,#3330,#3331,#3332,#3333,#3334,#3335,#3336,#3337,#3338));
#3340=IFCFACEBOUND(#3339,.T.);
#3341=IFCFACE((#3282,#3284,#3298,#3312,#3326,#3340));
#3342=IFCCARTESIANPOINT((-153.978959171491,3.0000013625464099,179.24866585290101));
#3343=IFCCARTESIANPOINT((-151.50042914150299,3.0000013625422102,169.99866585290101));
#3344=IFCPOLYLOOP((#3342,#3337,#3336,#3343));
#3345=IFCFACEOUTERBOUND(#3344,.T.);
#3346=IFCFACE((#3345));
#3347=IFCCARTESIANPOINT((-160.75042914150299,3.0000013625494799,186.02013582291301));
#3348=IFCPOLYLOOP((#3347,#3338,#3337,#3342));
#3349=IFCFACEOUTERBOUND(#3348,.T.);
#3350=IFCFACE((#3349));
#3351=IFCCARTESIANPOINT((-170.00042914150299,3.0000013625506199,188.49866585290101));
#3352=IFCPOLYLOOP((#3351,#3327,#3338,#3347));
#3353=IFCFACEOUTERBOUND(#3352,.T.);
#3354=IFCFACE((#3353));
#3355=IFCCARTESIANPOINT((-179.25042914150299,3.0000013625494799,186.02013582291301));
#3356=IFCPOLYLOOP((#3355,#3328,#3327,#3351));
#3357=IFCFACEOUTERBOUND(#3356,.T.);
#3358=IFCFACE((#3357));
#3359=IFCCARTESIANPOINT((-186.02189911151399,3.0000013625464099,179.24866585290101));
#3360=IFCPOLYLOOP((#3359,#3329,#3328,#3355));
#3361=IFCFACEOUTERBOUND(#3360,.T.);
#3362=IFCFACE((#3361));
#3363=IFCCARTESIANPOINT((-188.50042914150299,3.0000013625422102,169.99866585290101));
#3364=IFCPOLYLOOP((#3363,#3330,#3329,#3359));
#3365=IFCFACEOUTERBOUND(#3364,.T.);
#3366=IFCFACE((#3365));
#3367=IFCCARTESIANPOINT((-186.02189911151399,3.0000013625380002,160.74866585290101));
#3368=IFCPOLYLOOP((#3367,#3331,#3330,#3363));
#3369=IFCFACEOUTERBOUND(#3368,.T.);
#3370=IFCFACE((#3369));
#3371=IFCCARTESIANPOINT((-179.25042914150299,3.0000013625349302,153.97719588288999));
#3372=IFCPOLYLOOP((#3371,#3332,#3331,#3367));
#3373=IFCFACEOUTERBOUND(#3372,.T.);
#3374=IFCFACE((#3373));
#3375=IFCCARTESIANPOINT((-170.00042914150299,3.0000013625337898,151.49866585290101));
#3376=IFCPOLYLOOP((#3375,#3333,#3332,#3371));
#3377=IFCFACEOUTERBOUND(#3376,.T.);
#3378=IFCFACE((#3377));
#3379=IFCCARTESIANPOINT((-160.75042914150299,3.0000013625349302,153.97719588288999));
#3380=IFCPOLYLOOP((#3379,#3334,#3333,#3375));
#3381=IFCFACEOUTERBOUND(#3380,.T.);
#3382=IFCFACE((#3381));
#3383=IFCCARTESIANPOINT((-153.978959171491,3.0000013625380002,160.74866585290101));
#3384=IFCPOLYLOOP((#3383,#3335,#3334,#3379));
#3385=IFCFACEOUTERBOUND(#3384,.T.);
#3386=IFCFACE((#3385));
#3387=IFCPOLYLOOP((#3343,#3336,#3335,#3383));
#3388=IFCFACEOUTERBOUND(#3387,.T.);
#3389=IFCFACE((#3388));
#3390=IFCPOLYLOOP((#3363,#3359,#3355,#3351,#3347,#3342,#3343,#3383,#3379,#3375,#3371,#3367));
#3391=IFCFACEOUTERBOUND(#3390,.T.);
#3392=IFCCARTESIANPOINT((-170.00042914145899,3.0000013625503898,187.99866585381099));
#3393=IFCCARTESIANPOINT((-185.588886409579,3.0000013625462998,178.99866585381099));
#3394=IFCCARTESIANPOINT((-185.588886409579,3.0000013625381099,160.99866585381099));
#3395=IFCCARTESIANPOINT((-170.00042914145899,3.0000013625340198,151.99866585381099));
#3396=IFCCARTESIANPOINT((-154.41197187333901,3.0000013625381099,160.99866585381099));
#3397=IFCCARTESIANPOINT((-154.41197187333901,3.0000013625462998,178.99866585381099));
#3398=IFCPOLYLOOP((#3392,#3393,#3394,#3395,#3396,#3397));
#3399=IFCFACEBOUND(#3398,.T.);
#3400=IFCFACE((#3391,#3399));
#3401=IFCCARTESIANPOINT((-154.41197187333901,19.000001362481701,160.99866585381801));
#3402=IFCCARTESIANPOINT((-170.00042914145899,19.000001362477601,151.99866585381801));
#3403=IFCPOLYLOOP((#3401,#3396,#3395,#3402));
#3404=IFCFACEOUTERBOUND(#3403,.T.);
#3405=IFCFACE((#3404));
#3406=IFCCARTESIANPOINT((-154.41197187333901,19.0000013624899,178.99866585381801));
#3407=IFCPOLYLOOP((#3406,#3397,#3396,#3401));
#3408=IFCFACEOUTERBOUND(#3407,.T.);
#3409=IFCFACE((#3408));
#3410=IFCCARTESIANPOINT((-170.00042914145899,19.000001362494,187.99866585381801));
#3411=IFCPOLYLOOP((#3410,#3392,#3397,#3406));
#3412=IFCFACEOUTERBOUND(#3411,.T.);
#3413=IFCFACE((#3412));
#3414=IFCCARTESIANPOINT((-185.588886409579,19.0000013624899,178.99866585381801));
#3415=IFCPOLYLOOP((#3414,#3393,#3392,#3410));
#3416=IFCFACEOUTERBOUND(#3415,.T.);
#3417=IFCFACE((#3416));
#3418=IFCCARTESIANPOINT((-185.588886409579,19.000001362481701,160.99866585381801));
#3419=IFCPOLYLOOP((#3418,#3394,#3393,#3414));
#3420=IFCFACEOUTERBOUND(#3419,.T.);
#3421=IFCFACE((#3420));
#3422=IFCPOLYLOOP((#3402,#3395,#3394,#3418));
#3423=IFCFACEOUTERBOUND(#3422,.T.);
#3424=IFCFACE((#3423));
#3425=IFCPOLYLOOP((#3402,#3418,#3414,#3410,#3406,#3401));
#3426=IFCFACEOUTERBOUND(#3425,.T.);
#3427=IFCCARTESIANPOINT((-182.00082270207,19.000001362485801,169.99862467951601));
#3428=IFCCARTESIANPOINT((-180.393127547483,19.000001362483101,163.99862467951601));
#3429=IFCCARTESIANPOINT((-176.00082270207,19.000001362481001,159.606319834103));
#3430=IFCCARTESIANPOINT((-170.00082270207,19.000001362480401,157.99862467951601));
#3431=IFCCARTESIANPOINT((-164.00082270207,19.000001362481001,159.606319834103));
#3432=IFCCARTESIANPOINT((-159.60851785665599,19.000001362483101,163.99862467951601));
#3433=IFCCARTESIANPOINT((-158.00082270207,19.000001362485801,169.99862467951601));
#3434=IFCCARTESIANPOINT((-159.60851785665599,19.000001362488501,175.99862467951601));
#3435=IFCCARTESIANPOINT((-164.00082270207,19.0000013624906,180.39092952492899));
#3436=IFCCARTESIANPOINT((-170.00082270207,19.0000013624913,181.99862467951601));
#3437=IFCCARTESIANPOINT((-176.00082270207,19.0000013624906,180.39092952492899));
#3438=IFCCARTESIANPOINT((-180.393127547483,19.000001362488501,175.99862467951601));
#3439=IFCPOLYLOOP((#3427,#3428,#3429,#3430,#3431,#3432,#3433,#3434,#3435,#3436,#3437,#3438));
#3440=IFCFACEBOUND(#3439,.T.);
#3441=IFCFACE((#3426,#3440));
#3442=IFCCARTESIANPOINT((-170.00082270207,28.9961155848696,181.99862467951999));
#3443=IFCCARTESIANPOINT((-176.00082270207,28.9961155848689,180.39092952493201));
#3444=IFCPOLYLOOP((#3442,#3443,#3437,#3436));
#3445=IFCFACEOUTERBOUND(#3444,.T.);
#3446=IFCFACE((#3445));
#3447=IFCCARTESIANPOINT((-180.393127547483,28.996115584866899,175.99862467951999));
#3448=IFCPOLYLOOP((#3443,#3447,#3438,#3437));
#3449=IFCFACEOUTERBOUND(#3448,.T.);
#3450=IFCFACE((#3449));
#3451=IFCCARTESIANPOINT((-182.00082270207,28.9961155848641,169.99862467951999));
#3452=IFCPOLYLOOP((#3447,#3451,#3427,#3438));
#3453=IFCFACEOUTERBOUND(#3452,.T.);
#3454=IFCFACE((#3453));
#3455=IFCCARTESIANPOINT((-180.393127547483,28.9961155848614,163.99862467951999));
#3456=IFCPOLYLOOP((#3451,#3455,#3428,#3427));
#3457=IFCFACEOUTERBOUND(#3456,.T.);
#3458=IFCFACE((#3457));
#3459=IFCCARTESIANPOINT((-176.00082270207,28.9961155848594,159.60631983410701));
#3460=IFCPOLYLOOP((#3455,#3459,#3429,#3428));
#3461=IFCFACEOUTERBOUND(#3460,.T.);
#3462=IFCFACE((#3461));
#3463=IFCCARTESIANPOINT((-170.00082270207,28.9961155848587,157.99862467951999));
#3464=IFCPOLYLOOP((#3459,#3463,#3430,#3429));
#3465=IFCFACEOUTERBOUND(#3464,.T.);
#3466=IFCFACE((#3465));
#3467=IFCCARTESIANPOINT((-164.00082270207,28.9961155848594,159.60631983410701));
#3468=IFCPOLYLOOP((#3463,#3467,#3431,#3430));
#3469=IFCFACEOUTERBOUND(#3468,.T.);
#3470=IFCFACE((#3469));
#3471=IFCCARTESIANPOINT((-159.60851785665599,28.9961155848614,163.99862467951999));
#3472=IFCPOLYLOOP((#3467,#3471,#3432,#3431));
#3473=IFCFACEOUTERBOUND(#3472,.T.);
#3474=IFCFACE((#3473));
#3475=IFCCARTESIANPOINT((-158.00082270207,28.9961155848641,169.99862467951999));
#3476=IFCPOLYLOOP((#3471,#3475,#3433,#3432));
#3477=IFCFACEOUTERBOUND(#3476,.T.);
#3478=IFCFACE((#3477));
#3479=IFCCARTESIANPOINT((-159.60851785665599,28.996115584866899,175.99862467951999));
#3480=IFCPOLYLOOP((#3475,#3479,#3434,#3433));
#3481=IFCFACEOUTERBOUND(#3480,.T.);
#3482=IFCFACE((#3481));
#3483=IFCCARTESIANPOINT((-164.00082270207,28.9961155848689,180.39092952493201));
#3484=IFCPOLYLOOP((#3479,#3483,#3435,#3434));
#3485=IFCFACEOUTERBOUND(#3484,.T.);
#3486=IFCFACE((#3485));
#3487=IFCPOLYLOOP((#3483,#3442,#3436,#3435));
#3488=IFCFACEOUTERBOUND(#3487,.T.);
#3489=IFCFACE((#3488));
#3490=IFCPOLYLOOP((#3451,#3447,#3443,#3442,#3483,#3479,#3475,#3471,#3467,#3463,#3459,#3455));
#3491=IFCFACEOUTERBOUND(#3490,.T.);
#3492=IFCFACE((#3491));
#3493=IFCCARTESIANPOINT((-153.978959173986,3.0000014038047298,39.248665847364499));
#3494=IFCCARTESIANPOINT((-151.50042914399799,3.0000014038005198,29.998665847364499));
#3495=IFCPOLYLOOP((#3493,#3323,#3322,#3494));
#3496=IFCFACEOUTERBOUND(#3495,.T.);
#3497=IFCFACE((#3496));
#3498=IFCCARTESIANPOINT((-160.75042914399799,3.0000014038077998,46.0201358173763));
#3499=IFCPOLYLOOP((#3498,#3324,#3323,#3493));
#3500=IFCFACEOUTERBOUND(#3499,.T.);
#3501=IFCFACE((#3500));
#3502=IFCCARTESIANPOINT((-170.00042914399799,3.0000014038089402,48.498665847364499));
#3503=IFCPOLYLOOP((#3502,#3313,#3324,#3498));
#3504=IFCFACEOUTERBOUND(#3503,.T.);
#3505=IFCFACE((#3504));
#3506=IFCCARTESIANPOINT((-179.25042914399799,3.0000014038077998,46.0201358173763));
#3507=IFCPOLYLOOP((#3506,#3314,#3313,#3502));
#3508=IFCFACEOUTERBOUND(#3507,.T.);
#3509=IFCFACE((#3508));
#3510=IFCCARTESIANPOINT((-186.02189911401001,3.0000014038047298,39.248665847364499));
#3511=IFCPOLYLOOP((#3510,#3315,#3314,#3506));
#3512=IFCFACEOUTERBOUND(#3511,.T.);
#3513=IFCFACE((#3512));
#3514=IFCCARTESIANPOINT((-188.50042914399799,3.0000014038005198,29.998665847364499));
#3515=IFCPOLYLOOP((#3514,#3316,#3315,#3510));
#3516=IFCFACEOUTERBOUND(#3515,.T.);
#3517=IFCFACE((#3516));
#3518=IFCCARTESIANPOINT((-186.02189911401001,3.0000014037963201,20.748665847364499));
#3519=IFCPOLYLOOP((#3518,#3317,#3316,#3514));
#3520=IFCFACEOUTERBOUND(#3519,.T.);
#3521=IFCFACE((#3520));
#3522=IFCCARTESIANPOINT((-179.25042914399799,3.0000014037932501,13.977195877352599));
#3523=IFCPOLYLOOP((#3522,#3318,#3317,#3518));
#3524=IFCFACEOUTERBOUND(#3523,.T.);
#3525=IFCFACE((#3524));
#3526=IFCCARTESIANPOINT((-170.00042914399799,3.0000014037921101,11.498665847364499));
#3527=IFCPOLYLOOP((#3526,#3319,#3318,#3522));
#3528=IFCFACEOUTERBOUND(#3527,.T.);
#3529=IFCFACE((#3528));
#3530=IFCCARTESIANPOINT((-160.75042914399799,3.0000014037932501,13.977195877352599));
#3531=IFCPOLYLOOP((#3530,#3320,#3319,#3526));
#3532=IFCFACEOUTERBOUND(#3531,.T.);
#3533=IFCFACE((#3532));
#3534=IFCCARTESIANPOINT((-153.978959173986,3.0000014037963201,20.748665847364499));
#3535=IFCPOLYLOOP((#3534,#3321,#3320,#3530));
#3536=IFCFACEOUTERBOUND(#3535,.T.);
#3537=IFCFACE((#3536));
#3538=IFCPOLYLOOP((#3494,#3322,#3321,#3534));
#3539=IFCFACEOUTERBOUND(#3538,.T.);
#3540=IFCFACE((#3539));
#3541=IFCPOLYLOOP((#3514,#3510,#3506,#3502,#3498,#3493,#3494,#3534,#3530,#3526,#3522,#3518));
#3542=IFCFACEOUTERBOUND(#3541,.T.);
#3543=IFCCARTESIANPOINT((-170.00042914396201,3.0000014038087102,47.998665848281199));
#3544=IFCCARTESIANPOINT((-185.58888641208199,3.0000014038046201,38.998665848281199));
#3545=IFCCARTESIANPOINT((-185.58888641208199,3.0000014037964302,20.998665848281199));
#3546=IFCCARTESIANPOINT((-170.00042914396201,3.0000014037923401,11.998665848281201));
#3547=IFCCARTESIANPOINT((-154.411971875842,3.0000014037964302,20.998665848281199));
#3548=IFCCARTESIANPOINT((-154.411971875842,3.0000014038046201,38.998665848281199));
#3549=IFCPOLYLOOP((#3543,#3544,#3545,#3546,#3547,#3548));
#3550=IFCFACEBOUND(#3549,.T.);
#3551=IFCFACE((#3542,#3550));
#3552=IFCCARTESIANPOINT((-154.411971875842,19.000001403740001,20.9986658482885));
#3553=IFCCARTESIANPOINT((-170.00042914396201,19.000001403736,11.9986658482885));
#3554=IFCPOLYLOOP((#3552,#3547,#3546,#3553));
#3555=IFCFACEOUTERBOUND(#3554,.T.);
#3556=IFCFACE((#3555));
#3557=IFCCARTESIANPOINT((-154.411971875842,19.0000014037482,38.998665848288503));
#3558=IFCPOLYLOOP((#3557,#3548,#3547,#3552));
#3559=IFCFACEOUTERBOUND(#3558,.T.);
#3560=IFCFACE((#3559));
#3561=IFCCARTESIANPOINT((-170.00042914396201,19.0000014037523,47.998665848288503));
#3562=IFCPOLYLOOP((#3561,#3543,#3548,#3557));
#3563=IFCFACEOUTERBOUND(#3562,.T.);
#3564=IFCFACE((#3563));
#3565=IFCCARTESIANPOINT((-185.58888641208199,19.0000014037482,38.998665848288503));
#3566=IFCPOLYLOOP((#3565,#3544,#3543,#3561));
#3567=IFCFACEOUTERBOUND(#3566,.T.);
#3568=IFCFACE((#3567));
#3569=IFCCARTESIANPOINT((-185.58888641208199,19.000001403740001,20.9986658482885));
#3570=IFCPOLYLOOP((#3569,#3545,#3544,#3565));
#3571=IFCFACEOUTERBOUND(#3570,.T.);
#3572=IFCFACE((#3571));
#3573=IFCPOLYLOOP((#3553,#3546,#3545,#3569));
#3574=IFCFACEOUTERBOUND(#3573,.T.);
#3575=IFCFACE((#3574));
#3576=IFCPOLYLOOP((#3553,#3569,#3565,#3561,#3557,#3552));
#3577=IFCFACEOUTERBOUND(#3576,.T.);
#3578=IFCCARTESIANPOINT((-182.00082270205499,19.000001403744101,29.998624676198201));
#3579=IFCCARTESIANPOINT((-180.39312754746899,19.0000014037414,23.998624676198201));
#3580=IFCCARTESIANPOINT((-176.00082270205499,19.0000014037394,19.606319830785701));
#3581=IFCCARTESIANPOINT((-170.00082270205499,19.0000014037387,17.998624676198201));
#3582=IFCCARTESIANPOINT((-164.00082270205499,19.0000014037394,19.606319830785701));
#3583=IFCCARTESIANPOINT((-159.60851785664201,19.0000014037414,23.998624676198201));
#3584=IFCCARTESIANPOINT((-158.00082270205499,19.000001403744101,29.998624676198201));
#3585=IFCCARTESIANPOINT((-159.60851785664201,19.0000014037469,35.998624676198197));
#3586=IFCCARTESIANPOINT((-164.00082270205499,19.0000014037489,40.390929521610801));
#3587=IFCCARTESIANPOINT((-170.00082270205499,19.0000014037496,41.998624676198197));
#3588=IFCCARTESIANPOINT((-176.00082270205499,19.0000014037489,40.390929521610801));
#3589=IFCCARTESIANPOINT((-180.39312754746899,19.0000014037469,35.998624676198197));
#3590=IFCPOLYLOOP((#3578,#3579,#3580,#3581,#3582,#3583,#3584,#3585,#3586,#3587,#3588,#3589));
#3591=IFCFACEBOUND(#3590,.T.);
#3592=IFCFACE((#3577,#3591));
#3593=IFCCARTESIANPOINT((-170.00082270205499,28.996115584805899,41.998624676201899));
#3594=IFCCARTESIANPOINT((-176.00082270205499,28.996115584805199,40.390929521614503));
#3595=IFCPOLYLOOP((#3593,#3594,#3588,#3587));
#3596=IFCFACEOUTERBOUND(#3595,.T.);
#3597=IFCFACE((#3596));
#3598=IFCCARTESIANPOINT((-180.39312754746899,28.996115584803199,35.998624676201899));
#3599=IFCPOLYLOOP((#3594,#3598,#3589,#3588));
#3600=IFCFACEOUTERBOUND(#3599,.T.);
#3601=IFCFACE((#3600));
#3602=IFCCARTESIANPOINT((-182.00082270205499,28.996115584800499,29.998624676201899));
#3603=IFCPOLYLOOP((#3598,#3602,#3578,#3589));
#3604=IFCFACEOUTERBOUND(#3603,.T.);
#3605=IFCFACE((#3604));
#3606=IFCCARTESIANPOINT((-180.39312754746899,28.9961155847977,23.998624676201899));
#3607=IFCPOLYLOOP((#3602,#3606,#3579,#3578));
#3608=IFCFACEOUTERBOUND(#3607,.T.);
#3609=IFCFACE((#3608));
#3610=IFCCARTESIANPOINT((-176.00082270205499,28.9961155847957,19.6063198307893));
#3611=IFCPOLYLOOP((#3606,#3610,#3580,#3579));
#3612=IFCFACEOUTERBOUND(#3611,.T.);
#3613=IFCFACE((#3612));
#3614=IFCCARTESIANPOINT((-170.00082270205499,28.996115584795,17.998624676201899));
#3615=IFCPOLYLOOP((#3610,#3614,#3581,#3580));
#3616=IFCFACEOUTERBOUND(#3615,.T.);
#3617=IFCFACE((#3616));
#3618=IFCCARTESIANPOINT((-164.00082270205499,28.9961155847957,19.6063198307893));
#3619=IFCPOLYLOOP((#3614,#3618,#3582,#3581));
#3620=IFCFACEOUTERBOUND(#3619,.T.);
#3621=IFCFACE((#3620));
#3622=IFCCARTESIANPOINT((-159.60851785664201,28.9961155847977,23.998624676201899));
#3623=IFCPOLYLOOP((#3618,#3622,#3583,#3582));
#3624=IFCFACEOUTERBOUND(#3623,.T.);
#3625=IFCFACE((#3624));
#3626=IFCCARTESIANPOINT((-158.00082270205499,28.996115584800499,29.998624676201899));
#3627=IFCPOLYLOOP((#3622,#3626,#3584,#3583));
#3628=IFCFACEOUTERBOUND(#3627,.T.);
#3629=IFCFACE((#3628));
#3630=IFCCARTESIANPOINT((-159.60851785664201,28.996115584803199,35.998624676201899));
#3631=IFCPOLYLOOP((#3626,#3630,#3585,#3584));
#3632=IFCFACEOUTERBOUND(#3631,.T.);
#3633=IFCFACE((#3632));
#3634=IFCCARTESIANPOINT((-164.00082270205499,28.996115584805199,40.390929521614503));
#3635=IFCPOLYLOOP((#3630,#3634,#3586,#3585));
#3636=IFCFACEOUTERBOUND(#3635,.T.);
#3637=IFCFACE((#3636));
#3638=IFCPOLYLOOP((#3634,#3593,#3587,#3586));
#3639=IFCFACEOUTERBOUND(#3638,.T.);
#3640=IFCFACE((#3639));
#3641=IFCPOLYLOOP((#3602,#3598,#3594,#3593,#3634,#3630,#3626,#3622,#3618,#3614,#3610,#3606));
#3642=IFCFACEOUTERBOUND(#3641,.T.);
#3643=IFCFACE((#3642));
#3644=IFCCARTESIANPOINT((-13.9789591702392,3.00000136128949,179.24866584816499));
#3645=IFCCARTESIANPOINT((-11.5004291402511,3.0000013612852898,169.99866584816499));
#3646=IFCPOLYLOOP((#3644,#3309,#3308,#3645));
#3647=IFCFACEOUTERBOUND(#3646,.T.);
#3648=IFCFACE((#3647));
#3649=IFCCARTESIANPOINT((-20.7504291402511,3.00000136129256,186.02013581817701));
#3650=IFCPOLYLOOP((#3649,#3310,#3309,#3644));
#3651=IFCFACEOUTERBOUND(#3650,.T.);
#3652=IFCFACE((#3651));
#3653=IFCCARTESIANPOINT((-30.0004291402511,3.0000013612937,188.49866584816499));
#3654=IFCPOLYLOOP((#3653,#3299,#3310,#3649));
#3655=IFCFACEOUTERBOUND(#3654,.T.);
#3656=IFCFACE((#3655));
#3657=IFCCARTESIANPOINT((-39.2504291402511,3.00000136129256,186.02013581817701));
#3658=IFCPOLYLOOP((#3657,#3300,#3299,#3653));
#3659=IFCFACEOUTERBOUND(#3658,.T.);
#3660=IFCFACE((#3659));
#3661=IFCCARTESIANPOINT((-46.0218991102629,3.00000136128949,179.24866584816499));
#3662=IFCPOLYLOOP((#3661,#3301,#3300,#3657));
#3663=IFCFACEOUTERBOUND(#3662,.T.);
#3664=IFCFACE((#3663));
#3665=IFCCARTESIANPOINT((-48.5004291402511,3.0000013612852898,169.99866584816499));
#3666=IFCPOLYLOOP((#3665,#3302,#3301,#3661));
#3667=IFCFACEOUTERBOUND(#3666,.T.);
#3668=IFCFACE((#3667));
#3669=IFCCARTESIANPOINT((-46.0218991102629,3.0000013612810799,160.74866584816499));
#3670=IFCPOLYLOOP((#3669,#3303,#3302,#3665));
#3671=IFCFACEOUTERBOUND(#3670,.T.);
#3672=IFCFACE((#3671));
#3673=IFCCARTESIANPOINT((-39.2504291402511,3.0000013612780099,153.977195878153));
#3674=IFCPOLYLOOP((#3673,#3304,#3303,#3669));
#3675=IFCFACEOUTERBOUND(#3674,.T.);
#3676=IFCFACE((#3675));
#3677=IFCCARTESIANPOINT((-30.0004291402511,3.0000013612768699,151.49866584816499));
#3678=IFCPOLYLOOP((#3677,#3305,#3304,#3673));
#3679=IFCFACEOUTERBOUND(#3678,.T.);
#3680=IFCFACE((#3679));
#3681=IFCCARTESIANPOINT((-20.7504291402511,3.0000013612780099,153.977195878153));
#3682=IFCPOLYLOOP((#3681,#3306,#3305,#3677));
#3683=IFCFACEOUTERBOUND(#3682,.T.);
#3684=IFCFACE((#3683));
#3685=IFCCARTESIANPOINT((-13.9789591702392,3.0000013612810799,160.74866584816499));
#3686=IFCPOLYLOOP((#3685,#3307,#3306,#3681));
#3687=IFCFACEOUTERBOUND(#3686,.T.);
#3688=IFCFACE((#3687));
#3689=IFCPOLYLOOP((#3645,#3308,#3307,#3685));
#3690=IFCFACEOUTERBOUND(#3689,.T.);
#3691=IFCFACE((#3690));
#3692=IFCPOLYLOOP((#3665,#3661,#3657,#3653,#3649,#3644,#3645,#3685,#3681,#3677,#3673,#3669));
#3693=IFCFACEOUTERBOUND(#3692,.T.);
#3694=IFCCARTESIANPOINT((-30.000429140214699,3.0000013612934699,187.99866584908199));
#3695=IFCCARTESIANPOINT((-45.588886408334503,3.0000013612893799,178.99866584908199));
#3696=IFCCARTESIANPOINT((-45.588886408334503,3.00000136128119,160.99866584908199));
#3697=IFCCARTESIANPOINT((-30.000429140214699,3.0000013612770999,151.99866584908199));
#3698=IFCCARTESIANPOINT((-14.411971872094901,3.00000136128119,160.99866584908199));
#3699=IFCCARTESIANPOINT((-14.411971872094901,3.0000013612893799,178.99866584908199));
#3700=IFCPOLYLOOP((#3694,#3695,#3696,#3697,#3698,#3699));
#3701=IFCFACEBOUND(#3700,.T.);
#3702=IFCFACE((#3693,#3701));
#3703=IFCCARTESIANPOINT((-14.411971872094901,19.000001361222999,160.99866584908901));
#3704=IFCCARTESIANPOINT((-30.000429140214699,19.000001361218899,151.99866584908901));
#3705=IFCPOLYLOOP((#3703,#3698,#3697,#3704));
#3706=IFCFACEOUTERBOUND(#3705,.T.);
#3707=IFCFACE((#3706));
#3708=IFCCARTESIANPOINT((-14.411971872094901,19.000001361231199,178.99866584908901));
#3709=IFCPOLYLOOP((#3708,#3699,#3698,#3703));
#3710=IFCFACEOUTERBOUND(#3709,.T.);
#3711=IFCFACE((#3710));
#3712=IFCCARTESIANPOINT((-30.000429140214699,19.000001361235299,187.99866584908901));
#3713=IFCPOLYLOOP((#3712,#3694,#3699,#3708));
#3714=IFCFACEOUTERBOUND(#3713,.T.);
#3715=IFCFACE((#3714));
#3716=IFCCARTESIANPOINT((-45.588886408334503,19.000001361231199,178.99866584908901));
#3717=IFCPOLYLOOP((#3716,#3695,#3694,#3712));
#3718=IFCFACEOUTERBOUND(#3717,.T.);
#3719=IFCFACE((#3718));
#3720=IFCCARTESIANPOINT((-45.588886408334503,19.000001361222999,160.99866584908901));
#3721=IFCPOLYLOOP((#3720,#3696,#3695,#3716));
#3722=IFCFACEOUTERBOUND(#3721,.T.);
#3723=IFCFACE((#3722));
#3724=IFCPOLYLOOP((#3704,#3697,#3696,#3720));
#3725=IFCFACEOUTERBOUND(#3724,.T.);
#3726=IFCFACE((#3725));
#3727=IFCPOLYLOOP((#3704,#3720,#3716,#3712,#3708,#3703));
#3728=IFCFACEOUTERBOUND(#3727,.T.);
#3729=IFCCARTESIANPOINT((-42.000822698679301,19.000001361227099,169.998624679545));
#3730=IFCCARTESIANPOINT((-40.3931275440927,19.0000013612243,163.998624679545));
#3731=IFCCARTESIANPOINT((-36.000822698679301,19.000001361222299,159.60631983413299));
#3732=IFCCARTESIANPOINT((-30.000822698679301,19.000001361221599,157.998624679545));
#3733=IFCCARTESIANPOINT((-24.000822698679301,19.000001361222299,159.60631983413299));
#3734=IFCCARTESIANPOINT((-19.608517853265798,19.0000013612243,163.998624679545));
#3735=IFCCARTESIANPOINT((-18.000822698679301,19.000001361227099,169.998624679545));
#3736=IFCCARTESIANPOINT((-19.608517853265798,19.000001361229799,175.998624679545));
#3737=IFCCARTESIANPOINT((-24.000822698679301,19.000001361231899,180.39092952495801));
#3738=IFCCARTESIANPOINT((-30.000822698679301,19.000001361232499,181.998624679545));
#3739=IFCCARTESIANPOINT((-36.000822698679301,19.000001361231899,180.39092952495801));
#3740=IFCCARTESIANPOINT((-40.3931275440927,19.000001361229799,175.998624679545));
#3741=IFCPOLYLOOP((#3729,#3730,#3731,#3732,#3733,#3734,#3735,#3736,#3737,#3738,#3739,#3740));
#3742=IFCFACEBOUND(#3741,.T.);
#3743=IFCFACE((#3728,#3742));
#3744=IFCCARTESIANPOINT((-30.000822698679301,28.9961155848696,181.99862467954901));
#3745=IFCCARTESIANPOINT((-36.000822698679301,28.9961155848689,180.390929524961));
#3746=IFCPOLYLOOP((#3744,#3745,#3739,#3738));
#3747=IFCFACEOUTERBOUND(#3746,.T.);
#3748=IFCFACE((#3747));
#3749=IFCCARTESIANPOINT((-40.3931275440927,28.996115584866899,175.99862467954901));
#3750=IFCPOLYLOOP((#3745,#3749,#3740,#3739));
#3751=IFCFACEOUTERBOUND(#3750,.T.);
#3752=IFCFACE((#3751));
#3753=IFCCARTESIANPOINT((-42.000822698679301,28.9961155848641,169.99862467954901));
#3754=IFCPOLYLOOP((#3749,#3753,#3729,#3740));
#3755=IFCFACEOUTERBOUND(#3754,.T.);
#3756=IFCFACE((#3755));
#3757=IFCCARTESIANPOINT((-40.3931275440927,28.9961155848614,163.99862467954901));
#3758=IFCPOLYLOOP((#3753,#3757,#3730,#3729));
#3759=IFCFACEOUTERBOUND(#3758,.T.);
#3760=IFCFACE((#3759));
#3761=IFCCARTESIANPOINT((-36.000822698679301,28.9961155848594,159.606319834136));
#3762=IFCPOLYLOOP((#3757,#3761,#3731,#3730));
#3763=IFCFACEOUTERBOUND(#3762,.T.);
#3764=IFCFACE((#3763));
#3765=IFCCARTESIANPOINT((-30.000822698679301,28.9961155848587,157.99862467954901));
#3766=IFCPOLYLOOP((#3761,#3765,#3732,#3731));
#3767=IFCFACEOUTERBOUND(#3766,.T.);
#3768=IFCFACE((#3767));
#3769=IFCCARTESIANPOINT((-24.000822698679301,28.9961155848594,159.606319834136));
#3770=IFCPOLYLOOP((#3765,#3769,#3733,#3732));
#3771=IFCFACEOUTERBOUND(#3770,.T.);
#3772=IFCFACE((#3771));
#3773=IFCCARTESIANPOINT((-19.608517853265798,28.9961155848614,163.99862467954901));
#3774=IFCPOLYLOOP((#3769,#3773,#3734,#3733));
#3775=IFCFACEOUTERBOUND(#3774,.T.);
#3776=IFCFACE((#3775));
#3777=IFCCARTESIANPOINT((-18.000822698679301,28.9961155848641,169.99862467954901));
#3778=IFCPOLYLOOP((#3773,#3777,#3735,#3734));
#3779=IFCFACEOUTERBOUND(#3778,.T.);
#3780=IFCFACE((#3779));
#3781=IFCCARTESIANPOINT((-19.608517853265798,28.996115584866899,175.99862467954901));
#3782=IFCPOLYLOOP((#3777,#3781,#3736,#3735));
#3783=IFCFACEOUTERBOUND(#3782,.T.);
#3784=IFCFACE((#3783));
#3785=IFCCARTESIANPOINT((-24.000822698679301,28.9961155848689,180.390929524961));
#3786=IFCPOLYLOOP((#3781,#3785,#3737,#3736));
#3787=IFCFACEOUTERBOUND(#3786,.T.);
#3788=IFCFACE((#3787));
#3789=IFCPOLYLOOP((#3785,#3744,#3738,#3737));
#3790=IFCFACEOUTERBOUND(#3789,.T.);
#3791=IFCFACE((#3790));
#3792=IFCPOLYLOOP((#3753,#3749,#3745,#3744,#3785,#3781,#3777,#3773,#3769,#3765,#3761,#3757));
#3793=IFCFACEOUTERBOUND(#3792,.T.);
#3794=IFCFACE((#3793));
#3795=IFCCARTESIANPOINT((-13.978959172800399,3.00000140254599,39.248665842606002));
#3796=IFCCARTESIANPOINT((-11.5004291428122,3.00000140254178,29.998665842606002));
#3797=IFCPOLYLOOP((#3795,#3295,#3294,#3796));
#3798=IFCFACEOUTERBOUND(#3797,.T.);
#3799=IFCFACE((#3798));
#3800=IFCCARTESIANPOINT((-20.750429142812202,3.00000140254906,46.020135812617802));
#3801=IFCPOLYLOOP((#3800,#3296,#3295,#3795));
#3802=IFCFACEOUTERBOUND(#3801,.T.);
#3803=IFCFACE((#3802));
#3804=IFCCARTESIANPOINT((-30.000429142812202,3.0000014025502,48.498665842606002));
#3805=IFCPOLYLOOP((#3804,#3285,#3296,#3800));
#3806=IFCFACEOUTERBOUND(#3805,.T.);
#3807=IFCFACE((#3806));
#3808=IFCCARTESIANPOINT((-39.250429142812202,3.00000140254906,46.020135812617802));
#3809=IFCPOLYLOOP((#3808,#3286,#3285,#3804));
#3810=IFCFACEOUTERBOUND(#3809,.T.);
#3811=IFCFACE((#3810));
#3812=IFCCARTESIANPOINT((-46.021899112824002,3.00000140254599,39.248665842606002));
#3813=IFCPOLYLOOP((#3812,#3287,#3286,#3808));
#3814=IFCFACEOUTERBOUND(#3813,.T.);
#3815=IFCFACE((#3814));
#3816=IFCCARTESIANPOINT((-48.500429142812202,3.00000140254178,29.998665842606002));
#3817=IFCPOLYLOOP((#3816,#3288,#3287,#3812));
#3818=IFCFACEOUTERBOUND(#3817,.T.);
#3819=IFCFACE((#3818));
#3820=IFCCARTESIANPOINT((-46.021899112824002,3.0000014025375799,20.748665842606002));
#3821=IFCPOLYLOOP((#3820,#3289,#3288,#3816));
#3822=IFCFACEOUTERBOUND(#3821,.T.);
#3823=IFCFACE((#3822));
#3824=IFCCARTESIANPOINT((-39.250429142812202,3.0000014025345099,13.9771958725942));
#3825=IFCPOLYLOOP((#3824,#3290,#3289,#3820));
#3826=IFCFACEOUTERBOUND(#3825,.T.);
#3827=IFCFACE((#3826));
#3828=IFCCARTESIANPOINT((-30.000429142812202,3.0000014025333699,11.498665842606));
#3829=IFCPOLYLOOP((#3828,#3291,#3290,#3824));
#3830=IFCFACEOUTERBOUND(#3829,.T.);
#3831=IFCFACE((#3830));
#3832=IFCCARTESIANPOINT((-20.750429142812202,3.0000014025345099,13.9771958725942));
#3833=IFCPOLYLOOP((#3832,#3292,#3291,#3828));
#3834=IFCFACEOUTERBOUND(#3833,.T.);
#3835=IFCFACE((#3834));
#3836=IFCCARTESIANPOINT((-13.978959172800399,3.0000014025375799,20.748665842606002));
#3837=IFCPOLYLOOP((#3836,#3293,#3292,#3832));
#3838=IFCFACEOUTERBOUND(#3837,.T.);
#3839=IFCFACE((#3838));
#3840=IFCPOLYLOOP((#3796,#3294,#3293,#3836));
#3841=IFCFACEOUTERBOUND(#3840,.T.);
#3842=IFCFACE((#3841));
#3843=IFCPOLYLOOP((#3816,#3812,#3808,#3804,#3800,#3795,#3796,#3836,#3832,#3828,#3824,#3820));
#3844=IFCFACEOUTERBOUND(#3843,.T.);
#3845=IFCCARTESIANPOINT((-30.000429142768599,3.0000014025499699,47.998665843522801));
#3846=IFCCARTESIANPOINT((-45.5888864108883,3.0000014025458799,38.998665843522801));
#3847=IFCCARTESIANPOINT((-45.5888864108883,3.00000140253769,20.998665843522801));
#3848=IFCCARTESIANPOINT((-30.000429142768599,3.0000014025335999,11.998665843522801));
#3849=IFCCARTESIANPOINT((-14.411971874648801,3.00000140253769,20.998665843522801));
#3850=IFCCARTESIANPOINT((-14.411971874648801,3.0000014025458799,38.998665843522801));
#3851=IFCPOLYLOOP((#3845,#3846,#3847,#3848,#3849,#3850));
#3852=IFCFACEBOUND(#3851,.T.);
#3853=IFCFACE((#3844,#3852));
#3854=IFCCARTESIANPOINT((-14.411971874648801,19.000001402481299,20.998665843529999));
#3855=IFCCARTESIANPOINT((-30.000429142768599,19.000001402477199,11.99866584353));
#3856=IFCPOLYLOOP((#3854,#3849,#3848,#3855));
#3857=IFCFACEOUTERBOUND(#3856,.T.);
#3858=IFCFACE((#3857));
#3859=IFCCARTESIANPOINT((-14.411971874648801,19.000001402489499,38.998665843529999));
#3860=IFCPOLYLOOP((#3859,#3850,#3849,#3854));
#3861=IFCFACEOUTERBOUND(#3860,.T.);
#3862=IFCFACE((#3861));
#3863=IFCCARTESIANPOINT((-30.000429142768599,19.000001402493599,47.998665843529999));
#3864=IFCPOLYLOOP((#3863,#3845,#3850,#3859));
#3865=IFCFACEOUTERBOUND(#3864,.T.);
#3866=IFCFACE((#3865));
#3867=IFCCARTESIANPOINT((-45.5888864108883,19.000001402489499,38.998665843529999));
#3868=IFCPOLYLOOP((#3867,#3846,#3845,#3863));
#3869=IFCFACEOUTERBOUND(#3868,.T.);
#3870=IFCFACE((#3869));
#3871=IFCCARTESIANPOINT((-45.5888864108883,19.000001402481299,20.998665843529999));
#3872=IFCPOLYLOOP((#3871,#3847,#3846,#3867));
#3873=IFCFACEOUTERBOUND(#3872,.T.);
#3874=IFCFACE((#3873));
#3875=IFCPOLYLOOP((#3855,#3848,#3847,#3871));
#3876=IFCFACEOUTERBOUND(#3875,.T.);
#3877=IFCFACE((#3876));
#3878=IFCPOLYLOOP((#3855,#3871,#3867,#3863,#3859,#3854));
#3879=IFCFACEOUTERBOUND(#3878,.T.);
#3880=IFCCARTESIANPOINT((-42.000822698737501,19.000001402485399,29.998624676198201));
#3881=IFCCARTESIANPOINT((-40.393127544151,19.000001402482699,23.998624676198201));
#3882=IFCCARTESIANPOINT((-36.000822698737501,19.000001402480599,19.606319830785701));
#3883=IFCCARTESIANPOINT((-30.000822698737501,19.000001402479899,17.998624676198201));
#3884=IFCCARTESIANPOINT((-24.000822698737501,19.000001402480599,19.606319830785701));
#3885=IFCCARTESIANPOINT((-19.608517853323999,19.000001402482699,23.998624676198201));
#3886=IFCCARTESIANPOINT((-18.000822698737501,19.000001402485399,29.998624676198201));
#3887=IFCCARTESIANPOINT((-19.608517853323999,19.000001402488099,35.998624676198197));
#3888=IFCCARTESIANPOINT((-24.000822698737501,19.000001402490199,40.390929521610801));
#3889=IFCCARTESIANPOINT((-30.000822698737501,19.000001402490899,41.998624676198197));
#3890=IFCCARTESIANPOINT((-36.000822698737501,19.000001402490199,40.390929521610801));
#3891=IFCCARTESIANPOINT((-40.393127544151,19.000001402488099,35.998624676198197));
#3892=IFCPOLYLOOP((#3880,#3881,#3882,#3883,#3884,#3885,#3886,#3887,#3888,#3889,#3890,#3891));
#3893=IFCFACEBOUND(#3892,.T.);
#3894=IFCFACE((#3879,#3893));
#3895=IFCCARTESIANPOINT((-30.000822698737501,28.996115584805899,41.998624676201899));
#3896=IFCCARTESIANPOINT((-36.000822698737501,28.996115584805199,40.390929521614503));
#3897=IFCPOLYLOOP((#3895,#3896,#3890,#3889));
#3898=IFCFACEOUTERBOUND(#3897,.T.);
#3899=IFCFACE((#3898));
#3900=IFCCARTESIANPOINT((-40.393127544151,28.996115584803199,35.998624676201899));
#3901=IFCPOLYLOOP((#3896,#3900,#3891,#3890));
#3902=IFCFACEOUTERBOUND(#3901,.T.);
#3903=IFCFACE((#3902));
#3904=IFCCARTESIANPOINT((-42.000822698737501,28.996115584800499,29.998624676201899));
#3905=IFCPOLYLOOP((#3900,#3904,#3880,#3891));
#3906=IFCFACEOUTERBOUND(#3905,.T.);
#3907=IFCFACE((#3906));
#3908=IFCCARTESIANPOINT((-40.393127544151,28.9961155847977,23.998624676201899));
#3909=IFCPOLYLOOP((#3904,#3908,#3881,#3880));
#3910=IFCFACEOUTERBOUND(#3909,.T.);
#3911=IFCFACE((#3910));
#3912=IFCCARTESIANPOINT((-36.000822698737501,28.9961155847957,19.6063198307893));
#3913=IFCPOLYLOOP((#3908,#3912,#3882,#3881));
#3914=IFCFACEOUTERBOUND(#3913,.T.);
#3915=IFCFACE((#3914));
#3916=IFCCARTESIANPOINT((-30.000822698737501,28.996115584795,17.998624676201899));
#3917=IFCPOLYLOOP((#3912,#3916,#3883,#3882));
#3918=IFCFACEOUTERBOUND(#3917,.T.);
#3919=IFCFACE((#3918));
#3920=IFCCARTESIANPOINT((-24.000822698737501,28.9961155847957,19.6063198307893));
#3921=IFCPOLYLOOP((#3916,#3920,#3884,#3883));
#3922=IFCFACEOUTERBOUND(#3921,.T.);
#3923=IFCFACE((#3922));
#3924=IFCCARTESIANPOINT((-19.608517853323999,28.9961155847977,23.998624676201899));
#3925=IFCPOLYLOOP((#3920,#3924,#3885,#3884));
#3926=IFCFACEOUTERBOUND(#3925,.T.);
#3927=IFCFACE((#3926));
#3928=IFCCARTESIANPOINT((-18.000822698737501,28.996115584800499,29.998624676201899));
#3929=IFCPOLYLOOP((#3924,#3928,#3886,#3885));
#3930=IFCFACEOUTERBOUND(#3929,.T.);
#3931=IFCFACE((#3930));
#3932=IFCCARTESIANPOINT((-19.608517853323999,28.996115584803199,35.998624676201899));
#3933=IFCPOLYLOOP((#3928,#3932,#3887,#3886));
#3934=IFCFACEOUTERBOUND(#3933,.T.);
#3935=IFCFACE((#3934));
#3936=IFCCARTESIANPOINT((-24.000822698737501,28.996115584805199,40.390929521614503));
#3937=IFCPOLYLOOP((#3932,#3936,#3888,#3887));
#3938=IFCFACEOUTERBOUND(#3937,.T.);
#3939=IFCFACE((#3938));
#3940=IFCPOLYLOOP((#3936,#3895,#3889,#3888));
#3941=IFCFACEOUTERBOUND(#3940,.T.);
#3942=IFCFACE((#3941));
#3943=IFCPOLYLOOP((#3904,#3900,#3896,#3895,#3936,#3932,#3928,#3924,#3920,#3916,#3912,#3908));
#3944=IFCFACEOUTERBOUND(#3943,.T.);
#3945=IFCFACE((#3944));
#3946=IFCPOLYLOOP((#1618,#3279,#6,#1619));
#3947=IFCFACEOUTERBOUND(#3946,.T.);
#3948=IFCFACE((#3947));
#3949=IFCPOLYLOOP((#1617,#3280,#3279,#1618));
#3950=IFCFACEOUTERBOUND(#3949,.T.);
#3951=IFCFACE((#3950));
#3952=IFCPOLYLOOP((#1620,#3278,#3280,#1617));
#3953=IFCFACEOUTERBOUND(#3952,.T.);
#3954=IFCFACE((#3953));
#3955=IFCPOLYLOOP((#1619,#6,#3278,#1620));
#3956=IFCFACEOUTERBOUND(#3955,.T.);
#3957=IFCFACE((#3956));
#3958=IFCCARTESIANPOINT((-48.511784593028999,-244.002919416373,170.00219015971399));
#3959=IFCCARTESIANPOINT((-46.033254563040799,-244.002919416368,179.25219015971399));
#3960=IFCCARTESIANPOINT((-39.261784593028999,-244.00291941636499,186.02366012972601));
#3961=IFCCARTESIANPOINT((-30.011784593028999,-244.00291941636399,188.50219015971399));
#3962=IFCCARTESIANPOINT((-20.761784593028999,-244.00291941636499,186.02366012972601));
#3963=IFCCARTESIANPOINT((-13.9903146230172,-244.002919416368,179.25219015971399));
#3964=IFCCARTESIANPOINT((-11.511784593029001,-244.002919416373,170.00219015971399));
#3965=IFCCARTESIANPOINT((-13.9903146230172,-244.00291941637701,160.75219015971399));
#3966=IFCCARTESIANPOINT((-20.761784593028999,-244.00291941638,153.980720189702));
#3967=IFCCARTESIANPOINT((-30.011784593028999,-244.00291941638099,151.50219015971399));
#3968=IFCCARTESIANPOINT((-39.261784593028999,-244.00291941638,153.980720189702));
#3969=IFCCARTESIANPOINT((-46.033254563040799,-244.00291941637701,160.75219015971399));
#3970=IFCPOLYLOOP((#3958,#3959,#3960,#3961,#3962,#3963,#3964,#3965,#3966,#3967,#3968,#3969));
#3971=IFCFACEOUTERBOUND(#3970,.T.);
#3972=IFCPOLYLOOP((#1494,#1493,#1498,#1489,#1488,#1505));
#3973=IFCFACEBOUND(#3972,.T.);
#3974=IFCFACE((#3971,#3973));
#3975=IFCCARTESIANPOINT((-39.261784593028999,-247.00291941638,153.980720189702));
#3976=IFCCARTESIANPOINT((-30.011784593028999,-247.00291941638099,151.50219015971399));
#3977=IFCPOLYLOOP((#3975,#3968,#3967,#3976));
#3978=IFCFACEOUTERBOUND(#3977,.T.);
#3979=IFCFACE((#3978));
#3980=IFCCARTESIANPOINT((-46.033254563040799,-247.00291941637701,160.75219015971399));
#3981=IFCPOLYLOOP((#3980,#3969,#3968,#3975));
#3982=IFCFACEOUTERBOUND(#3981,.T.);
#3983=IFCFACE((#3982));
#3984=IFCCARTESIANPOINT((-48.511784593028999,-247.002919416373,170.00219015971399));
#3985=IFCPOLYLOOP((#3984,#3958,#3969,#3980));
#3986=IFCFACEOUTERBOUND(#3985,.T.);
#3987=IFCFACE((#3986));
#3988=IFCCARTESIANPOINT((-46.033254563040799,-247.002919416368,179.25219015971399));
#3989=IFCPOLYLOOP((#3988,#3959,#3958,#3984));
#3990=IFCFACEOUTERBOUND(#3989,.T.);
#3991=IFCFACE((#3990));
#3992=IFCCARTESIANPOINT((-39.261784593028999,-247.00291941636499,186.02366012972601));
#3993=IFCPOLYLOOP((#3992,#3960,#3959,#3988));
#3994=IFCFACEOUTERBOUND(#3993,.T.);
#3995=IFCFACE((#3994));
#3996=IFCCARTESIANPOINT((-30.011784593028999,-247.00291941636399,188.50219015971399));
#3997=IFCPOLYLOOP((#3996,#3961,#3960,#3992));
#3998=IFCFACEOUTERBOUND(#3997,.T.);
#3999=IFCFACE((#3998));
#4000=IFCCARTESIANPOINT((-20.761784593028999,-247.00291941636499,186.02366012972601));
#4001=IFCPOLYLOOP((#4000,#3962,#3961,#3996));
#4002=IFCFACEOUTERBOUND(#4001,.T.);
#4003=IFCFACE((#4002));
#4004=IFCCARTESIANPOINT((-13.9903146230172,-247.002919416368,179.25219015971399));
#4005=IFCPOLYLOOP((#4004,#3963,#3962,#4000));
#4006=IFCFACEOUTERBOUND(#4005,.T.);
#4007=IFCFACE((#4006));
#4008=IFCCARTESIANPOINT((-11.511784593029001,-247.002919416373,170.00219015971399));
#4009=IFCPOLYLOOP((#4008,#3964,#3963,#4004));
#4010=IFCFACEOUTERBOUND(#4009,.T.);
#4011=IFCFACE((#4010));
#4012=IFCCARTESIANPOINT((-13.9903146230172,-247.00291941637701,160.75219015971399));
#4013=IFCPOLYLOOP((#4012,#3965,#3964,#4008));
#4014=IFCFACEOUTERBOUND(#4013,.T.);
#4015=IFCFACE((#4014));
#4016=IFCCARTESIANPOINT((-20.761784593028999,-247.00291941638,153.980720189702));
#4017=IFCPOLYLOOP((#4016,#3966,#3965,#4012));
#4018=IFCFACEOUTERBOUND(#4017,.T.);
#4019=IFCFACE((#4018));
#4020=IFCPOLYLOOP((#3976,#3967,#3966,#4016));
#4021=IFCFACEOUTERBOUND(#4020,.T.);
#4022=IFCFACE((#4021));
#4023=IFCPOLYLOOP((#4012,#4008,#4004,#4000,#3996,#3992,#3988,#3984,#3980,#3975,#3976,#4016));
#4024=IFCFACEOUTERBOUND(#4023,.T.);
#4025=IFCCARTESIANPOINT((-18.000822698679301,-247.002919416373,169.99862467942501));
#4026=IFCCARTESIANPOINT((-19.608517853265798,-247.00291941637499,163.99862467942501));
#4027=IFCCARTESIANPOINT((-24.000822698679301,-247.00291941637701,159.60631983401299));
#4028=IFCCARTESIANPOINT((-30.000822698679301,-247.00291941637801,157.99862467942501));
#4029=IFCCARTESIANPOINT((-36.000822698679301,-247.00291941637701,159.60631983401299));
#4030=IFCCARTESIANPOINT((-40.3931275440927,-247.00291941637499,163.99862467942501));
#4031=IFCCARTESIANPOINT((-42.000822698679301,-247.002919416373,169.99862467942501));
#4032=IFCCARTESIANPOINT((-40.3931275440927,-247.00291941636999,175.99862467942501));
#4033=IFCCARTESIANPOINT((-36.000822698679301,-247.002919416368,180.39092952483799));
#4034=IFCCARTESIANPOINT((-30.000822698679301,-247.00291941636701,181.99862467942501));
#4035=IFCCARTESIANPOINT((-24.000822698679301,-247.002919416368,180.39092952483799));
#4036=IFCCARTESIANPOINT((-19.608517853265798,-247.00291941636999,175.99862467942501));
#4037=IFCPOLYLOOP((#4025,#4026,#4027,#4028,#4029,#4030,#4031,#4032,#4033,#4034,#4035,#4036));
#4038=IFCFACEBOUND(#4037,.T.);
#4039=IFCFACE((#4024,#4038));
#4040=IFCCARTESIANPOINT((-30.000822698679301,-272.00291941636698,181.99862467941401));
#4041=IFCCARTESIANPOINT((-24.000822698679301,-272.002919416368,180.39092952482699));
#4042=IFCPOLYLOOP((#4040,#4041,#4035,#4034));
#4043=IFCFACEOUTERBOUND(#4042,.T.);
#4044=IFCFACE((#4043));
#4045=IFCCARTESIANPOINT((-19.608517853265798,-272.00291941636999,175.99862467941401));
#4046=IFCPOLYLOOP((#4041,#4045,#4036,#4035));
#4047=IFCFACEOUTERBOUND(#4046,.T.);
#4048=IFCFACE((#4047));
#4049=IFCCARTESIANPOINT((-18.000822698679301,-272.002919416373,169.99862467941401));
#4050=IFCPOLYLOOP((#4045,#4049,#4025,#4036));
#4051=IFCFACEOUTERBOUND(#4050,.T.);
#4052=IFCFACE((#4051));
#4053=IFCCARTESIANPOINT((-19.608517853265798,-272.00291941637499,163.99862467941401));
#4054=IFCPOLYLOOP((#4049,#4053,#4026,#4025));
#4055=IFCFACEOUTERBOUND(#4054,.T.);
#4056=IFCFACE((#4055));
#4057=IFCCARTESIANPOINT((-24.000822698679301,-272.00291941637698,159.60631983399799));
#4058=IFCPOLYLOOP((#4053,#4057,#4027,#4026));
#4059=IFCFACEOUTERBOUND(#4058,.T.);
#4060=IFCFACE((#4059));
#4061=IFCCARTESIANPOINT((-30.000822698679301,-272.00291941637801,157.99862467941401));
#4062=IFCPOLYLOOP((#4057,#4061,#4028,#4027));
#4063=IFCFACEOUTERBOUND(#4062,.T.);
#4064=IFCFACE((#4063));
#4065=IFCCARTESIANPOINT((-36.000822698679301,-272.00291941637698,159.60631983399799));
#4066=IFCPOLYLOOP((#4061,#4065,#4029,#4028));
#4067=IFCFACEOUTERBOUND(#4066,.T.);
#4068=IFCFACE((#4067));
#4069=IFCCARTESIANPOINT((-40.3931275440927,-272.00291941637499,163.99862467941401));
#4070=IFCPOLYLOOP((#4065,#4069,#4030,#4029));
#4071=IFCFACEOUTERBOUND(#4070,.T.);
#4072=IFCFACE((#4071));
#4073=IFCCARTESIANPOINT((-42.000822698679301,-272.002919416373,169.99862467941401));
#4074=IFCPOLYLOOP((#4069,#4073,#4031,#4030));
#4075=IFCFACEOUTERBOUND(#4074,.T.);
#4076=IFCFACE((#4075));
#4077=IFCCARTESIANPOINT((-40.3931275440927,-272.00291941636999,175.99862467941401));
#4078=IFCPOLYLOOP((#4073,#4077,#4032,#4031));
#4079=IFCFACEOUTERBOUND(#4078,.T.);
#4080=IFCFACE((#4079));
#4081=IFCCARTESIANPOINT((-36.000822698679301,-272.002919416368,180.39092952482699));
#4082=IFCPOLYLOOP((#4077,#4081,#4033,#4032));
#4083=IFCFACEOUTERBOUND(#4082,.T.);
#4084=IFCFACE((#4083));
#4085=IFCPOLYLOOP((#4081,#4040,#4034,#4033));
#4086=IFCFACEOUTERBOUND(#4085,.T.);
#4087=IFCFACE((#4086));
#4088=IFCCARTESIANPOINT((-48.511784593028999,-272.002919416373,170.00219015970299));
#4089=IFCCARTESIANPOINT((-46.033254563040799,-272.00291941636902,179.25219015970299));
#4090=IFCCARTESIANPOINT((-39.261784593028999,-272.00291941636499,186.02366012971501));
#4091=IFCCARTESIANPOINT((-30.011784593028999,-272.00291941636402,188.50219015970299));
#4092=IFCCARTESIANPOINT((-20.761784593028999,-272.00291941636499,186.02366012971501));
#4093=IFCCARTESIANPOINT((-13.9903146230172,-272.00291941636902,179.25219015970299));
#4094=IFCCARTESIANPOINT((-11.511784593029001,-272.002919416373,170.00219015970299));
#4095=IFCCARTESIANPOINT((-13.9903146230172,-272.00291941637698,160.75219015970299));
#4096=IFCCARTESIANPOINT((-20.761784593028999,-272.00291941638,153.980720189691));
#4097=IFCCARTESIANPOINT((-30.011784593028999,-272.00291941638102,151.50219015970299));
#4098=IFCCARTESIANPOINT((-39.261784593028999,-272.00291941638,153.980720189691));
#4099=IFCCARTESIANPOINT((-46.033254563040799,-272.00291941637698,160.75219015970299));
#4100=IFCPOLYLOOP((#4088,#4089,#4090,#4091,#4092,#4093,#4094,#4095,#4096,#4097,#4098,#4099));
#4101=IFCFACEOUTERBOUND(#4100,.T.);
#4102=IFCPOLYLOOP((#4073,#4069,#4065,#4061,#4057,#4053,#4049,#4045,#4041,#4040,#4081,#4077));
#4103=IFCFACEBOUND(#4102,.T.);
#4104=IFCFACE((#4101,#4103));
#4105=IFCCARTESIANPOINT((-39.261784593028999,-275.00291941638,153.98072018968699));
#4106=IFCCARTESIANPOINT((-30.011784593028999,-275.00291941638102,151.50219015969901));
#4107=IFCPOLYLOOP((#4105,#4098,#4097,#4106));
#4108=IFCFACEOUTERBOUND(#4107,.T.);
#4109=IFCFACE((#4108));
#4110=IFCCARTESIANPOINT((-46.033254563040799,-275.00291941637698,160.75219015969901));
#4111=IFCPOLYLOOP((#4110,#4099,#4098,#4105));
#4112=IFCFACEOUTERBOUND(#4111,.T.);
#4113=IFCFACE((#4112));
#4114=IFCCARTESIANPOINT((-48.511784593028999,-275.002919416373,170.00219015969901));
#4115=IFCPOLYLOOP((#4114,#4088,#4099,#4110));
#4116=IFCFACEOUTERBOUND(#4115,.T.);
#4117=IFCFACE((#4116));
#4118=IFCCARTESIANPOINT((-46.033254563040799,-275.00291941636902,179.25219015969901));
#4119=IFCPOLYLOOP((#4118,#4089,#4088,#4114));
#4120=IFCFACEOUTERBOUND(#4119,.T.);
#4121=IFCFACE((#4120));
#4122=IFCCARTESIANPOINT((-39.261784593028999,-275.00291941636499,186.023660129711));
#4123=IFCPOLYLOOP((#4122,#4090,#4089,#4118));
#4124=IFCFACEOUTERBOUND(#4123,.T.);
#4125=IFCFACE((#4124));
#4126=IFCCARTESIANPOINT((-30.011784593028999,-275.00291941636402,188.50219015969901));
#4127=IFCPOLYLOOP((#4126,#4091,#4090,#4122));
#4128=IFCFACEOUTERBOUND(#4127,.T.);
#4129=IFCFACE((#4128));
#4130=IFCCARTESIANPOINT((-20.761784593028999,-275.00291941636499,186.023660129711));
#4131=IFCPOLYLOOP((#4130,#4092,#4091,#4126));
#4132=IFCFACEOUTERBOUND(#4131,.T.);
#4133=IFCFACE((#4132));
#4134=IFCCARTESIANPOINT((-13.9903146230172,-275.00291941636902,179.25219015969901));
#4135=IFCPOLYLOOP((#4134,#4093,#4092,#4130));
#4136=IFCFACEOUTERBOUND(#4135,.T.);
#4137=IFCFACE((#4136));
#4138=IFCCARTESIANPOINT((-11.511784593029001,-275.002919416373,170.00219015969901));
#4139=IFCPOLYLOOP((#4138,#4094,#4093,#4134));
#4140=IFCFACEOUTERBOUND(#4139,.T.);
#4141=IFCFACE((#4140));
#4142=IFCCARTESIANPOINT((-13.9903146230172,-275.00291941637698,160.75219015969901));
#4143=IFCPOLYLOOP((#4142,#4095,#4094,#4138));
#4144=IFCFACEOUTERBOUND(#4143,.T.);
#4145=IFCFACE((#4144));
#4146=IFCCARTESIANPOINT((-20.761784593028999,-275.00291941638,153.98072018968699));
#4147=IFCPOLYLOOP((#4146,#4096,#4095,#4142));
#4148=IFCFACEOUTERBOUND(#4147,.T.);
#4149=IFCFACE((#4148));
#4150=IFCPOLYLOOP((#4106,#4097,#4096,#4146));
#4151=IFCFACEOUTERBOUND(#4150,.T.);
#4152=IFCFACE((#4151));
#4153=IFCPOLYLOOP((#4142,#4138,#4134,#4130,#4126,#4122,#4118,#4114,#4110,#4105,#4106,#4146));
#4154=IFCFACEOUTERBOUND(#4153,.T.);
#4155=IFCCARTESIANPOINT((-30.011784593028999,-275.003884415127,186.49862467938499));
#4156=IFCCARTESIANPOINT((-15.722365430585301,-275.00388441513098,178.24862467938499));
#4157=IFCCARTESIANPOINT((-15.722365430585301,-275.003884415139,161.74862467938499));
#4158=IFCCARTESIANPOINT((-30.011784593028999,-275.00388441514201,153.49862467938499));
#4159=IFCCARTESIANPOINT((-44.301203755472699,-275.003884415139,161.74862467938499));
#4160=IFCCARTESIANPOINT((-44.301203755472699,-275.00388441513098,178.24862467938499));
#4161=IFCPOLYLOOP((#4155,#4156,#4157,#4158,#4159,#4160));
#4162=IFCFACEBOUND(#4161,.T.);
#4163=IFCFACE((#4154,#4162));
#4164=IFCCARTESIANPOINT((-44.301203755472699,-291.003884415139,161.748624679378));
#4165=IFCCARTESIANPOINT((-30.011784593028999,-291.00388441514201,153.498624679378));
#4166=IFCPOLYLOOP((#4164,#4159,#4158,#4165));
#4167=IFCFACEOUTERBOUND(#4166,.T.);
#4168=IFCFACE((#4167));
#4169=IFCCARTESIANPOINT((-44.301203755472699,-291.00388441513098,178.248624679378));
#4170=IFCPOLYLOOP((#4169,#4160,#4159,#4164));
#4171=IFCFACEOUTERBOUND(#4170,.T.);
#4172=IFCFACE((#4171));
#4173=IFCCARTESIANPOINT((-30.011784593028999,-291.003884415127,186.498624679378));
#4174=IFCPOLYLOOP((#4173,#4155,#4160,#4169));
#4175=IFCFACEOUTERBOUND(#4174,.T.);
#4176=IFCFACE((#4175));
#4177=IFCCARTESIANPOINT((-15.722365430585301,-291.00388441513098,178.248624679378));
#4178=IFCPOLYLOOP((#4177,#4156,#4155,#4173));
#4179=IFCFACEOUTERBOUND(#4178,.T.);
#4180=IFCFACE((#4179));
#4181=IFCCARTESIANPOINT((-15.722365430585301,-291.003884415139,161.748624679378));
#4182=IFCPOLYLOOP((#4181,#4157,#4156,#4177));
#4183=IFCFACEOUTERBOUND(#4182,.T.);
#4184=IFCFACE((#4183));
#4185=IFCPOLYLOOP((#4165,#4158,#4157,#4181));
#4186=IFCFACEOUTERBOUND(#4185,.T.);
#4187=IFCFACE((#4186));
#4188=IFCPOLYLOOP((#4173,#4169,#4164,#4165,#4181,#4177));
#4189=IFCFACEOUTERBOUND(#4188,.T.);
#4190=IFCCARTESIANPOINT((-18.000822698679301,-291.00388441513502,169.99862467940301));
#4191=IFCCARTESIANPOINT((-19.608517853265798,-291.00388441513797,163.99862467940301));
#4192=IFCCARTESIANPOINT((-24.000822698679301,-291.00388441514002,159.60631983399099));
#4193=IFCCARTESIANPOINT((-30.000822698679301,-291.00388441514002,157.99862467940301));
#4194=IFCCARTESIANPOINT((-36.000822698679301,-291.00388441514002,159.60631983399099));
#4195=IFCCARTESIANPOINT((-40.3931275440927,-291.00388441513797,163.99862467940301));
#4196=IFCCARTESIANPOINT((-42.000822698679301,-291.00388441513502,169.99862467940301));
#4197=IFCCARTESIANPOINT((-40.3931275440927,-291.00388441513201,175.99862467940301));
#4198=IFCCARTESIANPOINT((-36.000822698679301,-291.00388441513002,180.39092952481599));
#4199=IFCCARTESIANPOINT((-30.000822698679301,-291.00388441513002,181.99862467940301));
#4200=IFCCARTESIANPOINT((-24.000822698679301,-291.00388441513002,180.39092952481599));
#4201=IFCCARTESIANPOINT((-19.608517853265798,-291.00388441513201,175.99862467940301));
#4202=IFCPOLYLOOP((#4190,#4191,#4192,#4193,#4194,#4195,#4196,#4197,#4198,#4199,#4200,#4201));
#4203=IFCFACEBOUND(#4202,.T.);
#4204=IFCFACE((#4189,#4203));
#4205=IFCCARTESIANPOINT((-30.000822698679301,-301.00388441513098,181.9986246794));
#4206=IFCCARTESIANPOINT((-24.000822698679301,-301.00388441513201,180.39092952481201));
#4207=IFCPOLYLOOP((#4205,#4206,#4200,#4199));
#4208=IFCFACEOUTERBOUND(#4207,.T.);
#4209=IFCFACE((#4208));
#4210=IFCCARTESIANPOINT((-19.608517853265798,-301.003884415134,175.9986246794));
#4211=IFCPOLYLOOP((#4206,#4210,#4201,#4200));
#4212=IFCFACEOUTERBOUND(#4211,.T.);
#4213=IFCFACE((#4212));
#4214=IFCCARTESIANPOINT((-18.000822698679301,-301.00388441513701,169.9986246794));
#4215=IFCPOLYLOOP((#4210,#4214,#4190,#4201));
#4216=IFCFACEOUTERBOUND(#4215,.T.);
#4217=IFCFACE((#4216));
#4218=IFCCARTESIANPOINT((-19.608517853265798,-301.00388441514002,163.9986246794));
#4219=IFCPOLYLOOP((#4214,#4218,#4191,#4190));
#4220=IFCFACEOUTERBOUND(#4219,.T.);
#4221=IFCFACE((#4220));
#4222=IFCCARTESIANPOINT((-24.000822698679301,-301.00388441514201,159.60631983398699));
#4223=IFCPOLYLOOP((#4218,#4222,#4192,#4191));
#4224=IFCFACEOUTERBOUND(#4223,.T.);
#4225=IFCFACE((#4224));
#4226=IFCCARTESIANPOINT((-30.000822698679301,-301.00388441514201,157.9986246794));
#4227=IFCPOLYLOOP((#4222,#4226,#4193,#4192));
#4228=IFCFACEOUTERBOUND(#4227,.T.);
#4229=IFCFACE((#4228));
#4230=IFCCARTESIANPOINT((-36.000822698679301,-301.00388441514201,159.60631983398699));
#4231=IFCPOLYLOOP((#4226,#4230,#4194,#4193));
#4232=IFCFACEOUTERBOUND(#4231,.T.);
#4233=IFCFACE((#4232));
#4234=IFCCARTESIANPOINT((-40.3931275440927,-301.00388441514002,163.9986246794));
#4235=IFCPOLYLOOP((#4230,#4234,#4195,#4194));
#4236=IFCFACEOUTERBOUND(#4235,.T.);
#4237=IFCFACE((#4236));
#4238=IFCCARTESIANPOINT((-42.000822698679301,-301.00388441513701,169.9986246794));
#4239=IFCPOLYLOOP((#4234,#4238,#4196,#4195));
#4240=IFCFACEOUTERBOUND(#4239,.T.);
#4241=IFCFACE((#4240));
#4242=IFCCARTESIANPOINT((-40.3931275440927,-301.003884415134,175.9986246794));
#4243=IFCPOLYLOOP((#4238,#4242,#4197,#4196));
#4244=IFCFACEOUTERBOUND(#4243,.T.);
#4245=IFCFACE((#4244));
#4246=IFCCARTESIANPOINT((-36.000822698679301,-301.00388441513201,180.39092952481201));
#4247=IFCPOLYLOOP((#4242,#4246,#4198,#4197));
#4248=IFCFACEOUTERBOUND(#4247,.T.);
#4249=IFCFACE((#4248));
#4250=IFCPOLYLOOP((#4246,#4205,#4199,#4198));
#4251=IFCFACEOUTERBOUND(#4250,.T.);
#4252=IFCFACE((#4251));
#4253=IFCPOLYLOOP((#4218,#4214,#4210,#4206,#4205,#4246,#4242,#4238,#4234,#4230,#4226,#4222));
#4254=IFCFACEOUTERBOUND(#4253,.T.);
#4255=IFCFACE((#4254));
#4256=IFCCLOSEDSHELL((#1487,#1492,#1497,#1501,#1504,#1508,#1511,#1516,#1520,#1524,#1528,#1532,#1536,#1540,#1544,#1548,#1552,#1556,#1559,#1570,#1575,#1596,#1599,#1602,#1605,#1608,#1611,#1616,#1699,#1704,#1708,#1712,#1716,#1720,#1724,#1728,#1732,#1736,#1740,#1744,#1747,#1758,#1763,#1767,#1771,#1775,#1779,#1782,#1793,#1810,#1815,#1819,#1823,#1827,#1831,#1835,#1839,#1843,#1847,#1851,#1855,#1858,#1869,#1874,#1895,#1898,#1901,#1904,#1907,#1910,#1915,#1919,#1923,#1927,#1931,#1935,#1939,#1943,#1947,#1951,#1955,#1958,#1975,#1980,#1984,#1988,#1992,#1996,#2000,#2004,#2008,#2012,#2016,#2020,#2023,#2040,#2045,#2049,#2053,#2057,#2061,#2065,#2069,#2073,#2077,#2081,#2085,#2088,#2099,#2104,#2108,#2112,#2116,#2120,#2123,#2140,#2145,#2149,#2153,#2157,#2161,#2165,#2169,#2173,#2177,#2181,#2185,#2188,#2191,#2196,#2200,#2204,#2208,#2212,#2216,#2220,#2224,#2228,#2232,#2236,#2239,#2250,#2255,#2259,#2263,#2267,#2271,#2274,#2291,#2296,#2300,#2304,#2308,#2312,#2316,#2320,#2324,#2328,#2332,#2336,#2339,#2350,#2355,#2376,#2379,#2382,#2385,#2388,#2391,#2396,#2400,#2404,#2408,#2412,#2416,#2420,#2424,#2428,#2432,#2436,#2439,#2456,#2461,#2465,#2469,#2473,#2477,#2481,#2485,#2489,#2493,#2497,#2501,#2504,#2521,#2526,#2530,#2534,#2538,#2542,#2546,#2550,#2554,#2558,#2562,#2566,#2569,#2580,#2585,#2589,#2593,#2597,#2601,#2604,#2621,#2626,#2630,#2634,#2638,#2642,#2646,#2650,#2654,#2658,#2662,#2666,#2669,#2672,#2675,#2678,#2681,#2684,#2687,#2690,#2693,#2696,#2699,#2702,#2705,#2710,#2714,#2718,#2722,#2726,#2730,#2734,#2738,#2742,#2746,#2750,#2753,#2764,#2769,#2773,#2777,#2781,#2785,#2788,#2799,#2816,#2821,#2825,#2829,#2833,#2837,#2841,#2845,#2849,#2853,#2857,#2861,#2864,#2875,#2880,#2901,#2904,#2907,#2910,#2913,#2916,#2921,#2925,#2929,#2933,#2937,#2941,#2945,#2949,#2953,#2957,#2961,#2964,#2981,#2986,#2990,#2994,#2998,#3002,#3006,#3010,#3014,#3018,#3022,#3026,#3029,#3046,#3051,#3055,#3059,#3063,#3067,#3071,#3075,#3079,#3083,#3087,#3091,#3094,#3105,#3110,#3114,#3118,#3122,#3126,#3129,#3146,#3151,#3155,#3159,#3163,#3167,#3171,#3175,#3179,#3183,#3187,#3191,#3194,#3197,#3202,#3206,#3210,#3214,#3218,#3222,#3226,#3230,#3234,#3238,#3242,#3246,#3250,#3254,#3258,#3262,#3266,#3270,#3274,#3277,#3341,#3346,#3350,#3354,#3358,#3362,#3366,#3370,#3374,#3378,#3382,#3386,#3389,#3400,#3405,#3409,#3413,#3417,#3421,#3424,#3441,#3446,#3450,#3454,#3458,#3462,#3466,#3470,#3474,#3478,#3482,#3486,#3489,#3492,#3497,#3501,#3505,#3509,#3513,#3517,#3521,#3525,#3529,#3533,#3537,#3540,#3551,#3556,#3560,#3564,#3568,#3572,#3575,#3592,#3597,#3601,#3605,#3609,#3613,#3617,#3621,#3625,#3629,#3633,#3637,#3640,#3643,#3648,#3652,#3656,#3660,#3664,#3668,#3672,#3676,#3680,#3684,#3688,#3691,#3702,#3707,#3711,#3715,#3719,#3723,#3726,#3743,#3748,#3752,#3756,#3760,#3764,#3768,#3772,#3776,#3780,#3784,#3788,#3791,#3794,#3799,#3803,#3807,#3811,#3815,#3819,#3823,#3827,#3831,#3835,#3839,#3842,#3853,#3858,#3862,#3866,#3870,#3874,#3877,#3894,#3899,#3903,#3907,#3911,#3915,#3919,#3923,#3927,#3931,#3935,#3939,#3942,#3945,#3948,#3951,#3954,#3957,#3974,#3979,#3983,#3987,#3991,#3995,#3999,#4003,#4007,#4011,#4015,#4019,#4022,#4039,#4044,#4048,#4052,#4056,#4060,#4064,#4068,#4072,#4076,#4080,#4084,#4087,#4104,#4109,#4113,#4117,#4121,#4125,#4129,#4133,#4137,#4141,#4145,#4149,#4152,#4163,#4168,#4172,#4176,#4180,#4184,#4187,#4204,#4209,#4213,#4217,#4221,#4225,#4229,#4233,#4237,#4241,#4245,#4249,#4252,#4255));
#4257=IFCFACETEDBREP(#4256);
#4258=IFCSTYLEDITEM(#4257,(#1464),$);
#4259=IFCSHAPEREPRESENTATION(#12,'Body','Brep',(#4257));
#4260=IFCPRODUCTDEFINITIONSHAPE($,$,(#4259));
#4261=IFCCARTESIANPOINT((7008.7657352917404,30999.997058286899,769.25055237365495));
#4262=IFCAXIS2PLACEMENT3D(#4261,#8,#7);
#4263=IFCLOCALPLACEMENT(#42,#4262);
#4264=IFCBUILDINGELEMENTPROXY('2PD9gFvqrBgfQ3Xp6O2jmK',#44,'Boltegruppe','6>/B_+0>_Boltegruppe',$,#4263,#4260,'ID99349a8f-e74d-4baa-9683-8731980adc14',.ELEMENT.);
#4265=IFCBUILDINGELEMENTPROXYTYPE('1mnXvFRLD73Q6yJdVw8NJN',#5,'6>/B_+0>_Boltegruppe',$,$,$,$,$,$,.NOTDEFINED.);
#4266=IFCCOLOURRGB('Unnamed',0.93333333333333302,0.57647058823529396,0.043137254901960798);
#4267=IFCSURFACESTYLERENDERING(#4266,0.,$,$,$,$,IFCNORMALISEDRATIOMEASURE(0.00390625),IFCSPECULAREXPONENT(10.),.NOTDEFINED.);
#4268=IFCSURFACESTYLE('STEEL/Steel_Undefined',.POSITIVE.,(#4267));
#4269=IFCPRESENTATIONSTYLEASSIGNMENT((#4268));
#4270=IFCCARTESIANPOINT((0.,16.5,0.));
#4271=IFCCARTESIANPOINT((0.,8.25,14.2894191624437));
#4272=IFCCARTESIANPOINT((16.,8.25,14.2894191624437));
#4273=IFCCARTESIANPOINT((16.,16.5,0.));
#4274=IFCPOLYLOOP((#4270,#4271,#4272,#4273));
#4275=IFCFACEOUTERBOUND(#4274,.T.);
#4276=IFCFACE((#4275));
#4277=IFCCARTESIANPOINT((0.,-8.25,14.2894191624437));
#4278=IFCCARTESIANPOINT((16.,-8.25,14.2894191624437));
#4279=IFCPOLYLOOP((#4271,#4277,#4278,#4272));
#4280=IFCFACEOUTERBOUND(#4279,.T.);
#4281=IFCFACE((#4280));
#4282=IFCCARTESIANPOINT((0.,-16.5,0.));
#4283=IFCCARTESIANPOINT((16.,-16.5,0.));
#4284=IFCPOLYLOOP((#4277,#4282,#4283,#4278));
#4285=IFCFACEOUTERBOUND(#4284,.T.);
#4286=IFCFACE((#4285));
#4287=IFCCARTESIANPOINT((0.,-8.25,-14.2894191624437));
#4288=IFCCARTESIANPOINT((16.,-8.25,-14.2894191624437));
#4289=IFCPOLYLOOP((#4282,#4287,#4288,#4283));
#4290=IFCFACEOUTERBOUND(#4289,.T.);
#4291=IFCFACE((#4290));
#4292=IFCCARTESIANPOINT((0.,8.25,-14.2894191624437));
#4293=IFCCARTESIANPOINT((16.,8.25,-14.2894191624437));
#4294=IFCPOLYLOOP((#4287,#4292,#4293,#4288));
#4295=IFCFACEOUTERBOUND(#4294,.T.);
#4296=IFCFACE((#4295));
#4297=IFCPOLYLOOP((#4292,#4270,#4273,#4293));
#4298=IFCFACEOUTERBOUND(#4297,.T.);
#4299=IFCFACE((#4298));
#4300=IFCPOLYLOOP((#4278,#4283,#4288,#4293,#4273,#4272));
#4301=IFCFACEOUTERBOUND(#4300,.T.);
#4302=IFCFACE((#4301));
#4303=IFCPOLYLOOP((#4292,#4287,#4282,#4277,#4271,#4270));
#4304=IFCFACEOUTERBOUND(#4303,.T.);
#4305=IFCFACE((#4304));
#4306=IFCCLOSEDSHELL((#4276,#4281,#4286,#4291,#4296,#4299,#4302,#4305));
#4307=IFCFACETEDBREP(#4306);
#4308=IFCSTYLEDITEM(#4307,(#4269),$);
#4309=IFCSHAPEREPRESENTATION(#12,'Body','Brep',(#4307));
#4310=IFCPRODUCTDEFINITIONSHAPE($,$,(#4309));
#4311=IFCCARTESIANPOINT((5888.7653061478604,31029.9957241351,766.25055096986796));
#4312=IFCAXIS2PLACEMENT3D(#4311,#7,#1450);
#4313=IFCLOCALPLACEMENT(#42,#4312);
#4314=IFCBEAM('2VLHBLAgH9rREkOOH$gEGA',#44,'Mutter','HXGON33-33',$,#4313,#4310,'ID9f5512d5-2aa4-49d5-b3ae-61847fa8e40a');
#4315=IFCBEAMTYPE('1bcKwin7L1hA23Y2132eoR',#5,'HXGON33-33',$,$,$,$,$,$,.NOTDEFINED.);
#4316=IFCCOLOURRGB('Unnamed',1.,0.,0.);
#4317=IFCSURFACESTYLERENDERING(#4316,0.,$,$,$,$,IFCNORMALISEDRATIOMEASURE(0.00390625),IFCSPECULAREXPONENT(10.),.NOTDEFINED.);
#4318=IFCSURFACESTYLE('STEEL/Steel_Undefined',.POSITIVE.,(#4317));
#4319=IFCPRESENTATIONSTYLEASSIGNMENT((#4318));
#4320=IFCCARTESIANPOINT((0.,-18.5,0.));
#4321=IFCCARTESIANPOINT((0.,-16.0214699700118,-9.25));
#4322=IFCCARTESIANPOINT((3.,-16.0214699700118,-9.25));
#4323=IFCCARTESIANPOINT((3.,-18.5,0.));
#4324=IFCPOLYLOOP((#4320,#4321,#4322,#4323));
#4325=IFCFACEOUTERBOUND(#4324,.T.);
#4326=IFCFACE((#4325));
#4327=IFCCARTESIANPOINT((0.,-9.25,-16.0214699700118));
#4328=IFCCARTESIANPOINT((3.,-9.25,-16.0214699700118));
#4329=IFCPOLYLOOP((#4321,#4327,#4328,#4322));
#4330=IFCFACEOUTERBOUND(#4329,.T.);
#4331=IFCFACE((#4330));
#4332=IFCCARTESIANPOINT((0.,0.,-18.5));
#4333=IFCCARTESIANPOINT((3.,0.,-18.5));
#4334=IFCPOLYLOOP((#4327,#4332,#4333,#4328));
#4335=IFCFACEOUTERBOUND(#4334,.T.);
#4336=IFCFACE((#4335));
#4337=IFCCARTESIANPOINT((0.,9.25,-16.0214699700118));
#4338=IFCCARTESIANPOINT((3.,9.25,-16.0214699700118));
#4339=IFCPOLYLOOP((#4332,#4337,#4338,#4333));
#4340=IFCFACEOUTERBOUND(#4339,.T.);
#4341=IFCFACE((#4340));
#4342=IFCCARTESIANPOINT((0.,16.0214699700118,-9.25));
#4343=IFCCARTESIANPOINT((3.,16.0214699700118,-9.25));
#4344=IFCPOLYLOOP((#4337,#4342,#4343,#4338));
#4345=IFCFACEOUTERBOUND(#4344,.T.);
#4346=IFCFACE((#4345));
#4347=IFCCARTESIANPOINT((0.,18.5,0.));
#4348=IFCCARTESIANPOINT((3.,18.5,0.));
#4349=IFCPOLYLOOP((#4342,#4347,#4348,#4343));
#4350=IFCFACEOUTERBOUND(#4349,.T.);
#4351=IFCFACE((#4350));
#4352=IFCCARTESIANPOINT((0.,16.0214699700118,9.25));
#4353=IFCCARTESIANPOINT((3.,16.0214699700118,9.25));
#4354=IFCPOLYLOOP((#4347,#4352,#4353,#4348));
#4355=IFCFACEOUTERBOUND(#4354,.T.);
#4356=IFCFACE((#4355));
#4357=IFCCARTESIANPOINT((0.,9.25,16.0214699700118));
#4358=IFCCARTESIANPOINT((3.,9.25,16.0214699700118));
#4359=IFCPOLYLOOP((#4352,#4357,#4358,#4353));
#4360=IFCFACEOUTERBOUND(#4359,.T.);
#4361=IFCFACE((#4360));
#4362=IFCCARTESIANPOINT((0.,0.,18.5));
#4363=IFCCARTESIANPOINT((3.,0.,18.5));
#4364=IFCPOLYLOOP((#4357,#4362,#4363,#4358));
#4365=IFCFACEOUTERBOUND(#4364,.T.);
#4366=IFCFACE((#4365));
#4367=IFCCARTESIANPOINT((0.,-9.25,16.0214699700118));
#4368=IFCCARTESIANPOINT((3.,-9.25,16.0214699700118));
#4369=IFCPOLYLOOP((#4362,#4367,#4368,#4363));
#4370=IFCFACEOUTERBOUND(#4369,.T.);
#4371=IFCFACE((#4370));
#4372=IFCCARTESIANPOINT((0.,-16.0214699700118,9.25));
#4373=IFCCARTESIANPOINT((3.,-16.0214699700118,9.25));
#4374=IFCPOLYLOOP((#4367,#4372,#4373,#4368));
#4375=IFCFACEOUTERBOUND(#4374,.T.);
#4376=IFCFACE((#4375));
#4377=IFCPOLYLOOP((#4372,#4320,#4323,#4373));
#4378=IFCFACEOUTERBOUND(#4377,.T.);
#4379=IFCFACE((#4378));
#4380=IFCPOLYLOOP((#4328,#4333,#4338,#4343,#4348,#4353,#4358,#4363,#4368,#4373,#4323,#4322));
#4381=IFCFACEOUTERBOUND(#4380,.T.);
#4382=IFCFACE((#4381));
#4383=IFCPOLYLOOP((#4372,#4367,#4362,#4357,#4352,#4347,#4342,#4337,#4332,#4327,#4321,#4320));
#4384=IFCFACEOUTERBOUND(#4383,.T.);
#4385=IFCFACE((#4384));
#4386=IFCCLOSEDSHELL((#4326,#4331,#4336,#4341,#4346,#4351,#4356,#4361,#4366,#4371,#4376,#4379,#4382,#4385));
#4387=IFCFACETEDBREP(#4386);
#4388=IFCSTYLEDITEM(#4387,(#4319),$);
#4389=IFCSHAPEREPRESENTATION(#12,'Body','Brep',(#4387));
#4390=IFCPRODUCTDEFINITIONSHAPE($,$,(#4389));
#4391=IFCCARTESIANPOINT((5888.7653061478204,31029.995724134202,769.25055096985898));
#4392=IFCAXIS2PLACEMENT3D(#4391,#7,#1450);
#4393=IFCLOCALPLACEMENT(#42,#4392);
#4394=IFCBEAM('3XxYAvFNH7BvSlGYb$DSb2',#44,'Skive','D37',$,#4393,#4390,'IDe1ee22b9-3d74-472f-972f-42297f35c942');
#4395=IFCBEAMTYPE('0XQ$$RMOD7u8akGzMRE4J5',#5,'D37',$,$,$,$,$,$,.NOTDEFINED.);
#4396=IFCSHAPEREPRESENTATION(#12,'Body','Brep',(#4307));
#4397=IFCPRODUCTDEFINITIONSHAPE($,$,(#4396));
#4398=IFCCARTESIANPOINT((5888.7653061474202,31029.995724125401,798.25055096975905));
#4399=IFCAXIS2PLACEMENT3D(#4398,#7,#1450);
#4400=IFCLOCALPLACEMENT(#42,#4399);
#4401=IFCBEAM('1ZgUCDLlvBZOxUA_2ChUpn',#44,'Mutter','HXGON33-33',$,#4400,#4397,'ID63a9e30d-56fe-4b8d-8ede-2be08cadecf1');
#4402=IFCSHAPEREPRESENTATION(#12,'Body','Brep',(#4387));
#4403=IFCPRODUCTDEFINITIONSHAPE($,$,(#4402));
#4404=IFCCARTESIANPOINT((5888.7653061476403,31029.9957241302,782.25055096981305));
#4405=IFCAXIS2PLACEMENT3D(#4404,#7,#1450);
#4406=IFCLOCALPLACEMENT(#42,#4405);
#4407=IFCBEAM('2L49SPC2PFRApVXQ9$v_de',#44,'Skive','D37',$,#4406,#4403,'ID95109719-3026-4f6c-acdf-85a27fe7e9e8');
#4408=IFCSHAPEREPRESENTATION(#12,'Body','Brep',(#4307));
#4409=IFCPRODUCTDEFINITIONSHAPE($,$,(#4408));
#4410=IFCCARTESIANPOINT((5888.7653061503597,31169.995724140699,766.25055101119005));
#4411=IFCAXIS2PLACEMENT3D(#4410,#7,#1450);
#4412=IFCLOCALPLACEMENT(#42,#4411);
#4413=IFCBEAM('2_BvxuRxHFrh8ItZFRiTeO',#44,'Mutter','HXGON33-33',$,#4412,#4409,'IDbe2f9ef8-6fb4-4fd6-b212-de33dbb1da18');
#4414=IFCSHAPEREPRESENTATION(#12,'Body','Brep',(#4387));
#4415=IFCPRODUCTDEFINITIONSHAPE($,$,(#4414));
#4416=IFCCARTESIANPOINT((5888.7653061503197,31169.995724139801,769.25055101118096));
#4417=IFCAXIS2PLACEMENT3D(#4416,#7,#1450);
#4418=IFCLOCALPLACEMENT(#42,#4417);
#4419=IFCBEAM('2NLiRu42bDs8Y8oHaSO$9C',#44,'Skive','D37',$,#4418,#4415,'ID9756c6f8-1029-4dd8-8888-c9191c63f24c');
#4420=IFCSHAPEREPRESENTATION(#12,'Body','Brep',(#4307));
#4421=IFCPRODUCTDEFINITIONSHAPE($,$,(#4420));
#4422=IFCCARTESIANPOINT((5888.7653061499204,31169.995724130898,798.25055101107898));
#4423=IFCAXIS2PLACEMENT3D(#4422,#7,#1450);
#4424=IFCLOCALPLACEMENT(#42,#4423);
#4425=IFCBEAM('2LEwZSVzH10OHcSfWxBOWS',#44,'Mutter','HXGON33-33',$,#4424,#4421,'ID953ba8dc-7fd4-4101-8466-72983b2d881c');
#4426=IFCSHAPEREPRESENTATION(#12,'Body','Brep',(#4387));
#4427=IFCPRODUCTDEFINITIONSHAPE($,$,(#4426));
#4428=IFCCARTESIANPOINT((5888.7653061501396,31169.995724135799,782.25055101113503));
#4429=IFCAXIS2PLACEMENT3D(#4428,#7,#1450);
#4430=IFCLOCALPLACEMENT(#42,#4429);
#4431=IFCBEAM('0dFS8oqYzAjP2OqfGGpzkN',#44,'Skive','D37',$,#4430,#4427,'ID273dc232-d22f-4ab5-9098-d29410cfdb97');
#4432=IFCSHAPEREPRESENTATION(#12,'Body','Brep',(#4307));
#4433=IFCPRODUCTDEFINITIONSHAPE($,$,(#4432));
#4434=IFCCARTESIANPOINT((6028.7653061516103,31169.995724135901,766.25055101244698));
#4435=IFCAXIS2PLACEMENT3D(#4434,#7,#1450);
#4436=IFCLOCALPLACEMENT(#42,#4435);
#4437=IFCBEAM('1Qp199YUD3JQRdJoGM$29R',#44,'Mutter','HXGON33-33',$,#4436,#4433,'ID5acc1249-89e3-434d-a6e7-4f2416fc225b');
#4438=IFCSHAPEREPRESENTATION(#12,'Body','Brep',(#4387));
#4439=IFCPRODUCTDEFINITIONSHAPE($,$,(#4438));
#4440=IFCCARTESIANPOINT((6028.7653061515703,31169.995724134998,769.25055101243697));
#4441=IFCAXIS2PLACEMENT3D(#4440,#7,#1450);
#4442=IFCLOCALPLACEMENT(#42,#4441);
#4443=IFCBEAM('2J7$rcB5X6JfDrR_UPmqHi',#44,'Skive','D37',$,#4442,#4439,'ID931ffd66-2c58-464e-9375-6fe799c3446c');
#4444=IFCSHAPEREPRESENTATION(#12,'Body','Brep',(#4307));
#4445=IFCPRODUCTDEFINITIONSHAPE($,$,(#4444));
#4446=IFCCARTESIANPOINT((6028.7653061511701,31169.995724126198,798.25055101233795));
#4447=IFCAXIS2PLACEMENT3D(#4446,#7,#1450);
#4448=IFCLOCALPLACEMENT(#42,#4447);
#4449=IFCBEAM('1pWNXb1ar3W8bYjNzluxd9',#44,'Mutter','HXGON33-33',$,#4448,#4445,'ID73817865-064d-4380-8962-b57f6fe3b9c9');
#4450=IFCSHAPEREPRESENTATION(#12,'Body','Brep',(#4387));
#4451=IFCPRODUCTDEFINITIONSHAPE($,$,(#4450));
#4452=IFCCARTESIANPOINT((6028.7653061513902,31169.995724131,782.25055101239195));
#4453=IFCAXIS2PLACEMENT3D(#4452,#7,#1450);
#4454=IFCLOCALPLACEMENT(#42,#4453);
#4455=IFCBEAM('3s3IcT1H57Ux8LvML_0tk0',#44,'Skive','D37',$,#4454,#4451,'IDf60d299d-0511-477b-b215-e5657e037b80');
#4456=IFCSHAPEREPRESENTATION(#12,'Body','Brep',(#4307));
#4457=IFCPRODUCTDEFINITIONSHAPE($,$,(#4456));
#4458=IFCCARTESIANPOINT((6028.76530614905,31029.9957241304,766.25055097112602));
#4459=IFCAXIS2PLACEMENT3D(#4458,#7,#1450);
#4460=IFCLOCALPLACEMENT(#42,#4459);
#4461=IFCBEAM('0jF8WCs8LEquwmAdtspiJp',#44,'Mutter','HXGON33-33',$,#4460,#4457,'ID2d3c880c-d885-4ed3-8eb0-2a7df6cec4f3');
#4462=IFCSHAPEREPRESENTATION(#12,'Body','Brep',(#4387));
#4463=IFCPRODUCTDEFINITIONSHAPE($,$,(#4462));
#4464=IFCCARTESIANPOINT((6028.76530614901,31029.995724129501,769.25055097111704));
#4465=IFCAXIS2PLACEMENT3D(#4464,#7,#1450);
#4466=IFCLOCALPLACEMENT(#42,#4465);
#4467=IFCBEAM('1V2xSsutj34QhBoweE2sfx',#44,'Skive','D37',$,#4466,#4463,'ID5f0bb736-e37b-4311-aacb-cbaa0e0b6a7b');
#4468=IFCSHAPEREPRESENTATION(#12,'Body','Brep',(#4307));
#4469=IFCPRODUCTDEFINITIONSHAPE($,$,(#4468));
#4470=IFCCARTESIANPOINT((6028.7653061486099,31029.995724120599,798.25055097101597));
#4471=IFCAXIS2PLACEMENT3D(#4470,#7,#1450);
#4472=IFCLOCALPLACEMENT(#42,#4471);
#4473=IFCBEAM('2GBYAGxNf4HPMcCkr22LZv',#44,'Mutter','HXGON33-33',$,#4472,#4469,'ID902e2290-ed7a-4445-95a6-32ed420958f9');
#4474=IFCSHAPEREPRESENTATION(#12,'Body','Brep',(#4387));
#4475=IFCPRODUCTDEFINITIONSHAPE($,$,(#4474));
#4476=IFCCARTESIANPOINT((6028.7653061488299,31029.9957241255,782.25055097106997));
#4477=IFCAXIS2PLACEMENT3D(#4476,#7,#1450);
#4478=IFCLOCALPLACEMENT(#42,#4477);
#4479=IFCBEAM('32NSUD9Rz9h953AOvzJTM8',#44,'Skive','D37',$,#4478,#4475,'IDc25dc78d-25bf-49ac-9143-298e7d4dd588');
#4480=IFCSHAPEREPRESENTATION(#12,'Body','Brep',(#4387));
#4481=IFCPRODUCTDEFINITIONSHAPE($,$,(#4480));
#4482=IFCLOCALPLACEMENT(#42,#4392);
#4483=IFCBEAM('1jRYQ0uRnFgxokBuuwOMXe',#44,'Skive','D37',$,#4482,#4481,'ID6d6e2680-e1bc-4fab-bcae-2f8e3a616868');
#4484=IFCSHAPEREPRESENTATION(#12,'Body','Brep',(#4387));
#4485=IFCPRODUCTDEFINITIONSHAPE($,$,(#4484));
#4486=IFCLOCALPLACEMENT(#42,#4417);
#4487=IFCBEAM('0nm$eyMF59jBHRSEj2V7t5',#44,'Skive','D37',$,#4486,#4485,'ID31c3fa3c-58f1-49b4-b45b-70eb427c7dc5');
#4488=IFCSHAPEREPRESENTATION(#12,'Body','Brep',(#4387));
#4489=IFCPRODUCTDEFINITIONSHAPE($,$,(#4488));
#4490=IFCLOCALPLACEMENT(#42,#4441);
#4491=IFCBEAM('3yCoscQFj1ARUA1HuEyHaC',#44,'Skive','D37',$,#4490,#4489,'IDfc332da6-68fb-4129-b78a-051e0ef1190c');
#4492=IFCSHAPEREPRESENTATION(#12,'Body','Brep',(#4387));
#4493=IFCPRODUCTDEFINITIONSHAPE($,$,(#4492));
#4494=IFCLOCALPLACEMENT(#42,#4465);
#4495=IFCBEAM('1R0P4O8Z15PBeWLy68$oeu',#44,'Skive','D37',$,#4494,#4493,'ID5b019118-2230-4564-ba20-57c188ff2a38');
#4496=IFCCARTESIANPOINT((0.,-12.,0.));
#4497=IFCCARTESIANPOINT((0.,-10.3923048454126,-6.));
#4498=IFCCARTESIANPOINT((330.00000000000102,-10.3923048454126,-6.));
#4499=IFCCARTESIANPOINT((330.00000000000102,-12.,0.));
#4500=IFCPOLYLOOP((#4496,#4497,#4498,#4499));
#4501=IFCFACEOUTERBOUND(#4500,.T.);
#4502=IFCFACE((#4501));
#4503=IFCCARTESIANPOINT((0.,-6.,-10.3923048454135));
#4504=IFCCARTESIANPOINT((330.00000000000102,-6.,-10.3923048454135));
#4505=IFCPOLYLOOP((#4497,#4503,#4504,#4498));
#4506=IFCFACEOUTERBOUND(#4505,.T.);
#4507=IFCFACE((#4506));
#4508=IFCCARTESIANPOINT((0.,0.,-12.));
#4509=IFCCARTESIANPOINT((330.00000000000102,0.,-12.));
#4510=IFCPOLYLOOP((#4503,#4508,#4509,#4504));
#4511=IFCFACEOUTERBOUND(#4510,.T.);
#4512=IFCFACE((#4511));
#4513=IFCCARTESIANPOINT((0.,6.,-10.3923048454135));
#4514=IFCCARTESIANPOINT((330.00000000000102,6.,-10.3923048454135));
#4515=IFCPOLYLOOP((#4508,#4513,#4514,#4509));
#4516=IFCFACEOUTERBOUND(#4515,.T.);
#4517=IFCFACE((#4516));
#4518=IFCCARTESIANPOINT((0.,10.3923048454126,-6.));
#4519=IFCCARTESIANPOINT((330.00000000000102,10.3923048454126,-6.));
#4520=IFCPOLYLOOP((#4513,#4518,#4519,#4514));
#4521=IFCFACEOUTERBOUND(#4520,.T.);
#4522=IFCFACE((#4521));
#4523=IFCCARTESIANPOINT((0.,12.,0.));
#4524=IFCCARTESIANPOINT((330.00000000000102,12.,0.));
#4525=IFCPOLYLOOP((#4518,#4523,#4524,#4519));
#4526=IFCFACEOUTERBOUND(#4525,.T.);
#4527=IFCFACE((#4526));
#4528=IFCCARTESIANPOINT((0.,10.3923048454126,6.));
#4529=IFCCARTESIANPOINT((330.00000000000102,10.3923048454126,6.));
#4530=IFCPOLYLOOP((#4523,#4528,#4529,#4524));
#4531=IFCFACEOUTERBOUND(#4530,.T.);
#4532=IFCFACE((#4531));
#4533=IFCCARTESIANPOINT((0.,6.,10.3923048454135));
#4534=IFCCARTESIANPOINT((330.00000000000102,6.,10.3923048454135));
#4535=IFCPOLYLOOP((#4528,#4533,#4534,#4529));
#4536=IFCFACEOUTERBOUND(#4535,.T.);
#4537=IFCFACE((#4536));
#4538=IFCCARTESIANPOINT((0.,0.,12.));
#4539=IFCCARTESIANPOINT((330.00000000000102,0.,12.));
#4540=IFCPOLYLOOP((#4533,#4538,#4539,#4534));
#4541=IFCFACEOUTERBOUND(#4540,.T.);
#4542=IFCFACE((#4541));
#4543=IFCCARTESIANPOINT((0.,-6.,10.3923048454135));
#4544=IFCCARTESIANPOINT((330.00000000000102,-6.,10.3923048454135));
#4545=IFCPOLYLOOP((#4538,#4543,#4544,#4539));
#4546=IFCFACEOUTERBOUND(#4545,.T.);
#4547=IFCFACE((#4546));
#4548=IFCCARTESIANPOINT((0.,-10.3923048454126,6.));
#4549=IFCCARTESIANPOINT((330.00000000000102,-10.3923048454126,6.));
#4550=IFCPOLYLOOP((#4543,#4548,#4549,#4544));
#4551=IFCFACEOUTERBOUND(#4550,.T.);
#4552=IFCFACE((#4551));
#4553=IFCPOLYLOOP((#4548,#4496,#4499,#4549));
#4554=IFCFACEOUTERBOUND(#4553,.T.);
#4555=IFCFACE((#4554));
#4556=IFCPOLYLOOP((#4504,#4509,#4514,#4519,#4524,#4529,#4534,#4539,#4544,#4549,#4499,#4498));
#4557=IFCFACEOUTERBOUND(#4556,.T.);
#4558=IFCFACE((#4557));
#4559=IFCPOLYLOOP((#4548,#4543,#4538,#4533,#4528,#4523,#4518,#4513,#4508,#4503,#4497,#4496));
#4560=IFCFACEOUTERBOUND(#4559,.T.);
#4561=IFCFACE((#4560));
#4562=IFCCLOSEDSHELL((#4502,#4507,#4512,#4517,#4522,#4527,#4532,#4537,#4542,#4547,#4552,#4555,#4558,#4561));
#4563=IFCFACETEDBREP(#4562);
#4564=IFCSTYLEDITEM(#4563,(#1464),$);
#4565=IFCSHAPEREPRESENTATION(#12,'Body','Brep',(#4563));
#4566=IFCPRODUCTDEFINITIONSHAPE($,$,(#4565));
#4567=IFCCARTESIANPOINT((5888.7649125897497,31169.995682966401,1070.25443678887));
#4568=IFCAXIS2PLACEMENT3D(#4567,#7,#1450);
#4569=IFCLOCALPLACEMENT(#42,#4568);
#4570=IFCBEAM('02B9VTFaPF28cY3t4PwLbU',#44,'Boltegruppe','D24',$,#4569,#4566,'ID022c97dd-3e46-4f08-89a2-0f7119e9595e');
#4571=IFCBEAMTYPE('39cBQ7ubD4OQL6bQZUtBNB',#5,'D24',$,$,$,$,$,$,.NOTDEFINED.);
#4572=IFCSHAPEREPRESENTATION(#12,'Body','Brep',(#4563));
#4573=IFCPRODUCTDEFINITIONSHAPE($,$,(#4572));
#4574=IFCCARTESIANPOINT((6028.7649125931403,31169.995682966401,1070.25443678887));
#4575=IFCAXIS2PLACEMENT3D(#4574,#7,#1450);
#4576=IFCLOCALPLACEMENT(#42,#4575);
#4577=IFCBEAM('0x$yYBHHjAbxdvetoyvJ69',#44,'Boltegruppe','D24',$,#4576,#4573,'ID3bffc88b-451b-4a97-b9f9-a37cbce53189');
#4578=IFCSHAPEREPRESENTATION(#12,'Body','Brep',(#4563));
#4579=IFCPRODUCTDEFINITIONSHAPE($,$,(#4578));
#4580=IFCCARTESIANPOINT((6028.7649125930802,31029.995682962999,1070.25443678887));
#4581=IFCAXIS2PLACEMENT3D(#4580,#7,#1450);
#4582=IFCLOCALPLACEMENT(#42,#4581);
#4583=IFCBEAM('0Br5GUCLT5JP$UmVZvFbq3',#44,'Boltegruppe','D24',$,#4582,#4579,'ID0bd4541e-3157-454d-9fde-c1f8f93e5d03');
#4584=IFCSHAPEREPRESENTATION(#12,'Body','Brep',(#4563));
#4585=IFCPRODUCTDEFINITIONSHAPE($,$,(#4584));
#4586=IFCCARTESIANPOINT((5888.7649125897697,31029.995682962999,1070.25443678887));
#4587=IFCAXIS2PLACEMENT3D(#4586,#7,#1450);
#4588=IFCLOCALPLACEMENT(#42,#4587);
#4589=IFCBEAM('2IJ8b4G1L3eRXGMQTqL5QY',#44,'Boltegruppe','D24',$,#4588,#4585,'ID924c8944-4015-43a1-b850-59a7745456a2');
#4590=IFCSHAPEREPRESENTATION(#12,'Body','Brep',(#4307));
#4591=IFCPRODUCTDEFINITIONSHAPE($,$,(#4590));
#4592=IFCCARTESIANPOINT((5888.7539506987896,31169.995682966401,997.254436788867));
#4593=IFCAXIS2PLACEMENT3D(#4592,#7,#9);
#4594=IFCLOCALPLACEMENT(#42,#4593);
#4595=IFCCOLUMN('3OLbKJEZT4_fBjvkI7a3Zl',#44,'Mutter','HXGON33-33',$,#4594,#4591,'IDd8565513-3a37-44fa-92ed-e6e4879038ef');
#4596=IFCCOLUMNTYPE('0PyZSZCHf3FfAA3t17pdMy',#5,'HXGON33-33',$,$,$,$,$,$,.NOTDEFINED.);
#4597=IFCSHAPEREPRESENTATION(#12,'Body','Brep',(#4307));
#4598=IFCPRODUCTDEFINITIONSHAPE($,$,(#4597));
#4599=IFCCARTESIANPOINT((5888.7539506987896,31029.995682966401,997.254436788867));
#4600=IFCAXIS2PLACEMENT3D(#4599,#7,#9);
#4601=IFCLOCALPLACEMENT(#42,#4600);
#4602=IFCCOLUMN('0VabiN2Rn05Ae$tkgZk4T4',#44,'Mutter','HXGON33-33',$,#4601,#4598,'ID1f925b17-09bc-4014-aa3f-deeaa3b84744');
#4603=IFCSHAPEREPRESENTATION(#12,'Body','Brep',(#4307));
#4604=IFCPRODUCTDEFINITIONSHAPE($,$,(#4603));
#4605=IFCCARTESIANPOINT((6028.7539506987896,31169.995682966401,997.254436788867));
#4606=IFCAXIS2PLACEMENT3D(#4605,#7,#9);
#4607=IFCLOCALPLACEMENT(#42,#4606);
#4608=IFCCOLUMN('06wXKsYmrCUxtPyr6$9xFM',#44,'Mutter','HXGON33-33',$,#4607,#4604,'ID06ea1536-8b0d-4c7b-bdd9-f351bf27b3d6');
#4609=IFCSHAPEREPRESENTATION(#12,'Body','Brep',(#4307));
#4610=IFCPRODUCTDEFINITIONSHAPE($,$,(#4609));
#4611=IFCCARTESIANPOINT((6028.7539506987896,31029.995682966401,997.254436788867));
#4612=IFCAXIS2PLACEMENT3D(#4611,#7,#9);
#4613=IFCLOCALPLACEMENT(#42,#4612);
#4614=IFCCOLUMN('0P8oTKUeTCogM3YB14qJly',#44,'Mutter','HXGON33-33',$,#4613,#4610,'ID19232754-7a87-4cca-a583-88b044d13bfc');
#4615=IFCSHAPEREPRESENTATION(#12,'Body','Brep',(#4387));
#4616=IFCPRODUCTDEFINITIONSHAPE($,$,(#4615));
#4617=IFCCARTESIANPOINT((5888.7539506987896,31169.9992484467,1016.2534717901));
#4618=IFCAXIS2PLACEMENT3D(#4617,#7,#1450);
#4619=IFCLOCALPLACEMENT(#42,#4618);
#4620=IFCBEAM('1Vg50WhdjDswK0fWBe1QTt',#44,'Skive','D37',$,#4619,#4616,'ID5fa85020-ae7b-4ddb-a500-a602e805a777');
#4621=IFCSHAPEREPRESENTATION(#12,'Body','Brep',(#4387));
#4622=IFCPRODUCTDEFINITIONSHAPE($,$,(#4621));
#4623=IFCCARTESIANPOINT((5888.7539506987896,31029.9992484467,1016.2534717901));
#4624=IFCAXIS2PLACEMENT3D(#4623,#7,#1450);
#4625=IFCLOCALPLACEMENT(#42,#4624);
#4626=IFCBEAM('3PWkcrL$rFD8iyiMGL9orl',#44,'Skive','D37',$,#4625,#4622,'IDd982e9b5-57fd-4f34-8b3c-b16415272d6f');
#4627=IFCSHAPEREPRESENTATION(#12,'Body','Brep',(#4387));
#4628=IFCPRODUCTDEFINITIONSHAPE($,$,(#4627));
#4629=IFCCARTESIANPOINT((6028.7539506987896,31169.9992484467,1016.2534717901));
#4630=IFCAXIS2PLACEMENT3D(#4629,#7,#1450);
#4631=IFCLOCALPLACEMENT(#42,#4630);
#4632=IFCBEAM('2Re3vvJ4nCaR9pZ92Hr5ju',#44,'Skive','D37',$,#4631,#4628,'ID9ba03e79-4c4c-4c91-b273-8c9091d45b78');
#4633=IFCSHAPEREPRESENTATION(#12,'Body','Brep',(#4387));
#4634=IFCPRODUCTDEFINITIONSHAPE($,$,(#4633));
#4635=IFCCARTESIANPOINT((6028.7539506987896,31029.9992484467,1016.2534717901));
#4636=IFCAXIS2PLACEMENT3D(#4635,#7,#1450);
#4637=IFCLOCALPLACEMENT(#42,#4636);
#4638=IFCBEAM('1hvEEcMB9DWPb_J$4Hc8eP',#44,'Skive','D37',$,#4637,#4634,'ID6be4e3a6-58b2-4d81-997e-4ff111988a19');
#4639=IFCSHAPEREPRESENTATION(#12,'Body','Brep',(#4387));
#4640=IFCPRODUCTDEFINITIONSHAPE($,$,(#4639));
#4641=IFCCARTESIANPOINT((5888.7539506987896,31169.9992484467,1044.2534717901001));
#4642=IFCAXIS2PLACEMENT3D(#4641,#7,#1450);
#4643=IFCLOCALPLACEMENT(#42,#4642);
#4644=IFCBEAM('0OZCS0V752$eLz0LF_hZv0',#44,'Skive','D37',$,#4643,#4640,'ID188cc700-7c71-42fe-857d-0153feae3e40');
#4645=IFCSHAPEREPRESENTATION(#12,'Body','Brep',(#4307));
#4646=IFCPRODUCTDEFINITIONSHAPE($,$,(#4645));
#4647=IFCCARTESIANPOINT((5888.7539506987896,31169.995682966401,1044.25443678887));
#4648=IFCAXIS2PLACEMENT3D(#4647,#7,#9);
#4649=IFCLOCALPLACEMENT(#42,#4648);
#4650=IFCCOLUMN('1Ng54w4fH2aRbdmLKM8cxf',#44,'Mutter','HXGON33-33',$,#4649,#4646,'ID57a8513a-1294-4291-b967-c15516226ee9');
#4651=IFCSHAPEREPRESENTATION(#12,'Body','Brep',(#4387));
#4652=IFCPRODUCTDEFINITIONSHAPE($,$,(#4651));
#4653=IFCCARTESIANPOINT((5888.7539506987896,31029.9992484467,1044.2534717901001));
#4654=IFCAXIS2PLACEMENT3D(#4653,#7,#1450);
#4655=IFCLOCALPLACEMENT(#42,#4654);
#4656=IFCBEAM('07q47zf39CVfBxl_erp8Za',#44,'Skive','D37',$,#4655,#4652,'ID07d041fd-a432-4c7e-92fb-bfea35cc88e4');
#4657=IFCSHAPEREPRESENTATION(#12,'Body','Brep',(#4307));
#4658=IFCPRODUCTDEFINITIONSHAPE($,$,(#4657));
#4659=IFCCARTESIANPOINT((5888.7539506987896,31029.995682966401,1044.25443678887));
#4660=IFCAXIS2PLACEMENT3D(#4659,#7,#9);
#4661=IFCLOCALPLACEMENT(#42,#4660);
#4662=IFCCOLUMN('3CZEewQ9X0nAh3bBlFWf2V',#44,'Mutter','HXGON33-33',$,#4661,#4658,'IDcc8cea3a-6898-40c4-aac3-94bbcf82909f');
#4663=IFCSHAPEREPRESENTATION(#12,'Body','Brep',(#4387));
#4664=IFCPRODUCTDEFINITIONSHAPE($,$,(#4663));
#4665=IFCCARTESIANPOINT((6028.7539506987896,31169.9992484467,1044.2534717901001));
#4666=IFCAXIS2PLACEMENT3D(#4665,#7,#1450);
#4667=IFCLOCALPLACEMENT(#42,#4666);
#4668=IFCBEAM('2VrkTo8hTC9PS35Kg$GWW3',#44,'Skive','D37',$,#4667,#4664,'ID9fd6e772-22b7-4c25-9703-154abf420803');
#4669=IFCSHAPEREPRESENTATION(#12,'Body','Brep',(#4307));
#4670=IFCPRODUCTDEFINITIONSHAPE($,$,(#4669));
#4671=IFCCARTESIANPOINT((6028.7539506987896,31169.995682966401,1044.25443678887));
#4672=IFCAXIS2PLACEMENT3D(#4671,#7,#9);
#4673=IFCLOCALPLACEMENT(#42,#4672);
#4674=IFCCOLUMN('1GxB3pPY96Gg0G_ShoQz4k',#44,'Mutter','HXGON33-33',$,#4673,#4670,'ID50ecb0f3-6622-4642-a010-f9caf26bd12e');
#4675=IFCSHAPEREPRESENTATION(#12,'Body','Brep',(#4387));
#4676=IFCPRODUCTDEFINITIONSHAPE($,$,(#4675));
#4677=IFCCARTESIANPOINT((6028.7539506987896,31029.9992484467,1044.2534717901001));
#4678=IFCAXIS2PLACEMENT3D(#4677,#7,#1450);
#4679=IFCLOCALPLACEMENT(#42,#4678);
#4680=IFCBEAM('0VEUYWME9BjRHoLmJKqCVf',#44,'Skive','D37',$,#4679,#4676,'ID1f39e8a0-58e2-4bb5-b472-5704d4d0c7e9');
#4681=IFCSHAPEREPRESENTATION(#12,'Body','Brep',(#4307));
#4682=IFCPRODUCTDEFINITIONSHAPE($,$,(#4681));
#4683=IFCCARTESIANPOINT((6028.7539506987896,31029.995682966401,1044.25443678887));
#4684=IFCAXIS2PLACEMENT3D(#4683,#7,#9);
#4685=IFCLOCALPLACEMENT(#42,#4684);
#4686=IFCCOLUMN('126IAXwdvEmfTfkqc5zkZG',#44,'Mutter','HXGON33-33',$,#4685,#4682,'ID421922a1-ea7e-4ec2-9769-bb4985f6e8d0');
#4687=IFCCOLOURRGB('Unnamed',0.91372549019607796,0.42352941176470599,0.062745098039215699);
#4688=IFCSURFACESTYLERENDERING(#4687,0.,$,$,$,$,IFCNORMALISEDRATIOMEASURE(0.00390625),IFCSPECULAREXPONENT(10.),.NOTDEFINED.);
#4689=IFCSURFACESTYLE('STEEL/Steel_Undefined',.POSITIVE.,(#4688));
#4690=IFCPRESENTATIONSTYLEASSIGNMENT((#4689));
#4691=IFCCARTESIANPOINT((161.81733940569001,-4.9999999999981801,79.914324509699298));
#4692=IFCCARTESIANPOINT((161.81733940569401,5.0000000000018199,79.914324509699298));
#4693=IFCCARTESIANPOINT((152.58477048088,5.0000000000015898,61.794387745059801));
#4694=IFCCARTESIANPOINT((152.58477048087701,-4.9999999999984102,61.794387745059801));
#4695=IFCPOLYLOOP((#4691,#4692,#4693,#4694));
#4696=IFCFACEOUTERBOUND(#4695,.T.);
#4697=IFCFACE((#4696));
#4698=IFCCARTESIANPOINT((138.20470724552101,5.0000000000014797,47.414324509699298));
#4699=IFCCARTESIANPOINT((138.204707245517,-4.9999999999985203,47.414324509699298));
#4700=IFCPOLYLOOP((#4694,#4693,#4698,#4699));
#4701=IFCFACEOUTERBOUND(#4700,.T.);
#4702=IFCFACE((#4701));
#4703=IFCCARTESIANPOINT((120.08477048088,5.0000000000012497,38.1817555848857));
#4704=IFCCARTESIANPOINT((120.084770480877,-4.9999999999987503,38.1817555848857));
#4705=IFCPOLYLOOP((#4699,#4698,#4703,#4704));
#4706=IFCFACEOUTERBOUND(#4705,.T.);
#4707=IFCFACE((#4706));
#4708=IFCCARTESIANPOINT((99.998665846509496,5.0000000000011404,35.0004291440709));
#4709=IFCCARTESIANPOINT((99.998665846505901,-4.9999999999988596,35.0004291440709));
#4710=IFCPOLYLOOP((#4704,#4703,#4708,#4709));
#4711=IFCFACEOUTERBOUND(#4710,.T.);
#4712=IFCFACE((#4711));
#4713=IFCCARTESIANPOINT((79.912561212138797,5.0000000000009104,38.1817555848857));
#4714=IFCCARTESIANPOINT((79.912561212135202,-4.9999999999990896,38.1817555848857));
#4715=IFCPOLYLOOP((#4709,#4708,#4713,#4714));
#4716=IFCFACEOUTERBOUND(#4715,.T.);
#4717=IFCFACE((#4716));
#4718=IFCCARTESIANPOINT((61.792624447498397,5.0000000000006803,47.414324509699298));
#4719=IFCCARTESIANPOINT((61.792624447494703,-4.9999999999993197,47.414324509699298));
#4720=IFCPOLYLOOP((#4714,#4713,#4718,#4719));
#4721=IFCFACEOUTERBOUND(#4720,.T.);
#4722=IFCFACE((#4721));
#4723=IFCCARTESIANPOINT((47.412561212138797,5.0000000000005702,61.794387745059801));
#4724=IFCCARTESIANPOINT((47.412561212135202,-4.9999999999994298,61.794387745059801));
#4725=IFCPOLYLOOP((#4719,#4718,#4723,#4724));
#4726=IFCFACEOUTERBOUND(#4725,.T.);
#4727=IFCFACE((#4726));
#4728=IFCCARTESIANPOINT((38.179992287325099,5.0000000000004503,79.914324509699298));
#4729=IFCCARTESIANPOINT((38.179992287321497,-4.9999999999995497,79.914324509699298));
#4730=IFCPOLYLOOP((#4724,#4723,#4728,#4729));
#4731=IFCFACEOUTERBOUND(#4730,.T.);
#4732=IFCFACE((#4731));
#4733=IFCCARTESIANPOINT((34.998665846509503,5.0000000000004503,100.00042914407101));
#4734=IFCCARTESIANPOINT((34.998665846505901,-4.9999999999995497,100.00042914407101));
#4735=IFCPOLYLOOP((#4729,#4728,#4733,#4734));
#4736=IFCFACEOUTERBOUND(#4735,.T.);
#4737=IFCFACE((#4736));
#4738=IFCCARTESIANPOINT((38.179992287325099,5.0000000000004503,120.086533778443));
#4739=IFCCARTESIANPOINT((38.179992287321497,-4.9999999999995497,120.086533778443));
#4740=IFCPOLYLOOP((#4734,#4733,#4738,#4739));
#4741=IFCFACEOUTERBOUND(#4740,.T.);
#4742=IFCFACE((#4741));
#4743=IFCCARTESIANPOINT((47.412561212138797,5.0000000000005702,138.20647054308199));
#4744=IFCCARTESIANPOINT((47.412561212135202,-4.9999999999994298,138.20647054308199));
#4745=IFCPOLYLOOP((#4739,#4738,#4743,#4744));
#4746=IFCFACEOUTERBOUND(#4745,.T.);
#4747=IFCFACE((#4746));
#4748=IFCCARTESIANPOINT((61.792624447498397,5.0000000000006803,152.586533778443));
#4749=IFCCARTESIANPOINT((61.792624447494703,-4.9999999999993197,152.586533778443));
#4750=IFCPOLYLOOP((#4744,#4743,#4748,#4749));
#4751=IFCFACEOUTERBOUND(#4750,.T.);
#4752=IFCFACE((#4751));
#4753=IFCCARTESIANPOINT((79.912561212138797,5.0000000000009104,161.81910270325599));
#4754=IFCCARTESIANPOINT((79.912561212135202,-4.9999999999990896,161.81910270325599));
#4755=IFCPOLYLOOP((#4749,#4748,#4753,#4754));
#4756=IFCFACEOUTERBOUND(#4755,.T.);
#4757=IFCFACE((#4756));
#4758=IFCCARTESIANPOINT((99.998665846509496,5.0000000000011404,165.00042914407101));
#4759=IFCCARTESIANPOINT((99.998665846505901,-4.9999999999988596,165.00042914407101));
#4760=IFCPOLYLOOP((#4754,#4753,#4758,#4759));
#4761=IFCFACEOUTERBOUND(#4760,.T.);
#4762=IFCFACE((#4761));
#4763=IFCCARTESIANPOINT((120.08477048088,5.0000000000012497,161.81910270325599));
#4764=IFCCARTESIANPOINT((120.084770480877,-4.9999999999987503,161.81910270325599));
#4765=IFCPOLYLOOP((#4759,#4758,#4763,#4764));
#4766=IFCFACEOUTERBOUND(#4765,.T.);
#4767=IFCFACE((#4766));
#4768=IFCCARTESIANPOINT((138.20470724552101,5.0000000000014797,152.586533778443));
#4769=IFCCARTESIANPOINT((138.204707245517,-4.9999999999985203,152.586533778443));
#4770=IFCPOLYLOOP((#4764,#4763,#4768,#4769));
#4771=IFCFACEOUTERBOUND(#4770,.T.);
#4772=IFCFACE((#4771));
#4773=IFCCARTESIANPOINT((152.58477048088,5.0000000000015898,138.20647054308199));
#4774=IFCCARTESIANPOINT((152.58477048087701,-4.9999999999984102,138.20647054308199));
#4775=IFCPOLYLOOP((#4769,#4768,#4773,#4774));
#4776=IFCFACEOUTERBOUND(#4775,.T.);
#4777=IFCFACE((#4776));
#4778=IFCCARTESIANPOINT((161.81733940569401,5.0000000000018199,120.086533778443));
#4779=IFCCARTESIANPOINT((161.81733940569001,-4.9999999999981801,120.086533778443));
#4780=IFCPOLYLOOP((#4774,#4773,#4778,#4779));
#4781=IFCFACEOUTERBOUND(#4780,.T.);
#4782=IFCFACE((#4781));
#4783=IFCCARTESIANPOINT((164.99866584650999,5.0000000000018199,100.00042914407101));
#4784=IFCCARTESIANPOINT((164.99866584650599,-4.9999999999981801,100.00042914407101));
#4785=IFCPOLYLOOP((#4779,#4778,#4783,#4784));
#4786=IFCFACEOUTERBOUND(#4785,.T.);
#4787=IFCFACE((#4786));
#4788=IFCPOLYLOOP((#4784,#4783,#4692,#4691));
#4789=IFCFACEOUTERBOUND(#4788,.T.);
#4790=IFCFACE((#4789));
#4791=IFCCARTESIANPOINT((200.,-4.99999999999784,0.));
#4792=IFCCARTESIANPOINT((200.,-4.99999999999784,200.));
#4793=IFCCARTESIANPOINT((-5.8207660913467401E-11,-5.,200.));
#4794=IFCCARTESIANPOINT((0.,-5.,0.));
#4795=IFCPOLYLOOP((#4791,#4792,#4793,#4794));
#4796=IFCFACEOUTERBOUND(#4795,.T.);
#4797=IFCPOLYLOOP((#4694,#4699,#4704,#4709,#4714,#4719,#4724,#4729,#4734,#4739,#4744,#4749,#4754,#4759,#4764,#4769,#4774,#4779,#4784,#4691));
#4798=IFCFACEBOUND(#4797,.T.);
#4799=IFCFACE((#4796,#4798));
#4800=IFCCARTESIANPOINT((3.6379788070917101E-12,5.,0.));
#4801=IFCCARTESIANPOINT((200.00000000000401,5.00000000000216,0.));
#4802=IFCPOLYLOOP((#4791,#4794,#4800,#4801));
#4803=IFCFACEOUTERBOUND(#4802,.T.);
#4804=IFCFACE((#4803));
#4805=IFCCARTESIANPOINT((200.00000000000401,5.00000000000216,200.));
#4806=IFCPOLYLOOP((#4792,#4791,#4801,#4805));
#4807=IFCFACEOUTERBOUND(#4806,.T.);
#4808=IFCFACE((#4807));
#4809=IFCCARTESIANPOINT((-5.4569682106375701E-11,5.,200.));
#4810=IFCPOLYLOOP((#4793,#4792,#4805,#4809));
#4811=IFCFACEOUTERBOUND(#4810,.T.);
#4812=IFCFACE((#4811));
#4813=IFCPOLYLOOP((#4794,#4793,#4809,#4800));
#4814=IFCFACEOUTERBOUND(#4813,.T.);
#4815=IFCFACE((#4814));
#4816=IFCPOLYLOOP((#4805,#4801,#4800,#4809));
#4817=IFCFACEOUTERBOUND(#4816,.T.);
#4818=IFCPOLYLOOP((#4773,#4768,#4763,#4758,#4753,#4748,#4743,#4738,#4733,#4728,#4723,#4718,#4713,#4708,#4703,#4698,#4693,#4692,#4783,#4778));
#4819=IFCFACEBOUND(#4818,.T.);
#4820=IFCFACE((#4817,#4819));
#4821=IFCCLOSEDSHELL((#4697,#4702,#4707,#4712,#4717,#4722,#4727,#4732,#4737,#4742,#4747,#4752,#4757,#4762,#4767,#4772,#4777,#4782,#4787,#4790,#4799,#4804,#4808,#4812,#4815,#4820));
#4822=IFCFACETEDBREP(#4821);
#4823=IFCSTYLEDITEM(#4822,(#4690),$);
#4824=IFCSHAPEREPRESENTATION(#12,'Body','Brep',(#4822));
#4825=IFCPRODUCTDEFINITIONSHAPE($,$,(#4824));
#4826=IFCCARTESIANPOINT((6058.7657352918204,30999.9970582838,774.25055237365495));
#4827=IFCAXIS2PLACEMENT3D(#4826,#941,#8);
#4828=IFCLOCALPLACEMENT(#42,#4827);
#4829=IFCPLATE('0Fo9dyZQ1AzhBYnx5dmzla',#44,'Endeplate','PL10X200',$,#4828,#4825,'ID0fc899fc-8da0-4af6-b2e2-c7b167c3dbe4');
#4830=IFCPLATETYPE('0H2oDxrB97w9W_UIfelaRX',#5,'PL10X200',$,$,$,$,$,$,.NOTDEFINED.);
#4831=IFCCARTESIANPOINT((0.,10.,-100.));
#4832=IFCCARTESIANPOINT((-1020.,10.,-100.));
#4833=IFCCARTESIANPOINT((-1020.,10.,100.));
#4834=IFCCARTESIANPOINT((0.,10.,100.));
#4835=IFCCARTESIANPOINT((1020.,10.,100.));
#4836=IFCCARTESIANPOINT((1020.,10.,-100.));
#4837=IFCPOLYLOOP((#4831,#4832,#4833,#4834,#4835,#4836));
#4838=IFCFACEOUTERBOUND(#4837,.T.);
#4839=IFCFACE((#4838));
#4840=IFCCARTESIANPOINT((0.,-10.,100.));
#4841=IFCCARTESIANPOINT((-1000.,-10.,100.));
#4842=IFCCARTESIANPOINT((-1000.,-10.,-100.));
#4843=IFCCARTESIANPOINT((0.,-10.,-100.));
#4844=IFCCARTESIANPOINT((1000.,-10.,-100.));
#4845=IFCCARTESIANPOINT((1000.,-10.,100.));
#4846=IFCPOLYLOOP((#4840,#4841,#4842,#4843,#4844,#4845));
#4847=IFCFACEOUTERBOUND(#4846,.T.);
#4848=IFCFACE((#4847));
#4849=IFCCARTESIANPOINT((1020.,-2320.,100.));
#4850=IFCCARTESIANPOINT((1020.,-2320.,-100.));
#4851=IFCPOLYLOOP((#4836,#4835,#4849,#4850));
#4852=IFCFACEOUTERBOUND(#4851,.T.);
#4853=IFCFACE((#4852));
#4854=IFCCARTESIANPOINT((1000.,-2300.,-100.));
#4855=IFCCARTESIANPOINT((1000.,-2300.,100.));
#4856=IFCPOLYLOOP((#4845,#4844,#4854,#4855));
#4857=IFCFACEOUTERBOUND(#4856,.T.);
#4858=IFCFACE((#4857));
#4859=IFCCARTESIANPOINT((52.030124562390498,-2320.,100.));
#4860=IFCCARTESIANPOINT((52.030124562390498,-2320.,-100.));
#4861=IFCPOLYLOOP((#4850,#4849,#4859,#4860));
#4862=IFCFACEOUTERBOUND(#4861,.T.);
#4863=IFCFACE((#4862));
#4864=IFCCARTESIANPOINT((63.570599220714897,-2300.,-100.));
#4865=IFCCARTESIANPOINT((63.570599220714897,-2300.,100.));
#4866=IFCPOLYLOOP((#4855,#4854,#4864,#4865));
#4867=IFCFACEOUTERBOUND(#4866,.T.);
#4868=IFCFACE((#4867));
#4869=IFCCARTESIANPOINT((9.9998282069327598,-2247.2836795826302,100.));
#4870=IFCCARTESIANPOINT((9.9998282069327598,-2247.2836795826302,-100.));
#4871=IFCPOLYLOOP((#4860,#4859,#4869,#4870));
#4872=IFCFACEOUTERBOUND(#4871,.T.);
#4873=IFCFACE((#4872));
#4874=IFCCARTESIANPOINT((-9.9998282069327598,-2172.7163204173698,-100.));
#4875=IFCCARTESIANPOINT((-9.9998282069327598,-2172.7163204173698,100.));
#4876=IFCPOLYLOOP((#4865,#4864,#4874,#4875));
#4877=IFCFACEOUTERBOUND(#4876,.T.);
#4878=IFCFACE((#4877));
#4879=IFCCARTESIANPOINT((9.9989066428379392,-2447.2875558228502,100.));
#4880=IFCCARTESIANPOINT((9.9989066428379392,-2447.2875558228502,-100.));
#4881=IFCPOLYLOOP((#4870,#4869,#4879,#4880));
#4882=IFCFACEOUTERBOUND(#4881,.T.);
#4883=IFCFACE((#4882));
#4884=IFCCARTESIANPOINT((-10.000749771029399,-2372.7201966575799,-100.));
#4885=IFCCARTESIANPOINT((-10.000749771029399,-2372.7201966575799,100.));
#4886=IFCPOLYLOOP((#4875,#4874,#4884,#4885));
#4887=IFCFACEOUTERBOUND(#4886,.T.);
#4888=IFCFACE((#4887));
#4889=IFCCARTESIANPOINT((-63.573761265682201,-2320.,100.));
#4890=IFCCARTESIANPOINT((-63.573761265682201,-2320.,-100.));
#4891=IFCPOLYLOOP((#4880,#4879,#4889,#4890));
#4892=IFCFACEOUTERBOUND(#4891,.T.);
#4893=IFCFACE((#4892));
#4894=IFCCARTESIANPOINT((-52.0332866073595,-2300.,-100.));
#4895=IFCCARTESIANPOINT((-52.0332866073595,-2300.,100.));
#4896=IFCPOLYLOOP((#4885,#4884,#4894,#4895));
#4897=IFCFACEOUTERBOUND(#4896,.T.);
#4898=IFCFACE((#4897));
#4899=IFCCARTESIANPOINT((-1020.,-2320.,100.));
#4900=IFCCARTESIANPOINT((-1020.,-2320.,-100.));
#4901=IFCPOLYLOOP((#4890,#4889,#4899,#4900));
#4902=IFCFACEOUTERBOUND(#4901,.T.);
#4903=IFCFACE((#4902));
#4904=IFCCARTESIANPOINT((-1000.,-2300.,-100.));
#4905=IFCCARTESIANPOINT((-1000.,-2300.,100.));
#4906=IFCPOLYLOOP((#4895,#4894,#4904,#4905));
#4907=IFCFACEOUTERBOUND(#4906,.T.);
#4908=IFCFACE((#4907));
#4909=IFCPOLYLOOP((#4900,#4899,#4833,#4832));
#4910=IFCFACEOUTERBOUND(#4909,.T.);
#4911=IFCFACE((#4910));
#4912=IFCPOLYLOOP((#4905,#4904,#4842,#4841));
#4913=IFCFACEOUTERBOUND(#4912,.T.);
#4914=IFCFACE((#4913));
#4915=IFCPOLYLOOP((#4833,#4899,#4889,#4879,#4869,#4859,#4849,#4835,#4834));
#4916=IFCFACEOUTERBOUND(#4915,.T.);
#4917=IFCPOLYLOOP((#4845,#4855,#4865,#4875,#4885,#4895,#4905,#4841,#4840));
#4918=IFCFACEBOUND(#4917,.T.);
#4919=IFCFACE((#4916,#4918));
#4920=IFCPOLYLOOP((#4836,#4850,#4860,#4870,#4880,#4890,#4900,#4832,#4831));
#4921=IFCFACEOUTERBOUND(#4920,.T.);
#4922=IFCPOLYLOOP((#4842,#4904,#4894,#4884,#4874,#4864,#4854,#4844,#4843));
#4923=IFCFACEBOUND(#4922,.T.);
#4924=IFCFACE((#4921,#4923));
#4925=IFCCLOSEDSHELL((#4839,#4848,#4853,#4858,#4863,#4868,#4873,#4878,#4883,#4888,#4893,#4898,#4903,#4908,#4911,#4914,#4919,#4924));
#4926=IFCFACETEDBREP(#4925);
#4927=IFCSTYLEDITEM(#4926,(#1377),$);
#4928=IFCSHAPEREPRESENTATION(#12,'Body','Brep',(#4926));
#4929=IFCPRODUCTDEFINITIONSHAPE($,$,(#4928));
#4930=IFCCARTESIANPOINT((6500.,31100.,-10.));
#4931=IFCDIRECTION((0.,-1.,0.));
#4932=IFCAXIS2PLACEMENT3D(#4930,#4931,#941);
#4933=IFCLOCALPLACEMENT(#42,#4932);
#4934=IFCBEAM('2nBzcEI8zA9wArVkULoL0B',#44,'Ramme','PL200X20',$,#4933,#4929,'IDb12fd98e-488f-4a27-a2b5-7ee795c9500b');
#4935=IFCBEAMTYPE('3Wz7oklvT5vu3_jteFuof5',#5,'PL200X20',$,$,$,$,$,$,.NOTDEFINED.);
#4936=IFCRELAGGREGATES('3$5xBnOrDFVh173CaXlCoy',#5,$,$,#36,(#38));
#4937=IFCRELAGGREGATES('2agOjEtgrAvBUB5Y7u0tES',#5,$,$,#38,(#41));
#4938=IFCRELAGGREGATES('3lcQH1Lp145BSFxiiluPky',#5,$,$,#41,(#43));
#4939=IFCRELCONTAINEDINSPATIALSTRUCTURE('1PaGLFburALAf0kPghlAMU',#5,$,$,(#4934,#4829,#4686,#4680,#4674,#4668,#4662,#4656,#4650,#4644,#4638,#4632,#4626,#4620,#4614,#4608,#4602,#4595,#4589,#4583,#4577,#4570,#4495,#4491,#4487,#4483,#4479,#4473,#4467,#4461,#4455,#4449,#4443,#4437,#4431,#4425,#4419,#4413,#4407,#4401,#4394,#4314,#4264,#1460,#1453,#1373,#1367,#1361,#1355,#1349,#1343,#1336,#1276,#1224,#1188,#1149,#1135,#1096,#1088,#1022,#1016,#1010,#1003,#945,#363,#357,#351,#344,#105),#43);
#4940=IFCRELDEFINESBYTYPE('1aqdlzyuD4uBSY$ItouMlW',#5,$,$,(#1010,#363,#351,#105),#106);
#4941=IFCRELDEFINESBYTYPE('30bcwZZcn40gx0UmFfWL0b',#5,$,$,(#357,#344),#345);
#4942=IFCRELDEFINESBYTYPE('31kwlZqp57mwv893yuVhnZ',#5,$,$,(#1016,#945),#946);
#4943=IFCRELDEFINESBYTYPE('1NdzfpkaPES8qFDh7rM2lw',#5,$,$,(#1022,#1003),#1004);
#4944=IFCRELDEFINESBYTYPE('389o_seMnEDxx4xgj_f3PG',#5,$,$,(#1096,#1088),#1089);
#4945=IFCRELDEFINESBYTYPE('3be9KQFCf9TeOG8Wjj8Hwu',#5,$,$,(#1349,#1343,#1149,#1135),#1136);
#4946=IFCRELDEFINESBYTYPE('0bIH8cI$bDpQdPKINLR_xv',#5,$,$,(#1355,#1188),#1189);
#4947=IFCRELDEFINESBYTYPE('31s7KIkEv4GR5xhR7Z3M_R',#5,$,$,(#1361,#1224),#1225);
#4948=IFCRELDEFINESBYTYPE('2VufexMIP8$eQ3_U4_TTPT',#5,$,$,(#1367,#1276),#1277);
#4949=IFCRELDEFINESBYTYPE('2fxs9hvE93aenacoyeHeVy',#5,$,$,(#1373,#1336),#1337);
#4950=IFCRELDEFINESBYTYPE('2quRAU89T1zP30XYGk9c7M',#5,$,$,(#1460,#1453),#1454);
#4951=IFCRELDEFINESBYTYPE('1kSCNCH054vBrR8CIZBh8_',#5,$,$,(#4264),#4265);
#4952=IFCRELDEFINESBYTYPE('0CusBBucn9Q9LWkMteUobf',#5,$,$,(#4473,#4461,#4449,#4437,#4425,#4413,#4401,#4314),#4315);
#4953=IFCRELDEFINESBYTYPE('22G0bTcSjBsvHvPlJH_W44',#5,$,$,(#4680,#4668,#4656,#4644,#4638,#4632,#4626,#4620,#4495,#4491,#4487,#4483,#4479,#4467,#4455,#4443,#4431,#4419,#4407,#4394),#4395);
#4954=IFCRELDEFINESBYTYPE('0OYe2TppTEWP1W2nunhkx1',#5,$,$,(#4589,#4583,#4577,#4570),#4571);
#4955=IFCRELDEFINESBYTYPE('1Pp9Qhu$56rQ24CFCD9Oj9',#5,$,$,(#4686,#4674,#4662,#4650,#4614,#4608,#4602,#4595),#4596);
#4956=IFCRELDEFINESBYTYPE('1S5vPDLHz4E9Q15TvKIcTF',#5,$,$,(#4829),#4830);
#4957=IFCRELDEFINESBYTYPE('1vaC3IxUr6h8DSkE7ZuGkx',#5,$,$,(#4934),#4935);
#4958=IFCRELASSOCIATESMATERIAL('1UiEuKlzb9Mh75Ez$m7lVX',#5,$,$,(#4829,#4686,#4680,#4674,#4668,#4662,#4656,#4650,#4644,#4638,#4632,#4626,#4620,#4614,#4608,#4602,#4595,#4589,#4583,#4577,#4570,#4495,#4491,#4487,#4483,#4479,#4473,#4467,#4461,#4455,#4449,#4443,#4437,#4431,#4425,#4419,#4413,#4407,#4401,#4394,#4314,#4264,#1022,#1016,#1010,#1003,#945,#363,#357,#351,#344,#105),#107);
#4959=IFCRELASSOCIATESMATERIAL('2I9dWUpb1B1gr2$bhn3Ih4',#5,$,$,(#1373,#1336,#1096,#1088),#1090);
#4960=IFCRELASSOCIATESMATERIAL('2$L2Wcm6L4kfIGyIPEbcC1',#5,$,$,(#4934,#1460,#1453,#1367,#1361,#1355,#1349,#1343,#1276,#1224,#1188,#1149,#1135),#1137);
#4961=IFCPRESENTATIONLAYERASSIGNMENT('Rekkverk',$,(#98,#337,#346,#352,#358,#938,#996,#1005,#1011,#1017),$);
#4962=IFCPRESENTATIONLAYERASSIGNMENT('Bruplate',$,(#1081,#1091),$);
#4963=IFCPRESENTATIONLAYERASSIGNMENT('Asfaltdekker_slitelag',$,(#1128,#1338),$);
#4964=IFCPRESENTATIONLAYERASSIGNMENT('Asfaltdekker_bindlag',$,(#1144,#1344),$);
#4965=IFCPRESENTATIONLAYERASSIGNMENT('Topeka',$,(#1181,#1217,#1350,#1356),$);
#4966=IFCPRESENTATIONLAYERASSIGNMENT('C60BP2',$,(#1269,#1362),$);
#4967=IFCPRESENTATIONLAYERASSIGNMENT('Kantbjelke',$,(#1329,#1368),$);
#4968=IFCPRESENTATIONLAYERASSIGNMENT('Ramme',$,(#1447,#1455,#4928),$);
#4969=IFCPRESENTATIONLAYERASSIGNMENT('Boltegruppe',$,(#4259,#4565,#4572,#4578,#4584),$);
#4970=IFCPRESENTATIONLAYERASSIGNMENT('Mutter',$,(#4309,#4396,#4408,#4420,#4432,#4444,#4456,#4468,#4590,#4597,#4603,#4609,#4645,#4657,#4669,#4681),$);
#4971=IFCPRESENTATIONLAYERASSIGNMENT('Skive',$,(#4389,#4402,#4414,#4426,#4438,#4450,#4462,#4474,#4480,#4484,#4488,#4492,#4615,#4621,#4627,#4633,#4639,#4651,#4663,#4675),$);
#4972=IFCPRESENTATIONLAYERASSIGNMENT('Endeplate',$,(#4824),$);
#4973=IFCOWNERHISTORY(#3,#4,.READWRITE.,.ADDED.,1789134012,#3,#4,1789134012);
#4974=IFCPROPERTYSET('1eyeLZElnFLOnG9S4Pw5u$',#4973,'BIM_Tverrfaglig',$,(#4977,#4978,#4979,#4980,#4981));
#4975=IFCOWNERHISTORY(#3,#4,.READWRITE.,.ADDED.,1789134012,#3,#4,1789134012);
#4976=IFCRELDEFINESBYPROPERTIES('3jHizy9r9CV8ZnRlCXmbQ8',#4975,$,$,(#105),#4974);
#4977=IFCPROPERTYSINGLEVALUE('BIM.04 - MMI',$,IFCTEXT('350'),$);
#4978=IFCPROPERTYSINGLEVALUE('BIM.05 - Elementnavn',$,IFCTEXT('Rekkverk'),$);
#4979=IFCPROPERTYSINGLEVALUE('BIM.06 - Fag',$,IFCTEXT('KON'),$);
#4980=IFCPROPERTYSINGLEVALUE('BIM.07 - Revisjon',$,IFCTEXT('A'),$);
#4981=IFCPROPERTYSINGLEVALUE('BIM.08 - Revisjonsdato',$,IFCTEXT('2023-01-16'),$);
#4982=IFCOWNERHISTORY(#3,#4,.READWRITE.,.ADDED.,1789134012,#3,#4,1789134012);
#4983=IFCPROPERTYSET('1L5d0TawbBDfqnO1WPlQLi',#4982,'KON_Felles',$,(#4986,#4987,#4988,#4989,#4990,#4991,#4992,#4993,#4994,#4995,#4996,#4997));
#4984=IFCOWNERHISTORY(#3,#4,.READWRITE.,.ADDED.,1789134012,#3,#4,1789134012);
#4985=IFCRELDEFINESBYPROPERTIES('3IF7OuEvTDSRcUpWpSJMSE',#4984,$,$,(#105),#4983);
#4986=IFCPROPERTYSINGLEVALUE('KON.01 - Konstruksjonsnummer',$,IFCTEXT('K100'),$);
#4987=IFCPROPERTYSINGLEVALUE('KON.03 - Akse',$,IFCTEXT('01'),$);
#4988=IFCPROPERTYSINGLEVALUE('KON.10 - Konstruksjonsinndeling',$,IFCTEXT('Bru'),$);
#4989=IFCPROPERTYSINGLEVALUE('KON.11 - Konstruksjonsdel',$,IFCTEXT('Rekkverk'),$);
#4990=IFCPROPERTYSINGLEVALUE('KON.13 - Elementnavn',$,IFCTEXT('Rekkverk'),$);
#4991=IFCPROPERTYSINGLEVALUE('KON.20 - Produksjonsenhet',$,IFCTEXT('PLD-1002'),$);
#4992=IFCPROPERTYSINGLEVALUE('KON.30 - Plasseringsprioritet',$,IFCTEXT('2 - Viker for 1'),$);
#4993=IFCPROPERTYSINGLEVALUE('KON.31 - Plasseringsmerknad',$,IFCTEXT('Ikke angitt'),$);
#4994=IFCPROPERTYSINGLEVALUE('KON.40 - Materialtype',$,IFCTEXT('St\X2\00E5\X0\l'),$);
#4995=IFCPROPERTYSINGLEVALUE('KON.41 - Materialspesifikasjon',$,IFCTEXT('S355ML'),$);
#4996=IFCPROPERTYSINGLEVALUE('KON.51 - Produksjonsmerknad 1',$,IFCTEXT('Ikke aktuelt'),$);
#4997=IFCPROPERTYSINGLEVALUE('KON.53 - Utf\X2\00F8\X0\relsesmerknad 1',$,IFCTEXT('Ikke angitt'),$);
#4998=IFCOWNERHISTORY(#3,#4,.READWRITE.,.ADDED.,1789134012,#3,#4,1789134012);
#4999=IFCPROPERTYSET('2JnR09IOXDOBpZTIMpbHzs',#4998,'KON_St\X2\00E5\X0\l',$,(#5002,#5003,#5004,#5005,#5006,#5007,#5008));
#5000=IFCOWNERHISTORY(#3,#4,.READWRITE.,.ADDED.,1789134012,#3,#4,1789134012);
#5001=IFCRELDEFINESBYPROPERTIES('3askRobgHF0ew2AaMcjNpU',#5000,$,$,(#105),#4999);
#5002=IFCPROPERTYSINGLEVALUE('STL.01 - Utf\X2\00F8\X0\relsesklasse',$,IFCTEXT('EXC1'),$);
#5003=IFCPROPERTYSINGLEVALUE('STL.02 - Tilvirkningstoleranse',$,IFCTEXT('1'),$);
#5004=IFCPROPERTYSINGLEVALUE('STL.03 - Monteringstoleranse',$,IFCTEXT('1'),$);
#5005=IFCPROPERTYSINGLEVALUE('STL.11 - Farge p\X2\00E5\X0\ siste dekkestr\X2\00F8\X0\k',$,IFCTEXT('RAL7036'),$);
#5006=IFCPROPERTYSINGLEVALUE('STL.31 - Materialspesifikasjon (dup)',$,IFCTEXT('S355ML'),$);
#5007=IFCPROPERTYSINGLEVALUE('STL.32 - Materialstandard',$,IFCTEXT('NS-EN 10025-4'),$);
#5008=IFCPROPERTYSINGLEVALUE('STL.50 - Korrosjonsbeskyttelse',$,IFCTEXT('System 1 iht. SVV hb. N400 pkt. 9.2.1'),$);
#5009=IFCOWNERHISTORY(#3,#4,.READWRITE.,.ADDED.,1789134012,#3,#4,1789134012);
#5010=IFCPROPERTYSET('3_sps2iC9D0xCoYYPRH6jY',#5009,'BIM_Tverrfaglig',$,(#5013,#5014,#5015,#5016,#5017));
#5011=IFCOWNERHISTORY(#3,#4,.READWRITE.,.ADDED.,1789134012,#3,#4,1789134012);
#5012=IFCRELDEFINESBYPROPERTIES('1K1A5SqUf7QOBJB3Hcu01s',#5011,$,$,(#344),#5010);
#5013=IFCPROPERTYSINGLEVALUE('BIM.04 - MMI',$,IFCTEXT('350'),$);
#5014=IFCPROPERTYSINGLEVALUE('BIM.05 - Elementnavn',$,IFCTEXT('Rekkverk'),$);
#5015=IFCPROPERTYSINGLEVALUE('BIM.06 - Fag',$,IFCTEXT('KON'),$);
#5016=IFCPROPERTYSINGLEVALUE('BIM.07 - Revisjon',$,IFCTEXT('A'),$);
#5017=IFCPROPERTYSINGLEVALUE('BIM.08 - Revisjonsdato',$,IFCTEXT('2023-01-16'),$);
#5018=IFCOWNERHISTORY(#3,#4,.READWRITE.,.ADDED.,1789134012,#3,#4,1789134012);
#5019=IFCPROPERTYSET('0S5Txe6$f5HeUg5kYNMmH1',#5018,'KON_Felles',$,(#5022,#5023,#5024,#5025,#5026,#5027,#5028,#5029,#5030,#5031,#5032,#5033));
#5020=IFCOWNERHISTORY(#3,#4,.READWRITE.,.ADDED.,1789134012,#3,#4,1789134012);
#5021=IFCRELDEFINESBYPROPERTIES('0Ub3eIjur8Kx4weoQXWhpc',#5020,$,$,(#344),#5019);
#5022=IFCPROPERTYSINGLEVALUE('KON.01 - Konstruksjonsnummer',$,IFCTEXT('K100'),$);
#5023=IFCPROPERTYSINGLEVALUE('KON.03 - Akse',$,IFCTEXT('01'),$);
#5024=IFCPROPERTYSINGLEVALUE('KON.10 - Konstruksjonsinndeling',$,IFCTEXT('Bru'),$);
#5025=IFCPROPERTYSINGLEVALUE('KON.11 - Konstruksjonsdel',$,IFCTEXT('Rekkverk'),$);
#5026=IFCPROPERTYSINGLEVALUE('KON.13 - Elementnavn',$,IFCTEXT('Rekkverk'),$);
#5027=IFCPROPERTYSINGLEVALUE('KON.20 - Produksjonsenhet',$,IFCTEXT('PLD-1002'),$);
#5028=IFCPROPERTYSINGLEVALUE('KON.30 - Plasseringsprioritet',$,IFCTEXT('2 - Viker for 1'),$);
#5029=IFCPROPERTYSINGLEVALUE('KON.31 - Plasseringsmerknad',$,IFCTEXT('Ikke angitt'),$);
#5030=IFCPROPERTYSINGLEVALUE('KON.40 - Materialtype',$,IFCTEXT('St\X2\00E5\X0\l'),$);
#5031=IFCPROPERTYSINGLEVALUE('KON.41 - Materialspesifikasjon',$,IFCTEXT('S355ML'),$);
#5032=IFCPROPERTYSINGLEVALUE('KON.51 - Produksjonsmerknad 1',$,IFCTEXT('Ikke aktuelt'),$);
#5033=IFCPROPERTYSINGLEVALUE('KON.53 - Utf\X2\00F8\X0\relsesmerknad 1',$,IFCTEXT('Ikke angitt'),$);
#5034=IFCOWNERHISTORY(#3,#4,.READWRITE.,.ADDED.,1789134012,#3,#4,1789134012);
#5035=IFCPROPERTYSET('2XfH0tvf13HPwHlVDBGj6s',#5034,'KON_St\X2\00E5\X0\l',$,(#5038,#5039,#5040,#5041,#5042,#5043,#5044));
#5036=IFCOWNERHISTORY(#3,#4,.READWRITE.,.ADDED.,1789134012,#3,#4,1789134012);
#5037=IFCRELDEFINESBYPROPERTIES('1sLUZKWbH9lh5iAhdBqLCt',#5036,$,$,(#344),#5035);
#5038=IFCPROPERTYSINGLEVALUE('STL.01 - Utf\X2\00F8\X0\relsesklasse',$,IFCTEXT('EXC1'),$);
#5039=IFCPROPERTYSINGLEVALUE('STL.02 - Tilvirkningstoleranse',$,IFCTEXT('1'),$);
#5040=IFCPROPERTYSINGLEVALUE('STL.03 - Monteringstoleranse',$,IFCTEXT('1'),$);
#5041=IFCPROPERTYSINGLEVALUE('STL.11 - Farge p\X2\00E5\X0\ siste dekkestr\X2\00F8\X0\k',$,IFCTEXT('RAL7036'),$);
#5042=IFCPROPERTYSINGLEVALUE('STL.31 - Materialspesifikasjon (dup)',$,IFCTEXT('S355ML'),$);
#5043=IFCPROPERTYSINGLEVALUE('STL.32 - Materialstandard',$,IFCTEXT('NS-EN 10025-4'),$);
#5044=IFCPROPERTYSINGLEVALUE('STL.50 - Korrosjonsbeskyttelse',$,IFCTEXT('System 1 iht. SVV hb. N400 pkt. 9.2.1'),$);
#5045=IFCOWNERHISTORY(#3,#4,.READWRITE.,.ADDED.,1789134012,#3,#4,1789134012);
#5046=IFCPROPERTYSET('0eqVW3X_bED9A2S1N5YM13',#5045,'BIM_Tverrfaglig',$,(#5049,#5050,#5051,#5052,#5053));
#5047=IFCOWNERHISTORY(#3,#4,.READWRITE.,.ADDED.,1789134012,#3,#4,1789134012);
#5048=IFCRELDEFINESBYPROPERTIES('363Duu7O182vKlCbcMmUH4',#5047,$,$,(#351),#5046);
#5049=IFCPROPERTYSINGLEVALUE('BIM.04 - MMI',$,IFCTEXT('350'),$);
#5050=IFCPROPERTYSINGLEVALUE('BIM.05 - Elementnavn',$,IFCTEXT('Rekkverk'),$);
#5051=IFCPROPERTYSINGLEVALUE('BIM.06 - Fag',$,IFCTEXT('KON'),$);
#5052=IFCPROPERTYSINGLEVALUE('BIM.07 - Revisjon',$,IFCTEXT('A'),$);
#5053=IFCPROPERTYSINGLEVALUE('BIM.08 - Revisjonsdato',$,IFCTEXT('2023-01-16'),$);
#5054=IFCOWNERHISTORY(#3,#4,.READWRITE.,.ADDED.,1789134012,#3,#4,1789134012);
#5055=IFCPROPERTYSET('0F24pAk2b8jAO733pWLfq9',#5054,'KON_Felles',$,(#5058,#5059,#5060,#5061,#5062,#5063,#5064,#5065,#5066,#5067,#5068,#5069));
#5056=IFCOWNERHISTORY(#3,#4,.READWRITE.,.ADDED.,1789134012,#3,#4,1789134012);
#5057=IFCRELDEFINESBYPROPERTIES('0JZyERshv4pf8J9NwAzxup',#5056,$,$,(#351),#5055);
#5058=IFCPROPERTYSINGLEVALUE('KON.01 - Konstruksjonsnummer',$,IFCTEXT('K100'),$);
#5059=IFCPROPERTYSINGLEVALUE('KON.03 - Akse',$,IFCTEXT('01'),$);
#5060=IFCPROPERTYSINGLEVALUE('KON.10 - Konstruksjonsinndeling',$,IFCTEXT('Bru'),$);
#5061=IFCPROPERTYSINGLEVALUE('KON.11 - Konstruksjonsdel',$,IFCTEXT('Rekkverk'),$);
#5062=IFCPROPERTYSINGLEVALUE('KON.13 - Elementnavn',$,IFCTEXT('Rekkverk'),$);
#5063=IFCPROPERTYSINGLEVALUE('KON.20 - Produksjonsenhet',$,IFCTEXT('PLD-1002'),$);
#5064=IFCPROPERTYSINGLEVALUE('KON.30 - Plasseringsprioritet',$,IFCTEXT('2 - Viker for 1'),$);
#5065=IFCPROPERTYSINGLEVALUE('KON.31 - Plasseringsmerknad',$,IFCTEXT('Ikke angitt'),$);
#5066=IFCPROPERTYSINGLEVALUE('KON.40 - Materialtype',$,IFCTEXT('St\X2\00E5\X0\l'),$);
#5067=IFCPROPERTYSINGLEVALUE('KON.41 - Materialspesifikasjon',$,IFCTEXT('S355ML'),$);
#5068=IFCPROPERTYSINGLEVALUE('KON.51 - Produksjonsmerknad 1',$,IFCTEXT('Ikke aktuelt'),$);
#5069=IFCPROPERTYSINGLEVALUE('KON.53 - Utf\X2\00F8\X0\relsesmerknad 1',$,IFCTEXT('Ikke angitt'),$);
#5070=IFCOWNERHISTORY(#3,#4,.READWRITE.,.ADDED.,1789134012,#3,#4,1789134012);
#5071=IFCPROPERTYSET('0WlTKLms9FvfSzz88HFJFr',#5070,'KON_St\X2\00E5\X0\l',$,(#5074,#5075,#5076,#5077,#5078,#5079,#5080));
#5072=IFCOWNERHISTORY(#3,#4,.READWRITE.,.ADDED.,1789134012,#3,#4,1789134012);
#5073=IFCRELDEFINESBYPROPERTIES('1lyxXFWjPCOx5BYihAluT1',#5072,$,$,(#351),#5071);
#5074=IFCPROPERTYSINGLEVALUE('STL.01 - Utf\X2\00F8\X0\relsesklasse',$,IFCTEXT('EXC1'),$);
#5075=IFCPROPERTYSINGLEVALUE('STL.02 - Tilvirkningstoleranse',$,IFCTEXT('1'),$);
#5076=IFCPROPERTYSINGLEVALUE('STL.03 - Monteringstoleranse',$,IFCTEXT('1'),$);
#5077=IFCPROPERTYSINGLEVALUE('STL.11 - Farge p\X2\00E5\X0\ siste dekkestr\X2\00F8\X0\k',$,IFCTEXT('RAL7036'),$);
#5078=IFCPROPERTYSINGLEVALUE('STL.31 - Materialspesifikasjon (dup)',$,IFCTEXT('S355ML'),$);
#5079=IFCPROPERTYSINGLEVALUE('STL.32 - Materialstandard',$,IFCTEXT('NS-EN 10025-4'),$);
#5080=IFCPROPERTYSINGLEVALUE('STL.50 - Korrosjonsbeskyttelse',$,IFCTEXT('System 1 iht. SVV hb. N400 pkt. 9.2.1'),$);
#5081=IFCOWNERHISTORY(#3,#4,.READWRITE.,.ADDED.,1789134012,#3,#4,1789134012);
#5082=IFCPROPERTYSET('1MwxzPfQjAtQVozZBSDjef',#5081,'BIM_Tverrfaglig',$,(#5085,#5086,#5087,#5088,#5089));
#5083=IFCOWNERHISTORY(#3,#4,.READWRITE.,.ADDED.,1789134012,#3,#4,1789134012);
#5084=IFCRELDEFINESBYPROPERTIES('0QXydKJrH6hRhYgPLkP3_x',#5083,$,$,(#357),#5082);
#5085=IFCPROPERTYSINGLEVALUE('BIM.04 - MMI',$,IFCTEXT('350'),$);
#5086=IFCPROPERTYSINGLEVALUE('BIM.05 - Elementnavn',$,IFCTEXT('Rekkverk'),$);
#5087=IFCPROPERTYSINGLEVALUE('BIM.06 - Fag',$,IFCTEXT('KON'),$);
#5088=IFCPROPERTYSINGLEVALUE('BIM.07 - Revisjon',$,IFCTEXT('A'),$);
#5089=IFCPROPERTYSINGLEVALUE('BIM.08 - Revisjonsdato',$,IFCTEXT('2023-01-16'),$);
#5090=IFCOWNERHISTORY(#3,#4,.READWRITE.,.ADDED.,1789134012,#3,#4,1789134012);
#5091=IFCPROPERTYSET('2J9Iv879j1jhuMjSoAo3IE',#5090,'KON_Felles',$,(#5094,#5095,#5096,#5097,#5098,#5099,#5100,#5101,#5102,#5103,#5104,#5105));
#5092=IFCOWNERHISTORY(#3,#4,.READWRITE.,.ADDED.,1789134012,#3,#4,1789134012);
#5093=IFCRELDEFINESBYPROPERTIES('0C$g02Uej89eq8OnduTvOb',#5092,$,$,(#357),#5091);
#5094=IFCPROPERTYSINGLEVALUE('KON.01 - Konstruksjonsnummer',$,IFCTEXT('K100'),$);
#5095=IFCPROPERTYSINGLEVALUE('KON.03 - Akse',$,IFCTEXT('01'),$);
#5096=IFCPROPERTYSINGLEVALUE('KON.10 - Konstruksjonsinndeling',$,IFCTEXT('Bru'),$);
#5097=IFCPROPERTYSINGLEVALUE('KON.11 - Konstruksjonsdel',$,IFCTEXT('Rekkverk'),$);
#5098=IFCPROPERTYSINGLEVALUE('KON.13 - Elementnavn',$,IFCTEXT('Rekkverk'),$);
#5099=IFCPROPERTYSINGLEVALUE('KON.20 - Produksjonsenhet',$,IFCTEXT('PLD-1002'),$);
#5100=IFCPROPERTYSINGLEVALUE('KON.30 - Plasseringsprioritet',$,IFCTEXT('2 - Viker for 1'),$);
#5101=IFCPROPERTYSINGLEVALUE('KON.31 - Plasseringsmerknad',$,IFCTEXT('Ikke angitt'),$);
#5102=IFCPROPERTYSINGLEVALUE('KON.40 - Materialtype',$,IFCTEXT('St\X2\00E5\X0\l'),$);
#5103=IFCPROPERTYSINGLEVALUE('KON.41 - Materialspesifikasjon',$,IFCTEXT('S355ML'),$);
#5104=IFCPROPERTYSINGLEVALUE('KON.51 - Produksjonsmerknad 1',$,IFCTEXT('Ikke aktuelt'),$);
#5105=IFCPROPERTYSINGLEVALUE('KON.53 - Utf\X2\00F8\X0\relsesmerknad 1',$,IFCTEXT('Ikke angitt'),$);
#5106=IFCOWNERHISTORY(#3,#4,.READWRITE.,.ADDED.,1789134012,#3,#4,1789134012);
#5107=IFCPROPERTYSET('0FNBMU4HXAZednfBdPeSTV',#5106,'KON_St\X2\00E5\X0\l',$,(#5110,#5111,#5112,#5113,#5114,#5115,#5116));
#5108=IFCOWNERHISTORY(#3,#4,.READWRITE.,.ADDED.,1789134012,#3,#4,1789134012);
#5109=IFCRELDEFINESBYPROPERTIES('28CZhfLL9ExeS_HUoA_w3t',#5108,$,$,(#357),#5107);
#5110=IFCPROPERTYSINGLEVALUE('STL.01 - Utf\X2\00F8\X0\relsesklasse',$,IFCTEXT('EXC1'),$);
#5111=IFCPROPERTYSINGLEVALUE('STL.02 - Tilvirkningstoleranse',$,IFCTEXT('1'),$);
#5112=IFCPROPERTYSINGLEVALUE('STL.03 - Monteringstoleranse',$,IFCTEXT('1'),$);
#5113=IFCPROPERTYSINGLEVALUE('STL.11 - Farge p\X2\00E5\X0\ siste dekkestr\X2\00F8\X0\k',$,IFCTEXT('RAL7036'),$);
#5114=IFCPROPERTYSINGLEVALUE('STL.31 - Materialspesifikasjon (dup)',$,IFCTEXT('S355ML'),$);
#5115=IFCPROPERTYSINGLEVALUE('STL.32 - Materialstandard',$,IFCTEXT('NS-EN 10025-4'),$);
#5116=IFCPROPERTYSINGLEVALUE('STL.50 - Korrosjonsbeskyttelse',$,IFCTEXT('System 1 iht. SVV hb. N400 pkt. 9.2.1'),$);
#5117=IFCOWNERHISTORY(#3,#4,.READWRITE.,.ADDED.,1789134012,#3,#4,1789134012);
#5118=IFCPROPERTYSET('1Vdk_22u5DFedH7dQk4loc',#5117,'BIM_Tverrfaglig',$,(#5121,#5122,#5123,#5124,#5125));
#5119=IFCOWNERHISTORY(#3,#4,.READWRITE.,.ADDED.,1789134012,#3,#4,1789134012);
#5120=IFCRELDEFINESBYPROPERTIES('0__IzjIuP4Ixot79Vz98_X',#5119,$,$,(#363),#5118);
#5121=IFCPROPERTYSINGLEVALUE('BIM.04 - MMI',$,IFCTEXT('350'),$);
#5122=IFCPROPERTYSINGLEVALUE('BIM.05 - Elementnavn',$,IFCTEXT('Rekkverk'),$);
#5123=IFCPROPERTYSINGLEVALUE('BIM.06 - Fag',$,IFCTEXT('KON'),$);
#5124=IFCPROPERTYSINGLEVALUE('BIM.07 - Revisjon',$,IFCTEXT('A'),$);
#5125=IFCPROPERTYSINGLEVALUE('BIM.08 - Revisjonsdato',$,IFCTEXT('2023-01-16'),$);
#5126=IFCOWNERHISTORY(#3,#4,.READWRITE.,.ADDED.,1789134012,#3,#4,1789134012);
#5127=IFCPROPERTYSET('0bfe1QP9XCyf8n1Kxx$$j3',#5126,'KON_Felles',$,(#5130,#5131,#5132,#5133,#5134,#5135,#5136,#5137,#5138,#5139,#5140,#5141));
#5128=IFCOWNERHISTORY(#3,#4,.READWRITE.,.ADDED.,1789134012,#3,#4,1789134012);
#5129=IFCRELDEFINESBYPROPERTIES('0k5MEHgVPF2vXknMfSvuJb',#5128,$,$,(#363),#5127);
#5130=IFCPROPERTYSINGLEVALUE('KON.01 - Konstruksjonsnummer',$,IFCTEXT('K100'),$);
#5131=IFCPROPERTYSINGLEVALUE('KON.03 - Akse',$,IFCTEXT('01'),$);
#5132=IFCPROPERTYSINGLEVALUE('KON.10 - Konstruksjonsinndeling',$,IFCTEXT('Bru'),$);
#5133=IFCPROPERTYSINGLEVALUE('KON.11 - Konstruksjonsdel',$,IFCTEXT('Rekkverk'),$);
#5134=IFCPROPERTYSINGLEVALUE('KON.13 - Elementnavn',$,IFCTEXT('Rekkverk'),$);
#5135=IFCPROPERTYSINGLEVALUE('KON.20 - Produksjonsenhet',$,IFCTEXT('PLD-1002'),$);
#5136=IFCPROPERTYSINGLEVALUE('KON.30 - Plasseringsprioritet',$,IFCTEXT('2 - Viker for 1'),$);
#5137=IFCPROPERTYSINGLEVALUE('KON.31 - Plasseringsmerknad',$,IFCTEXT('Ikke angitt'),$);
#5138=IFCPROPERTYSINGLEVALUE('KON.40 - Materialtype',$,IFCTEXT('St\X2\00E5\X0\l'),$);
#5139=IFCPROPERTYSINGLEVALUE('KON.41 - Materialspesifikasjon',$,IFCTEXT('S355ML'),$);
#5140=IFCPROPERTYSINGLEVALUE('KON.51 - Produksjonsmerknad 1',$,IFCTEXT('Ikke aktuelt'),$);
#5141=IFCPROPERTYSINGLEVALUE('KON.53 - Utf\X2\00F8\X0\relsesmerknad 1',$,IFCTEXT('Ikke angitt'),$);
#5142=IFCOWNERHISTORY(#3,#4,.READWRITE.,.ADDED.,1789134012,#3,#4,1789134012);
#5143=IFCPROPERTYSET('3VlSHxJxnFJB7iNxETx82i',#5142,'KON_St\X2\00E5\X0\l',$,(#5146,#5147,#5148,#5149,#5150,#5151,#5152));
#5144=IFCOWNERHISTORY(#3,#4,.READWRITE.,.ADDED.,1789134012,#3,#4,1789134012);
#5145=IFCRELDEFINESBYPROPERTIES('10p0$K5czBrBUg2HotHrrA',#5144,$,$,(#363),#5143);
#5146=IFCPROPERTYSINGLEVALUE('STL.01 - Utf\X2\00F8\X0\relsesklasse',$,IFCTEXT('EXC1'),$);
#5147=IFCPROPERTYSINGLEVALUE('STL.02 - Tilvirkningstoleranse',$,IFCTEXT('1'),$);
#5148=IFCPROPERTYSINGLEVALUE('STL.03 - Monteringstoleranse',$,IFCTEXT('1'),$);
#5149=IFCPROPERTYSINGLEVALUE('STL.11 - Farge p\X2\00E5\X0\ siste dekkestr\X2\00F8\X0\k',$,IFCTEXT('RAL7036'),$);
#5150=IFCPROPERTYSINGLEVALUE('STL.31 - Materialspesifikasjon (dup)',$,IFCTEXT('S355ML'),$);
#5151=IFCPROPERTYSINGLEVALUE('STL.32 - Materialstandard',$,IFCTEXT('NS-EN 10025-4'),$);
#5152=IFCPROPERTYSINGLEVALUE('STL.50 - Korrosjonsbeskyttelse',$,IFCTEXT('System 1 iht. SVV hb. N400 pkt. 9.2.1'),$);
#5153=IFCOWNERHISTORY(#3,#4,.READWRITE.,.ADDED.,1789134012,#3,#4,1789134012);
#5154=IFCPROPERTYSET('1Z$ijtytj8nxjlNBafoIxU',#5153,'BIM_Tverrfaglig',$,(#5157,#5158,#5159,#5160,#5161));
#5155=IFCOWNERHISTORY(#3,#4,.READWRITE.,.ADDED.,1789134012,#3,#4,1789134012);
#5156=IFCRELDEFINESBYPROPERTIES('0xYG01QOr0zfVR5ZlqlZm3',#5155,$,$,(#1003),#5154);
#5157=IFCPROPERTYSINGLEVALUE('BIM.04 - MMI',$,IFCTEXT('350'),$);
#5158=IFCPROPERTYSINGLEVALUE('BIM.05 - Elementnavn',$,IFCTEXT('Rekkverk'),$);
#5159=IFCPROPERTYSINGLEVALUE('BIM.06 - Fag',$,IFCTEXT('KON'),$);
#5160=IFCPROPERTYSINGLEVALUE('BIM.07 - Revisjon',$,IFCTEXT('A'),$);
#5161=IFCPROPERTYSINGLEVALUE('BIM.08 - Revisjonsdato',$,IFCTEXT('2023-01-16'),$);
#5162=IFCOWNERHISTORY(#3,#4,.READWRITE.,.ADDED.,1789134012,#3,#4,1789134012);
#5163=IFCPROPERTYSET('0$nFV4yfz6Nu2QV72T84Hp',#5162,'KON_Felles',$,(#5166,#5167,#5168,#5169,#5170,#5171,#5172,#5173,#5174,#5175,#5176,#5177));
#5164=IFCOWNERHISTORY(#3,#4,.READWRITE.,.ADDED.,1789134012,#3,#4,1789134012);
#5165=IFCRELDEFINESBYPROPERTIES('1wK29pbnT4ZALepNbcP$Hz',#5164,$,$,(#1003),#5163);
#5166=IFCPROPERTYSINGLEVALUE('KON.01 - Konstruksjonsnummer',$,IFCTEXT('K100'),$);
#5167=IFCPROPERTYSINGLEVALUE('KON.03 - Akse',$,IFCTEXT('01'),$);
#5168=IFCPROPERTYSINGLEVALUE('KON.10 - Konstruksjonsinndeling',$,IFCTEXT('Bru'),$);
#5169=IFCPROPERTYSINGLEVALUE('KON.11 - Konstruksjonsdel',$,IFCTEXT('Rekkverk'),$);
#5170=IFCPROPERTYSINGLEVALUE('KON.13 - Elementnavn',$,IFCTEXT('Rekkverk'),$);
#5171=IFCPROPERTYSINGLEVALUE('KON.20 - Produksjonsenhet',$,IFCTEXT('PLD-1002'),$);
#5172=IFCPROPERTYSINGLEVALUE('KON.30 - Plasseringsprioritet',$,IFCTEXT('2 - Viker for 1'),$);
#5173=IFCPROPERTYSINGLEVALUE('KON.31 - Plasseringsmerknad',$,IFCTEXT('Ikke angitt'),$);
#5174=IFCPROPERTYSINGLEVALUE('KON.40 - Materialtype',$,IFCTEXT('St\X2\00E5\X0\l'),$);
#5175=IFCPROPERTYSINGLEVALUE('KON.41 - Materialspesifikasjon',$,IFCTEXT('S355ML'),$);
#5176=IFCPROPERTYSINGLEVALUE('KON.51 - Produksjonsmerknad 1',$,IFCTEXT('Ikke aktuelt'),$);
#5177=IFCPROPERTYSINGLEVALUE('KON.53 - Utf\X2\00F8\X0\relsesmerknad 1',$,IFCTEXT('Ikke angitt'),$);
#5178=IFCOWNERHISTORY(#3,#4,.READWRITE.,.ADDED.,1789134012,#3,#4,1789134012);
#5179=IFCPROPERTYSET('2OB0wu_6D0veqUpIHy27wC',#5178,'KON_St\X2\00E5\X0\l',$,(#5182,#5183,#5184,#5185,#5186,#5187,#5188));
#5180=IFCOWNERHISTORY(#3,#4,.READWRITE.,.ADDED.,1789134012,#3,#4,1789134012);
#5181=IFCRELDEFINESBYPROPERTIES('0oAumQB2v6Hgs3gcZ60HKn',#5180,$,$,(#1003),#5179);
#5182=IFCPROPERTYSINGLEVALUE('STL.01 - Utf\X2\00F8\X0\relsesklasse',$,IFCTEXT('EXC1'),$);
#5183=IFCPROPERTYSINGLEVALUE('STL.02 - Tilvirkningstoleranse',$,IFCTEXT('1'),$);
#5184=IFCPROPERTYSINGLEVALUE('STL.03 - Monteringstoleranse',$,IFCTEXT('1'),$);
#5185=IFCPROPERTYSINGLEVALUE('STL.11 - Farge p\X2\00E5\X0\ siste dekkestr\X2\00F8\X0\k',$,IFCTEXT('RAL7036'),$);
#5186=IFCPROPERTYSINGLEVALUE('STL.31 - Materialspesifikasjon (dup)',$,IFCTEXT('S355ML'),$);
#5187=IFCPROPERTYSINGLEVALUE('STL.32 - Materialstandard',$,IFCTEXT('NS-EN 10025-4'),$);
#5188=IFCPROPERTYSINGLEVALUE('STL.50 - Korrosjonsbeskyttelse',$,IFCTEXT('System 1 iht. SVV hb. N400 pkt. 9.2.1'),$);
#5189=IFCOWNERHISTORY(#3,#4,.READWRITE.,.ADDED.,1789134012,#3,#4,1789134012);
#5190=IFCPROPERTYSET('1Ia3D16iz3AuPo_zjMs7s1',#5189,'BIM_Tverrfaglig',$,(#5193,#5194,#5195,#5196,#5197));
#5191=IFCOWNERHISTORY(#3,#4,.READWRITE.,.ADDED.,1789134012,#3,#4,1789134012);
#5192=IFCRELDEFINESBYPROPERTIES('1RwBxOGTXDbwUUt1Dv59Z2',#5191,$,$,(#1010),#5190);
#5193=IFCPROPERTYSINGLEVALUE('BIM.04 - MMI',$,IFCTEXT('350'),$);
#5194=IFCPROPERTYSINGLEVALUE('BIM.05 - Elementnavn',$,IFCTEXT('Rekkverk'),$);
#5195=IFCPROPERTYSINGLEVALUE('BIM.06 - Fag',$,IFCTEXT('KON'),$);
#5196=IFCPROPERTYSINGLEVALUE('BIM.07 - Revisjon',$,IFCTEXT('A'),$);
#5197=IFCPROPERTYSINGLEVALUE('BIM.08 - Revisjonsdato',$,IFCTEXT('2023-01-16'),$);
#5198=IFCOWNERHISTORY(#3,#4,.READWRITE.,.ADDED.,1789134012,#3,#4,1789134012);
#5199=IFCPROPERTYSET('2Au0H5gUb1hOeSggOBD_Ly',#5198,'KON_Felles',$,(#5202,#5203,#5204,#5205,#5206,#5207,#5208,#5209,#5210,#5211,#5212,#5213));
#5200=IFCOWNERHISTORY(#3,#4,.READWRITE.,.ADDED.,1789134012,#3,#4,1789134012);
#5201=IFCRELDEFINESBYPROPERTIES('1ZKMSS7aH9Fvk_4ae_CmHQ',#5200,$,$,(#1010),#5199);
#5202=IFCPROPERTYSINGLEVALUE('KON.01 - Konstruksjonsnummer',$,IFCTEXT('K100'),$);
#5203=IFCPROPERTYSINGLEVALUE('KON.03 - Akse',$,IFCTEXT('01'),$);
#5204=IFCPROPERTYSINGLEVALUE('KON.10 - Konstruksjonsinndeling',$,IFCTEXT('Bru'),$);
#5205=IFCPROPERTYSINGLEVALUE('KON.11 - Konstruksjonsdel',$,IFCTEXT('Rekkverk'),$);
#5206=IFCPROPERTYSINGLEVALUE('KON.13 - Elementnavn',$,IFCTEXT('Rekkverk'),$);
#5207=IFCPROPERTYSINGLEVALUE('KON.20 - Produksjonsenhet',$,IFCTEXT('PLD-1002'),$);
#5208=IFCPROPERTYSINGLEVALUE('KON.30 - Plasseringsprioritet',$,IFCTEXT('2 - Viker for 1'),$);
#5209=IFCPROPERTYSINGLEVALUE('KON.31 - Plasseringsmerknad',$,IFCTEXT('Ikke angitt'),$);
#5210=IFCPROPERTYSINGLEVALUE('KON.40 - Materialtype',$,IFCTEXT('St\X2\00E5\X0\l'),$);
#5211=IFCPROPERTYSINGLEVALUE('KON.41 - Materialspesifikasjon',$,IFCTEXT('S355ML'),$);
#5212=IFCPROPERTYSINGLEVALUE('KON.51 - Produksjonsmerknad 1',$,IFCTEXT('Ikke aktuelt'),$);
#5213=IFCPROPERTYSINGLEVALUE('KON.53 - Utf\X2\00F8\X0\relsesmerknad 1',$,IFCTEXT('Ikke angitt'),$);
#5214=IFCOWNERHISTORY(#3,#4,.READWRITE.,.ADDED.,1789134012,#3,#4,1789134012);
#5215=IFCPROPERTYSET('1eVu8DcU1BwBbpNCxE$pek',#5214,'KON_St\X2\00E5\X0\l',$,(#5218,#5219,#5220,#5221,#5222,#5223,#5224));
#5216=IFCOWNERHISTORY(#3,#4,.READWRITE.,.ADDED.,1789134012,#3,#4,1789134012);
#5217=IFCRELDEFINESBYPROPERTIES('0stJw3VE57swKlmVnDSp$s',#5216,$,$,(#1010),#5215);
#5218=IFCPROPERTYSINGLEVALUE('STL.01 - Utf\X2\00F8\X0\relsesklasse',$,IFCTEXT('EXC1'),$);
#5219=IFCPROPERTYSINGLEVALUE('STL.02 - Tilvirkningstoleranse',$,IFCTEXT('1'),$);
#5220=IFCPROPERTYSINGLEVALUE('STL.03 - Monteringstoleranse',$,IFCTEXT('1'),$);
#5221=IFCPROPERTYSINGLEVALUE('STL.11 - Farge p\X2\00E5\X0\ siste dekkestr\X2\00F8\X0\k',$,IFCTEXT('RAL7036'),$);
#5222=IFCPROPERTYSINGLEVALUE('STL.31 - Materialspesifikasjon (dup)',$,IFCTEXT('S355ML'),$);
#5223=IFCPROPERTYSINGLEVALUE('STL.32 - Materialstandard',$,IFCTEXT('NS-EN 10025-4'),$);
#5224=IFCPROPERTYSINGLEVALUE('STL.50 - Korrosjonsbeskyttelse',$,IFCTEXT('System 1 iht. SVV hb. N400 pkt. 9.2.1'),$);
#5225=IFCOWNERHISTORY(#3,#4,.READWRITE.,.ADDED.,1789134012,#3,#4,1789134012);
#5226=IFCPROPERTYSET('1_WViJYTn1mR_hNtVk8ZLv',#5225,'BIM_Tverrfaglig',$,(#5229,#5230,#5231,#5232,#5233));
#5227=IFCOWNERHISTORY(#3,#4,.READWRITE.,.ADDED.,1789134012,#3,#4,1789134012);
#5228=IFCRELDEFINESBYPROPERTIES('1HCJw4nnH009RcFkBXBkak',#5227,$,$,(#1022),#5226);
#5229=IFCPROPERTYSINGLEVALUE('BIM.04 - MMI',$,IFCTEXT('350'),$);
#5230=IFCPROPERTYSINGLEVALUE('BIM.05 - Elementnavn',$,IFCTEXT('Rekkverk'),$);
#5231=IFCPROPERTYSINGLEVALUE('BIM.06 - Fag',$,IFCTEXT('KON'),$);
#5232=IFCPROPERTYSINGLEVALUE('BIM.07 - Revisjon',$,IFCTEXT('A'),$);
#5233=IFCPROPERTYSINGLEVALUE('BIM.08 - Revisjonsdato',$,IFCTEXT('2023-01-16'),$);
#5234=IFCOWNERHISTORY(#3,#4,.READWRITE.,.ADDED.,1789134012,#3,#4,1789134012);
#5235=IFCPROPERTYSET('2AQZSLICn7Y9UG2SvI8BUv',#5234,'KON_Felles',$,(#5238,#5239,#5240,#5241,#5242,#5243,#5244,#5245,#5246,#5247,#5248,#5249));
#5236=IFCOWNERHISTORY(#3,#4,.READWRITE.,.ADDED.,1789134012,#3,#4,1789134012);
#5237=IFCRELDEFINESBYPROPERTIES('2RYW6bz1f4fx8$4fe7beKU',#5236,$,$,(#1022),#5235);
#5238=IFCPROPERTYSINGLEVALUE('KON.01 - Konstruksjonsnummer',$,IFCTEXT('K100'),$);
#5239=IFCPROPERTYSINGLEVALUE('KON.03 - Akse',$,IFCTEXT('01'),$);
#5240=IFCPROPERTYSINGLEVALUE('KON.10 - Konstruksjonsinndeling',$,IFCTEXT('Bru'),$);
#5241=IFCPROPERTYSINGLEVALUE('KON.11 - Konstruksjonsdel',$,IFCTEXT('Rekkverk'),$);
#5242=IFCPROPERTYSINGLEVALUE('KON.13 - Elementnavn',$,IFCTEXT('Rekkverk'),$);
#5243=IFCPROPERTYSINGLEVALUE('KON.20 - Produksjonsenhet',$,IFCTEXT('PLD-1002'),$);
#5244=IFCPROPERTYSINGLEVALUE('KON.30 - Plasseringsprioritet',$,IFCTEXT('2 - Viker for 1'),$);
#5245=IFCPROPERTYSINGLEVALUE('KON.31 - Plasseringsmerknad',$,IFCTEXT('Ikke angitt'),$);
#5246=IFCPROPERTYSINGLEVALUE('KON.40 - Materialtype',$,IFCTEXT('St\X2\00E5\X0\l'),$);
#5247=IFCPROPERTYSINGLEVALUE('KON.41 - Materialspesifikasjon',$,IFCTEXT('S355ML'),$);
#5248=IFCPROPERTYSINGLEVALUE('KON.51 - Produksjonsmerknad 1',$,IFCTEXT('Ikke aktuelt'),$);
#5249=IFCPROPERTYSINGLEVALUE('KON.53 - Utf\X2\00F8\X0\relsesmerknad 1',$,IFCTEXT('Ikke angitt'),$);
#5250=IFCOWNERHISTORY(#3,#4,.READWRITE.,.ADDED.,1789134012,#3,#4,1789134012);
#5251=IFCPROPERTYSET('2q1HLQPNnASwGNwfxcwE26',#5250,'KON_St\X2\00E5\X0\l',$,(#5254,#5255,#5256,#5257,#5258,#5259,#5260));
#5252=IFCOWNERHISTORY(#3,#4,.READWRITE.,.ADDED.,1789134012,#3,#4,1789134012);
#5253=IFCRELDEFINESBYPROPERTIES('1rms6ghqf9JvIFKv6DYlBE',#5252,$,$,(#1022),#5251);
#5254=IFCPROPERTYSINGLEVALUE('STL.01 - Utf\X2\00F8\X0\relsesklasse',$,IFCTEXT('EXC1'),$);
#5255=IFCPROPERTYSINGLEVALUE('STL.02 - Tilvirkningstoleranse',$,IFCTEXT('1'),$);
#5256=IFCPROPERTYSINGLEVALUE('STL.03 - Monteringstoleranse',$,IFCTEXT('1'),$);
#5257=IFCPROPERTYSINGLEVALUE('STL.11 - Farge p\X2\00E5\X0\ siste dekkestr\X2\00F8\X0\k',$,IFCTEXT('RAL7036'),$);
#5258=IFCPROPERTYSINGLEVALUE('STL.31 - Materialspesifikasjon (dup)',$,IFCTEXT('S355ML'),$);
#5259=IFCPROPERTYSINGLEVALUE('STL.32 - Materialstandard',$,IFCTEXT('NS-EN 10025-4'),$);
#5260=IFCPROPERTYSINGLEVALUE('STL.50 - Korrosjonsbeskyttelse',$,IFCTEXT('System 1 iht. SVV hb. N400 pkt. 9.2.1'),$);
#5261=IFCOWNERHISTORY(#3,#4,.READWRITE.,.ADDED.,1789134012,#3,#4,1789134012);
#5262=IFCPROPERTYSET('3RJbyuWkb5JgVFfcPEeZZn',#5261,'BIM_Tverrfaglig',$,(#5265,#5266,#5267,#5268,#5269));
#5263=IFCOWNERHISTORY(#3,#4,.READWRITE.,.ADDED.,1789134012,#3,#4,1789134012);
#5264=IFCRELDEFINESBYPROPERTIES('12m46uHoP0GgfYv_CrPS50',#5263,$,$,(#1276),#5262);
#5265=IFCPROPERTYSINGLEVALUE('BIM.04 - MMI',$,IFCTEXT('350'),$);
#5266=IFCPROPERTYSINGLEVALUE('BIM.05 - Elementnavn',$,IFCTEXT('C60BP2'),$);
#5267=IFCPROPERTYSINGLEVALUE('BIM.06 - Fag',$,IFCTEXT('KON'),$);
#5268=IFCPROPERTYSINGLEVALUE('BIM.07 - Revisjon',$,IFCTEXT('A'),$);
#5269=IFCPROPERTYSINGLEVALUE('BIM.08 - Revisjonsdato',$,IFCTEXT('2023-01-16'),$);
#5270=IFCOWNERHISTORY(#3,#4,.READWRITE.,.ADDED.,1789134012,#3,#4,1789134012);
#5271=IFCPROPERTYSET('0ZQtRm1NfAnBePmWOxp7p$',#5270,'KON_Felles',$,(#5274,#5275,#5276,#5277,#5278,#5279,#5280,#5281,#5282,#5283,#5284,#5285));
#5272=IFCOWNERHISTORY(#3,#4,.READWRITE.,.ADDED.,1789134012,#3,#4,1789134012);
#5273=IFCRELDEFINESBYPROPERTIES('2VAuf013H7LQC_WOmFs2rj',#5272,$,$,(#1276),#5271);
#5274=IFCPROPERTYSINGLEVALUE('KON.01 - Konstruksjonsnummer',$,IFCTEXT('K100'),$);
#5275=IFCPROPERTYSINGLEVALUE('KON.03 - Akse',$,IFCTEXT('01'),$);
#5276=IFCPROPERTYSINGLEVALUE('KON.10 - Konstruksjonsinndeling',$,IFCTEXT('Bru'),$);
#5277=IFCPROPERTYSINGLEVALUE('KON.11 - Konstruksjonsdel',$,IFCTEXT('Bolt'),$);
#5278=IFCPROPERTYSINGLEVALUE('KON.13 - Elementnavn',$,IFCTEXT('C60BP2'),$);
#5279=IFCPROPERTYSINGLEVALUE('KON.20 - Produksjonsenhet',$,IFCTEXT('PLD-1002'),$);
#5280=IFCPROPERTYSINGLEVALUE('KON.30 - Plasseringsprioritet',$,IFCTEXT('2 - Viker for 1'),$);
#5281=IFCPROPERTYSINGLEVALUE('KON.31 - Plasseringsmerknad',$,IFCTEXT('Ikke angitt'),$);
#5282=IFCPROPERTYSINGLEVALUE('KON.40 - Materialtype',$,IFCTEXT('St\X2\00E5\X0\l'),$);
#5283=IFCPROPERTYSINGLEVALUE('KON.41 - Materialspesifikasjon',$,IFCTEXT('C60BP2'),$);
#5284=IFCPROPERTYSINGLEVALUE('KON.51 - Produksjonsmerknad 1',$,IFCTEXT('Ikke aktuelt'),$);
#5285=IFCPROPERTYSINGLEVALUE('KON.53 - Utf\X2\00F8\X0\relsesmerknad 1',$,IFCTEXT('Ikke angitt'),$);
#5286=IFCOWNERHISTORY(#3,#4,.READWRITE.,.ADDED.,1789134012,#3,#4,1789134012);
#5287=IFCPROPERTYSET('1XFCgSa2DBPhuOdSv$lG0n',#5286,'KON_Festemidler',$,(#5290,#5291,#5292,#5293,#5294,#5295,#5296,#5297,#5298,#5299,#5300,#5301));
#5288=IFCOWNERHISTORY(#3,#4,.READWRITE.,.ADDED.,1789134012,#3,#4,1789134012);
#5289=IFCRELDEFINESBYPROPERTIES('1G5pDnuUD4ovWb$W4ZJxL4',#5288,$,$,(#1276),#5287);
#5290=IFCPROPERTYSINGLEVALUE('FMI.01 - Navn',$,IFCTEXT('C60BP2'),$);
#5291=IFCPROPERTYSINGLEVALUE('FMI.02 - Antall skruer',$,IFCINTEGER(1),$);
#5292=IFCPROPERTYSINGLEVALUE('FMI.03 - Skruediameter',$,IFCLENGTHMEASURE(16.),$);
#5293=IFCPROPERTYSINGLEVALUE('FMI.04 - Skruelengde',$,IFCLENGTHMEASURE(100.),$);
#5294=IFCPROPERTYSINGLEVALUE('FMI.05 - Kvalitet',$,IFCTEXT('8.8'),$);
#5295=IFCPROPERTYSINGLEVALUE('FMI.06 - Monteringssted',$,IFCTEXT('Byggeplass'),$);
#5296=IFCPROPERTYSINGLEVALUE('FMI.10 - Hulldiameter',$,IFCLENGTHMEASURE(18.),$);
#5297=IFCPROPERTYSINGLEVALUE('FMI.11 - Hullmerknad',$,IFCTEXT('Hullet skal v\X2\00E6\X0\re gjenget'),$);
#5298=IFCPROPERTYSINGLEVALUE('FMI.30 - Mutternavn',$,IFCTEXT('Ikke aktuelt'),$);
#5299=IFCPROPERTYSINGLEVALUE('FMI.31 - Antall muttere',$,IFCINTEGER(0),$);
#5300=IFCPROPERTYSINGLEVALUE('FMI.40 - Skivenavn',$,IFCTEXT('Ikke aktuelt'),$);
#5301=IFCPROPERTYSINGLEVALUE('FMI.41 - Antall skiver',$,IFCINTEGER(0),$);
#5302=IFCOWNERHISTORY(#3,#4,.READWRITE.,.ADDED.,1789134012,#3,#4,1789134012);
#5303=IFCPROPERTYSET('07SnRXzvz9iwAVEbGDXrgt',#5302,'BIM_Tverrfaglig',$,(#5306,#5307,#5308,#5309,#5310));
#5304=IFCOWNERHISTORY(#3,#4,.READWRITE.,.ADDED.,1789134012,#3,#4,1789134012);
#5305=IFCRELDEFINESBYPROPERTIES('2f$BDnuiX6yA5KIqGqVN9C',#5304,$,$,(#1367),#5303);
#5306=IFCPROPERTYSINGLEVALUE('BIM.04 - MMI',$,IFCTEXT('350'),$);
#5307=IFCPROPERTYSINGLEVALUE('BIM.05 - Elementnavn',$,IFCTEXT('C60BP2'),$);
#5308=IFCPROPERTYSINGLEVALUE('BIM.06 - Fag',$,IFCTEXT('KON'),$);
#5309=IFCPROPERTYSINGLEVALUE('BIM.07 - Revisjon',$,IFCTEXT('A'),$);
#5310=IFCPROPERTYSINGLEVALUE('BIM.08 - Revisjonsdato',$,IFCTEXT('2023-01-16'),$);
#5311=IFCOWNERHISTORY(#3,#4,.READWRITE.,.ADDED.,1789134012,#3,#4,1789134012);
#5312=IFCPROPERTYSET('3NNSXMTyfBhBMqBhB5jnD_',#5311,'KON_Felles',$,(#5315,#5316,#5317,#5318,#5319,#5320,#5321,#5322,#5323,#5324,#5325,#5326));
#5313=IFCOWNERHISTORY(#3,#4,.READWRITE.,.ADDED.,1789134012,#3,#4,1789134012);
#5314=IFCRELDEFINESBYPROPERTIES('3Ya7_cx$T1suU2Gsot4Qwo',#5313,$,$,(#1367),#5312);
#5315=IFCPROPERTYSINGLEVALUE('KON.01 - Konstruksjonsnummer',$,IFCTEXT('K100'),$);
#5316=IFCPROPERTYSINGLEVALUE('KON.03 - Akse',$,IFCTEXT('01'),$);
#5317=IFCPROPERTYSINGLEVALUE('KON.10 - Konstruksjonsinndeling',$,IFCTEXT('Bru'),$);
#5318=IFCPROPERTYSINGLEVALUE('KON.11 - Konstruksjonsdel',$,IFCTEXT('Bolt'),$);
#5319=IFCPROPERTYSINGLEVALUE('KON.13 - Elementnavn',$,IFCTEXT('C60BP2'),$);
#5320=IFCPROPERTYSINGLEVALUE('KON.20 - Produksjonsenhet',$,IFCTEXT('PLD-1002'),$);
#5321=IFCPROPERTYSINGLEVALUE('KON.30 - Plasseringsprioritet',$,IFCTEXT('2 - Viker for 1'),$);
#5322=IFCPROPERTYSINGLEVALUE('KON.31 - Plasseringsmerknad',$,IFCTEXT('Ikke angitt'),$);
#5323=IFCPROPERTYSINGLEVALUE('KON.40 - Materialtype',$,IFCTEXT('St\X2\00E5\X0\l'),$);
#5324=IFCPROPERTYSINGLEVALUE('KON.41 - Materialspesifikasjon',$,IFCTEXT('C60BP2'),$);
#5325=IFCPROPERTYSINGLEVALUE('KON.51 - Produksjonsmerknad 1',$,IFCTEXT('Ikke aktuelt'),$);
#5326=IFCPROPERTYSINGLEVALUE('KON.53 - Utf\X2\00F8\X0\relsesmerknad 1',$,IFCTEXT('Ikke angitt'),$);
#5327=IFCOWNERHISTORY(#3,#4,.READWRITE.,.ADDED.,1789134012,#3,#4,1789134012);
#5328=IFCPROPERTYSET('3Qp$wQenPE1AtVAxTKycZX',#5327,'KON_Festemidler',$,(#5331,#5332,#5333,#5334,#5335,#5336,#5337,#5338,#5339,#5340,#5341,#5342));
#5329=IFCOWNERHISTORY(#3,#4,.READWRITE.,.ADDED.,1789134012,#3,#4,1789134012);
#5330=IFCRELDEFINESBYPROPERTIES('0a4PmCaQj3sgR3CDU828Vn',#5329,$,$,(#1367),#5328);
#5331=IFCPROPERTYSINGLEVALUE('FMI.01 - Navn',$,IFCTEXT('C60BP2'),$);
#5332=IFCPROPERTYSINGLEVALUE('FMI.02 - Antall skruer',$,IFCINTEGER(1),$);
#5333=IFCPROPERTYSINGLEVALUE('FMI.03 - Skruediameter',$,IFCLENGTHMEASURE(16.),$);
#5334=IFCPROPERTYSINGLEVALUE('FMI.04 - Skruelengde',$,IFCLENGTHMEASURE(100.),$);
#5335=IFCPROPERTYSINGLEVALUE('FMI.05 - Kvalitet',$,IFCTEXT('8.8'),$);
#5336=IFCPROPERTYSINGLEVALUE('FMI.06 - Monteringssted',$,IFCTEXT('Byggeplass'),$);
#5337=IFCPROPERTYSINGLEVALUE('FMI.10 - Hulldiameter',$,IFCLENGTHMEASURE(18.),$);
#5338=IFCPROPERTYSINGLEVALUE('FMI.11 - Hullmerknad',$,IFCTEXT('Hullet skal v\X2\00E6\X0\re gjenget'),$);
#5339=IFCPROPERTYSINGLEVALUE('FMI.30 - Mutternavn',$,IFCTEXT('Ikke aktuelt'),$);
#5340=IFCPROPERTYSINGLEVALUE('FMI.31 - Antall muttere',$,IFCINTEGER(0),$);
#5341=IFCPROPERTYSINGLEVALUE('FMI.40 - Skivenavn',$,IFCTEXT('Ikke aktuelt'),$);
#5342=IFCPROPERTYSINGLEVALUE('FMI.41 - Antall skiver',$,IFCINTEGER(0),$);
#5343=IFCOWNERHISTORY(#3,#4,.READWRITE.,.ADDED.,1789134012,#3,#4,1789134012);
#5344=IFCPROPERTYSET('2nsAO1kzTF7vIazPEY8tcz',#5343,'BIM_Tverrfaglig',$,(#5347,#5348,#5349,#5350,#5351));
#5345=IFCOWNERHISTORY(#3,#4,.READWRITE.,.ADDED.,1789134012,#3,#4,1789134012);
#5346=IFCRELDEFINESBYPROPERTIES('0j5B1s31L0PflK2YOMwo1H',#5345,$,$,(#4314),#5344);
#5347=IFCPROPERTYSINGLEVALUE('BIM.04 - MMI',$,IFCTEXT('350'),$);
#5348=IFCPROPERTYSINGLEVALUE('BIM.05 - Elementnavn',$,IFCTEXT('Mutter'),$);
#5349=IFCPROPERTYSINGLEVALUE('BIM.06 - Fag',$,IFCTEXT('KON'),$);
#5350=IFCPROPERTYSINGLEVALUE('BIM.07 - Revisjon',$,IFCTEXT('A'),$);
#5351=IFCPROPERTYSINGLEVALUE('BIM.08 - Revisjonsdato',$,IFCTEXT('2023-01-16'),$);
#5352=IFCOWNERHISTORY(#3,#4,.READWRITE.,.ADDED.,1789134012,#3,#4,1789134012);
#5353=IFCPROPERTYSET('2dzYaaheX4ZAIQD90tOjxd',#5352,'KON_Felles',$,(#5356,#5357,#5358,#5359,#5360,#5361,#5362,#5363,#5364,#5365,#5366,#5367));
#5354=IFCOWNERHISTORY(#3,#4,.READWRITE.,.ADDED.,1789134012,#3,#4,1789134012);
#5355=IFCRELDEFINESBYPROPERTIES('3LcphwgtDAC8uPGi$E0qVS',#5354,$,$,(#4314),#5353);
#5356=IFCPROPERTYSINGLEVALUE('KON.01 - Konstruksjonsnummer',$,IFCTEXT('K100'),$);
#5357=IFCPROPERTYSINGLEVALUE('KON.03 - Akse',$,IFCTEXT('01'),$);
#5358=IFCPROPERTYSINGLEVALUE('KON.10 - Konstruksjonsinndeling',$,IFCTEXT('Bru'),$);
#5359=IFCPROPERTYSINGLEVALUE('KON.11 - Konstruksjonsdel',$,IFCTEXT('Mutter'),$);
#5360=IFCPROPERTYSINGLEVALUE('KON.13 - Elementnavn',$,IFCTEXT('Mutter'),$);
#5361=IFCPROPERTYSINGLEVALUE('KON.20 - Produksjonsenhet',$,IFCTEXT('PLD-1002'),$);
#5362=IFCPROPERTYSINGLEVALUE('KON.30 - Plasseringsprioritet',$,IFCTEXT('2 - Viker for 1'),$);
#5363=IFCPROPERTYSINGLEVALUE('KON.31 - Plasseringsmerknad',$,IFCTEXT('Ikke angitt'),$);
#5364=IFCPROPERTYSINGLEVALUE('KON.40 - Materialtype',$,IFCTEXT('St\X2\00E5\X0\l'),$);
#5365=IFCPROPERTYSINGLEVALUE('KON.41 - Materialspesifikasjon',$,IFCTEXT('8.8'),$);
#5366=IFCPROPERTYSINGLEVALUE('KON.51 - Produksjonsmerknad 1',$,IFCTEXT('Ikke aktuelt'),$);
#5367=IFCPROPERTYSINGLEVALUE('KON.53 - Utf\X2\00F8\X0\relsesmerknad 1',$,IFCTEXT('Ikke angitt'),$);
#5368=IFCOWNERHISTORY(#3,#4,.READWRITE.,.ADDED.,1789134012,#3,#4,1789134012);
#5369=IFCPROPERTYSET('1eRrleXOzCZR8SCU8EOiv7',#5368,'KON_Festemidler',$,(#5372,#5373,#5374,#5375,#5376,#5377,#5378,#5379,#5380,#5381,#5382,#5383));
#5370=IFCOWNERHISTORY(#3,#4,.READWRITE.,.ADDED.,1789134012,#3,#4,1789134012);
#5371=IFCRELDEFINESBYPROPERTIES('1MUZJL1oz7yBcqj8tGzImG',#5370,$,$,(#4314),#5369);
#5372=IFCPROPERTYSINGLEVALUE('FMI.01 - Navn',$,IFCTEXT('Ikke aktuelt'),$);
#5373=IFCPROPERTYSINGLEVALUE('FMI.02 - Antall skruer',$,IFCINTEGER(0),$);
#5374=IFCPROPERTYSINGLEVALUE('FMI.03 - Skruediameter',$,IFCLENGTHMEASURE(0.),$);
#5375=IFCPROPERTYSINGLEVALUE('FMI.04 - Skruelengde',$,IFCLENGTHMEASURE(0.),$);
#5376=IFCPROPERTYSINGLEVALUE('FMI.05 - Kvalitet',$,IFCTEXT('8.8'),$);
#5377=IFCPROPERTYSINGLEVALUE('FMI.06 - Monteringssted',$,IFCTEXT('Byggeplass'),$);
#5378=IFCPROPERTYSINGLEVALUE('FMI.10 - Hulldiameter',$,IFCLENGTHMEASURE(0.),$);
#5379=IFCPROPERTYSINGLEVALUE('FMI.11 - Hullmerknad',$,IFCTEXT('Ikke aktuelt'),$);
#5380=IFCPROPERTYSINGLEVALUE('FMI.30 - Mutternavn',$,IFCTEXT('6k-mutter M20-NS-ISO 4032'),$);
#5381=IFCPROPERTYSINGLEVALUE('FMI.31 - Antall muttere',$,IFCINTEGER(1),$);
#5382=IFCPROPERTYSINGLEVALUE('FMI.40 - Skivenavn',$,IFCTEXT('Ikke aktuelt'),$);
#5383=IFCPROPERTYSINGLEVALUE('FMI.41 - Antall skiver',$,IFCINTEGER(0),$);
#5384=IFCOWNERHISTORY(#3,#4,.READWRITE.,.ADDED.,1789134012,#3,#4,1789134012);
#5385=IFCPROPERTYSET('3NsMfrKATD$uSW_ktSMTFM',#5384,'BIM_Tverrfaglig',$,(#5388,#5389,#5390,#5391,#5392));
#5386=IFCOWNERHISTORY(#3,#4,.READWRITE.,.ADDED.,1789134012,#3,#4,1789134012);
#5387=IFCRELDEFINESBYPROPERTIES('3dWEsIzPr9ZRv_BV3Q3E8u',#5386,$,$,(#4394),#5385);
#5388=IFCPROPERTYSINGLEVALUE('BIM.04 - MMI',$,IFCTEXT('350'),$);
#5389=IFCPROPERTYSINGLEVALUE('BIM.05 - Elementnavn',$,IFCTEXT('Skive'),$);
#5390=IFCPROPERTYSINGLEVALUE('BIM.06 - Fag',$,IFCTEXT('KON'),$);
#5391=IFCPROPERTYSINGLEVALUE('BIM.07 - Revisjon',$,IFCTEXT('A'),$);
#5392=IFCPROPERTYSINGLEVALUE('BIM.08 - Revisjonsdato',$,IFCTEXT('2023-01-16'),$);
#5393=IFCOWNERHISTORY(#3,#4,.READWRITE.,.ADDED.,1789134012,#3,#4,1789134012);
#5394=IFCPROPERTYSET('1TWgnxUGP8t97ujslqV701',#5393,'KON_Felles',$,(#5397,#5398,#5399,#5400,#5401,#5402,#5403,#5404,#5405,#5406,#5407,#5408));
#5395=IFCOWNERHISTORY(#3,#4,.READWRITE.,.ADDED.,1789134012,#3,#4,1789134012);
#5396=IFCRELDEFINESBYPROPERTIES('1E5v81F1L5Ju5JKTOW7bCJ',#5395,$,$,(#4394),#5394);
#5397=IFCPROPERTYSINGLEVALUE('KON.01 - Konstruksjonsnummer',$,IFCTEXT('K100'),$);
#5398=IFCPROPERTYSINGLEVALUE('KON.03 - Akse',$,IFCTEXT('01'),$);
#5399=IFCPROPERTYSINGLEVALUE('KON.10 - Konstruksjonsinndeling',$,IFCTEXT('Bru'),$);
#5400=IFCPROPERTYSINGLEVALUE('KON.11 - Konstruksjonsdel',$,IFCTEXT('Skive'),$);
#5401=IFCPROPERTYSINGLEVALUE('KON.13 - Elementnavn',$,IFCTEXT('Skive'),$);
#5402=IFCPROPERTYSINGLEVALUE('KON.20 - Produksjonsenhet',$,IFCTEXT('PLD-1002'),$);
#5403=IFCPROPERTYSINGLEVALUE('KON.30 - Plasseringsprioritet',$,IFCTEXT('2 - Viker for 1'),$);
#5404=IFCPROPERTYSINGLEVALUE('KON.31 - Plasseringsmerknad',$,IFCTEXT('Ikke angitt'),$);
#5405=IFCPROPERTYSINGLEVALUE('KON.40 - Materialtype',$,IFCTEXT('St\X2\00E5\X0\l'),$);
#5406=IFCPROPERTYSINGLEVALUE('KON.41 - Materialspesifikasjon',$,IFCTEXT('NS-ISO 7089'),$);
#5407=IFCPROPERTYSINGLEVALUE('KON.51 - Produksjonsmerknad 1',$,IFCTEXT('Ikke aktuelt'),$);
#5408=IFCPROPERTYSINGLEVALUE('KON.53 - Utf\X2\00F8\X0\relsesmerknad 1',$,IFCTEXT('Ikke angitt'),$);
#5409=IFCOWNERHISTORY(#3,#4,.READWRITE.,.ADDED.,1789134012,#3,#4,1789134012);
#5410=IFCPROPERTYSET('00PanOsMT2pgVjUSfBg0vv',#5409,'KON_Festemidler',$,(#5413,#5414,#5415,#5416,#5417,#5418,#5419,#5420,#5421,#5422,#5423,#5424));
#5411=IFCOWNERHISTORY(#3,#4,.READWRITE.,.ADDED.,1789134012,#3,#4,1789134012);
#5412=IFCRELDEFINESBYPROPERTIES('1XtWfyoJT7cQKzSWHeF2Yl',#5411,$,$,(#4394),#5410);
#5413=IFCPROPERTYSINGLEVALUE('FMI.01 - Navn',$,IFCTEXT('Ikke aktuelt'),$);
#5414=IFCPROPERTYSINGLEVALUE('FMI.02 - Antall skruer',$,IFCINTEGER(0),$);
#5415=IFCPROPERTYSINGLEVALUE('FMI.03 - Skruediameter',$,IFCLENGTHMEASURE(0.),$);
#5416=IFCPROPERTYSINGLEVALUE('FMI.04 - Skruelengde',$,IFCLENGTHMEASURE(0.),$);
#5417=IFCPROPERTYSINGLEVALUE('FMI.05 - Kvalitet',$,IFCTEXT('8.8'),$);
#5418=IFCPROPERTYSINGLEVALUE('FMI.06 - Monteringssted',$,IFCTEXT('Byggeplass'),$);
#5419=IFCPROPERTYSINGLEVALUE('FMI.10 - Hulldiameter',$,IFCLENGTHMEASURE(0.),$);
#5420=IFCPROPERTYSINGLEVALUE('FMI.11 - Hullmerknad',$,IFCTEXT('Ikke aktuelt'),$);
#5421=IFCPROPERTYSINGLEVALUE('FMI.30 - Mutternavn',$,IFCTEXT('Ikke aktuelt'),$);
#5422=IFCPROPERTYSINGLEVALUE('FMI.31 - Antall muttere',$,IFCINTEGER(0),$);
#5423=IFCPROPERTYSINGLEVALUE('FMI.40 - Skivenavn',$,IFCTEXT('Underlagsskive M20-NS-ISO 7089'),$);
#5424=IFCPROPERTYSINGLEVALUE('FMI.41 - Antall skiver',$,IFCINTEGER(1),$);
#5425=IFCOWNERHISTORY(#3,#4,.READWRITE.,.ADDED.,1789134012,#3,#4,1789134012);
#5426=IFCPROPERTYSET('0wuMIrnpD0Kejhf9Kk5ecs',#5425,'BIM_Tverrfaglig',$,(#5429,#5430,#5431,#5432,#5433));
#5427=IFCOWNERHISTORY(#3,#4,.READWRITE.,.ADDED.,1789134012,#3,#4,1789134012);
#5428=IFCRELDEFINESBYPROPERTIES('0IS$WHm_b0se64zV$uF0zd',#5427,$,$,(#4401),#5426);
#5429=IFCPROPERTYSINGLEVALUE('BIM.04 - MMI',$,IFCTEXT('350'),$);
#5430=IFCPROPERTYSINGLEVALUE('BIM.05 - Elementnavn',$,IFCTEXT('Mutter'),$);
#5431=IFCPROPERTYSINGLEVALUE('BIM.06 - Fag',$,IFCTEXT('KON'),$);
#5432=IFCPROPERTYSINGLEVALUE('BIM.07 - Revisjon',$,IFCTEXT('A'),$);
#5433=IFCPROPERTYSINGLEVALUE('BIM.08 - Revisjonsdato',$,IFCTEXT('2023-01-16'),$);
#5434=IFCOWNERHISTORY(#3,#4,.READWRITE.,.ADDED.,1789134012,#3,#4,1789134012);
#5435=IFCPROPERTYSET('0C5JDVnGb3_h0g0bRHHvt0',#5434,'KON_Felles',$,(#5438,#5439,#5440,#5441,#5442,#5443,#5444,#5445,#5446,#5447,#5448,#5449));
#5436=IFCOWNERHISTORY(#3,#4,.READWRITE.,.ADDED.,1789134012,#3,#4,1789134012);
#5437=IFCRELDEFINESBYPROPERTIES('2wFM5C1_v58fuszwg1qWOJ',#5436,$,$,(#4401),#5435);
#5438=IFCPROPERTYSINGLEVALUE('KON.01 - Konstruksjonsnummer',$,IFCTEXT('K100'),$);
#5439=IFCPROPERTYSINGLEVALUE('KON.03 - Akse',$,IFCTEXT('01'),$);
#5440=IFCPROPERTYSINGLEVALUE('KON.10 - Konstruksjonsinndeling',$,IFCTEXT('Bru'),$);
#5441=IFCPROPERTYSINGLEVALUE('KON.11 - Konstruksjonsdel',$,IFCTEXT('Mutter'),$);
#5442=IFCPROPERTYSINGLEVALUE('KON.13 - Elementnavn',$,IFCTEXT('Mutter'),$);
#5443=IFCPROPERTYSINGLEVALUE('KON.20 - Produksjonsenhet',$,IFCTEXT('PLD-1002'),$);
#5444=IFCPROPERTYSINGLEVALUE('KON.30 - Plasseringsprioritet',$,IFCTEXT('2 - Viker for 1'),$);
#5445=IFCPROPERTYSINGLEVALUE('KON.31 - Plasseringsmerknad',$,IFCTEXT('Ikke angitt'),$);
#5446=IFCPROPERTYSINGLEVALUE('KON.40 - Materialtype',$,IFCTEXT('St\X2\00E5\X0\l'),$);
#5447=IFCPROPERTYSINGLEVALUE('KON.41 - Materialspesifikasjon',$,IFCTEXT('8.8'),$);
#5448=IFCPROPERTYSINGLEVALUE('KON.51 - Produksjonsmerknad 1',$,IFCTEXT('Ikke aktuelt'),$);
#5449=IFCPROPERTYSINGLEVALUE('KON.53 - Utf\X2\00F8\X0\relsesmerknad 1',$,IFCTEXT('Ikke angitt'),$);
#5450=IFCOWNERHISTORY(#3,#4,.READWRITE.,.ADDED.,1789134012,#3,#4,1789134012);
#5451=IFCPROPERTYSET('0IfX_SHP52TRPqryjgVpiL',#5450,'KON_Festemidler',$,(#5454,#5455,#5456,#5457,#5458,#5459,#5460,#5461,#5462,#5463,#5464,#5465));
#5452=IFCOWNERHISTORY(#3,#4,.READWRITE.,.ADDED.,1789134012,#3,#4,1789134012);
#5453=IFCRELDEFINESBYPROPERTIES('2k3zcLFMP8aPiJe8Cfa_iX',#5452,$,$,(#4401),#5451);
#5454=IFCPROPERTYSINGLEVALUE('FMI.01 - Navn',$,IFCTEXT('Ikke aktuelt'),$);
#5455=IFCPROPERTYSINGLEVALUE('FMI.02 - Antall skruer',$,IFCINTEGER(0),$);
#5456=IFCPROPERTYSINGLEVALUE('FMI.03 - Skruediameter',$,IFCLENGTHMEASURE(0.),$);
#5457=IFCPROPERTYSINGLEVALUE('FMI.04 - Skruelengde',$,IFCLENGTHMEASURE(0.),$);
#5458=IFCPROPERTYSINGLEVALUE('FMI.05 - Kvalitet',$,IFCTEXT('8.8'),$);
#5459=IFCPROPERTYSINGLEVALUE('FMI.06 - Monteringssted',$,IFCTEXT('Byggeplass'),$);
#5460=IFCPROPERTYSINGLEVALUE('FMI.10 - Hulldiameter',$,IFCLENGTHMEASURE(0.),$);
#5461=IFCPROPERTYSINGLEVALUE('FMI.11 - Hullmerknad',$,IFCTEXT('Ikke aktuelt'),$);
#5462=IFCPROPERTYSINGLEVALUE('FMI.30 - Mutternavn',$,IFCTEXT('6k-mutter M20-NS-ISO 4032'),$);
#5463=IFCPROPERTYSINGLEVALUE('FMI.31 - Antall muttere',$,IFCINTEGER(1),$);
#5464=IFCPROPERTYSINGLEVALUE('FMI.40 - Skivenavn',$,IFCTEXT('Ikke aktuelt'),$);
#5465=IFCPROPERTYSINGLEVALUE('FMI.41 - Antall skiver',$,IFCINTEGER(0),$);
#5466=IFCOWNERHISTORY(#3,#4,.READWRITE.,.ADDED.,1789134012,#3,#4,1789134012);
#5467=IFCPROPERTYSET('1Uii6jI1vFuPjT2bKmwcPP',#5466,'BIM_Tverrfaglig',$,(#5470,#5471,#5472,#5473,#5474));
#5468=IFCOWNERHISTORY(#3,#4,.READWRITE.,.ADDED.,1789134012,#3,#4,1789134012);
#5469=IFCRELDEFINESBYPROPERTIES('1cDtX3H8T7UvUesSIDqX2L',#5468,$,$,(#4407),#5467);
#5470=IFCPROPERTYSINGLEVALUE('BIM.04 - MMI',$,IFCTEXT('350'),$);
#5471=IFCPROPERTYSINGLEVALUE('BIM.05 - Elementnavn',$,IFCTEXT('Skive'),$);
#5472=IFCPROPERTYSINGLEVALUE('BIM.06 - Fag',$,IFCTEXT('KON'),$);
#5473=IFCPROPERTYSINGLEVALUE('BIM.07 - Revisjon',$,IFCTEXT('A'),$);
#5474=IFCPROPERTYSINGLEVALUE('BIM.08 - Revisjonsdato',$,IFCTEXT('2023-01-16'),$);
#5475=IFCOWNERHISTORY(#3,#4,.READWRITE.,.ADDED.,1789134012,#3,#4,1789134012);
#5476=IFCPROPERTYSET('0Am3LXRDfBPf83WPR1Q8du',#5475,'KON_Felles',$,(#5479,#5480,#5481,#5482,#5483,#5484,#5485,#5486,#5487,#5488,#5489,#5490));
#5477=IFCOWNERHISTORY(#3,#4,.READWRITE.,.ADDED.,1789134012,#3,#4,1789134012);
#5478=IFCRELDEFINESBYPROPERTIES('1wfgyqR2r1Mfr7vCefU$5S',#5477,$,$,(#4407),#5476);
#5479=IFCPROPERTYSINGLEVALUE('KON.01 - Konstruksjonsnummer',$,IFCTEXT('K100'),$);
#5480=IFCPROPERTYSINGLEVALUE('KON.03 - Akse',$,IFCTEXT('01'),$);
#5481=IFCPROPERTYSINGLEVALUE('KON.10 - Konstruksjonsinndeling',$,IFCTEXT('Bru'),$);
#5482=IFCPROPERTYSINGLEVALUE('KON.11 - Konstruksjonsdel',$,IFCTEXT('Skive'),$);
#5483=IFCPROPERTYSINGLEVALUE('KON.13 - Elementnavn',$,IFCTEXT('Skive'),$);
#5484=IFCPROPERTYSINGLEVALUE('KON.20 - Produksjonsenhet',$,IFCTEXT('PLD-1002'),$);
#5485=IFCPROPERTYSINGLEVALUE('KON.30 - Plasseringsprioritet',$,IFCTEXT('2 - Viker for 1'),$);
#5486=IFCPROPERTYSINGLEVALUE('KON.31 - Plasseringsmerknad',$,IFCTEXT('Ikke angitt'),$);
#5487=IFCPROPERTYSINGLEVALUE('KON.40 - Materialtype',$,IFCTEXT('St\X2\00E5\X0\l'),$);
#5488=IFCPROPERTYSINGLEVALUE('KON.41 - Materialspesifikasjon',$,IFCTEXT('NS-ISO 7089'),$);
#5489=IFCPROPERTYSINGLEVALUE('KON.51 - Produksjonsmerknad 1',$,IFCTEXT('Ikke aktuelt'),$);
#5490=IFCPROPERTYSINGLEVALUE('KON.53 - Utf\X2\00F8\X0\relsesmerknad 1',$,IFCTEXT('Ikke angitt'),$);
#5491=IFCOWNERHISTORY(#3,#4,.READWRITE.,.ADDED.,1789134012,#3,#4,1789134012);
#5492=IFCPROPERTYSET('2$8Y8r_3LCiwJaicils3$s',#5491,'KON_Festemidler',$,(#5495,#5496,#5497,#5498,#5499,#5500,#5501,#5502,#5503,#5504,#5505,#5506));
#5493=IFCOWNERHISTORY(#3,#4,.READWRITE.,.ADDED.,1789134012,#3,#4,1789134012);
#5494=IFCRELDEFINESBYPROPERTIES('2rKCROubj8397rBsCGKdHb',#5493,$,$,(#4407),#5492);
#5495=IFCPROPERTYSINGLEVALUE('FMI.01 - Navn',$,IFCTEXT('Ikke aktuelt'),$);
#5496=IFCPROPERTYSINGLEVALUE('FMI.02 - Antall skruer',$,IFCINTEGER(0),$);
#5497=IFCPROPERTYSINGLEVALUE('FMI.03 - Skruediameter',$,IFCLENGTHMEASURE(0.),$);
#5498=IFCPROPERTYSINGLEVALUE('FMI.04 - Skruelengde',$,IFCLENGTHMEASURE(0.),$);
#5499=IFCPROPERTYSINGLEVALUE('FMI.05 - Kvalitet',$,IFCTEXT('8.8'),$);
#5500=IFCPROPERTYSINGLEVALUE('FMI.06 - Monteringssted',$,IFCTEXT('Byggeplass'),$);
#5501=IFCPROPERTYSINGLEVALUE('FMI.10 - Hulldiameter',$,IFCLENGTHMEASURE(0.),$);
#5502=IFCPROPERTYSINGLEVALUE('FMI.11 - Hullmerknad',$,IFCTEXT('Ikke aktuelt'),$);
#5503=IFCPROPERTYSINGLEVALUE('FMI.30 - Mutternavn',$,IFCTEXT('Ikke aktuelt'),$);
#5504=IFCPROPERTYSINGLEVALUE('FMI.31 - Antall muttere',$,IFCINTEGER(0),$);
#5505=IFCPROPERTYSINGLEVALUE('FMI.40 - Skivenavn',$,IFCTEXT('Underlagsskive M20-NS-ISO 7089'),$);
#5506=IFCPROPERTYSINGLEVALUE('FMI.41 - Antall skiver',$,IFCINTEGER(1),$);
#5507=IFCOWNERHISTORY(#3,#4,.READWRITE.,.ADDED.,1789134012,#3,#4,1789134012);
#5508=IFCPROPERTYSET('0BoG$SWf57lRIyHHM6zBkL',#5507,'BIM_Tverrfaglig',$,(#5511,#5512,#5513,#5514,#5515));
#5509=IFCOWNERHISTORY(#3,#4,.READWRITE.,.ADDED.,1789134012,#3,#4,1789134012);
#5510=IFCRELDEFINESBYPROPERTIES('0JcpLGXObFH93u$MAZz1$z',#5509,$,$,(#4413),#5508);
#5511=IFCPROPERTYSINGLEVALUE('BIM.04 - MMI',$,IFCTEXT('350'),$);
#5512=IFCPROPERTYSINGLEVALUE('BIM.05 - Elementnavn',$,IFCTEXT('Mutter'),$);
#5513=IFCPROPERTYSINGLEVALUE('BIM.06 - Fag',$,IFCTEXT('KON'),$);
#5514=IFCPROPERTYSINGLEVALUE('BIM.07 - Revisjon',$,IFCTEXT('A'),$);
#5515=IFCPROPERTYSINGLEVALUE('BIM.08 - Revisjonsdato',$,IFCTEXT('2023-01-16'),$);
#5516=IFCOWNERHISTORY(#3,#4,.READWRITE.,.ADDED.,1789134012,#3,#4,1789134012);
#5517=IFCPROPERTYSET('3yyhSJz8TBMPJ1qAar2c8o',#5516,'KON_Felles',$,(#5520,#5521,#5522,#5523,#5524,#5525,#5526,#5527,#5528,#5529,#5530,#5531));
#5518=IFCOWNERHISTORY(#3,#4,.READWRITE.,.ADDED.,1789134012,#3,#4,1789134012);
#5519=IFCRELDEFINESBYPROPERTIES('0qpDxWeyX0MBMOKTuDeKhs',#5518,$,$,(#4413),#5517);
#5520=IFCPROPERTYSINGLEVALUE('KON.01 - Konstruksjonsnummer',$,IFCTEXT('K100'),$);
#5521=IFCPROPERTYSINGLEVALUE('KON.03 - Akse',$,IFCTEXT('01'),$);
#5522=IFCPROPERTYSINGLEVALUE('KON.10 - Konstruksjonsinndeling',$,IFCTEXT('Bru'),$);
#5523=IFCPROPERTYSINGLEVALUE('KON.11 - Konstruksjonsdel',$,IFCTEXT('Mutter'),$);
#5524=IFCPROPERTYSINGLEVALUE('KON.13 - Elementnavn',$,IFCTEXT('Mutter'),$);
#5525=IFCPROPERTYSINGLEVALUE('KON.20 - Produksjonsenhet',$,IFCTEXT('PLD-1002'),$);
#5526=IFCPROPERTYSINGLEVALUE('KON.30 - Plasseringsprioritet',$,IFCTEXT('2 - Viker for 1'),$);
#5527=IFCPROPERTYSINGLEVALUE('KON.31 - Plasseringsmerknad',$,IFCTEXT('Ikke angitt'),$);
#5528=IFCPROPERTYSINGLEVALUE('KON.40 - Materialtype',$,IFCTEXT('St\X2\00E5\X0\l'),$);
#5529=IFCPROPERTYSINGLEVALUE('KON.41 - Materialspesifikasjon',$,IFCTEXT('8.8'),$);
#5530=IFCPROPERTYSINGLEVALUE('KON.51 - Produksjonsmerknad 1',$,IFCTEXT('Ikke aktuelt'),$);
#5531=IFCPROPERTYSINGLEVALUE('KON.53 - Utf\X2\00F8\X0\relsesmerknad 1',$,IFCTEXT('Ikke angitt'),$);
#5532=IFCOWNERHISTORY(#3,#4,.READWRITE.,.ADDED.,1789134012,#3,#4,1789134012);
#5533=IFCPROPERTYSET('2LdsnVouP49vH__MVnTbIe',#5532,'KON_Festemidler',$,(#5536,#5537,#5538,#5539,#5540,#5541,#5542,#5543,#5544,#5545,#5546,#5547));
#5534=IFCOWNERHISTORY(#3,#4,.READWRITE.,.ADDED.,1789134012,#3,#4,1789134012);
#5535=IFCRELDEFINESBYPROPERTIES('21_QW$WJj9zhOIrbd49DVg',#5534,$,$,(#4413),#5533);
#5536=IFCPROPERTYSINGLEVALUE('FMI.01 - Navn',$,IFCTEXT('Ikke aktuelt'),$);
#5537=IFCPROPERTYSINGLEVALUE('FMI.02 - Antall skruer',$,IFCINTEGER(0),$);
#5538=IFCPROPERTYSINGLEVALUE('FMI.03 - Skruediameter',$,IFCLENGTHMEASURE(0.),$);
#5539=IFCPROPERTYSINGLEVALUE('FMI.04 - Skruelengde',$,IFCLENGTHMEASURE(0.),$);
#5540=IFCPROPERTYSINGLEVALUE('FMI.05 - Kvalitet',$,IFCTEXT('8.8'),$);
#5541=IFCPROPERTYSINGLEVALUE('FMI.06 - Monteringssted',$,IFCTEXT('Byggeplass'),$);
#5542=IFCPROPERTYSINGLEVALUE('FMI.10 - Hulldiameter',$,IFCLENGTHMEASURE(0.),$);
#5543=IFCPROPERTYSINGLEVALUE('FMI.11 - Hullmerknad',$,IFCTEXT('Ikke aktuelt'),$);
#5544=IFCPROPERTYSINGLEVALUE('FMI.30 - Mutternavn',$,IFCTEXT('6k-mutter M20-NS-ISO 4032'),$);
#5545=IFCPROPERTYSINGLEVALUE('FMI.31 - Antall muttere',$,IFCINTEGER(1),$);
#5546=IFCPROPERTYSINGLEVALUE('FMI.40 - Skivenavn',$,IFCTEXT('Ikke aktuelt'),$);
#5547=IFCPROPERTYSINGLEVALUE('FMI.41 - Antall skiver',$,IFCINTEGER(0),$);
#5548=IFCOWNERHISTORY(#3,#4,.READWRITE.,.ADDED.,1789134012,#3,#4,1789134012);
#5549=IFCPROPERTYSET('3fIGCQRM56zQhqswb4Lmvu',#5548,'BIM_Tverrfaglig',$,(#5552,#5553,#5554,#5555,#5556));
#5550=IFCOWNERHISTORY(#3,#4,.READWRITE.,.ADDED.,1789134012,#3,#4,1789134012);
#5551=IFCRELDEFINESBYPROPERTIES('1rG13fkOz6PvRQGIRkV88j',#5550,$,$,(#4419),#5549);
#5552=IFCPROPERTYSINGLEVALUE('BIM.04 - MMI',$,IFCTEXT('350'),$);
#5553=IFCPROPERTYSINGLEVALUE('BIM.05 - Elementnavn',$,IFCTEXT('Skive'),$);
#5554=IFCPROPERTYSINGLEVALUE('BIM.06 - Fag',$,IFCTEXT('KON'),$);
#5555=IFCPROPERTYSINGLEVALUE('BIM.07 - Revisjon',$,IFCTEXT('A'),$);
#5556=IFCPROPERTYSINGLEVALUE('BIM.08 - Revisjonsdato',$,IFCTEXT('2023-01-16'),$);
#5557=IFCOWNERHISTORY(#3,#4,.READWRITE.,.ADDED.,1789134012,#3,#4,1789134012);
#5558=IFCPROPERTYSET('1S2baC8n9DYRCa4bZH76C$',#5557,'KON_Felles',$,(#5561,#5562,#5563,#5564,#5565,#5566,#5567,#5568,#5569,#5570,#5571,#5572));
#5559=IFCOWNERHISTORY(#3,#4,.READWRITE.,.ADDED.,1789134012,#3,#4,1789134012);
#5560=IFCRELDEFINESBYPROPERTIES('12QtBmXx5DCxcXe88i8qn6',#5559,$,$,(#4419),#5558);
#5561=IFCPROPERTYSINGLEVALUE('KON.01 - Konstruksjonsnummer',$,IFCTEXT('K100'),$);
#5562=IFCPROPERTYSINGLEVALUE('KON.03 - Akse',$,IFCTEXT('01'),$);
#5563=IFCPROPERTYSINGLEVALUE('KON.10 - Konstruksjonsinndeling',$,IFCTEXT('Bru'),$);
#5564=IFCPROPERTYSINGLEVALUE('KON.11 - Konstruksjonsdel',$,IFCTEXT('Skive'),$);
#5565=IFCPROPERTYSINGLEVALUE('KON.13 - Elementnavn',$,IFCTEXT('Skive'),$);
#5566=IFCPROPERTYSINGLEVALUE('KON.20 - Produksjonsenhet',$,IFCTEXT('PLD-1002'),$);
#5567=IFCPROPERTYSINGLEVALUE('KON.30 - Plasseringsprioritet',$,IFCTEXT('2 - Viker for 1'),$);
#5568=IFCPROPERTYSINGLEVALUE('KON.31 - Plasseringsmerknad',$,IFCTEXT('Ikke angitt'),$);
#5569=IFCPROPERTYSINGLEVALUE('KON.40 - Materialtype',$,IFCTEXT('St\X2\00E5\X0\l'),$);
#5570=IFCPROPERTYSINGLEVALUE('KON.41 - Materialspesifikasjon',$,IFCTEXT('NS-ISO 7089'),$);
#5571=IFCPROPERTYSINGLEVALUE('KON.51 - Produksjonsmerknad 1',$,IFCTEXT('Ikke aktuelt'),$);
#5572=IFCPROPERTYSINGLEVALUE('KON.53 - Utf\X2\00F8\X0\relsesmerknad 1',$,IFCTEXT('Ikke angitt'),$);
#5573=IFCOWNERHISTORY(#3,#4,.READWRITE.,.ADDED.,1789134012,#3,#4,1789134012);
#5574=IFCPROPERTYSET('37wac6eX94WP29zTQfZAP5',#5573,'KON_Festemidler',$,(#5577,#5578,#5579,#5580,#5581,#5582,#5583,#5584,#5585,#5586,#5587,#5588));
#5575=IFCOWNERHISTORY(#3,#4,.READWRITE.,.ADDED.,1789134012,#3,#4,1789134012);
#5576=IFCRELDEFINESBYPROPERTIES('0e1ginWNXF5BkBAzFFfT15',#5575,$,$,(#4419),#5574);
#5577=IFCPROPERTYSINGLEVALUE('FMI.01 - Navn',$,IFCTEXT('Ikke aktuelt'),$);
#5578=IFCPROPERTYSINGLEVALUE('FMI.02 - Antall skruer',$,IFCINTEGER(0),$);
#5579=IFCPROPERTYSINGLEVALUE('FMI.03 - Skruediameter',$,IFCLENGTHMEASURE(0.),$);
#5580=IFCPROPERTYSINGLEVALUE('FMI.04 - Skruelengde',$,IFCLENGTHMEASURE(0.),$);
#5581=IFCPROPERTYSINGLEVALUE('FMI.05 - Kvalitet',$,IFCTEXT('8.8'),$);
#5582=IFCPROPERTYSINGLEVALUE('FMI.06 - Monteringssted',$,IFCTEXT('Byggeplass'),$);
#5583=IFCPROPERTYSINGLEVALUE('FMI.10 - Hulldiameter',$,IFCLENGTHMEASURE(0.),$);
#5584=IFCPROPERTYSINGLEVALUE('FMI.11 - Hullmerknad',$,IFCTEXT('Ikke aktuelt'),$);
#5585=IFCPROPERTYSINGLEVALUE('FMI.30 - Mutternavn',$,IFCTEXT('Ikke aktuelt'),$);
#5586=IFCPROPERTYSINGLEVALUE('FMI.31 - Antall muttere',$,IFCINTEGER(0),$);
#5587=IFCPROPERTYSINGLEVALUE('FMI.40 - Skivenavn',$,IFCTEXT('Underlagsskive M20-NS-ISO 7089'),$);
#5588=IFCPROPERTYSINGLEVALUE('FMI.41 - Antall skiver',$,IFCINTEGER(1),$);
#5589=IFCOWNERHISTORY(#3,#4,.READWRITE.,.ADDED.,1789134012,#3,#4,1789134012);
#5590=IFCPROPERTYSET('1ynR13EbP2NQDMnUesT6z0',#5589,'BIM_Tverrfaglig',$,(#5593,#5594,#5595,#5596,#5597));
#5591=IFCOWNERHISTORY(#3,#4,.READWRITE.,.ADDED.,1789134012,#3,#4,1789134012);
#5592=IFCRELDEFINESBYPROPERTIES('2$bbyX4HzAUgSvWlGfmwku',#5591,$,$,(#4425),#5590);
#5593=IFCPROPERTYSINGLEVALUE('BIM.04 - MMI',$,IFCTEXT('350'),$);
#5594=IFCPROPERTYSINGLEVALUE('BIM.05 - Elementnavn',$,IFCTEXT('Mutter'),$);
#5595=IFCPROPERTYSINGLEVALUE('BIM.06 - Fag',$,IFCTEXT('KON'),$);
#5596=IFCPROPERTYSINGLEVALUE('BIM.07 - Revisjon',$,IFCTEXT('A'),$);
#5597=IFCPROPERTYSINGLEVALUE('BIM.08 - Revisjonsdato',$,IFCTEXT('2023-01-16'),$);
#5598=IFCOWNERHISTORY(#3,#4,.READWRITE.,.ADDED.,1789134012,#3,#4,1789134012);
#5599=IFCPROPERTYSET('0kmp3wUCHBauDRgapDFWk_',#5598,'KON_Felles',$,(#5602,#5603,#5604,#5605,#5606,#5607,#5608,#5609,#5610,#5611,#5612,#5613));
#5600=IFCOWNERHISTORY(#3,#4,.READWRITE.,.ADDED.,1789134012,#3,#4,1789134012);
#5601=IFCRELDEFINESBYPROPERTIES('3L0CGSz6b8OuP1aJT6OoRr',#5600,$,$,(#4425),#5599);
#5602=IFCPROPERTYSINGLEVALUE('KON.01 - Konstruksjonsnummer',$,IFCTEXT('K100'),$);
#5603=IFCPROPERTYSINGLEVALUE('KON.03 - Akse',$,IFCTEXT('01'),$);
#5604=IFCPROPERTYSINGLEVALUE('KON.10 - Konstruksjonsinndeling',$,IFCTEXT('Bru'),$);
#5605=IFCPROPERTYSINGLEVALUE('KON.11 - Konstruksjonsdel',$,IFCTEXT('Mutter'),$);
#5606=IFCPROPERTYSINGLEVALUE('KON.13 - Elementnavn',$,IFCTEXT('Mutter'),$);
#5607=IFCPROPERTYSINGLEVALUE('KON.20 - Produksjonsenhet',$,IFCTEXT('PLD-1002'),$);
#5608=IFCPROPERTYSINGLEVALUE('KON.30 - Plasseringsprioritet',$,IFCTEXT('2 - Viker for 1'),$);
#5609=IFCPROPERTYSINGLEVALUE('KON.31 - Plasseringsmerknad',$,IFCTEXT('Ikke angitt'),$);
#5610=IFCPROPERTYSINGLEVALUE('KON.40 - Materialtype',$,IFCTEXT('St\X2\00E5\X0\l'),$);
#5611=IFCPROPERTYSINGLEVALUE('KON.41 - Materialspesifikasjon',$,IFCTEXT('8.8'),$);
#5612=IFCPROPERTYSINGLEVALUE('KON.51 - Produksjonsmerknad 1',$,IFCTEXT('Ikke aktuelt'),$);
#5613=IFCPROPERTYSINGLEVALUE('KON.53 - Utf\X2\00F8\X0\relsesmerknad 1',$,IFCTEXT('Ikke angitt'),$);
#5614=IFCOWNERHISTORY(#3,#4,.READWRITE.,.ADDED.,1789134012,#3,#4,1789134012);
#5615=IFCPROPERTYSET('0iXgNgiqL6awF3cFcH0J0R',#5614,'KON_Festemidler',$,(#5618,#5619,#5620,#5621,#5622,#5623,#5624,#5625,#5626,#5627,#5628,#5629));
#5616=IFCOWNERHISTORY(#3,#4,.READWRITE.,.ADDED.,1789134012,#3,#4,1789134012);
#5617=IFCRELDEFINESBYPROPERTIES('1yvf8tx_HBrhaNkaHnUHPH',#5616,$,$,(#4425),#5615);
#5618=IFCPROPERTYSINGLEVALUE('FMI.01 - Navn',$,IFCTEXT('Ikke aktuelt'),$);
#5619=IFCPROPERTYSINGLEVALUE('FMI.02 - Antall skruer',$,IFCINTEGER(0),$);
#5620=IFCPROPERTYSINGLEVALUE('FMI.03 - Skruediameter',$,IFCLENGTHMEASURE(0.),$);
#5621=IFCPROPERTYSINGLEVALUE('FMI.04 - Skruelengde',$,IFCLENGTHMEASURE(0.),$);
#5622=IFCPROPERTYSINGLEVALUE('FMI.05 - Kvalitet',$,IFCTEXT('8.8'),$);
#5623=IFCPROPERTYSINGLEVALUE('FMI.06 - Monteringssted',$,IFCTEXT('Byggeplass'),$);
#5624=IFCPROPERTYSINGLEVALUE('FMI.10 - Hulldiameter',$,IFCLENGTHMEASURE(0.),$);
#5625=IFCPROPERTYSINGLEVALUE('FMI.11 - Hullmerknad',$,IFCTEXT('Ikke aktuelt'),$);
#5626=IFCPROPERTYSINGLEVALUE('FMI.30 - Mutternavn',$,IFCTEXT('6k-mutter M20-NS-ISO 4032'),$);
#5627=IFCPROPERTYSINGLEVALUE('FMI.31 - Antall muttere',$,IFCINTEGER(1),$);
#5628=IFCPROPERTYSINGLEVALUE('FMI.40 - Skivenavn',$,IFCTEXT('Ikke aktuelt'),$);
#5629=IFCPROPERTYSINGLEVALUE('FMI.41 - Antall skiver',$,IFCINTEGER(0),$);
#5630=IFCOWNERHISTORY(#3,#4,.READWRITE.,.ADDED.,1789134012,#3,#4,1789134012);
#5631=IFCPROPERTYSET('2CoH7T6Ln7hPRg6kn9uggp',#5630,'BIM_Tverrfaglig',$,(#5634,#5635,#5636,#5637,#5638));
#5632=IFCOWNERHISTORY(#3,#4,.READWRITE.,.ADDED.,1789134012,#3,#4,1789134012);
#5633=IFCRELDEFINESBYPROPERTIES('0mJBkl9yn15vkjli46qyaW',#5632,$,$,(#4431),#5631);
#5634=IFCPROPERTYSINGLEVALUE('BIM.04 - MMI',$,IFCTEXT('350'),$);
#5635=IFCPROPERTYSINGLEVALUE('BIM.05 - Elementnavn',$,IFCTEXT('Skive'),$);
#5636=IFCPROPERTYSINGLEVALUE('BIM.06 - Fag',$,IFCTEXT('KON'),$);
#5637=IFCPROPERTYSINGLEVALUE('BIM.07 - Revisjon',$,IFCTEXT('A'),$);
#5638=IFCPROPERTYSINGLEVALUE('BIM.08 - Revisjonsdato',$,IFCTEXT('2023-01-16'),$);
#5639=IFCOWNERHISTORY(#3,#4,.READWRITE.,.ADDED.,1789134012,#3,#4,1789134012);
#5640=IFCPROPERTYSET('2weTJ$KbP3Ie3UrSZdjMwE',#5639,'KON_Felles',$,(#5643,#5644,#5645,#5646,#5647,#5648,#5649,#5650,#5651,#5652,#5653,#5654));
#5641=IFCOWNERHISTORY(#3,#4,.READWRITE.,.ADDED.,1789134012,#3,#4,1789134012);
#5642=IFCRELDEFINESBYPROPERTIES('2aXmvDOKLDlR3sFue5e9A$',#5641,$,$,(#4431),#5640);
#5643=IFCPROPERTYSINGLEVALUE('KON.01 - Konstruksjonsnummer',$,IFCTEXT('K100'),$);
#5644=IFCPROPERTYSINGLEVALUE('KON.03 - Akse',$,IFCTEXT('01'),$);
#5645=IFCPROPERTYSINGLEVALUE('KON.10 - Konstruksjonsinndeling',$,IFCTEXT('Bru'),$);
#5646=IFCPROPERTYSINGLEVALUE('KON.11 - Konstruksjonsdel',$,IFCTEXT('Skive'),$);
#5647=IFCPROPERTYSINGLEVALUE('KON.13 - Elementnavn',$,IFCTEXT('Skive'),$);
#5648=IFCPROPERTYSINGLEVALUE('KON.20 - Produksjonsenhet',$,IFCTEXT('PLD-1002'),$);
#5649=IFCPROPERTYSINGLEVALUE('KON.30 - Plasseringsprioritet',$,IFCTEXT('2 - Viker for 1'),$);
#5650=IFCPROPERTYSINGLEVALUE('KON.31 - Plasseringsmerknad',$,IFCTEXT('Ikke angitt'),$);
#5651=IFCPROPERTYSINGLEVALUE('KON.40 - Materialtype',$,IFCTEXT('St\X2\00E5\X0\l'),$);
#5652=IFCPROPERTYSINGLEVALUE('KON.41 - Materialspesifikasjon',$,IFCTEXT('NS-ISO 7089'),$);
#5653=IFCPROPERTYSINGLEVALUE('KON.51 - Produksjonsmerknad 1',$,IFCTEXT('Ikke aktuelt'),$);
#5654=IFCPROPERTYSINGLEVALUE('KON.53 - Utf\X2\00F8\X0\relsesmerknad 1',$,IFCTEXT('Ikke angitt'),$);
#5655=IFCOWNERHISTORY(#3,#4,.READWRITE.,.ADDED.,1789134012,#3,#4,1789134012);
#5656=IFCPROPERTYSET('1twEs0hkT4vBeNPgoNKIP8',#5655,'KON_Festemidler',$,(#5659,#5660,#5661,#5662,#5663,#5664,#5665,#5666,#5667,#5668,#5669,#5670));
#5657=IFCOWNERHISTORY(#3,#4,.READWRITE.,.ADDED.,1789134012,#3,#4,1789134012);
#5658=IFCRELDEFINESBYPROPERTIES('1gFLAQulP2g8XHr8tkJ44q',#5657,$,$,(#4431),#5656);
#5659=IFCPROPERTYSINGLEVALUE('FMI.01 - Navn',$,IFCTEXT('Ikke aktuelt'),$);
#5660=IFCPROPERTYSINGLEVALUE('FMI.02 - Antall skruer',$,IFCINTEGER(0),$);
#5661=IFCPROPERTYSINGLEVALUE('FMI.03 - Skruediameter',$,IFCLENGTHMEASURE(0.),$);
#5662=IFCPROPERTYSINGLEVALUE('FMI.04 - Skruelengde',$,IFCLENGTHMEASURE(0.),$);
#5663=IFCPROPERTYSINGLEVALUE('FMI.05 - Kvalitet',$,IFCTEXT('8.8'),$);
#5664=IFCPROPERTYSINGLEVALUE('FMI.06 - Monteringssted',$,IFCTEXT('Byggeplass'),$);
#5665=IFCPROPERTYSINGLEVALUE('FMI.10 - Hulldiameter',$,IFCLENGTHMEASURE(0.),$);
#5666=IFCPROPERTYSINGLEVALUE('FMI.11 - Hullmerknad',$,IFCTEXT('Ikke aktuelt'),$);
#5667=IFCPROPERTYSINGLEVALUE('FMI.30 - Mutternavn',$,IFCTEXT('Ikke aktuelt'),$);
#5668=IFCPROPERTYSINGLEVALUE('FMI.31 - Antall muttere',$,IFCINTEGER(0),$);
#5669=IFCPROPERTYSINGLEVALUE('FMI.40 - Skivenavn',$,IFCTEXT('Underlagsskive M20-NS-ISO 7089'),$);
#5670=IFCPROPERTYSINGLEVALUE('FMI.41 - Antall skiver',$,IFCINTEGER(1),$);
#5671=IFCOWNERHISTORY(#3,#4,.READWRITE.,.ADDED.,1789134012,#3,#4,1789134012);
#5672=IFCPROPERTYSET('2Ow6szT4HEU8J7EXxMITfx',#5671,'BIM_Tverrfaglig',$,(#5675,#5676,#5677,#5678,#5679));
#5673=IFCOWNERHISTORY(#3,#4,.READWRITE.,.ADDED.,1789134012,#3,#4,1789134012);
#5674=IFCRELDEFINESBYPROPERTIES('06jS5hfJjAw9jcHMfmcNWB',#5673,$,$,(#4437),#5672);
#5675=IFCPROPERTYSINGLEVALUE('BIM.04 - MMI',$,IFCTEXT('350'),$);
#5676=IFCPROPERTYSINGLEVALUE('BIM.05 - Elementnavn',$,IFCTEXT('Mutter'),$);
#5677=IFCPROPERTYSINGLEVALUE('BIM.06 - Fag',$,IFCTEXT('KON'),$);
#5678=IFCPROPERTYSINGLEVALUE('BIM.07 - Revisjon',$,IFCTEXT('A'),$);
#5679=IFCPROPERTYSINGLEVALUE('BIM.08 - Revisjonsdato',$,IFCTEXT('2023-01-16'),$);
#5680=IFCOWNERHISTORY(#3,#4,.READWRITE.,.ADDED.,1789134012,#3,#4,1789134012);
#5681=IFCPROPERTYSET('0YGsPNKr11MR6ppyl$EKOj',#5680,'KON_Felles',$,(#5684,#5685,#5686,#5687,#5688,#5689,#5690,#5691,#5692,#5693,#5694,#5695));
#5682=IFCOWNERHISTORY(#3,#4,.READWRITE.,.ADDED.,1789134012,#3,#4,1789134012);
#5683=IFCRELDEFINESBYPROPERTIES('3XcrAq0vX80eKZZTB5ROZW',#5682,$,$,(#4437),#5681);
#5684=IFCPROPERTYSINGLEVALUE('KON.01 - Konstruksjonsnummer',$,IFCTEXT('K100'),$);
#5685=IFCPROPERTYSINGLEVALUE('KON.03 - Akse',$,IFCTEXT('01'),$);
#5686=IFCPROPERTYSINGLEVALUE('KON.10 - Konstruksjonsinndeling',$,IFCTEXT('Bru'),$);
#5687=IFCPROPERTYSINGLEVALUE('KON.11 - Konstruksjonsdel',$,IFCTEXT('Mutter'),$);
#5688=IFCPROPERTYSINGLEVALUE('KON.13 - Elementnavn',$,IFCTEXT('Mutter'),$);
#5689=IFCPROPERTYSINGLEVALUE('KON.20 - Produksjonsenhet',$,IFCTEXT('PLD-1002'),$);
#5690=IFCPROPERTYSINGLEVALUE('KON.30 - Plasseringsprioritet',$,IFCTEXT('2 - Viker for 1'),$);
#5691=IFCPROPERTYSINGLEVALUE('KON.31 - Plasseringsmerknad',$,IFCTEXT('Ikke angitt'),$);
#5692=IFCPROPERTYSINGLEVALUE('KON.40 - Materialtype',$,IFCTEXT('St\X2\00E5\X0\l'),$);
#5693=IFCPROPERTYSINGLEVALUE('KON.41 - Materialspesifikasjon',$,IFCTEXT('8.8'),$);
#5694=IFCPROPERTYSINGLEVALUE('KON.51 - Produksjonsmerknad 1',$,IFCTEXT('Ikke aktuelt'),$);
#5695=IFCPROPERTYSINGLEVALUE('KON.53 - Utf\X2\00F8\X0\relsesmerknad 1',$,IFCTEXT('Ikke angitt'),$);
#5696=IFCOWNERHISTORY(#3,#4,.READWRITE.,.ADDED.,1789134012,#3,#4,1789134012);
#5697=IFCPROPERTYSET('0QpIB11sX9RxQPr00TzIn4',#5696,'KON_Festemidler',$,(#5700,#5701,#5702,#5703,#5704,#5705,#5706,#5707,#5708,#5709,#5710,#5711));
#5698=IFCOWNERHISTORY(#3,#4,.READWRITE.,.ADDED.,1789134012,#3,#4,1789134012);
#5699=IFCRELDEFINESBYPROPERTIES('3z5j2_s6fFzQAcAi2007PF',#5698,$,$,(#4437),#5697);
#5700=IFCPROPERTYSINGLEVALUE('FMI.01 - Navn',$,IFCTEXT('Ikke aktuelt'),$);
#5701=IFCPROPERTYSINGLEVALUE('FMI.02 - Antall skruer',$,IFCINTEGER(0),$);
#5702=IFCPROPERTYSINGLEVALUE('FMI.03 - Skruediameter',$,IFCLENGTHMEASURE(0.),$);
#5703=IFCPROPERTYSINGLEVALUE('FMI.04 - Skruelengde',$,IFCLENGTHMEASURE(0.),$);
#5704=IFCPROPERTYSINGLEVALUE('FMI.05 - Kvalitet',$,IFCTEXT('8.8'),$);
#5705=IFCPROPERTYSINGLEVALUE('FMI.06 - Monteringssted',$,IFCTEXT('Byggeplass'),$);
#5706=IFCPROPERTYSINGLEVALUE('FMI.10 - Hulldiameter',$,IFCLENGTHMEASURE(0.),$);
#5707=IFCPROPERTYSINGLEVALUE('FMI.11 - Hullmerknad',$,IFCTEXT('Ikke aktuelt'),$);
#5708=IFCPROPERTYSINGLEVALUE('FMI.30 - Mutternavn',$,IFCTEXT('6k-mutter M20-NS-ISO 4032'),$);
#5709=IFCPROPERTYSINGLEVALUE('FMI.31 - Antall muttere',$,IFCINTEGER(1),$);
#5710=IFCPROPERTYSINGLEVALUE('FMI.40 - Skivenavn',$,IFCTEXT('Ikke aktuelt'),$);
#5711=IFCPROPERTYSINGLEVALUE('FMI.41 - Antall skiver',$,IFCINTEGER(0),$);
#5712=IFCOWNERHISTORY(#3,#4,.READWRITE.,.ADDED.,1789134012,#3,#4,1789134012);
#5713=IFCPROPERTYSET('2sJ3veMdz4tgsL$D_HyVSJ',#5712,'BIM_Tverrfaglig',$,(#5716,#5717,#5718,#5719,#5720));
#5714=IFCOWNERHISTORY(#3,#4,.READWRITE.,.ADDED.,1789134012,#3,#4,1789134012);
#5715=IFCRELDEFINESBYPROPERTIES('1dgd6WAjrBTu7MfP815FXx',#5714,$,$,(#4443),#5713);
#5716=IFCPROPERTYSINGLEVALUE('BIM.04 - MMI',$,IFCTEXT('350'),$);
#5717=IFCPROPERTYSINGLEVALUE('BIM.05 - Elementnavn',$,IFCTEXT('Skive'),$);
#5718=IFCPROPERTYSINGLEVALUE('BIM.06 - Fag',$,IFCTEXT('KON'),$);
#5719=IFCPROPERTYSINGLEVALUE('BIM.07 - Revisjon',$,IFCTEXT('A'),$);
#5720=IFCPROPERTYSINGLEVALUE('BIM.08 - Revisjonsdato',$,IFCTEXT('2023-01-16'),$);
#5721=IFCOWNERHISTORY(#3,#4,.READWRITE.,.ADDED.,1789134012,#3,#4,1789134012);
#5722=IFCPROPERTYSET('0VU2qgN4D4cf0T5u_mavL9',#5721,'KON_Felles',$,(#5725,#5726,#5727,#5728,#5729,#5730,#5731,#5732,#5733,#5734,#5735,#5736));
#5723=IFCOWNERHISTORY(#3,#4,.READWRITE.,.ADDED.,1789134012,#3,#4,1789134012);
#5724=IFCRELDEFINESBYPROPERTIES('0QQGHB6Nj4NevQ$3oOH5HG',#5723,$,$,(#4443),#5722);
#5725=IFCPROPERTYSINGLEVALUE('KON.01 - Konstruksjonsnummer',$,IFCTEXT('K100'),$);
#5726=IFCPROPERTYSINGLEVALUE('KON.03 - Akse',$,IFCTEXT('01'),$);
#5727=IFCPROPERTYSINGLEVALUE('KON.10 - Konstruksjonsinndeling',$,IFCTEXT('Bru'),$);
#5728=IFCPROPERTYSINGLEVALUE('KON.11 - Konstruksjonsdel',$,IFCTEXT('Skive'),$);
#5729=IFCPROPERTYSINGLEVALUE('KON.13 - Elementnavn',$,IFCTEXT('Skive'),$);
#5730=IFCPROPERTYSINGLEVALUE('KON.20 - Produksjonsenhet',$,IFCTEXT('PLD-1002'),$);
#5731=IFCPROPERTYSINGLEVALUE('KON.30 - Plasseringsprioritet',$,IFCTEXT('2 - Viker for 1'),$);
#5732=IFCPROPERTYSINGLEVALUE('KON.31 - Plasseringsmerknad',$,IFCTEXT('Ikke angitt'),$);
#5733=IFCPROPERTYSINGLEVALUE('KON.40 - Materialtype',$,IFCTEXT('St\X2\00E5\X0\l'),$);
#5734=IFCPROPERTYSINGLEVALUE('KON.41 - Materialspesifikasjon',$,IFCTEXT('NS-ISO 7089'),$);
#5735=IFCPROPERTYSINGLEVALUE('KON.51 - Produksjonsmerknad 1',$,IFCTEXT('Ikke aktuelt'),$);
#5736=IFCPROPERTYSINGLEVALUE('KON.53 - Utf\X2\00F8\X0\relsesmerknad 1',$,IFCTEXT('Ikke angitt'),$);
#5737=IFCOWNERHISTORY(#3,#4,.READWRITE.,.ADDED.,1789134012,#3,#4,1789134012);
#5738=IFCPROPERTYSET('1iaGClXlf5LPACjupP3gB$',#5737,'KON_Festemidler',$,(#5741,#5742,#5743,#5744,#5745,#5746,#5747,#5748,#5749,#5750,#5751,#5752));
#5739=IFCOWNERHISTORY(#3,#4,.READWRITE.,.ADDED.,1789134012,#3,#4,1789134012);
#5740=IFCRELDEFINESBYPROPERTIES('28S5hy1T52OhTFm6EcPqru',#5739,$,$,(#4443),#5738);
#5741=IFCPROPERTYSINGLEVALUE('FMI.01 - Navn',$,IFCTEXT('Ikke aktuelt'),$);
#5742=IFCPROPERTYSINGLEVALUE('FMI.02 - Antall skruer',$,IFCINTEGER(0),$);
#5743=IFCPROPERTYSINGLEVALUE('FMI.03 - Skruediameter',$,IFCLENGTHMEASURE(0.),$);
#5744=IFCPROPERTYSINGLEVALUE('FMI.04 - Skruelengde',$,IFCLENGTHMEASURE(0.),$);
#5745=IFCPROPERTYSINGLEVALUE('FMI.05 - Kvalitet',$,IFCTEXT('8.8'),$);
#5746=IFCPROPERTYSINGLEVALUE('FMI.06 - Monteringssted',$,IFCTEXT('Byggeplass'),$);
#5747=IFCPROPERTYSINGLEVALUE('FMI.10 - Hulldiameter',$,IFCLENGTHMEASURE(0.),$);
#5748=IFCPROPERTYSINGLEVALUE('FMI.11 - Hullmerknad',$,IFCTEXT('Ikke aktuelt'),$);
#5749=IFCPROPERTYSINGLEVALUE('FMI.30 - Mutternavn',$,IFCTEXT('Ikke aktuelt'),$);
#5750=IFCPROPERTYSINGLEVALUE('FMI.31 - Antall muttere',$,IFCINTEGER(0),$);
#5751=IFCPROPERTYSINGLEVALUE('FMI.40 - Skivenavn',$,IFCTEXT('Underlagsskive M20-NS-ISO 7089'),$);
#5752=IFCPROPERTYSINGLEVALUE('FMI.41 - Antall skiver',$,IFCINTEGER(1),$);
#5753=IFCOWNERHISTORY(#3,#4,.READWRITE.,.ADDED.,1789134012,#3,#4,1789134012);
#5754=IFCPROPERTYSET('2u4nRNeZn59e1hCzf$Sv1y',#5753,'BIM_Tverrfaglig',$,(#5757,#5758,#5759,#5760,#5761));
#5755=IFCOWNERHISTORY(#3,#4,.READWRITE.,.ADDED.,1789134012,#3,#4,1789134012);
#5756=IFCRELDEFINESBYPROPERTIES('05PtsKjGT118nqcv1Zevon',#5755,$,$,(#4449),#5754);
#5757=IFCPROPERTYSINGLEVALUE('BIM.04 - MMI',$,IFCTEXT('350'),$);
#5758=IFCPROPERTYSINGLEVALUE('BIM.05 - Elementnavn',$,IFCTEXT('Mutter'),$);
#5759=IFCPROPERTYSINGLEVALUE('BIM.06 - Fag',$,IFCTEXT('KON'),$);
#5760=IFCPROPERTYSINGLEVALUE('BIM.07 - Revisjon',$,IFCTEXT('A'),$);
#5761=IFCPROPERTYSINGLEVALUE('BIM.08 - Revisjonsdato',$,IFCTEXT('2023-01-16'),$);
#5762=IFCOWNERHISTORY(#3,#4,.READWRITE.,.ADDED.,1789134012,#3,#4,1789134012);
#5763=IFCPROPERTYSET('3DDrnpANHFOw0IhJCD_Idh',#5762,'KON_Felles',$,(#5766,#5767,#5768,#5769,#5770,#5771,#5772,#5773,#5774,#5775,#5776,#5777));
#5764=IFCOWNERHISTORY(#3,#4,.READWRITE.,.ADDED.,1789134012,#3,#4,1789134012);
#5765=IFCRELDEFINESBYPROPERTIES('2ar4DvBt1EnQwiAeXL5B$m',#5764,$,$,(#4449),#5763);
#5766=IFCPROPERTYSINGLEVALUE('KON.01 - Konstruksjonsnummer',$,IFCTEXT('K100'),$);
#5767=IFCPROPERTYSINGLEVALUE('KON.03 - Akse',$,IFCTEXT('01'),$);
#5768=IFCPROPERTYSINGLEVALUE('KON.10 - Konstruksjonsinndeling',$,IFCTEXT('Bru'),$);
#5769=IFCPROPERTYSINGLEVALUE('KON.11 - Konstruksjonsdel',$,IFCTEXT('Mutter'),$);
#5770=IFCPROPERTYSINGLEVALUE('KON.13 - Elementnavn',$,IFCTEXT('Mutter'),$);
#5771=IFCPROPERTYSINGLEVALUE('KON.20 - Produksjonsenhet',$,IFCTEXT('PLD-1002'),$);
#5772=IFCPROPERTYSINGLEVALUE('KON.30 - Plasseringsprioritet',$,IFCTEXT('2 - Viker for 1'),$);
#5773=IFCPROPERTYSINGLEVALUE('KON.31 - Plasseringsmerknad',$,IFCTEXT('Ikke angitt'),$);
#5774=IFCPROPERTYSINGLEVALUE('KON.40 - Materialtype',$,IFCTEXT('St\X2\00E5\X0\l'),$);
#5775=IFCPROPERTYSINGLEVALUE('KON.41 - Materialspesifikasjon',$,IFCTEXT('8.8'),$);
#5776=IFCPROPERTYSINGLEVALUE('KON.51 - Produksjonsmerknad 1',$,IFCTEXT('Ikke aktuelt'),$);
#5777=IFCPROPERTYSINGLEVALUE('KON.53 - Utf\X2\00F8\X0\relsesmerknad 1',$,IFCTEXT('Ikke angitt'),$);
#5778=IFCOWNERHISTORY(#3,#4,.READWRITE.,.ADDED.,1789134012,#3,#4,1789134012);
#5779=IFCPROPERTYSET('2nneuplHj5oP5d7c4oGKSY',#5778,'KON_Festemidler',$,(#5782,#5783,#5784,#5785,#5786,#5787,#5788,#5789,#5790,#5791,#5792,#5793));
#5780=IFCOWNERHISTORY(#3,#4,.READWRITE.,.ADDED.,1789134012,#3,#4,1789134012);
#5781=IFCRELDEFINESBYPROPERTIES('2e0aCSZkfDLvNaSpR4GTkr',#5780,$,$,(#4449),#5779);
#5782=IFCPROPERTYSINGLEVALUE('FMI.01 - Navn',$,IFCTEXT('Ikke aktuelt'),$);
#5783=IFCPROPERTYSINGLEVALUE('FMI.02 - Antall skruer',$,IFCINTEGER(0),$);
#5784=IFCPROPERTYSINGLEVALUE('FMI.03 - Skruediameter',$,IFCLENGTHMEASURE(0.),$);
#5785=IFCPROPERTYSINGLEVALUE('FMI.04 - Skruelengde',$,IFCLENGTHMEASURE(0.),$);
#5786=IFCPROPERTYSINGLEVALUE('FMI.05 - Kvalitet',$,IFCTEXT('8.8'),$);
#5787=IFCPROPERTYSINGLEVALUE('FMI.06 - Monteringssted',$,IFCTEXT('Byggeplass'),$);
#5788=IFCPROPERTYSINGLEVALUE('FMI.10 - Hulldiameter',$,IFCLENGTHMEASURE(0.),$);
#5789=IFCPROPERTYSINGLEVALUE('FMI.11 - Hullmerknad',$,IFCTEXT('Ikke aktuelt'),$);
#5790=IFCPROPERTYSINGLEVALUE('FMI.30 - Mutternavn',$,IFCTEXT('6k-mutter M20-NS-ISO 4032'),$);
#5791=IFCPROPERTYSINGLEVALUE('FMI.31 - Antall muttere',$,IFCINTEGER(1),$);
#5792=IFCPROPERTYSINGLEVALUE('FMI.40 - Skivenavn',$,IFCTEXT('Ikke aktuelt'),$);
#5793=IFCPROPERTYSINGLEVALUE('FMI.41 - Antall skiver',$,IFCINTEGER(0),$);
#5794=IFCOWNERHISTORY(#3,#4,.READWRITE.,.ADDED.,1789134012,#3,#4,1789134012);
#5795=IFCPROPERTYSET('0K8PB14JfEIeX7SBL6FCEb',#5794,'BIM_Tverrfaglig',$,(#5798,#5799,#5800,#5801,#5802));
#5796=IFCOWNERHISTORY(#3,#4,.READWRITE.,.ADDED.,1789134012,#3,#4,1789134012);
#5797=IFCRELDEFINESBYPROPERTIES('3VjLCAojn42RdjNjs1Beib',#5796,$,$,(#4455),#5795);
#5798=IFCPROPERTYSINGLEVALUE('BIM.04 - MMI',$,IFCTEXT('350'),$);
#5799=IFCPROPERTYSINGLEVALUE('BIM.05 - Elementnavn',$,IFCTEXT('Skive'),$);
#5800=IFCPROPERTYSINGLEVALUE('BIM.06 - Fag',$,IFCTEXT('KON'),$);
#5801=IFCPROPERTYSINGLEVALUE('BIM.07 - Revisjon',$,IFCTEXT('A'),$);
#5802=IFCPROPERTYSINGLEVALUE('BIM.08 - Revisjonsdato',$,IFCTEXT('2023-01-16'),$);
#5803=IFCOWNERHISTORY(#3,#4,.READWRITE.,.ADDED.,1789134012,#3,#4,1789134012);
#5804=IFCPROPERTYSET('3fi2awuWn9wBGA8KhM1wsU',#5803,'KON_Felles',$,(#5807,#5808,#5809,#5810,#5811,#5812,#5813,#5814,#5815,#5816,#5817,#5818));
#5805=IFCOWNERHISTORY(#3,#4,.READWRITE.,.ADDED.,1789134012,#3,#4,1789134012);
#5806=IFCRELDEFINESBYPROPERTIES('2NXCRgFpv4Q9nQbKN9pnGo',#5805,$,$,(#4455),#5804);
#5807=IFCPROPERTYSINGLEVALUE('KON.01 - Konstruksjonsnummer',$,IFCTEXT('K100'),$);
#5808=IFCPROPERTYSINGLEVALUE('KON.03 - Akse',$,IFCTEXT('01'),$);
#5809=IFCPROPERTYSINGLEVALUE('KON.10 - Konstruksjonsinndeling',$,IFCTEXT('Bru'),$);
#5810=IFCPROPERTYSINGLEVALUE('KON.11 - Konstruksjonsdel',$,IFCTEXT('Skive'),$);
#5811=IFCPROPERTYSINGLEVALUE('KON.13 - Elementnavn',$,IFCTEXT('Skive'),$);
#5812=IFCPROPERTYSINGLEVALUE('KON.20 - Produksjonsenhet',$,IFCTEXT('PLD-1002'),$);
#5813=IFCPROPERTYSINGLEVALUE('KON.30 - Plasseringsprioritet',$,IFCTEXT('2 - Viker for 1'),$);
#5814=IFCPROPERTYSINGLEVALUE('KON.31 - Plasseringsmerknad',$,IFCTEXT('Ikke angitt'),$);
#5815=IFCPROPERTYSINGLEVALUE('KON.40 - Materialtype',$,IFCTEXT('St\X2\00E5\X0\l'),$);
#5816=IFCPROPERTYSINGLEVALUE('KON.41 - Materialspesifikasjon',$,IFCTEXT('NS-ISO 7089'),$);
#5817=IFCPROPERTYSINGLEVALUE('KON.51 - Produksjonsmerknad 1',$,IFCTEXT('Ikke aktuelt'),$);
#5818=IFCPROPERTYSINGLEVALUE('KON.53 - Utf\X2\00F8\X0\relsesmerknad 1',$,IFCTEXT('Ikke angitt'),$);
#5819=IFCOWNERHISTORY(#3,#4,.READWRITE.,.ADDED.,1789134012,#3,#4,1789134012);
#5820=IFCPROPERTYSET('0zLxYMFwvB0uxudo6jbC4y',#5819,'KON_Festemidler',$,(#5823,#5824,#5825,#5826,#5827,#5828,#5829,#5830,#5831,#5832,#5833,#5834));
#5821=IFCOWNERHISTORY(#3,#4,.READWRITE.,.ADDED.,1789134012,#3,#4,1789134012);
#5822=IFCRELDEFINESBYPROPERTIES('2ugIpgbnD0sPzbC87s6jxr',#5821,$,$,(#4455),#5820);
#5823=IFCPROPERTYSINGLEVALUE('FMI.01 - Navn',$,IFCTEXT('Ikke aktuelt'),$);
#5824=IFCPROPERTYSINGLEVALUE('FMI.02 - Antall skruer',$,IFCINTEGER(0),$);
#5825=IFCPROPERTYSINGLEVALUE('FMI.03 - Skruediameter',$,IFCLENGTHMEASURE(0.),$);
#5826=IFCPROPERTYSINGLEVALUE('FMI.04 - Skruelengde',$,IFCLENGTHMEASURE(0.),$);
#5827=IFCPROPERTYSINGLEVALUE('FMI.05 - Kvalitet',$,IFCTEXT('8.8'),$);
#5828=IFCPROPERTYSINGLEVALUE('FMI.06 - Monteringssted',$,IFCTEXT('Byggeplass'),$);
#5829=IFCPROPERTYSINGLEVALUE('FMI.10 - Hulldiameter',$,IFCLENGTHMEASURE(0.),$);
#5830=IFCPROPERTYSINGLEVALUE('FMI.11 - Hullmerknad',$,IFCTEXT('Ikke aktuelt'),$);
#5831=IFCPROPERTYSINGLEVALUE('FMI.30 - Mutternavn',$,IFCTEXT('Ikke aktuelt'),$);
#5832=IFCPROPERTYSINGLEVALUE('FMI.31 - Antall muttere',$,IFCINTEGER(0),$);
#5833=IFCPROPERTYSINGLEVALUE('FMI.40 - Skivenavn',$,IFCTEXT('Underlagsskive M20-NS-ISO 7089'),$);
#5834=IFCPROPERTYSINGLEVALUE('FMI.41 - Antall skiver',$,IFCINTEGER(1),$);
#5835=IFCOWNERHISTORY(#3,#4,.READWRITE.,.ADDED.,1789134012,#3,#4,1789134012);
#5836=IFCPROPERTYSET('2DJXZS3ez6uviZPcTEh1TU',#5835,'BIM_Tverrfaglig',$,(#5839,#5840,#5841,#5842,#5843));
#5837=IFCOWNERHISTORY(#3,#4,.READWRITE.,.ADDED.,1789134012,#3,#4,1789134012);
#5838=IFCRELDEFINESBYPROPERTIES('3H0YGybs526QSpcN3sa62T',#5837,$,$,(#4461),#5836);
#5839=IFCPROPERTYSINGLEVALUE('BIM.04 - MMI',$,IFCTEXT('350'),$);
#5840=IFCPROPERTYSINGLEVALUE('BIM.05 - Elementnavn',$,IFCTEXT('Mutter'),$);
#5841=IFCPROPERTYSINGLEVALUE('BIM.06 - Fag',$,IFCTEXT('KON'),$);
#5842=IFCPROPERTYSINGLEVALUE('BIM.07 - Revisjon',$,IFCTEXT('A'),$);
#5843=IFCPROPERTYSINGLEVALUE('BIM.08 - Revisjonsdato',$,IFCTEXT('2023-01-16'),$);
#5844=IFCOWNERHISTORY(#3,#4,.READWRITE.,.ADDED.,1789134012,#3,#4,1789134012);
#5845=IFCPROPERTYSET('1ouRuro_5FiR8kUvSJbUzl',#5844,'KON_Felles',$,(#5848,#5849,#5850,#5851,#5852,#5853,#5854,#5855,#5856,#5857,#5858,#5859));
#5846=IFCOWNERHISTORY(#3,#4,.READWRITE.,.ADDED.,1789134012,#3,#4,1789134012);
#5847=IFCRELDEFINESBYPROPERTIES('0SHx9JJ5zEsuv6HPPVqAC8',#5846,$,$,(#4461),#5845);
#5848=IFCPROPERTYSINGLEVALUE('KON.01 - Konstruksjonsnummer',$,IFCTEXT('K100'),$);
#5849=IFCPROPERTYSINGLEVALUE('KON.03 - Akse',$,IFCTEXT('01'),$);
#5850=IFCPROPERTYSINGLEVALUE('KON.10 - Konstruksjonsinndeling',$,IFCTEXT('Bru'),$);
#5851=IFCPROPERTYSINGLEVALUE('KON.11 - Konstruksjonsdel',$,IFCTEXT('Mutter'),$);
#5852=IFCPROPERTYSINGLEVALUE('KON.13 - Elementnavn',$,IFCTEXT('Mutter'),$);
#5853=IFCPROPERTYSINGLEVALUE('KON.20 - Produksjonsenhet',$,IFCTEXT('PLD-1002'),$);
#5854=IFCPROPERTYSINGLEVALUE('KON.30 - Plasseringsprioritet',$,IFCTEXT('2 - Viker for 1'),$);
#5855=IFCPROPERTYSINGLEVALUE('KON.31 - Plasseringsmerknad',$,IFCTEXT('Ikke angitt'),$);
#5856=IFCPROPERTYSINGLEVALUE('KON.40 - Materialtype',$,IFCTEXT('St\X2\00E5\X0\l'),$);
#5857=IFCPROPERTYSINGLEVALUE('KON.41 - Materialspesifikasjon',$,IFCTEXT('8.8'),$);
#5858=IFCPROPERTYSINGLEVALUE('KON.51 - Produksjonsmerknad 1',$,IFCTEXT('Ikke aktuelt'),$);
#5859=IFCPROPERTYSINGLEVALUE('KON.53 - Utf\X2\00F8\X0\relsesmerknad 1',$,IFCTEXT('Ikke angitt'),$);
#5860=IFCOWNERHISTORY(#3,#4,.READWRITE.,.ADDED.,1789134012,#3,#4,1789134012);
#5861=IFCPROPERTYSET('1LgEulWtbB7QdyYuzrKtOb',#5860,'KON_Festemidler',$,(#5864,#5865,#5866,#5867,#5868,#5869,#5870,#5871,#5872,#5873,#5874,#5875));
#5862=IFCOWNERHISTORY(#3,#4,.READWRITE.,.ADDED.,1789134012,#3,#4,1789134012);
#5863=IFCRELDEFINESBYPROPERTIES('0y3sliiED4tQvgiLDb6D_b',#5862,$,$,(#4461),#5861);
#5864=IFCPROPERTYSINGLEVALUE('FMI.01 - Navn',$,IFCTEXT('Ikke aktuelt'),$);
#5865=IFCPROPERTYSINGLEVALUE('FMI.02 - Antall skruer',$,IFCINTEGER(0),$);
#5866=IFCPROPERTYSINGLEVALUE('FMI.03 - Skruediameter',$,IFCLENGTHMEASURE(0.),$);
#5867=IFCPROPERTYSINGLEVALUE('FMI.04 - Skruelengde',$,IFCLENGTHMEASURE(0.),$);
#5868=IFCPROPERTYSINGLEVALUE('FMI.05 - Kvalitet',$,IFCTEXT('8.8'),$);
#5869=IFCPROPERTYSINGLEVALUE('FMI.06 - Monteringssted',$,IFCTEXT('Byggeplass'),$);
#5870=IFCPROPERTYSINGLEVALUE('FMI.10 - Hulldiameter',$,IFCLENGTHMEASURE(0.),$);
#5871=IFCPROPERTYSINGLEVALUE('FMI.11 - Hullmerknad',$,IFCTEXT('Ikke aktuelt'),$);
#5872=IFCPROPERTYSINGLEVALUE('FMI.30 - Mutternavn',$,IFCTEXT('6k-mutter M20-NS-ISO 4032'),$);
#5873=IFCPROPERTYSINGLEVALUE('FMI.31 - Antall muttere',$,IFCINTEGER(1),$);
#5874=IFCPROPERTYSINGLEVALUE('FMI.40 - Skivenavn',$,IFCTEXT('Ikke aktuelt'),$);
#5875=IFCPROPERTYSINGLEVALUE('FMI.41 - Antall skiver',$,IFCINTEGER(0),$);
#5876=IFCOWNERHISTORY(#3,#4,.READWRITE.,.ADDED.,1789134012,#3,#4,1789134012);
#5877=IFCPROPERTYSET('3_AhI1lhr8nOe7ZiMYWVp6',#5876,'BIM_Tverrfaglig',$,(#5880,#5881,#5882,#5883,#5884));
#5878=IFCOWNERHISTORY(#3,#4,.READWRITE.,.ADDED.,1789134012,#3,#4,1789134012);
#5879=IFCRELDEFINESBYPROPERTIES('1VdNuJGdz2R8WW59BGr6fT',#5878,$,$,(#4467),#5877);
#5880=IFCPROPERTYSINGLEVALUE('BIM.04 - MMI',$,IFCTEXT('350'),$);
#5881=IFCPROPERTYSINGLEVALUE('BIM.05 - Elementnavn',$,IFCTEXT('Skive'),$);
#5882=IFCPROPERTYSINGLEVALUE('BIM.06 - Fag',$,IFCTEXT('KON'),$);
#5883=IFCPROPERTYSINGLEVALUE('BIM.07 - Revisjon',$,IFCTEXT('A'),$);
#5884=IFCPROPERTYSINGLEVALUE('BIM.08 - Revisjonsdato',$,IFCTEXT('2023-01-16'),$);
#5885=IFCOWNERHISTORY(#3,#4,.READWRITE.,.ADDED.,1789134012,#3,#4,1789134012);
#5886=IFCPROPERTYSET('2BtGYJ3JDDhRS2TTfKQ$87',#5885,'KON_Felles',$,(#5889,#5890,#5891,#5892,#5893,#5894,#5895,#5896,#5897,#5898,#5899,#5900));
#5887=IFCOWNERHISTORY(#3,#4,.READWRITE.,.ADDED.,1789134012,#3,#4,1789134012);
#5888=IFCRELDEFINESBYPROPERTIES('30$U2Ed2L0Jfn4a47DHjxQ',#5887,$,$,(#4467),#5886);
#5889=IFCPROPERTYSINGLEVALUE('KON.01 - Konstruksjonsnummer',$,IFCTEXT('K100'),$);
#5890=IFCPROPERTYSINGLEVALUE('KON.03 - Akse',$,IFCTEXT('01'),$);
#5891=IFCPROPERTYSINGLEVALUE('KON.10 - Konstruksjonsinndeling',$,IFCTEXT('Bru'),$);
#5892=IFCPROPERTYSINGLEVALUE('KON.11 - Konstruksjonsdel',$,IFCTEXT('Skive'),$);
#5893=IFCPROPERTYSINGLEVALUE('KON.13 - Elementnavn',$,IFCTEXT('Skive'),$);
#5894=IFCPROPERTYSINGLEVALUE('KON.20 - Produksjonsenhet',$,IFCTEXT('PLD-1002'),$);
#5895=IFCPROPERTYSINGLEVALUE('KON.30 - Plasseringsprioritet',$,IFCTEXT('2 - Viker for 1'),$);
#5896=IFCPROPERTYSINGLEVALUE('KON.31 - Plasseringsmerknad',$,IFCTEXT('Ikke angitt'),$);
#5897=IFCPROPERTYSINGLEVALUE('KON.40 - Materialtype',$,IFCTEXT('St\X2\00E5\X0\l'),$);
#5898=IFCPROPERTYSINGLEVALUE('KON.41 - Materialspesifikasjon',$,IFCTEXT('NS-ISO 7089'),$);
#5899=IFCPROPERTYSINGLEVALUE('KON.51 - Produksjonsmerknad 1',$,IFCTEXT('Ikke aktuelt'),$);
#5900=IFCPROPERTYSINGLEVALUE('KON.53 - Utf\X2\00F8\X0\relsesmerknad 1',$,IFCTEXT('Ikke angitt'),$);
#5901=IFCOWNERHISTORY(#3,#4,.READWRITE.,.ADDED.,1789134012,#3,#4,1789134012);
#5902=IFCPROPERTYSET('1nbgP1iwn6fhcRqzWKVvoh',#5901,'KON_Festemidler',$,(#5905,#5906,#5907,#5908,#5909,#5910,#5911,#5912,#5913,#5914,#5915,#5916));
#5903=IFCOWNERHISTORY(#3,#4,.READWRITE.,.ADDED.,1789134012,#3,#4,1789134012);
#5904=IFCRELDEFINESBYPROPERTIES('3KrdgS$PPFn8TgGhbbXsze',#5903,$,$,(#4467),#5902);
#5905=IFCPROPERTYSINGLEVALUE('FMI.01 - Navn',$,IFCTEXT('Ikke aktuelt'),$);
#5906=IFCPROPERTYSINGLEVALUE('FMI.02 - Antall skruer',$,IFCINTEGER(0),$);
#5907=IFCPROPERTYSINGLEVALUE('FMI.03 - Skruediameter',$,IFCLENGTHMEASURE(0.),$);
#5908=IFCPROPERTYSINGLEVALUE('FMI.04 - Skruelengde',$,IFCLENGTHMEASURE(0.),$);
#5909=IFCPROPERTYSINGLEVALUE('FMI.05 - Kvalitet',$,IFCTEXT('8.8'),$);
#5910=IFCPROPERTYSINGLEVALUE('FMI.06 - Monteringssted',$,IFCTEXT('Byggeplass'),$);
#5911=IFCPROPERTYSINGLEVALUE('FMI.10 - Hulldiameter',$,IFCLENGTHMEASURE(0.),$);
#5912=IFCPROPERTYSINGLEVALUE('FMI.11 - Hullmerknad',$,IFCTEXT('Ikke aktuelt'),$);
#5913=IFCPROPERTYSINGLEVALUE('FMI.30 - Mutternavn',$,IFCTEXT('Ikke aktuelt'),$);
#5914=IFCPROPERTYSINGLEVALUE('FMI.31 - Antall muttere',$,IFCINTEGER(0),$);
#5915=IFCPROPERTYSINGLEVALUE('FMI.40 - Skivenavn',$,IFCTEXT('Underlagsskive M20-NS-ISO 7089'),$);
#5916=IFCPROPERTYSINGLEVALUE('FMI.41 - Antall skiver',$,IFCINTEGER(1),$);
#5917=IFCOWNERHISTORY(#3,#4,.READWRITE.,.ADDED.,1789134012,#3,#4,1789134012);
#5918=IFCPROPERTYSET('1zGXfdGqX0xwzJUx3FrPgT',#5917,'BIM_Tverrfaglig',$,(#5921,#5922,#5923,#5924,#5925));
#5919=IFCOWNERHISTORY(#3,#4,.READWRITE.,.ADDED.,1789134012,#3,#4,1789134012);
#5920=IFCRELDEFINESBYPROPERTIES('2kqbL0f_H1MuKvkfJGz217',#5919,$,$,(#4473),#5918);
#5921=IFCPROPERTYSINGLEVALUE('BIM.04 - MMI',$,IFCTEXT('350'),$);
#5922=IFCPROPERTYSINGLEVALUE('BIM.05 - Elementnavn',$,IFCTEXT('Mutter'),$);
#5923=IFCPROPERTYSINGLEVALUE('BIM.06 - Fag',$,IFCTEXT('KON'),$);
#5924=IFCPROPERTYSINGLEVALUE('BIM.07 - Revisjon',$,IFCTEXT('A'),$);
#5925=IFCPROPERTYSINGLEVALUE('BIM.08 - Revisjonsdato',$,IFCTEXT('2023-01-16'),$);
#5926=IFCOWNERHISTORY(#3,#4,.READWRITE.,.ADDED.,1789134012,#3,#4,1789134012);
#5927=IFCPROPERTYSET('01iF6327P1nRKuCMttKhzZ',#5926,'KON_Felles',$,(#5930,#5931,#5932,#5933,#5934,#5935,#5936,#5937,#5938,#5939,#5940,#5941));
#5928=IFCOWNERHISTORY(#3,#4,.READWRITE.,.ADDED.,1789134012,#3,#4,1789134012);
#5929=IFCRELDEFINESBYPROPERTIES('3t2NF96pTCw98l6ealFDRu',#5928,$,$,(#4473),#5927);
#5930=IFCPROPERTYSINGLEVALUE('KON.01 - Konstruksjonsnummer',$,IFCTEXT('K100'),$);
#5931=IFCPROPERTYSINGLEVALUE('KON.03 - Akse',$,IFCTEXT('01'),$);
#5932=IFCPROPERTYSINGLEVALUE('KON.10 - Konstruksjonsinndeling',$,IFCTEXT('Bru'),$);
#5933=IFCPROPERTYSINGLEVALUE('KON.11 - Konstruksjonsdel',$,IFCTEXT('Mutter'),$);
#5934=IFCPROPERTYSINGLEVALUE('KON.13 - Elementnavn',$,IFCTEXT('Mutter'),$);
#5935=IFCPROPERTYSINGLEVALUE('KON.20 - Produksjonsenhet',$,IFCTEXT('PLD-1002'),$);
#5936=IFCPROPERTYSINGLEVALUE('KON.30 - Plasseringsprioritet',$,IFCTEXT('2 - Viker for 1'),$);
#5937=IFCPROPERTYSINGLEVALUE('KON.31 - Plasseringsmerknad',$,IFCTEXT('Ikke angitt'),$);
#5938=IFCPROPERTYSINGLEVALUE('KON.40 - Materialtype',$,IFCTEXT('St\X2\00E5\X0\l'),$);
#5939=IFCPROPERTYSINGLEVALUE('KON.41 - Materialspesifikasjon',$,IFCTEXT('8.8'),$);
#5940=IFCPROPERTYSINGLEVALUE('KON.51 - Produksjonsmerknad 1',$,IFCTEXT('Ikke aktuelt'),$);
#5941=IFCPROPERTYSINGLEVALUE('KON.53 - Utf\X2\00F8\X0\relsesmerknad 1',$,IFCTEXT('Ikke angitt'),$);
#5942=IFCOWNERHISTORY(#3,#4,.READWRITE.,.ADDED.,1789134012,#3,#4,1789134012);
#5943=IFCPROPERTYSET('3yBhxEAcrCPuNZ4GaGojw_',#5942,'KON_Festemidler',$,(#5946,#5947,#5948,#5949,#5950,#5951,#5952,#5953,#5954,#5955,#5956,#5957));
#5944=IFCOWNERHISTORY(#3,#4,.READWRITE.,.ADDED.,1789134012,#3,#4,1789134012);
#5945=IFCRELDEFINESBYPROPERTIES('3Wp76g75LEwvnzSwhFkLc5',#5944,$,$,(#4473),#5943);
#5946=IFCPROPERTYSINGLEVALUE('FMI.01 - Navn',$,IFCTEXT('Ikke aktuelt'),$);
#5947=IFCPROPERTYSINGLEVALUE('FMI.02 - Antall skruer',$,IFCINTEGER(0),$);
#5948=IFCPROPERTYSINGLEVALUE('FMI.03 - Skruediameter',$,IFCLENGTHMEASURE(0.),$);
#5949=IFCPROPERTYSINGLEVALUE('FMI.04 - Skruelengde',$,IFCLENGTHMEASURE(0.),$);
#5950=IFCPROPERTYSINGLEVALUE('FMI.05 - Kvalitet',$,IFCTEXT('8.8'),$);
#5951=IFCPROPERTYSINGLEVALUE('FMI.06 - Monteringssted',$,IFCTEXT('Byggeplass'),$);
#5952=IFCPROPERTYSINGLEVALUE('FMI.10 - Hulldiameter',$,IFCLENGTHMEASURE(0.),$);
#5953=IFCPROPERTYSINGLEVALUE('FMI.11 - Hullmerknad',$,IFCTEXT('Ikke aktuelt'),$);
#5954=IFCPROPERTYSINGLEVALUE('FMI.30 - Mutternavn',$,IFCTEXT('6k-mutter M20-NS-ISO 4032'),$);
#5955=IFCPROPERTYSINGLEVALUE('FMI.31 - Antall muttere',$,IFCINTEGER(1),$);
#5956=IFCPROPERTYSINGLEVALUE('FMI.40 - Skivenavn',$,IFCTEXT('Ikke aktuelt'),$);
#5957=IFCPROPERTYSINGLEVALUE('FMI.41 - Antall skiver',$,IFCINTEGER(0),$);
#5958=IFCOWNERHISTORY(#3,#4,.READWRITE.,.ADDED.,1789134012,#3,#4,1789134012);
#5959=IFCPROPERTYSET('2I6ZK8Tb14yAksDDxGpogh',#5958,'BIM_Tverrfaglig',$,(#5962,#5963,#5964,#5965,#5966));
#5960=IFCOWNERHISTORY(#3,#4,.READWRITE.,.ADDED.,1789134012,#3,#4,1789134012);
#5961=IFCRELDEFINESBYPROPERTIES('3FgSVeLiHA9vZPuM7gbMYm',#5960,$,$,(#4479),#5959);
#5962=IFCPROPERTYSINGLEVALUE('BIM.04 - MMI',$,IFCTEXT('350'),$);
#5963=IFCPROPERTYSINGLEVALUE('BIM.05 - Elementnavn',$,IFCTEXT('Skive'),$);
#5964=IFCPROPERTYSINGLEVALUE('BIM.06 - Fag',$,IFCTEXT('KON'),$);
#5965=IFCPROPERTYSINGLEVALUE('BIM.07 - Revisjon',$,IFCTEXT('A'),$);
#5966=IFCPROPERTYSINGLEVALUE('BIM.08 - Revisjonsdato',$,IFCTEXT('2023-01-16'),$);
#5967=IFCOWNERHISTORY(#3,#4,.READWRITE.,.ADDED.,1789134012,#3,#4,1789134012);
#5968=IFCPROPERTYSET('2xqMWI_Hr6tQQVzGTSnaGI',#5967,'KON_Felles',$,(#5971,#5972,#5973,#5974,#5975,#5976,#5977,#5978,#5979,#5980,#5981,#5982));
#5969=IFCOWNERHISTORY(#3,#4,.READWRITE.,.ADDED.,1789134012,#3,#4,1789134012);
#5970=IFCRELDEFINESBYPROPERTIES('2lM1JWqWj7AwkoGyRznVn3',#5969,$,$,(#4479),#5968);
#5971=IFCPROPERTYSINGLEVALUE('KON.01 - Konstruksjonsnummer',$,IFCTEXT('K100'),$);
#5972=IFCPROPERTYSINGLEVALUE('KON.03 - Akse',$,IFCTEXT('01'),$);
#5973=IFCPROPERTYSINGLEVALUE('KON.10 - Konstruksjonsinndeling',$,IFCTEXT('Bru'),$);
#5974=IFCPROPERTYSINGLEVALUE('KON.11 - Konstruksjonsdel',$,IFCTEXT('Skive'),$);
#5975=IFCPROPERTYSINGLEVALUE('KON.13 - Elementnavn',$,IFCTEXT('Skive'),$);
#5976=IFCPROPERTYSINGLEVALUE('KON.20 - Produksjonsenhet',$,IFCTEXT('PLD-1002'),$);
#5977=IFCPROPERTYSINGLEVALUE('KON.30 - Plasseringsprioritet',$,IFCTEXT('2 - Viker for 1'),$);
#5978=IFCPROPERTYSINGLEVALUE('KON.31 - Plasseringsmerknad',$,IFCTEXT('Ikke angitt'),$);
#5979=IFCPROPERTYSINGLEVALUE('KON.40 - Materialtype',$,IFCTEXT('St\X2\00E5\X0\l'),$);
#5980=IFCPROPERTYSINGLEVALUE('KON.41 - Materialspesifikasjon',$,IFCTEXT('NS-ISO 7089'),$);
#5981=IFCPROPERTYSINGLEVALUE('KON.51 - Produksjonsmerknad 1',$,IFCTEXT('Ikke aktuelt'),$);
#5982=IFCPROPERTYSINGLEVALUE('KON.53 - Utf\X2\00F8\X0\relsesmerknad 1',$,IFCTEXT('Ikke angitt'),$);
#5983=IFCOWNERHISTORY(#3,#4,.READWRITE.,.ADDED.,1789134012,#3,#4,1789134012);
#5984=IFCPROPERTYSET('14twEYdWv7oPsGv9i793c7',#5983,'KON_Festemidler',$,(#5987,#5988,#5989,#5990,#5991,#5992,#5993,#5994,#5995,#5996,#5997,#5998));
#5985=IFCOWNERHISTORY(#3,#4,.READWRITE.,.ADDED.,1789134012,#3,#4,1789134012);
#5986=IFCRELDEFINESBYPROPERTIES('0ZpDXrABn32vayp4uHqckt',#5985,$,$,(#4479),#5984);
#5987=IFCPROPERTYSINGLEVALUE('FMI.01 - Navn',$,IFCTEXT('Ikke aktuelt'),$);
#5988=IFCPROPERTYSINGLEVALUE('FMI.02 - Antall skruer',$,IFCINTEGER(0),$);
#5989=IFCPROPERTYSINGLEVALUE('FMI.03 - Skruediameter',$,IFCLENGTHMEASURE(0.),$);
#5990=IFCPROPERTYSINGLEVALUE('FMI.04 - Skruelengde',$,IFCLENGTHMEASURE(0.),$);
#5991=IFCPROPERTYSINGLEVALUE('FMI.05 - Kvalitet',$,IFCTEXT('8.8'),$);
#5992=IFCPROPERTYSINGLEVALUE('FMI.06 - Monteringssted',$,IFCTEXT('Byggeplass'),$);
#5993=IFCPROPERTYSINGLEVALUE('FMI.10 - Hulldiameter',$,IFCLENGTHMEASURE(0.),$);
#5994=IFCPROPERTYSINGLEVALUE('FMI.11 - Hullmerknad',$,IFCTEXT('Ikke aktuelt'),$);
#5995=IFCPROPERTYSINGLEVALUE('FMI.30 - Mutternavn',$,IFCTEXT('Ikke aktuelt'),$);
#5996=IFCPROPERTYSINGLEVALUE('FMI.31 - Antall muttere',$,IFCINTEGER(0),$);
#5997=IFCPROPERTYSINGLEVALUE('FMI.40 - Skivenavn',$,IFCTEXT('Underlagsskive M20-NS-ISO 7089'),$);
#5998=IFCPROPERTYSINGLEVALUE('FMI.41 - Antall skiver',$,IFCINTEGER(1),$);
#5999=IFCOWNERHISTORY(#3,#4,.READWRITE.,.ADDED.,1789134012,#3,#4,1789134012);
#6000=IFCPROPERTYSET('0gSejbeyX7OfikRU9Sxeut',#5999,'BIM_Tverrfaglig',$,(#6003,#6004,#6005,#6006,#6007));
#6001=IFCOWNERHISTORY(#3,#4,.READWRITE.,.ADDED.,1789134012,#3,#4,1789134012);
#6002=IFCRELDEFINESBYPROPERTIES('35ORucTkvDmAAuvckSuo5m',#6001,$,$,(#4483),#6000);
#6003=IFCPROPERTYSINGLEVALUE('BIM.04 - MMI',$,IFCTEXT('350'),$);
#6004=IFCPROPERTYSINGLEVALUE('BIM.05 - Elementnavn',$,IFCTEXT('Skive'),$);
#6005=IFCPROPERTYSINGLEVALUE('BIM.06 - Fag',$,IFCTEXT('KON'),$);
#6006=IFCPROPERTYSINGLEVALUE('BIM.07 - Revisjon',$,IFCTEXT('A'),$);
#6007=IFCPROPERTYSINGLEVALUE('BIM.08 - Revisjonsdato',$,IFCTEXT('2023-01-16'),$);
#6008=IFCOWNERHISTORY(#3,#4,.READWRITE.,.ADDED.,1789134012,#3,#4,1789134012);
#6009=IFCPROPERTYSET('1HK3Kcn_f0_9cFbZVVCtwa',#6008,'KON_Felles',$,(#6012,#6013,#6014,#6015,#6016,#6017,#6018,#6019,#6020,#6021,#6022,#6023));
#6010=IFCOWNERHISTORY(#3,#4,.READWRITE.,.ADDED.,1789134012,#3,#4,1789134012);
#6011=IFCRELDEFINESBYPROPERTIES('2bukmR0nH6uwKIKaYDKMRS',#6010,$,$,(#4483),#6009);
#6012=IFCPROPERTYSINGLEVALUE('KON.01 - Konstruksjonsnummer',$,IFCTEXT('K100'),$);
#6013=IFCPROPERTYSINGLEVALUE('KON.03 - Akse',$,IFCTEXT('01'),$);
#6014=IFCPROPERTYSINGLEVALUE('KON.10 - Konstruksjonsinndeling',$,IFCTEXT('Bru'),$);
#6015=IFCPROPERTYSINGLEVALUE('KON.11 - Konstruksjonsdel',$,IFCTEXT('Skive'),$);
#6016=IFCPROPERTYSINGLEVALUE('KON.13 - Elementnavn',$,IFCTEXT('Skive'),$);
#6017=IFCPROPERTYSINGLEVALUE('KON.20 - Produksjonsenhet',$,IFCTEXT('PLD-1002'),$);
#6018=IFCPROPERTYSINGLEVALUE('KON.30 - Plasseringsprioritet',$,IFCTEXT('2 - Viker for 1'),$);
#6019=IFCPROPERTYSINGLEVALUE('KON.31 - Plasseringsmerknad',$,IFCTEXT('Ikke angitt'),$);
#6020=IFCPROPERTYSINGLEVALUE('KON.40 - Materialtype',$,IFCTEXT('St\X2\00E5\X0\l'),$);
#6021=IFCPROPERTYSINGLEVALUE('KON.41 - Materialspesifikasjon',$,IFCTEXT('NS-ISO 7089'),$);
#6022=IFCPROPERTYSINGLEVALUE('KON.51 - Produksjonsmerknad 1',$,IFCTEXT('Ikke aktuelt'),$);
#6023=IFCPROPERTYSINGLEVALUE('KON.53 - Utf\X2\00F8\X0\relsesmerknad 1',$,IFCTEXT('Ikke angitt'),$);
#6024=IFCOWNERHISTORY(#3,#4,.READWRITE.,.ADDED.,1789134012,#3,#4,1789134012);
#6025=IFCPROPERTYSET('2L9cdBKwbDwfNYzQG$MUoU',#6024,'KON_Festemidler',$,(#6028,#6029,#6030,#6031,#6032,#6033,#6034,#6035,#6036,#6037,#6038,#6039));
#6026=IFCOWNERHISTORY(#3,#4,.READWRITE.,.ADDED.,1789134012,#3,#4,1789134012);
#6027=IFCRELDEFINESBYPROPERTIES('3a16VPsz91reG1ujIBl4by',#6026,$,$,(#4483),#6025);
#6028=IFCPROPERTYSINGLEVALUE('FMI.01 - Navn',$,IFCTEXT('Ikke aktuelt'),$);
#6029=IFCPROPERTYSINGLEVALUE('FMI.02 - Antall skruer',$,IFCINTEGER(0),$);
#6030=IFCPROPERTYSINGLEVALUE('FMI.03 - Skruediameter',$,IFCLENGTHMEASURE(0.),$);
#6031=IFCPROPERTYSINGLEVALUE('FMI.04 - Skruelengde',$,IFCLENGTHMEASURE(0.),$);
#6032=IFCPROPERTYSINGLEVALUE('FMI.05 - Kvalitet',$,IFCTEXT('8.8'),$);
#6033=IFCPROPERTYSINGLEVALUE('FMI.06 - Monteringssted',$,IFCTEXT('Byggeplass'),$);
#6034=IFCPROPERTYSINGLEVALUE('FMI.10 - Hulldiameter',$,IFCLENGTHMEASURE(0.),$);
#6035=IFCPROPERTYSINGLEVALUE('FMI.11 - Hullmerknad',$,IFCTEXT('Ikke aktuelt'),$);
#6036=IFCPROPERTYSINGLEVALUE('FMI.30 - Mutternavn',$,IFCTEXT('Ikke aktuelt'),$);
#6037=IFCPROPERTYSINGLEVALUE('FMI.31 - Antall muttere',$,IFCINTEGER(0),$);
#6038=IFCPROPERTYSINGLEVALUE('FMI.40 - Skivenavn',$,IFCTEXT('Underlagsskive M20-NS-ISO 7089'),$);
#6039=IFCPROPERTYSINGLEVALUE('FMI.41 - Antall skiver',$,IFCINTEGER(1),$);
#6040=IFCOWNERHISTORY(#3,#4,.READWRITE.,.ADDED.,1789134012,#3,#4,1789134012);
#6041=IFCPROPERTYSET('3w4O2lLAz8g8OJMcPJn3T4',#6040,'BIM_Tverrfaglig',$,(#6044,#6045,#6046,#6047,#6048));
#6042=IFCOWNERHISTORY(#3,#4,.READWRITE.,.ADDED.,1789134012,#3,#4,1789134012);
#6043=IFCRELDEFINESBYPROPERTIES('2EuKeutFP48wugm3qYJNjR',#6042,$,$,(#4487),#6041);
#6044=IFCPROPERTYSINGLEVALUE('BIM.04 - MMI',$,IFCTEXT('350'),$);
#6045=IFCPROPERTYSINGLEVALUE('BIM.05 - Elementnavn',$,IFCTEXT('Skive'),$);
#6046=IFCPROPERTYSINGLEVALUE('BIM.06 - Fag',$,IFCTEXT('KON'),$);
#6047=IFCPROPERTYSINGLEVALUE('BIM.07 - Revisjon',$,IFCTEXT('A'),$);
#6048=IFCPROPERTYSINGLEVALUE('BIM.08 - Revisjonsdato',$,IFCTEXT('2023-01-16'),$);
#6049=IFCOWNERHISTORY(#3,#4,.READWRITE.,.ADDED.,1789134012,#3,#4,1789134012);
#6050=IFCPROPERTYSET('1KDLtDonr6zhWknrG_7VfT',#6049,'KON_Felles',$,(#6053,#6054,#6055,#6056,#6057,#6058,#6059,#6060,#6061,#6062,#6063,#6064));
#6051=IFCOWNERHISTORY(#3,#4,.READWRITE.,.ADDED.,1789134012,#3,#4,1789134012);
#6052=IFCRELDEFINESBYPROPERTIES('16OQ18Y8nEGR3vAkhZMJ0n',#6051,$,$,(#4487),#6050);
#6053=IFCPROPERTYSINGLEVALUE('KON.01 - Konstruksjonsnummer',$,IFCTEXT('K100'),$);
#6054=IFCPROPERTYSINGLEVALUE('KON.03 - Akse',$,IFCTEXT('01'),$);
#6055=IFCPROPERTYSINGLEVALUE('KON.10 - Konstruksjonsinndeling',$,IFCTEXT('Bru'),$);
#6056=IFCPROPERTYSINGLEVALUE('KON.11 - Konstruksjonsdel',$,IFCTEXT('Skive'),$);
#6057=IFCPROPERTYSINGLEVALUE('KON.13 - Elementnavn',$,IFCTEXT('Skive'),$);
#6058=IFCPROPERTYSINGLEVALUE('KON.20 - Produksjonsenhet',$,IFCTEXT('PLD-1002'),$);
#6059=IFCPROPERTYSINGLEVALUE('KON.30 - Plasseringsprioritet',$,IFCTEXT('2 - Viker for 1'),$);
#6060=IFCPROPERTYSINGLEVALUE('KON.31 - Plasseringsmerknad',$,IFCTEXT('Ikke angitt'),$);
#6061=IFCPROPERTYSINGLEVALUE('KON.40 - Materialtype',$,IFCTEXT('St\X2\00E5\X0\l'),$);
#6062=IFCPROPERTYSINGLEVALUE('KON.41 - Materialspesifikasjon',$,IFCTEXT('NS-ISO 7089'),$);
#6063=IFCPROPERTYSINGLEVALUE('KON.51 - Produksjonsmerknad 1',$,IFCTEXT('Ikke aktuelt'),$);
#6064=IFCPROPERTYSINGLEVALUE('KON.53 - Utf\X2\00F8\X0\relsesmerknad 1',$,IFCTEXT('Ikke angitt'),$);
#6065=IFCOWNERHISTORY(#3,#4,.READWRITE.,.ADDED.,1789134012,#3,#4,1789134012);
#6066=IFCPROPERTYSET('0YZFzQkdzF$O5R5Ivt2m59',#6065,'KON_Festemidler',$,(#6069,#6070,#6071,#6072,#6073,#6074,#6075,#6076,#6077,#6078,#6079,#6080));
#6067=IFCOWNERHISTORY(#3,#4,.READWRITE.,.ADDED.,1789134012,#3,#4,1789134012);
#6068=IFCRELDEFINESBYPROPERTIES('0X0EkY$hD2yO0A0r_AKaCb',#6067,$,$,(#4487),#6066);
#6069=IFCPROPERTYSINGLEVALUE('FMI.01 - Navn',$,IFCTEXT('Ikke aktuelt'),$);
#6070=IFCPROPERTYSINGLEVALUE('FMI.02 - Antall skruer',$,IFCINTEGER(0),$);
#6071=IFCPROPERTYSINGLEVALUE('FMI.03 - Skruediameter',$,IFCLENGTHMEASURE(0.),$);
#6072=IFCPROPERTYSINGLEVALUE('FMI.04 - Skruelengde',$,IFCLENGTHMEASURE(0.),$);
#6073=IFCPROPERTYSINGLEVALUE('FMI.05 - Kvalitet',$,IFCTEXT('8.8'),$);
#6074=IFCPROPERTYSINGLEVALUE('FMI.06 - Monteringssted',$,IFCTEXT('Byggeplass'),$);
#6075=IFCPROPERTYSINGLEVALUE('FMI.10 - Hulldiameter',$,IFCLENGTHMEASURE(0.),$);
#6076=IFCPROPERTYSINGLEVALUE('FMI.11 - Hullmerknad',$,IFCTEXT('Ikke aktuelt'),$);
#6077=IFCPROPERTYSINGLEVALUE('FMI.30 - Mutternavn',$,IFCTEXT('Ikke aktuelt'),$);
#6078=IFCPROPERTYSINGLEVALUE('FMI.31 - Antall muttere',$,IFCINTEGER(0),$);
#6079=IFCPROPERTYSINGLEVALUE('FMI.40 - Skivenavn',$,IFCTEXT('Underlagsskive M20-NS-ISO 7089'),$);
#6080=IFCPROPERTYSINGLEVALUE('FMI.41 - Antall skiver',$,IFCINTEGER(1),$);
#6081=IFCOWNERHISTORY(#3,#4,.READWRITE.,.ADDED.,1789134012,#3,#4,1789134012);
#6082=IFCPROPERTYSET('39Dgv6p65AOR4BWTwdsbMb',#6081,'BIM_Tverrfaglig',$,(#6085,#6086,#6087,#6088,#6089));
#6083=IFCOWNERHISTORY(#3,#4,.READWRITE.,.ADDED.,1789134012,#3,#4,1789134012);
#6084=IFCRELDEFINESBYPROPERTIES('1pXAGfpRf0Shrwuw56lvlC',#6083,$,$,(#4491),#6082);
#6085=IFCPROPERTYSINGLEVALUE('BIM.04 - MMI',$,IFCTEXT('350'),$);
#6086=IFCPROPERTYSINGLEVALUE('BIM.05 - Elementnavn',$,IFCTEXT('Skive'),$);
#6087=IFCPROPERTYSINGLEVALUE('BIM.06 - Fag',$,IFCTEXT('KON'),$);
#6088=IFCPROPERTYSINGLEVALUE('BIM.07 - Revisjon',$,IFCTEXT('A'),$);
#6089=IFCPROPERTYSINGLEVALUE('BIM.08 - Revisjonsdato',$,IFCTEXT('2023-01-16'),$);
#6090=IFCOWNERHISTORY(#3,#4,.READWRITE.,.ADDED.,1789134012,#3,#4,1789134012);
#6091=IFCPROPERTYSET('2njN80_F522xmeOVorp$_Y',#6090,'KON_Felles',$,(#6094,#6095,#6096,#6097,#6098,#6099,#6100,#6101,#6102,#6103,#6104,#6105));
#6092=IFCOWNERHISTORY(#3,#4,.READWRITE.,.ADDED.,1789134012,#3,#4,1789134012);
#6093=IFCRELDEFINESBYPROPERTIES('2zPBmQt4v7bhYLrDfFfWuo',#6092,$,$,(#4491),#6091);
#6094=IFCPROPERTYSINGLEVALUE('KON.01 - Konstruksjonsnummer',$,IFCTEXT('K100'),$);
#6095=IFCPROPERTYSINGLEVALUE('KON.03 - Akse',$,IFCTEXT('01'),$);
#6096=IFCPROPERTYSINGLEVALUE('KON.10 - Konstruksjonsinndeling',$,IFCTEXT('Bru'),$);
#6097=IFCPROPERTYSINGLEVALUE('KON.11 - Konstruksjonsdel',$,IFCTEXT('Skive'),$);
#6098=IFCPROPERTYSINGLEVALUE('KON.13 - Elementnavn',$,IFCTEXT('Skive'),$);
#6099=IFCPROPERTYSINGLEVALUE('KON.20 - Produksjonsenhet',$,IFCTEXT('PLD-1002'),$);
#6100=IFCPROPERTYSINGLEVALUE('KON.30 - Plasseringsprioritet',$,IFCTEXT('2 - Viker for 1'),$);
#6101=IFCPROPERTYSINGLEVALUE('KON.31 - Plasseringsmerknad',$,IFCTEXT('Ikke angitt'),$);
#6102=IFCPROPERTYSINGLEVALUE('KON.40 - Materialtype',$,IFCTEXT('St\X2\00E5\X0\l'),$);
#6103=IFCPROPERTYSINGLEVALUE('KON.41 - Materialspesifikasjon',$,IFCTEXT('NS-ISO 7089'),$);
#6104=IFCPROPERTYSINGLEVALUE('KON.51 - Produksjonsmerknad 1',$,IFCTEXT('Ikke aktuelt'),$);
#6105=IFCPROPERTYSINGLEVALUE('KON.53 - Utf\X2\00F8\X0\relsesmerknad 1',$,IFCTEXT('Ikke angitt'),$);
#6106=IFCOWNERHISTORY(#3,#4,.READWRITE.,.ADDED.,1789134012,#3,#4,1789134012);
#6107=IFCPROPERTYSET('0d7$bxBzH0dBQA1gD$U6U7',#6106,'KON_Festemidler',$,(#6110,#6111,#6112,#6113,#6114,#6115,#6116,#6117,#6118,#6119,#6120,#6121));
#6108=IFCOWNERHISTORY(#3,#4,.READWRITE.,.ADDED.,1789134012,#3,#4,1789134012);
#6109=IFCRELDEFINESBYPROPERTIES('2dsrniXGT6OwB52TlrNt8x',#6108,$,$,(#4491),#6107);
#6110=IFCPROPERTYSINGLEVALUE('FMI.01 - Navn',$,IFCTEXT('Ikke aktuelt'),$);
#6111=IFCPROPERTYSINGLEVALUE('FMI.02 - Antall skruer',$,IFCINTEGER(0),$);
#6112=IFCPROPERTYSINGLEVALUE('FMI.03 - Skruediameter',$,IFCLENGTHMEASURE(0.),$);
#6113=IFCPROPERTYSINGLEVALUE('FMI.04 - Skruelengde',$,IFCLENGTHMEASURE(0.),$);
#6114=IFCPROPERTYSINGLEVALUE('FMI.05 - Kvalitet',$,IFCTEXT('8.8'),$);
#6115=IFCPROPERTYSINGLEVALUE('FMI.06 - Monteringssted',$,IFCTEXT('Byggeplass'),$);
#6116=IFCPROPERTYSINGLEVALUE('FMI.10 - Hulldiameter',$,IFCLENGTHMEASURE(0.),$);
#6117=IFCPROPERTYSINGLEVALUE('FMI.11 - Hullmerknad',$,IFCTEXT('Ikke aktuelt'),$);
#6118=IFCPROPERTYSINGLEVALUE('FMI.30 - Mutternavn',$,IFCTEXT('Ikke aktuelt'),$);
#6119=IFCPROPERTYSINGLEVALUE('FMI.31 - Antall muttere',$,IFCINTEGER(0),$);
#6120=IFCPROPERTYSINGLEVALUE('FMI.40 - Skivenavn',$,IFCTEXT('Underlagsskive M20-NS-ISO 7089'),$);
#6121=IFCPROPERTYSINGLEVALUE('FMI.41 - Antall skiver',$,IFCINTEGER(1),$);
#6122=IFCOWNERHISTORY(#3,#4,.READWRITE.,.ADDED.,1789134012,#3,#4,1789134012);
#6123=IFCPROPERTYSET('10g9EmfLn6KAdHBNaW706U',#6122,'BIM_Tverrfaglig',$,(#6126,#6127,#6128,#6129,#6130));
#6124=IFCOWNERHISTORY(#3,#4,.READWRITE.,.ADDED.,1789134012,#3,#4,1789134012);
#6125=IFCRELDEFINESBYPROPERTIES('2AYdUvrv982OLGFp4fQZQC',#6124,$,$,(#4495),#6123);
#6126=IFCPROPERTYSINGLEVALUE('BIM.04 - MMI',$,IFCTEXT('350'),$);
#6127=IFCPROPERTYSINGLEVALUE('BIM.05 - Elementnavn',$,IFCTEXT('Skive'),$);
#6128=IFCPROPERTYSINGLEVALUE('BIM.06 - Fag',$,IFCTEXT('KON'),$);
#6129=IFCPROPERTYSINGLEVALUE('BIM.07 - Revisjon',$,IFCTEXT('A'),$);
#6130=IFCPROPERTYSINGLEVALUE('BIM.08 - Revisjonsdato',$,IFCTEXT('2023-01-16'),$);
#6131=IFCOWNERHISTORY(#3,#4,.READWRITE.,.ADDED.,1789134012,#3,#4,1789134012);
#6132=IFCPROPERTYSET('0pH9FmWKP7VhmKMrXKKyeM',#6131,'KON_Felles',$,(#6135,#6136,#6137,#6138,#6139,#6140,#6141,#6142,#6143,#6144,#6145,#6146));
#6133=IFCOWNERHISTORY(#3,#4,.READWRITE.,.ADDED.,1789134012,#3,#4,1789134012);
#6134=IFCRELDEFINESBYPROPERTIES('1SIvKL8Or5xugwqmRSGYra',#6133,$,$,(#4495),#6132);
#6135=IFCPROPERTYSINGLEVALUE('KON.01 - Konstruksjonsnummer',$,IFCTEXT('K100'),$);
#6136=IFCPROPERTYSINGLEVALUE('KON.03 - Akse',$,IFCTEXT('01'),$);
#6137=IFCPROPERTYSINGLEVALUE('KON.10 - Konstruksjonsinndeling',$,IFCTEXT('Bru'),$);
#6138=IFCPROPERTYSINGLEVALUE('KON.11 - Konstruksjonsdel',$,IFCTEXT('Skive'),$);
#6139=IFCPROPERTYSINGLEVALUE('KON.13 - Elementnavn',$,IFCTEXT('Skive'),$);
#6140=IFCPROPERTYSINGLEVALUE('KON.20 - Produksjonsenhet',$,IFCTEXT('PLD-1002'),$);
#6141=IFCPROPERTYSINGLEVALUE('KON.30 - Plasseringsprioritet',$,IFCTEXT('2 - Viker for 1'),$);
#6142=IFCPROPERTYSINGLEVALUE('KON.31 - Plasseringsmerknad',$,IFCTEXT('Ikke angitt'),$);
#6143=IFCPROPERTYSINGLEVALUE('KON.40 - Materialtype',$,IFCTEXT('St\X2\00E5\X0\l'),$);
#6144=IFCPROPERTYSINGLEVALUE('KON.41 - Materialspesifikasjon',$,IFCTEXT('NS-ISO 7089'),$);
#6145=IFCPROPERTYSINGLEVALUE('KON.51 - Produksjonsmerknad 1',$,IFCTEXT('Ikke aktuelt'),$);
#6146=IFCPROPERTYSINGLEVALUE('KON.53 - Utf\X2\00F8\X0\relsesmerknad 1',$,IFCTEXT('Ikke angitt'),$);
#6147=IFCOWNERHISTORY(#3,#4,.READWRITE.,.ADDED.,1789134012,#3,#4,1789134012);
#6148=IFCPROPERTYSET('3RU2_ktC1BxwP8rMBMTh97',#6147,'KON_Festemidler',$,(#6151,#6152,#6153,#6154,#6155,#6156,#6157,#6158,#6159,#6160,#6161,#6162));
#6149=IFCOWNERHISTORY(#3,#4,.READWRITE.,.ADDED.,1789134012,#3,#4,1789134012);
#6150=IFCRELDEFINESBYPROPERTIES('0NPL58xPP2fuY5Q$UQJh_2',#6149,$,$,(#4495),#6148);
#6151=IFCPROPERTYSINGLEVALUE('FMI.01 - Navn',$,IFCTEXT('Ikke aktuelt'),$);
#6152=IFCPROPERTYSINGLEVALUE('FMI.02 - Antall skruer',$,IFCINTEGER(0),$);
#6153=IFCPROPERTYSINGLEVALUE('FMI.03 - Skruediameter',$,IFCLENGTHMEASURE(0.),$);
#6154=IFCPROPERTYSINGLEVALUE('FMI.04 - Skruelengde',$,IFCLENGTHMEASURE(0.),$);
#6155=IFCPROPERTYSINGLEVALUE('FMI.05 - Kvalitet',$,IFCTEXT('8.8'),$);
#6156=IFCPROPERTYSINGLEVALUE('FMI.06 - Monteringssted',$,IFCTEXT('Byggeplass'),$);
#6157=IFCPROPERTYSINGLEVALUE('FMI.10 - Hulldiameter',$,IFCLENGTHMEASURE(0.),$);
#6158=IFCPROPERTYSINGLEVALUE('FMI.11 - Hullmerknad',$,IFCTEXT('Ikke aktuelt'),$);
#6159=IFCPROPERTYSINGLEVALUE('FMI.30 - Mutternavn',$,IFCTEXT('Ikke aktuelt'),$);
#6160=IFCPROPERTYSINGLEVALUE('FMI.31 - Antall muttere',$,IFCINTEGER(0),$);
#6161=IFCPROPERTYSINGLEVALUE('FMI.40 - Skivenavn',$,IFCTEXT('Underlagsskive M20-NS-ISO 7089'),$);
#6162=IFCPROPERTYSINGLEVALUE('FMI.41 - Antall skiver',$,IFCINTEGER(1),$);
#6163=IFCOWNERHISTORY(#3,#4,.READWRITE.,.ADDED.,1789134012,#3,#4,1789134012);
#6164=IFCPROPERTYSET('01bVVwdpj54wSEek6As9I3',#6163,'BIM_Tverrfaglig',$,(#6167,#6168,#6169,#6170,#6171));
#6165=IFCOWNERHISTORY(#3,#4,.READWRITE.,.ADDED.,1789134012,#3,#4,1789134012);
#6166=IFCRELDEFINESBYPROPERTIES('2p0u3AgC1D6xS7zAU7TwqD',#6165,$,$,(#4570),#6164);
#6167=IFCPROPERTYSINGLEVALUE('BIM.04 - MMI',$,IFCTEXT('350'),$);
#6168=IFCPROPERTYSINGLEVALUE('BIM.05 - Elementnavn',$,IFCTEXT('Boltegruppe'),$);
#6169=IFCPROPERTYSINGLEVALUE('BIM.06 - Fag',$,IFCTEXT('KON'),$);
#6170=IFCPROPERTYSINGLEVALUE('BIM.07 - Revisjon',$,IFCTEXT('A'),$);
#6171=IFCPROPERTYSINGLEVALUE('BIM.08 - Revisjonsdato',$,IFCTEXT('2023-01-16'),$);
#6172=IFCOWNERHISTORY(#3,#4,.READWRITE.,.ADDED.,1789134012,#3,#4,1789134012);
#6173=IFCPROPERTYSET('1hVxtLDWH3IvmY60rfKcdw',#6172,'KON_Felles',$,(#6176,#6177,#6178,#6179,#6180,#6181,#6182,#6183,#6184,#6185,#6186,#6187));
#6174=IFCOWNERHISTORY(#3,#4,.READWRITE.,.ADDED.,1789134012,#3,#4,1789134012);
#6175=IFCRELDEFINESBYPROPERTIES('2$7ehYmYjDbxIZZka0fnVR',#6174,$,$,(#4570),#6173);
#6176=IFCPROPERTYSINGLEVALUE('KON.01 - Konstruksjonsnummer',$,IFCTEXT('K100'),$);
#6177=IFCPROPERTYSINGLEVALUE('KON.03 - Akse',$,IFCTEXT('01'),$);
#6178=IFCPROPERTYSINGLEVALUE('KON.10 - Konstruksjonsinndeling',$,IFCTEXT('Bru'),$);
#6179=IFCPROPERTYSINGLEVALUE('KON.11 - Konstruksjonsdel',$,IFCTEXT('Boltegruppe'),$);
#6180=IFCPROPERTYSINGLEVALUE('KON.13 - Elementnavn',$,IFCTEXT('Boltegruppe'),$);
#6181=IFCPROPERTYSINGLEVALUE('KON.20 - Produksjonsenhet',$,IFCTEXT('PLD-1002'),$);
#6182=IFCPROPERTYSINGLEVALUE('KON.30 - Plasseringsprioritet',$,IFCTEXT('2 - Viker for 1'),$);
#6183=IFCPROPERTYSINGLEVALUE('KON.31 - Plasseringsmerknad',$,IFCTEXT('Ikke angitt'),$);
#6184=IFCPROPERTYSINGLEVALUE('KON.40 - Materialtype',$,IFCTEXT('St\X2\00E5\X0\l'),$);
#6185=IFCPROPERTYSINGLEVALUE('KON.41 - Materialspesifikasjon',$,IFCTEXT('8.8'),$);
#6186=IFCPROPERTYSINGLEVALUE('KON.51 - Produksjonsmerknad 1',$,IFCTEXT('Ikke aktuelt'),$);
#6187=IFCPROPERTYSINGLEVALUE('KON.53 - Utf\X2\00F8\X0\relsesmerknad 1',$,IFCTEXT('Ikke angitt'),$);
#6188=IFCOWNERHISTORY(#3,#4,.READWRITE.,.ADDED.,1789134012,#3,#4,1789134012);
#6189=IFCPROPERTYSET('3UvKt41413oAZaiLENXEdr',#6188,'KON_Festemidler',$,(#6192,#6193,#6194,#6195,#6196,#6197,#6198,#6199,#6200,#6201,#6202,#6203));
#6190=IFCOWNERHISTORY(#3,#4,.READWRITE.,.ADDED.,1789134012,#3,#4,1789134012);
#6191=IFCRELDEFINESBYPROPERTIES('3f9loXCZDBVeaxMxmyCodQ',#6190,$,$,(#4570),#6189);
#6192=IFCPROPERTYSINGLEVALUE('FMI.01 - Navn',$,IFCTEXT('6k-skrue M20x60-NS-ISO 4014'),$);
#6193=IFCPROPERTYSINGLEVALUE('FMI.02 - Antall skruer',$,IFCINTEGER(4),$);
#6194=IFCPROPERTYSINGLEVALUE('FMI.03 - Skruediameter',$,IFCLENGTHMEASURE(16.),$);
#6195=IFCPROPERTYSINGLEVALUE('FMI.04 - Skruelengde',$,IFCLENGTHMEASURE(100.),$);
#6196=IFCPROPERTYSINGLEVALUE('FMI.05 - Kvalitet',$,IFCTEXT('8.8'),$);
#6197=IFCPROPERTYSINGLEVALUE('FMI.06 - Monteringssted',$,IFCTEXT('Byggeplass'),$);
#6198=IFCPROPERTYSINGLEVALUE('FMI.10 - Hulldiameter',$,IFCLENGTHMEASURE(18.),$);
#6199=IFCPROPERTYSINGLEVALUE('FMI.11 - Hullmerknad',$,IFCTEXT('Hullet skal v\X2\00E6\X0\re gjenget'),$);
#6200=IFCPROPERTYSINGLEVALUE('FMI.30 - Mutternavn',$,IFCTEXT('6k-mutter M20-NS-ISO 4032'),$);
#6201=IFCPROPERTYSINGLEVALUE('FMI.31 - Antall muttere',$,IFCINTEGER(4),$);
#6202=IFCPROPERTYSINGLEVALUE('FMI.40 - Skivenavn',$,IFCTEXT('Underlagsskive M20-NS-ISO 7089'),$);
#6203=IFCPROPERTYSINGLEVALUE('FMI.41 - Antall skiver',$,IFCINTEGER(4),$);
#6204=IFCOWNERHISTORY(#3,#4,.READWRITE.,.ADDED.,1789134012,#3,#4,1789134012);
#6205=IFCPROPERTYSET('3cMDX3SObAnRWnyJkD6_vu',#6204,'BIM_Tverrfaglig',$,(#6208,#6209,#6210,#6211,#6212));
#6206=IFCOWNERHISTORY(#3,#4,.READWRITE.,.ADDED.,1789134012,#3,#4,1789134012);
#6207=IFCRELDEFINESBYPROPERTIES('0PKAUzioXCleLIvaS_DNTO',#6206,$,$,(#4577),#6205);
#6208=IFCPROPERTYSINGLEVALUE('BIM.04 - MMI',$,IFCTEXT('350'),$);
#6209=IFCPROPERTYSINGLEVALUE('BIM.05 - Elementnavn',$,IFCTEXT('Boltegruppe'),$);
#6210=IFCPROPERTYSINGLEVALUE('BIM.06 - Fag',$,IFCTEXT('KON'),$);
#6211=IFCPROPERTYSINGLEVALUE('BIM.07 - Revisjon',$,IFCTEXT('A'),$);
#6212=IFCPROPERTYSINGLEVALUE('BIM.08 - Revisjonsdato',$,IFCTEXT('2023-01-16'),$);
#6213=IFCOWNERHISTORY(#3,#4,.READWRITE.,.ADDED.,1789134012,#3,#4,1789134012);
#6214=IFCPROPERTYSET('1zUbgLOxbEdelztKS2H7g4',#6213,'KON_Felles',$,(#6217,#6218,#6219,#6220,#6221,#6222,#6223,#6224,#6225,#6226,#6227,#6228));
#6215=IFCOWNERHISTORY(#3,#4,.READWRITE.,.ADDED.,1789134012,#3,#4,1789134012);
#6216=IFCRELDEFINESBYPROPERTIES('3eu_X7qGT0dBx5BwtxEuA8',#6215,$,$,(#4577),#6214);
#6217=IFCPROPERTYSINGLEVALUE('KON.01 - Konstruksjonsnummer',$,IFCTEXT('K100'),$);
#6218=IFCPROPERTYSINGLEVALUE('KON.03 - Akse',$,IFCTEXT('01'),$);
#6219=IFCPROPERTYSINGLEVALUE('KON.10 - Konstruksjonsinndeling',$,IFCTEXT('Bru'),$);
#6220=IFCPROPERTYSINGLEVALUE('KON.11 - Konstruksjonsdel',$,IFCTEXT('Boltegruppe'),$);
#6221=IFCPROPERTYSINGLEVALUE('KON.13 - Elementnavn',$,IFCTEXT('Boltegruppe'),$);
#6222=IFCPROPERTYSINGLEVALUE('KON.20 - Produksjonsenhet',$,IFCTEXT('PLD-1002'),$);
#6223=IFCPROPERTYSINGLEVALUE('KON.30 - Plasseringsprioritet',$,IFCTEXT('2 - Viker for 1'),$);
#6224=IFCPROPERTYSINGLEVALUE('KON.31 - Plasseringsmerknad',$,IFCTEXT('Ikke angitt'),$);
#6225=IFCPROPERTYSINGLEVALUE('KON.40 - Materialtype',$,IFCTEXT('St\X2\00E5\X0\l'),$);
#6226=IFCPROPERTYSINGLEVALUE('KON.41 - Materialspesifikasjon',$,IFCTEXT('8.8'),$);
#6227=IFCPROPERTYSINGLEVALUE('KON.51 - Produksjonsmerknad 1',$,IFCTEXT('Ikke aktuelt'),$);
#6228=IFCPROPERTYSINGLEVALUE('KON.53 - Utf\X2\00F8\X0\relsesmerknad 1',$,IFCTEXT('Ikke angitt'),$);
#6229=IFCOWNERHISTORY(#3,#4,.READWRITE.,.ADDED.,1789134012,#3,#4,1789134012);
#6230=IFCPROPERTYSET('3gUIsrLHTEZxJt5oSpb8tw',#6229,'KON_Festemidler',$,(#6233,#6234,#6235,#6236,#6237,#6238,#6239,#6240,#6241,#6242,#6243,#6244));
#6231=IFCOWNERHISTORY(#3,#4,.READWRITE.,.ADDED.,1789134012,#3,#4,1789134012);
#6232=IFCRELDEFINESBYPROPERTIES('2dh1mra9H0FxUu65$IOBxq',#6231,$,$,(#4577),#6230);
#6233=IFCPROPERTYSINGLEVALUE('FMI.01 - Navn',$,IFCTEXT('6k-skrue M20x60-NS-ISO 4014'),$);
#6234=IFCPROPERTYSINGLEVALUE('FMI.02 - Antall skruer',$,IFCINTEGER(4),$);
#6235=IFCPROPERTYSINGLEVALUE('FMI.03 - Skruediameter',$,IFCLENGTHMEASURE(16.),$);
#6236=IFCPROPERTYSINGLEVALUE('FMI.04 - Skruelengde',$,IFCLENGTHMEASURE(100.),$);
#6237=IFCPROPERTYSINGLEVALUE('FMI.05 - Kvalitet',$,IFCTEXT('8.8'),$);
#6238=IFCPROPERTYSINGLEVALUE('FMI.06 - Monteringssted',$,IFCTEXT('Byggeplass'),$);
#6239=IFCPROPERTYSINGLEVALUE('FMI.10 - Hulldiameter',$,IFCLENGTHMEASURE(18.),$);
#6240=IFCPROPERTYSINGLEVALUE('FMI.11 - Hullmerknad',$,IFCTEXT('Hullet skal v\X2\00E6\X0\re gjenget'),$);
#6241=IFCPROPERTYSINGLEVALUE('FMI.30 - Mutternavn',$,IFCTEXT('6k-mutter M20-NS-ISO 4032'),$);
#6242=IFCPROPERTYSINGLEVALUE('FMI.31 - Antall muttere',$,IFCINTEGER(4),$);
#6243=IFCPROPERTYSINGLEVALUE('FMI.40 - Skivenavn',$,IFCTEXT('Underlagsskive M20-NS-ISO 7089'),$);
#6244=IFCPROPERTYSINGLEVALUE('FMI.41 - Antall skiver',$,IFCINTEGER(4),$);
#6245=IFCOWNERHISTORY(#3,#4,.READWRITE.,.ADDED.,1789134012,#3,#4,1789134012);
#6246=IFCPROPERTYSET('0Nd4XC8a535g5OGm6aoA0R',#6245,'BIM_Tverrfaglig',$,(#6249,#6250,#6251,#6252,#6253));
#6247=IFCOWNERHISTORY(#3,#4,.READWRITE.,.ADDED.,1789134012,#3,#4,1789134012);
#6248=IFCRELDEFINESBYPROPERTIES('2GtvKureX5XRIadRepZpZc',#6247,$,$,(#4583),#6246);
#6249=IFCPROPERTYSINGLEVALUE('BIM.04 - MMI',$,IFCTEXT('350'),$);
#6250=IFCPROPERTYSINGLEVALUE('BIM.05 - Elementnavn',$,IFCTEXT('Boltegruppe'),$);
#6251=IFCPROPERTYSINGLEVALUE('BIM.06 - Fag',$,IFCTEXT('KON'),$);
#6252=IFCPROPERTYSINGLEVALUE('BIM.07 - Revisjon',$,IFCTEXT('A'),$);
#6253=IFCPROPERTYSINGLEVALUE('BIM.08 - Revisjonsdato',$,IFCTEXT('2023-01-16'),$);
#6254=IFCOWNERHISTORY(#3,#4,.READWRITE.,.ADDED.,1789134012,#3,#4,1789134012);
#6255=IFCPROPERTYSET('0iyXCFkPTDCQDlH7gC_Adl',#6254,'KON_Felles',$,(#6258,#6259,#6260,#6261,#6262,#6263,#6264,#6265,#6266,#6267,#6268,#6269));
#6256=IFCOWNERHISTORY(#3,#4,.READWRITE.,.ADDED.,1789134012,#3,#4,1789134012);
#6257=IFCRELDEFINESBYPROPERTIES('11NVZdVYP1$vZ5y1m6Vu72',#6256,$,$,(#4583),#6255);
#6258=IFCPROPERTYSINGLEVALUE('KON.01 - Konstruksjonsnummer',$,IFCTEXT('K100'),$);
#6259=IFCPROPERTYSINGLEVALUE('KON.03 - Akse',$,IFCTEXT('01'),$);
#6260=IFCPROPERTYSINGLEVALUE('KON.10 - Konstruksjonsinndeling',$,IFCTEXT('Bru'),$);
#6261=IFCPROPERTYSINGLEVALUE('KON.11 - Konstruksjonsdel',$,IFCTEXT('Boltegruppe'),$);
#6262=IFCPROPERTYSINGLEVALUE('KON.13 - Elementnavn',$,IFCTEXT('Boltegruppe'),$);
#6263=IFCPROPERTYSINGLEVALUE('KON.20 - Produksjonsenhet',$,IFCTEXT('PLD-1002'),$);
#6264=IFCPROPERTYSINGLEVALUE('KON.30 - Plasseringsprioritet',$,IFCTEXT('2 - Viker for 1'),$);
#6265=IFCPROPERTYSINGLEVALUE('KON.31 - Plasseringsmerknad',$,IFCTEXT('Ikke angitt'),$);
#6266=IFCPROPERTYSINGLEVALUE('KON.40 - Materialtype',$,IFCTEXT('St\X2\00E5\X0\l'),$);
#6267=IFCPROPERTYSINGLEVALUE('KON.41 - Materialspesifikasjon',$,IFCTEXT('8.8'),$);
#6268=IFCPROPERTYSINGLEVALUE('KON.51 - Produksjonsmerknad 1',$,IFCTEXT('Ikke aktuelt'),$);
#6269=IFCPROPERTYSINGLEVALUE('KON.53 - Utf\X2\00F8\X0\relsesmerknad 1',$,IFCTEXT('Ikke angitt'),$);
#6270=IFCOWNERHISTORY(#3,#4,.READWRITE.,.ADDED.,1789134012,#3,#4,1789134012);
#6271=IFCPROPERTYSET('0VNbUf18fBreKGVJTGbnpR',#6270,'KON_Festemidler',$,(#6274,#6275,#6276,#6277,#6278,#6279,#6280,#6281,#6282,#6283,#6284,#6285));
#6272=IFCOWNERHISTORY(#3,#4,.READWRITE.,.ADDED.,1789134012,#3,#4,1789134012);
#6273=IFCRELDEFINESBYPROPERTIES('02hjku_$H5QuF9WQtwrWzO',#6272,$,$,(#4583),#6271);
#6274=IFCPROPERTYSINGLEVALUE('FMI.01 - Navn',$,IFCTEXT('6k-skrue M20x60-NS-ISO 4014'),$);
#6275=IFCPROPERTYSINGLEVALUE('FMI.02 - Antall skruer',$,IFCINTEGER(4),$);
#6276=IFCPROPERTYSINGLEVALUE('FMI.03 - Skruediameter',$,IFCLENGTHMEASURE(16.),$);
#6277=IFCPROPERTYSINGLEVALUE('FMI.04 - Skruelengde',$,IFCLENGTHMEASURE(100.),$);
#6278=IFCPROPERTYSINGLEVALUE('FMI.05 - Kvalitet',$,IFCTEXT('8.8'),$);
#6279=IFCPROPERTYSINGLEVALUE('FMI.06 - Monteringssted',$,IFCTEXT('Byggeplass'),$);
#6280=IFCPROPERTYSINGLEVALUE('FMI.10 - Hulldiameter',$,IFCLENGTHMEASURE(18.),$);
#6281=IFCPROPERTYSINGLEVALUE('FMI.11 - Hullmerknad',$,IFCTEXT('Hullet skal v\X2\00E6\X0\re gjenget'),$);
#6282=IFCPROPERTYSINGLEVALUE('FMI.30 - Mutternavn',$,IFCTEXT('6k-mutter M20-NS-ISO 4032'),$);
#6283=IFCPROPERTYSINGLEVALUE('FMI.31 - Antall muttere',$,IFCINTEGER(4),$);
#6284=IFCPROPERTYSINGLEVALUE('FMI.40 - Skivenavn',$,IFCTEXT('Underlagsskive M20-NS-ISO 7089'),$);
#6285=IFCPROPERTYSINGLEVALUE('FMI.41 - Antall skiver',$,IFCINTEGER(4),$);
#6286=IFCOWNERHISTORY(#3,#4,.READWRITE.,.ADDED.,1789134012,#3,#4,1789134012);
#6287=IFCPROPERTYSET('3$SXVfm$j5tBjjL2qtUxTu',#6286,'BIM_Tverrfaglig',$,(#6290,#6291,#6292,#6293,#6294));
#6288=IFCOWNERHISTORY(#3,#4,.READWRITE.,.ADDED.,1789134012,#3,#4,1789134012);
#6289=IFCRELDEFINESBYPROPERTIES('094$_drAD00fVECVGopZLK',#6288,$,$,(#4589),#6287);
#6290=IFCPROPERTYSINGLEVALUE('BIM.04 - MMI',$,IFCTEXT('350'),$);
#6291=IFCPROPERTYSINGLEVALUE('BIM.05 - Elementnavn',$,IFCTEXT('Boltegruppe'),$);
#6292=IFCPROPERTYSINGLEVALUE('BIM.06 - Fag',$,IFCTEXT('KON'),$);
#6293=IFCPROPERTYSINGLEVALUE('BIM.07 - Revisjon',$,IFCTEXT('A'),$);
#6294=IFCPROPERTYSINGLEVALUE('BIM.08 - Revisjonsdato',$,IFCTEXT('2023-01-16'),$);
#6295=IFCOWNERHISTORY(#3,#4,.READWRITE.,.ADDED.,1789134012,#3,#4,1789134012);
#6296=IFCPROPERTYSET('2X_bYk4GjFPPn8nMKeQ8xy',#6295,'KON_Felles',$,(#6299,#6300,#6301,#6302,#6303,#6304,#6305,#6306,#6307,#6308,#6309,#6310));
#6297=IFCOWNERHISTORY(#3,#4,.READWRITE.,.ADDED.,1789134012,#3,#4,1789134012);
#6298=IFCRELDEFINESBYPROPERTIES('1i7XAq3mj7lfsjAdvDcT90',#6297,$,$,(#4589),#6296);
#6299=IFCPROPERTYSINGLEVALUE('KON.01 - Konstruksjonsnummer',$,IFCTEXT('K100'),$);
#6300=IFCPROPERTYSINGLEVALUE('KON.03 - Akse',$,IFCTEXT('01'),$);
#6301=IFCPROPERTYSINGLEVALUE('KON.10 - Konstruksjonsinndeling',$,IFCTEXT('Bru'),$);
#6302=IFCPROPERTYSINGLEVALUE('KON.11 - Konstruksjonsdel',$,IFCTEXT('Boltegruppe'),$);
#6303=IFCPROPERTYSINGLEVALUE('KON.13 - Elementnavn',$,IFCTEXT('Boltegruppe'),$);
#6304=IFCPROPERTYSINGLEVALUE('KON.20 - Produksjonsenhet',$,IFCTEXT('PLD-1002'),$);
#6305=IFCPROPERTYSINGLEVALUE('KON.30 - Plasseringsprioritet',$,IFCTEXT('2 - Viker for 1'),$);
#6306=IFCPROPERTYSINGLEVALUE('KON.31 - Plasseringsmerknad',$,IFCTEXT('Ikke angitt'),$);
#6307=IFCPROPERTYSINGLEVALUE('KON.40 - Materialtype',$,IFCTEXT('St\X2\00E5\X0\l'),$);
#6308=IFCPROPERTYSINGLEVALUE('KON.41 - Materialspesifikasjon',$,IFCTEXT('8.8'),$);
#6309=IFCPROPERTYSINGLEVALUE('KON.51 - Produksjonsmerknad 1',$,IFCTEXT('Ikke aktuelt'),$);
#6310=IFCPROPERTYSINGLEVALUE('KON.53 - Utf\X2\00F8\X0\relsesmerknad 1',$,IFCTEXT('Ikke angitt'),$);
#6311=IFCOWNERHISTORY(#3,#4,.READWRITE.,.ADDED.,1789134012,#3,#4,1789134012);
#6312=IFCPROPERTYSET('2ZZdtf3hL9uw49VwL$fj$9',#6311,'KON_Festemidler',$,(#6315,#6316,#6317,#6318,#6319,#6320,#6321,#6322,#6323,#6324,#6325,#6326));
#6313=IFCOWNERHISTORY(#3,#4,.READWRITE.,.ADDED.,1789134012,#3,#4,1789134012);
#6314=IFCRELDEFINESBYPROPERTIES('1v5HQ9KQb9beW2pDfUQUlc',#6313,$,$,(#4589),#6312);
#6315=IFCPROPERTYSINGLEVALUE('FMI.01 - Navn',$,IFCTEXT('6k-skrue M20x60-NS-ISO 4014'),$);
#6316=IFCPROPERTYSINGLEVALUE('FMI.02 - Antall skruer',$,IFCINTEGER(4),$);
#6317=IFCPROPERTYSINGLEVALUE('FMI.03 - Skruediameter',$,IFCLENGTHMEASURE(16.),$);
#6318=IFCPROPERTYSINGLEVALUE('FMI.04 - Skruelengde',$,IFCLENGTHMEASURE(100.),$);
#6319=IFCPROPERTYSINGLEVALUE('FMI.05 - Kvalitet',$,IFCTEXT('8.8'),$);
#6320=IFCPROPERTYSINGLEVALUE('FMI.06 - Monteringssted',$,IFCTEXT('Byggeplass'),$);
#6321=IFCPROPERTYSINGLEVALUE('FMI.10 - Hulldiameter',$,IFCLENGTHMEASURE(18.),$);
#6322=IFCPROPERTYSINGLEVALUE('FMI.11 - Hullmerknad',$,IFCTEXT('Hullet skal v\X2\00E6\X0\re gjenget'),$);
#6323=IFCPROPERTYSINGLEVALUE('FMI.30 - Mutternavn',$,IFCTEXT('6k-mutter M20-NS-ISO 4032'),$);
#6324=IFCPROPERTYSINGLEVALUE('FMI.31 - Antall muttere',$,IFCINTEGER(4),$);
#6325=IFCPROPERTYSINGLEVALUE('FMI.40 - Skivenavn',$,IFCTEXT('Underlagsskive M20-NS-ISO 7089'),$);
#6326=IFCPROPERTYSINGLEVALUE('FMI.41 - Antall skiver',$,IFCINTEGER(4),$);
#6327=IFCOWNERHISTORY(#3,#4,.READWRITE.,.ADDED.,1789134012,#3,#4,1789134012);
#6328=IFCPROPERTYSET('3nUu0CB_fAXwc0rWVI2m2x',#6327,'BIM_Tverrfaglig',$,(#6331,#6332,#6333,#6334,#6335));
#6329=IFCOWNERHISTORY(#3,#4,.READWRITE.,.ADDED.,1789134012,#3,#4,1789134012);
#6330=IFCRELDEFINESBYPROPERTIES('0Q5C9vEFP4LOQULIO0K_bn',#6329,$,$,(#4620),#6328);
#6331=IFCPROPERTYSINGLEVALUE('BIM.04 - MMI',$,IFCTEXT('350'),$);
#6332=IFCPROPERTYSINGLEVALUE('BIM.05 - Elementnavn',$,IFCTEXT('Skive'),$);
#6333=IFCPROPERTYSINGLEVALUE('BIM.06 - Fag',$,IFCTEXT('KON'),$);
#6334=IFCPROPERTYSINGLEVALUE('BIM.07 - Revisjon',$,IFCTEXT('A'),$);
#6335=IFCPROPERTYSINGLEVALUE('BIM.08 - Revisjonsdato',$,IFCTEXT('2023-01-16'),$);
#6336=IFCOWNERHISTORY(#3,#4,.READWRITE.,.ADDED.,1789134012,#3,#4,1789134012);
#6337=IFCPROPERTYSET('2Wz85j8ALCJQigl6CV3wQG',#6336,'KON_Felles',$,(#6340,#6341,#6342,#6343,#6344,#6345,#6346,#6347,#6348,#6349,#6350,#6351));
#6338=IFCOWNERHISTORY(#3,#4,.READWRITE.,.ADDED.,1789134012,#3,#4,1789134012);
#6339=IFCRELDEFINESBYPROPERTIES('2Z00gItEbEeviOQhy9ElvW',#6338,$,$,(#4620),#6337);
#6340=IFCPROPERTYSINGLEVALUE('KON.01 - Konstruksjonsnummer',$,IFCTEXT('K100'),$);
#6341=IFCPROPERTYSINGLEVALUE('KON.03 - Akse',$,IFCTEXT('01'),$);
#6342=IFCPROPERTYSINGLEVALUE('KON.10 - Konstruksjonsinndeling',$,IFCTEXT('Bru'),$);
#6343=IFCPROPERTYSINGLEVALUE('KON.11 - Konstruksjonsdel',$,IFCTEXT('Skive'),$);
#6344=IFCPROPERTYSINGLEVALUE('KON.13 - Elementnavn',$,IFCTEXT('Skive'),$);
#6345=IFCPROPERTYSINGLEVALUE('KON.20 - Produksjonsenhet',$,IFCTEXT('PLD-1002'),$);
#6346=IFCPROPERTYSINGLEVALUE('KON.30 - Plasseringsprioritet',$,IFCTEXT('2 - Viker for 1'),$);
#6347=IFCPROPERTYSINGLEVALUE('KON.31 - Plasseringsmerknad',$,IFCTEXT('Ikke angitt'),$);
#6348=IFCPROPERTYSINGLEVALUE('KON.40 - Materialtype',$,IFCTEXT('St\X2\00E5\X0\l'),$);
#6349=IFCPROPERTYSINGLEVALUE('KON.41 - Materialspesifikasjon',$,IFCTEXT('NS-ISO 7089'),$);
#6350=IFCPROPERTYSINGLEVALUE('KON.51 - Produksjonsmerknad 1',$,IFCTEXT('Ikke aktuelt'),$);
#6351=IFCPROPERTYSINGLEVALUE('KON.53 - Utf\X2\00F8\X0\relsesmerknad 1',$,IFCTEXT('Ikke angitt'),$);
#6352=IFCOWNERHISTORY(#3,#4,.READWRITE.,.ADDED.,1789134012,#3,#4,1789134012);
#6353=IFCPROPERTYSET('0EvaAm_Gj2AxR7huZ3_c7e',#6352,'KON_Festemidler',$,(#6356,#6357,#6358,#6359,#6360,#6361,#6362,#6363,#6364,#6365,#6366,#6367));
#6354=IFCOWNERHISTORY(#3,#4,.READWRITE.,.ADDED.,1789134012,#3,#4,1789134012);
#6355=IFCRELDEFINESBYPROPERTIES('0awocI$493oBw6kAiE1SBZ',#6354,$,$,(#4620),#6353);
#6356=IFCPROPERTYSINGLEVALUE('FMI.01 - Navn',$,IFCTEXT('Ikke aktuelt'),$);
#6357=IFCPROPERTYSINGLEVALUE('FMI.02 - Antall skruer',$,IFCINTEGER(0),$);
#6358=IFCPROPERTYSINGLEVALUE('FMI.03 - Skruediameter',$,IFCLENGTHMEASURE(0.),$);
#6359=IFCPROPERTYSINGLEVALUE('FMI.04 - Skruelengde',$,IFCLENGTHMEASURE(0.),$);
#6360=IFCPROPERTYSINGLEVALUE('FMI.05 - Kvalitet',$,IFCTEXT('8.8'),$);
#6361=IFCPROPERTYSINGLEVALUE('FMI.06 - Monteringssted',$,IFCTEXT('Byggeplass'),$);
#6362=IFCPROPERTYSINGLEVALUE('FMI.10 - Hulldiameter',$,IFCLENGTHMEASURE(0.),$);
#6363=IFCPROPERTYSINGLEVALUE('FMI.11 - Hullmerknad',$,IFCTEXT('Ikke aktuelt'),$);
#6364=IFCPROPERTYSINGLEVALUE('FMI.30 - Mutternavn',$,IFCTEXT('Ikke aktuelt'),$);
#6365=IFCPROPERTYSINGLEVALUE('FMI.31 - Antall muttere',$,IFCINTEGER(0),$);
#6366=IFCPROPERTYSINGLEVALUE('FMI.40 - Skivenavn',$,IFCTEXT('Underlagsskive M20-NS-ISO 7089'),$);
#6367=IFCPROPERTYSINGLEVALUE('FMI.41 - Antall skiver',$,IFCINTEGER(1),$);
#6368=IFCOWNERHISTORY(#3,#4,.READWRITE.,.ADDED.,1789134012,#3,#4,1789134012);
#6369=IFCPROPERTYSET('0i2wWoChj3XOu77HujbYx4',#6368,'BIM_Tverrfaglig',$,(#6372,#6373,#6374,#6375,#6376));
#6370=IFCOWNERHISTORY(#3,#4,.READWRITE.,.ADDED.,1789134012,#3,#4,1789134012);
#6371=IFCRELDEFINESBYPROPERTIES('1Woz8OLkH1WgpvciADiGST',#6370,$,$,(#4626),#6369);
#6372=IFCPROPERTYSINGLEVALUE('BIM.04 - MMI',$,IFCTEXT('350'),$);
#6373=IFCPROPERTYSINGLEVALUE('BIM.05 - Elementnavn',$,IFCTEXT('Skive'),$);
#6374=IFCPROPERTYSINGLEVALUE('BIM.06 - Fag',$,IFCTEXT('KON'),$);
#6375=IFCPROPERTYSINGLEVALUE('BIM.07 - Revisjon',$,IFCTEXT('A'),$);
#6376=IFCPROPERTYSINGLEVALUE('BIM.08 - Revisjonsdato',$,IFCTEXT('2023-01-16'),$);
#6377=IFCOWNERHISTORY(#3,#4,.READWRITE.,.ADDED.,1789134012,#3,#4,1789134012);
#6378=IFCPROPERTYSET('1lIZG3bvD2wueG21bbPowp',#6377,'KON_Felles',$,(#6381,#6382,#6383,#6384,#6385,#6386,#6387,#6388,#6389,#6390,#6391,#6392));
#6379=IFCOWNERHISTORY(#3,#4,.READWRITE.,.ADDED.,1789134012,#3,#4,1789134012);
#6380=IFCRELDEFINESBYPROPERTIES('1GgMGCogXCbvsbuF4pL_o9',#6379,$,$,(#4626),#6378);
#6381=IFCPROPERTYSINGLEVALUE('KON.01 - Konstruksjonsnummer',$,IFCTEXT('K100'),$);
#6382=IFCPROPERTYSINGLEVALUE('KON.03 - Akse',$,IFCTEXT('01'),$);
#6383=IFCPROPERTYSINGLEVALUE('KON.10 - Konstruksjonsinndeling',$,IFCTEXT('Bru'),$);
#6384=IFCPROPERTYSINGLEVALUE('KON.11 - Konstruksjonsdel',$,IFCTEXT('Skive'),$);
#6385=IFCPROPERTYSINGLEVALUE('KON.13 - Elementnavn',$,IFCTEXT('Skive'),$);
#6386=IFCPROPERTYSINGLEVALUE('KON.20 - Produksjonsenhet',$,IFCTEXT('PLD-1002'),$);
#6387=IFCPROPERTYSINGLEVALUE('KON.30 - Plasseringsprioritet',$,IFCTEXT('2 - Viker for 1'),$);
#6388=IFCPROPERTYSINGLEVALUE('KON.31 - Plasseringsmerknad',$,IFCTEXT('Ikke angitt'),$);
#6389=IFCPROPERTYSINGLEVALUE('KON.40 - Materialtype',$,IFCTEXT('St\X2\00E5\X0\l'),$);
#6390=IFCPROPERTYSINGLEVALUE('KON.41 - Materialspesifikasjon',$,IFCTEXT('NS-ISO 7089'),$);
#6391=IFCPROPERTYSINGLEVALUE('KON.51 - Produksjonsmerknad 1',$,IFCTEXT('Ikke aktuelt'),$);
#6392=IFCPROPERTYSINGLEVALUE('KON.53 - Utf\X2\00F8\X0\relsesmerknad 1',$,IFCTEXT('Ikke angitt'),$);
#6393=IFCOWNERHISTORY(#3,#4,.READWRITE.,.ADDED.,1789134012,#3,#4,1789134012);
#6394=IFCPROPERTYSET('0rWa8_ngT2cwErpzFTzX85',#6393,'KON_Festemidler',$,(#6397,#6398,#6399,#6400,#6401,#6402,#6403,#6404,#6405,#6406,#6407,#6408));
#6395=IFCOWNERHISTORY(#3,#4,.READWRITE.,.ADDED.,1789134012,#3,#4,1789134012);
#6396=IFCRELDEFINESBYPROPERTIES('0$fn_uQJz5TQv5A_xscdbG',#6395,$,$,(#4626),#6394);
#6397=IFCPROPERTYSINGLEVALUE('FMI.01 - Navn',$,IFCTEXT('Ikke aktuelt'),$);
#6398=IFCPROPERTYSINGLEVALUE('FMI.02 - Antall skruer',$,IFCINTEGER(0),$);
#6399=IFCPROPERTYSINGLEVALUE('FMI.03 - Skruediameter',$,IFCLENGTHMEASURE(0.),$);
#6400=IFCPROPERTYSINGLEVALUE('FMI.04 - Skruelengde',$,IFCLENGTHMEASURE(0.),$);
#6401=IFCPROPERTYSINGLEVALUE('FMI.05 - Kvalitet',$,IFCTEXT('8.8'),$);
#6402=IFCPROPERTYSINGLEVALUE('FMI.06 - Monteringssted',$,IFCTEXT('Byggeplass'),$);
#6403=IFCPROPERTYSINGLEVALUE('FMI.10 - Hulldiameter',$,IFCLENGTHMEASURE(0.),$);
#6404=IFCPROPERTYSINGLEVALUE('FMI.11 - Hullmerknad',$,IFCTEXT('Ikke aktuelt'),$);
#6405=IFCPROPERTYSINGLEVALUE('FMI.30 - Mutternavn',$,IFCTEXT('Ikke aktuelt'),$);
#6406=IFCPROPERTYSINGLEVALUE('FMI.31 - Antall muttere',$,IFCINTEGER(0),$);
#6407=IFCPROPERTYSINGLEVALUE('FMI.40 - Skivenavn',$,IFCTEXT('Underlagsskive M20-NS-ISO 7089'),$);
#6408=IFCPROPERTYSINGLEVALUE('FMI.41 - Antall skiver',$,IFCINTEGER(1),$);
#6409=IFCOWNERHISTORY(#3,#4,.READWRITE.,.ADDED.,1789134012,#3,#4,1789134012);
#6410=IFCPROPERTYSET('3jJFGqr$PBUw$0EmmyEJAH',#6409,'BIM_Tverrfaglig',$,(#6413,#6414,#6415,#6416,#6417));
#6411=IFCOWNERHISTORY(#3,#4,.READWRITE.,.ADDED.,1789134012,#3,#4,1789134012);
#6412=IFCRELDEFINESBYPROPERTIES('0lxZ6Nntn4lxVVr75t0vyp',#6411,$,$,(#4632),#6410);
#6413=IFCPROPERTYSINGLEVALUE('BIM.04 - MMI',$,IFCTEXT('350'),$);
#6414=IFCPROPERTYSINGLEVALUE('BIM.05 - Elementnavn',$,IFCTEXT('Skive'),$);
#6415=IFCPROPERTYSINGLEVALUE('BIM.06 - Fag',$,IFCTEXT('KON'),$);
#6416=IFCPROPERTYSINGLEVALUE('BIM.07 - Revisjon',$,IFCTEXT('A'),$);
#6417=IFCPROPERTYSINGLEVALUE('BIM.08 - Revisjonsdato',$,IFCTEXT('2023-01-16'),$);
#6418=IFCOWNERHISTORY(#3,#4,.READWRITE.,.ADDED.,1789134012,#3,#4,1789134012);
#6419=IFCPROPERTYSET('2XsiehCfnDQR44rZaDXLC6',#6418,'KON_Felles',$,(#6422,#6423,#6424,#6425,#6426,#6427,#6428,#6429,#6430,#6431,#6432,#6433));
#6420=IFCOWNERHISTORY(#3,#4,.READWRITE.,.ADDED.,1789134012,#3,#4,1789134012);
#6421=IFCRELDEFINESBYPROPERTIES('07pHnD_rX8EO4kMinlw5J8',#6420,$,$,(#4632),#6419);
#6422=IFCPROPERTYSINGLEVALUE('KON.01 - Konstruksjonsnummer',$,IFCTEXT('K100'),$);
#6423=IFCPROPERTYSINGLEVALUE('KON.03 - Akse',$,IFCTEXT('01'),$);
#6424=IFCPROPERTYSINGLEVALUE('KON.10 - Konstruksjonsinndeling',$,IFCTEXT('Bru'),$);
#6425=IFCPROPERTYSINGLEVALUE('KON.11 - Konstruksjonsdel',$,IFCTEXT('Skive'),$);
#6426=IFCPROPERTYSINGLEVALUE('KON.13 - Elementnavn',$,IFCTEXT('Skive'),$);
#6427=IFCPROPERTYSINGLEVALUE('KON.20 - Produksjonsenhet',$,IFCTEXT('PLD-1002'),$);
#6428=IFCPROPERTYSINGLEVALUE('KON.30 - Plasseringsprioritet',$,IFCTEXT('2 - Viker for 1'),$);
#6429=IFCPROPERTYSINGLEVALUE('KON.31 - Plasseringsmerknad',$,IFCTEXT('Ikke angitt'),$);
#6430=IFCPROPERTYSINGLEVALUE('KON.40 - Materialtype',$,IFCTEXT('St\X2\00E5\X0\l'),$);
#6431=IFCPROPERTYSINGLEVALUE('KON.41 - Materialspesifikasjon',$,IFCTEXT('NS-ISO 7089'),$);
#6432=IFCPROPERTYSINGLEVALUE('KON.51 - Produksjonsmerknad 1',$,IFCTEXT('Ikke aktuelt'),$);
#6433=IFCPROPERTYSINGLEVALUE('KON.53 - Utf\X2\00F8\X0\relsesmerknad 1',$,IFCTEXT('Ikke angitt'),$);
#6434=IFCOWNERHISTORY(#3,#4,.READWRITE.,.ADDED.,1789134012,#3,#4,1789134012);
#6435=IFCPROPERTYSET('3760KzScb8IA8cW7bTyxbc',#6434,'KON_Festemidler',$,(#6438,#6439,#6440,#6441,#6442,#6443,#6444,#6445,#6446,#6447,#6448,#6449));
#6436=IFCOWNERHISTORY(#3,#4,.READWRITE.,.ADDED.,1789134012,#3,#4,1789134012);
#6437=IFCRELDEFINESBYPROPERTIES('2iTqrUg$9BGRNjPKGUNKko',#6436,$,$,(#4632),#6435);
#6438=IFCPROPERTYSINGLEVALUE('FMI.01 - Navn',$,IFCTEXT('Ikke aktuelt'),$);
#6439=IFCPROPERTYSINGLEVALUE('FMI.02 - Antall skruer',$,IFCINTEGER(0),$);
#6440=IFCPROPERTYSINGLEVALUE('FMI.03 - Skruediameter',$,IFCLENGTHMEASURE(0.),$);
#6441=IFCPROPERTYSINGLEVALUE('FMI.04 - Skruelengde',$,IFCLENGTHMEASURE(0.),$);
#6442=IFCPROPERTYSINGLEVALUE('FMI.05 - Kvalitet',$,IFCTEXT('8.8'),$);
#6443=IFCPROPERTYSINGLEVALUE('FMI.06 - Monteringssted',$,IFCTEXT('Byggeplass'),$);
#6444=IFCPROPERTYSINGLEVALUE('FMI.10 - Hulldiameter',$,IFCLENGTHMEASURE(0.),$);
#6445=IFCPROPERTYSINGLEVALUE('FMI.11 - Hullmerknad',$,IFCTEXT('Ikke aktuelt'),$);
#6446=IFCPROPERTYSINGLEVALUE('FMI.30 - Mutternavn',$,IFCTEXT('Ikke aktuelt'),$);
#6447=IFCPROPERTYSINGLEVALUE('FMI.31 - Antall muttere',$,IFCINTEGER(0),$);
#6448=IFCPROPERTYSINGLEVALUE('FMI.40 - Skivenavn',$,IFCTEXT('Underlagsskive M20-NS-ISO 7089'),$);
#6449=IFCPROPERTYSINGLEVALUE('FMI.41 - Antall skiver',$,IFCINTEGER(1),$);
#6450=IFCOWNERHISTORY(#3,#4,.READWRITE.,.ADDED.,1789134012,#3,#4,1789134012);
#6451=IFCPROPERTYSET('34tu6BZGX61v_vsrmI2Ibh',#6450,'BIM_Tverrfaglig',$,(#6454,#6455,#6456,#6457,#6458));
#6452=IFCOWNERHISTORY(#3,#4,.READWRITE.,.ADDED.,1789134012,#3,#4,1789134012);
#6453=IFCRELDEFINESBYPROPERTIES('1TKO8FgAT6MP6qSz$aBImT',#6452,$,$,(#4638),#6451);
#6454=IFCPROPERTYSINGLEVALUE('BIM.04 - MMI',$,IFCTEXT('350'),$);
#6455=IFCPROPERTYSINGLEVALUE('BIM.05 - Elementnavn',$,IFCTEXT('Skive'),$);
#6456=IFCPROPERTYSINGLEVALUE('BIM.06 - Fag',$,IFCTEXT('KON'),$);
#6457=IFCPROPERTYSINGLEVALUE('BIM.07 - Revisjon',$,IFCTEXT('A'),$);
#6458=IFCPROPERTYSINGLEVALUE('BIM.08 - Revisjonsdato',$,IFCTEXT('2023-01-16'),$);
#6459=IFCOWNERHISTORY(#3,#4,.READWRITE.,.ADDED.,1789134012,#3,#4,1789134012);
#6460=IFCPROPERTYSET('3lM31xAGX3_fgNdMitMCYd',#6459,'KON_Felles',$,(#6463,#6464,#6465,#6466,#6467,#6468,#6469,#6470,#6471,#6472,#6473,#6474));
#6461=IFCOWNERHISTORY(#3,#4,.READWRITE.,.ADDED.,1789134012,#3,#4,1789134012);
#6462=IFCRELDEFINESBYPROPERTIES('0u1AjBJWL5IwE65BnIWUyu',#6461,$,$,(#4638),#6460);
#6463=IFCPROPERTYSINGLEVALUE('KON.01 - Konstruksjonsnummer',$,IFCTEXT('K100'),$);
#6464=IFCPROPERTYSINGLEVALUE('KON.03 - Akse',$,IFCTEXT('01'),$);
#6465=IFCPROPERTYSINGLEVALUE('KON.10 - Konstruksjonsinndeling',$,IFCTEXT('Bru'),$);
#6466=IFCPROPERTYSINGLEVALUE('KON.11 - Konstruksjonsdel',$,IFCTEXT('Skive'),$);
#6467=IFCPROPERTYSINGLEVALUE('KON.13 - Elementnavn',$,IFCTEXT('Skive'),$);
#6468=IFCPROPERTYSINGLEVALUE('KON.20 - Produksjonsenhet',$,IFCTEXT('PLD-1002'),$);
#6469=IFCPROPERTYSINGLEVALUE('KON.30 - Plasseringsprioritet',$,IFCTEXT('2 - Viker for 1'),$);
#6470=IFCPROPERTYSINGLEVALUE('KON.31 - Plasseringsmerknad',$,IFCTEXT('Ikke angitt'),$);
#6471=IFCPROPERTYSINGLEVALUE('KON.40 - Materialtype',$,IFCTEXT('St\X2\00E5\X0\l'),$);
#6472=IFCPROPERTYSINGLEVALUE('KON.41 - Materialspesifikasjon',$,IFCTEXT('NS-ISO 7089'),$);
#6473=IFCPROPERTYSINGLEVALUE('KON.51 - Produksjonsmerknad 1',$,IFCTEXT('Ikke aktuelt'),$);
#6474=IFCPROPERTYSINGLEVALUE('KON.53 - Utf\X2\00F8\X0\relsesmerknad 1',$,IFCTEXT('Ikke angitt'),$);
#6475=IFCOWNERHISTORY(#3,#4,.READWRITE.,.ADDED.,1789134012,#3,#4,1789134012);
#6476=IFCPROPERTYSET('15xzZ2oAb4eAVp$P0Z2EyJ',#6475,'KON_Festemidler',$,(#6479,#6480,#6481,#6482,#6483,#6484,#6485,#6486,#6487,#6488,#6489,#6490));
#6477=IFCOWNERHISTORY(#3,#4,.READWRITE.,.ADDED.,1789134012,#3,#4,1789134012);
#6478=IFCRELDEFINESBYPROPERTIES('3y1b2INgHFreQdh2QFRBGt',#6477,$,$,(#4638),#6476);
#6479=IFCPROPERTYSINGLEVALUE('FMI.01 - Navn',$,IFCTEXT('Ikke aktuelt'),$);
#6480=IFCPROPERTYSINGLEVALUE('FMI.02 - Antall skruer',$,IFCINTEGER(0),$);
#6481=IFCPROPERTYSINGLEVALUE('FMI.03 - Skruediameter',$,IFCLENGTHMEASURE(0.),$);
#6482=IFCPROPERTYSINGLEVALUE('FMI.04 - Skruelengde',$,IFCLENGTHMEASURE(0.),$);
#6483=IFCPROPERTYSINGLEVALUE('FMI.05 - Kvalitet',$,IFCTEXT('8.8'),$);
#6484=IFCPROPERTYSINGLEVALUE('FMI.06 - Monteringssted',$,IFCTEXT('Byggeplass'),$);
#6485=IFCPROPERTYSINGLEVALUE('FMI.10 - Hulldiameter',$,IFCLENGTHMEASURE(0.),$);
#6486=IFCPROPERTYSINGLEVALUE('FMI.11 - Hullmerknad',$,IFCTEXT('Ikke aktuelt'),$);
#6487=IFCPROPERTYSINGLEVALUE('FMI.30 - Mutternavn',$,IFCTEXT('Ikke aktuelt'),$);
#6488=IFCPROPERTYSINGLEVALUE('FMI.31 - Antall muttere',$,IFCINTEGER(0),$);
#6489=IFCPROPERTYSINGLEVALUE('FMI.40 - Skivenavn',$,IFCTEXT('Underlagsskive M20-NS-ISO 7089'),$);
#6490=IFCPROPERTYSINGLEVALUE('FMI.41 - Antall skiver',$,IFCINTEGER(1),$);
#6491=IFCOWNERHISTORY(#3,#4,.READWRITE.,.ADDED.,1789134012,#3,#4,1789134012);
#6492=IFCPROPERTYSET('2_9c2hzVv0LBEXH7B_Que6',#6491,'BIM_Tverrfaglig',$,(#6495,#6496,#6497,#6498,#6499));
#6493=IFCOWNERHISTORY(#3,#4,.READWRITE.,.ADDED.,1789134012,#3,#4,1789134012);
#6494=IFCRELDEFINESBYPROPERTIES('1aZ9MODgj6Ng79SrShxJCX',#6493,$,$,(#4644),#6492);
#6495=IFCPROPERTYSINGLEVALUE('BIM.04 - MMI',$,IFCTEXT('350'),$);
#6496=IFCPROPERTYSINGLEVALUE('BIM.05 - Elementnavn',$,IFCTEXT('Skive'),$);
#6497=IFCPROPERTYSINGLEVALUE('BIM.06 - Fag',$,IFCTEXT('KON'),$);
#6498=IFCPROPERTYSINGLEVALUE('BIM.07 - Revisjon',$,IFCTEXT('A'),$);
#6499=IFCPROPERTYSINGLEVALUE('BIM.08 - Revisjonsdato',$,IFCTEXT('2023-01-16'),$);
#6500=IFCOWNERHISTORY(#3,#4,.READWRITE.,.ADDED.,1789134012,#3,#4,1789134012);
#6501=IFCPROPERTYSET('1EBszfJn13teA99eHOgHrR',#6500,'KON_Felles',$,(#6504,#6505,#6506,#6507,#6508,#6509,#6510,#6511,#6512,#6513,#6514,#6515));
#6502=IFCOWNERHISTORY(#3,#4,.READWRITE.,.ADDED.,1789134012,#3,#4,1789134012);
#6503=IFCRELDEFINESBYPROPERTIES('1xyFgAdrfAjg8GjSwab1eT',#6502,$,$,(#4644),#6501);
#6504=IFCPROPERTYSINGLEVALUE('KON.01 - Konstruksjonsnummer',$,IFCTEXT('K100'),$);
#6505=IFCPROPERTYSINGLEVALUE('KON.03 - Akse',$,IFCTEXT('01'),$);
#6506=IFCPROPERTYSINGLEVALUE('KON.10 - Konstruksjonsinndeling',$,IFCTEXT('Bru'),$);
#6507=IFCPROPERTYSINGLEVALUE('KON.11 - Konstruksjonsdel',$,IFCTEXT('Skive'),$);
#6508=IFCPROPERTYSINGLEVALUE('KON.13 - Elementnavn',$,IFCTEXT('Skive'),$);
#6509=IFCPROPERTYSINGLEVALUE('KON.20 - Produksjonsenhet',$,IFCTEXT('PLD-1002'),$);
#6510=IFCPROPERTYSINGLEVALUE('KON.30 - Plasseringsprioritet',$,IFCTEXT('2 - Viker for 1'),$);
#6511=IFCPROPERTYSINGLEVALUE('KON.31 - Plasseringsmerknad',$,IFCTEXT('Ikke angitt'),$);
#6512=IFCPROPERTYSINGLEVALUE('KON.40 - Materialtype',$,IFCTEXT('St\X2\00E5\X0\l'),$);
#6513=IFCPROPERTYSINGLEVALUE('KON.41 - Materialspesifikasjon',$,IFCTEXT('NS-ISO 7089'),$);
#6514=IFCPROPERTYSINGLEVALUE('KON.51 - Produksjonsmerknad 1',$,IFCTEXT('Ikke aktuelt'),$);
#6515=IFCPROPERTYSINGLEVALUE('KON.53 - Utf\X2\00F8\X0\relsesmerknad 1',$,IFCTEXT('Ikke angitt'),$);
#6516=IFCOWNERHISTORY(#3,#4,.READWRITE.,.ADDED.,1789134012,#3,#4,1789134012);
#6517=IFCPROPERTYSET('0ENcgSBdXDSAUvjrwZHWko',#6516,'KON_Festemidler',$,(#6520,#6521,#6522,#6523,#6524,#6525,#6526,#6527,#6528,#6529,#6530,#6531));
#6518=IFCOWNERHISTORY(#3,#4,.READWRITE.,.ADDED.,1789134012,#3,#4,1789134012);
#6519=IFCRELDEFINESBYPROPERTIES('0WnkGboWLCcPQ0alN9B3Oo',#6518,$,$,(#4644),#6517);
#6520=IFCPROPERTYSINGLEVALUE('FMI.01 - Navn',$,IFCTEXT('Ikke aktuelt'),$);
#6521=IFCPROPERTYSINGLEVALUE('FMI.02 - Antall skruer',$,IFCINTEGER(0),$);
#6522=IFCPROPERTYSINGLEVALUE('FMI.03 - Skruediameter',$,IFCLENGTHMEASURE(0.),$);
#6523=IFCPROPERTYSINGLEVALUE('FMI.04 - Skruelengde',$,IFCLENGTHMEASURE(0.),$);
#6524=IFCPROPERTYSINGLEVALUE('FMI.05 - Kvalitet',$,IFCTEXT('8.8'),$);
#6525=IFCPROPERTYSINGLEVALUE('FMI.06 - Monteringssted',$,IFCTEXT('Byggeplass'),$);
#6526=IFCPROPERTYSINGLEVALUE('FMI.10 - Hulldiameter',$,IFCLENGTHMEASURE(0.),$);
#6527=IFCPROPERTYSINGLEVALUE('FMI.11 - Hullmerknad',$,IFCTEXT('Ikke aktuelt'),$);
#6528=IFCPROPERTYSINGLEVALUE('FMI.30 - Mutternavn',$,IFCTEXT('Ikke aktuelt'),$);
#6529=IFCPROPERTYSINGLEVALUE('FMI.31 - Antall muttere',$,IFCINTEGER(0),$);
#6530=IFCPROPERTYSINGLEVALUE('FMI.40 - Skivenavn',$,IFCTEXT('Underlagsskive M20-NS-ISO 7089'),$);
#6531=IFCPROPERTYSINGLEVALUE('FMI.41 - Antall skiver',$,IFCINTEGER(1),$);
#6532=IFCOWNERHISTORY(#3,#4,.READWRITE.,.ADDED.,1789134012,#3,#4,1789134012);
#6533=IFCPROPERTYSET('1fQROgeUr3MBcFs74sc6kE',#6532,'BIM_Tverrfaglig',$,(#6536,#6537,#6538,#6539,#6540));
#6534=IFCOWNERHISTORY(#3,#4,.READWRITE.,.ADDED.,1789134012,#3,#4,1789134012);
#6535=IFCRELDEFINESBYPROPERTIES('2UkBcB5e9B08uqo0NE3N9L',#6534,$,$,(#4656),#6533);
#6536=IFCPROPERTYSINGLEVALUE('BIM.04 - MMI',$,IFCTEXT('350'),$);
#6537=IFCPROPERTYSINGLEVALUE('BIM.05 - Elementnavn',$,IFCTEXT('Skive'),$);
#6538=IFCPROPERTYSINGLEVALUE('BIM.06 - Fag',$,IFCTEXT('KON'),$);
#6539=IFCPROPERTYSINGLEVALUE('BIM.07 - Revisjon',$,IFCTEXT('A'),$);
#6540=IFCPROPERTYSINGLEVALUE('BIM.08 - Revisjonsdato',$,IFCTEXT('2023-01-16'),$);
#6541=IFCOWNERHISTORY(#3,#4,.READWRITE.,.ADDED.,1789134012,#3,#4,1789134012);
#6542=IFCPROPERTYSET('0PWHkPChvDYuc9jy2NtPgG',#6541,'KON_Felles',$,(#6545,#6546,#6547,#6548,#6549,#6550,#6551,#6552,#6553,#6554,#6555,#6556));
#6543=IFCOWNERHISTORY(#3,#4,.READWRITE.,.ADDED.,1789134012,#3,#4,1789134012);
#6544=IFCRELDEFINESBYPROPERTIES('25XxLRMID7gPUmwWVMTOv5',#6543,$,$,(#4656),#6542);
#6545=IFCPROPERTYSINGLEVALUE('KON.01 - Konstruksjonsnummer',$,IFCTEXT('K100'),$);
#6546=IFCPROPERTYSINGLEVALUE('KON.03 - Akse',$,IFCTEXT('01'),$);
#6547=IFCPROPERTYSINGLEVALUE('KON.10 - Konstruksjonsinndeling',$,IFCTEXT('Bru'),$);
#6548=IFCPROPERTYSINGLEVALUE('KON.11 - Konstruksjonsdel',$,IFCTEXT('Skive'),$);
#6549=IFCPROPERTYSINGLEVALUE('KON.13 - Elementnavn',$,IFCTEXT('Skive'),$);
#6550=IFCPROPERTYSINGLEVALUE('KON.20 - Produksjonsenhet',$,IFCTEXT('PLD-1002'),$);
#6551=IFCPROPERTYSINGLEVALUE('KON.30 - Plasseringsprioritet',$,IFCTEXT('2 - Viker for 1'),$);
#6552=IFCPROPERTYSINGLEVALUE('KON.31 - Plasseringsmerknad',$,IFCTEXT('Ikke angitt'),$);
#6553=IFCPROPERTYSINGLEVALUE('KON.40 - Materialtype',$,IFCTEXT('St\X2\00E5\X0\l'),$);
#6554=IFCPROPERTYSINGLEVALUE('KON.41 - Materialspesifikasjon',$,IFCTEXT('NS-ISO 7089'),$);
#6555=IFCPROPERTYSINGLEVALUE('KON.51 - Produksjonsmerknad 1',$,IFCTEXT('Ikke aktuelt'),$);
#6556=IFCPROPERTYSINGLEVALUE('KON.53 - Utf\X2\00F8\X0\relsesmerknad 1',$,IFCTEXT('Ikke angitt'),$);
#6557=IFCOWNERHISTORY(#3,#4,.READWRITE.,.ADDED.,1789134012,#3,#4,1789134012);
#6558=IFCPROPERTYSET('1$Fh3JQw51Ww0jCQD8T3Fd',#6557,'KON_Festemidler',$,(#6561,#6562,#6563,#6564,#6565,#6566,#6567,#6568,#6569,#6570,#6571,#6572));
#6559=IFCOWNERHISTORY(#3,#4,.READWRITE.,.ADDED.,1789134012,#3,#4,1789134012);
#6560=IFCRELDEFINESBYPROPERTIES('1daw$mHG50SxQ5C8h2eXfr',#6559,$,$,(#4656),#6558);
#6561=IFCPROPERTYSINGLEVALUE('FMI.01 - Navn',$,IFCTEXT('Ikke aktuelt'),$);
#6562=IFCPROPERTYSINGLEVALUE('FMI.02 - Antall skruer',$,IFCINTEGER(0),$);
#6563=IFCPROPERTYSINGLEVALUE('FMI.03 - Skruediameter',$,IFCLENGTHMEASURE(0.),$);
#6564=IFCPROPERTYSINGLEVALUE('FMI.04 - Skruelengde',$,IFCLENGTHMEASURE(0.),$);
#6565=IFCPROPERTYSINGLEVALUE('FMI.05 - Kvalitet',$,IFCTEXT('8.8'),$);
#6566=IFCPROPERTYSINGLEVALUE('FMI.06 - Monteringssted',$,IFCTEXT('Byggeplass'),$);
#6567=IFCPROPERTYSINGLEVALUE('FMI.10 - Hulldiameter',$,IFCLENGTHMEASURE(0.),$);
#6568=IFCPROPERTYSINGLEVALUE('FMI.11 - Hullmerknad',$,IFCTEXT('Ikke aktuelt'),$);
#6569=IFCPROPERTYSINGLEVALUE('FMI.30 - Mutternavn',$,IFCTEXT('Ikke aktuelt'),$);
#6570=IFCPROPERTYSINGLEVALUE('FMI.31 - Antall muttere',$,IFCINTEGER(0),$);
#6571=IFCPROPERTYSINGLEVALUE('FMI.40 - Skivenavn',$,IFCTEXT('Underlagsskive M20-NS-ISO 7089'),$);
#6572=IFCPROPERTYSINGLEVALUE('FMI.41 - Antall skiver',$,IFCINTEGER(1),$);
#6573=IFCOWNERHISTORY(#3,#4,.READWRITE.,.ADDED.,1789134012,#3,#4,1789134012);
#6574=IFCPROPERTYSET('2YsPfAobb2hwtnsA6_tsO8',#6573,'BIM_Tverrfaglig',$,(#6577,#6578,#6579,#6580,#6581));
#6575=IFCOWNERHISTORY(#3,#4,.READWRITE.,.ADDED.,1789134012,#3,#4,1789134012);
#6576=IFCRELDEFINESBYPROPERTIES('3_tjeJIb57ig7XG02L3RvK',#6575,$,$,(#4668),#6574);
#6577=IFCPROPERTYSINGLEVALUE('BIM.04 - MMI',$,IFCTEXT('350'),$);
#6578=IFCPROPERTYSINGLEVALUE('BIM.05 - Elementnavn',$,IFCTEXT('Skive'),$);
#6579=IFCPROPERTYSINGLEVALUE('BIM.06 - Fag',$,IFCTEXT('KON'),$);
#6580=IFCPROPERTYSINGLEVALUE('BIM.07 - Revisjon',$,IFCTEXT('A'),$);
#6581=IFCPROPERTYSINGLEVALUE('BIM.08 - Revisjonsdato',$,IFCTEXT('2023-01-16'),$);
#6582=IFCOWNERHISTORY(#3,#4,.READWRITE.,.ADDED.,1789134012,#3,#4,1789134012);
#6583=IFCPROPERTYSET('0YXI7NHzL1OBfF2CmNK6Ge',#6582,'KON_Felles',$,(#6586,#6587,#6588,#6589,#6590,#6591,#6592,#6593,#6594,#6595,#6596,#6597));
#6584=IFCOWNERHISTORY(#3,#4,.READWRITE.,.ADDED.,1789134012,#3,#4,1789134012);
#6585=IFCRELDEFINESBYPROPERTIES('38bLAUz_f2ixhaZQIunbYc',#6584,$,$,(#4668),#6583);
#6586=IFCPROPERTYSINGLEVALUE('KON.01 - Konstruksjonsnummer',$,IFCTEXT('K100'),$);
#6587=IFCPROPERTYSINGLEVALUE('KON.03 - Akse',$,IFCTEXT('01'),$);
#6588=IFCPROPERTYSINGLEVALUE('KON.10 - Konstruksjonsinndeling',$,IFCTEXT('Bru'),$);
#6589=IFCPROPERTYSINGLEVALUE('KON.11 - Konstruksjonsdel',$,IFCTEXT('Skive'),$);
#6590=IFCPROPERTYSINGLEVALUE('KON.13 - Elementnavn',$,IFCTEXT('Skive'),$);
#6591=IFCPROPERTYSINGLEVALUE('KON.20 - Produksjonsenhet',$,IFCTEXT('PLD-1002'),$);
#6592=IFCPROPERTYSINGLEVALUE('KON.30 - Plasseringsprioritet',$,IFCTEXT('2 - Viker for 1'),$);
#6593=IFCPROPERTYSINGLEVALUE('KON.31 - Plasseringsmerknad',$,IFCTEXT('Ikke angitt'),$);
#6594=IFCPROPERTYSINGLEVALUE('KON.40 - Materialtype',$,IFCTEXT('St\X2\00E5\X0\l'),$);
#6595=IFCPROPERTYSINGLEVALUE('KON.41 - Materialspesifikasjon',$,IFCTEXT('NS-ISO 7089'),$);
#6596=IFCPROPERTYSINGLEVALUE('KON.51 - Produksjonsmerknad 1',$,IFCTEXT('Ikke aktuelt'),$);
#6597=IFCPROPERTYSINGLEVALUE('KON.53 - Utf\X2\00F8\X0\relsesmerknad 1',$,IFCTEXT('Ikke angitt'),$);
#6598=IFCOWNERHISTORY(#3,#4,.READWRITE.,.ADDED.,1789134012,#3,#4,1789134012);
#6599=IFCPROPERTYSET('364R83ra95Qu0HHVqajWBj',#6598,'KON_Festemidler',$,(#6602,#6603,#6604,#6605,#6606,#6607,#6608,#6609,#6610,#6611,#6612,#6613));
#6600=IFCOWNERHISTORY(#3,#4,.READWRITE.,.ADDED.,1789134012,#3,#4,1789134012);
#6601=IFCRELDEFINESBYPROPERTIES('1bCT9ibxb2R9Crb1pHyoe7',#6600,$,$,(#4668),#6599);
#6602=IFCPROPERTYSINGLEVALUE('FMI.01 - Navn',$,IFCTEXT('Ikke aktuelt'),$);
#6603=IFCPROPERTYSINGLEVALUE('FMI.02 - Antall skruer',$,IFCINTEGER(0),$);
#6604=IFCPROPERTYSINGLEVALUE('FMI.03 - Skruediameter',$,IFCLENGTHMEASURE(0.),$);
#6605=IFCPROPERTYSINGLEVALUE('FMI.04 - Skruelengde',$,IFCLENGTHMEASURE(0.),$);
#6606=IFCPROPERTYSINGLEVALUE('FMI.05 - Kvalitet',$,IFCTEXT('8.8'),$);
#6607=IFCPROPERTYSINGLEVALUE('FMI.06 - Monteringssted',$,IFCTEXT('Byggeplass'),$);
#6608=IFCPROPERTYSINGLEVALUE('FMI.10 - Hulldiameter',$,IFCLENGTHMEASURE(0.),$);
#6609=IFCPROPERTYSINGLEVALUE('FMI.11 - Hullmerknad',$,IFCTEXT('Ikke aktuelt'),$);
#6610=IFCPROPERTYSINGLEVALUE('FMI.30 - Mutternavn',$,IFCTEXT('Ikke aktuelt'),$);
#6611=IFCPROPERTYSINGLEVALUE('FMI.31 - Antall muttere',$,IFCINTEGER(0),$);
#6612=IFCPROPERTYSINGLEVALUE('FMI.40 - Skivenavn',$,IFCTEXT('Underlagsskive M20-NS-ISO 7089'),$);
#6613=IFCPROPERTYSINGLEVALUE('FMI.41 - Antall skiver',$,IFCINTEGER(1),$);
#6614=IFCOWNERHISTORY(#3,#4,.READWRITE.,.ADDED.,1789134012,#3,#4,1789134012);
#6615=IFCPROPERTYSET('1QBnW6vDv7VPnZD9prcE4q',#6614,'BIM_Tverrfaglig',$,(#6618,#6619,#6620,#6621,#6622));
#6616=IFCOWNERHISTORY(#3,#4,.READWRITE.,.ADDED.,1789134012,#3,#4,1789134012);
#6617=IFCRELDEFINESBYPROPERTIES('0pBgT$DAX2CgDBKr7JsWRp',#6616,$,$,(#4680),#6615);
#6618=IFCPROPERTYSINGLEVALUE('BIM.04 - MMI',$,IFCTEXT('350'),$);
#6619=IFCPROPERTYSINGLEVALUE('BIM.05 - Elementnavn',$,IFCTEXT('Skive'),$);
#6620=IFCPROPERTYSINGLEVALUE('BIM.06 - Fag',$,IFCTEXT('KON'),$);
#6621=IFCPROPERTYSINGLEVALUE('BIM.07 - Revisjon',$,IFCTEXT('A'),$);
#6622=IFCPROPERTYSINGLEVALUE('BIM.08 - Revisjonsdato',$,IFCTEXT('2023-01-16'),$);
#6623=IFCOWNERHISTORY(#3,#4,.READWRITE.,.ADDED.,1789134012,#3,#4,1789134012);
#6624=IFCPROPERTYSET('2hKFEFRsjA6wYHLp0mul3j',#6623,'KON_Felles',$,(#6627,#6628,#6629,#6630,#6631,#6632,#6633,#6634,#6635,#6636,#6637,#6638));
#6625=IFCOWNERHISTORY(#3,#4,.READWRITE.,.ADDED.,1789134012,#3,#4,1789134012);
#6626=IFCRELDEFINESBYPROPERTIES('2AdG30nHP0ju2HBLmCCe9v',#6625,$,$,(#4680),#6624);
#6627=IFCPROPERTYSINGLEVALUE('KON.01 - Konstruksjonsnummer',$,IFCTEXT('K100'),$);
#6628=IFCPROPERTYSINGLEVALUE('KON.03 - Akse',$,IFCTEXT('01'),$);
#6629=IFCPROPERTYSINGLEVALUE('KON.10 - Konstruksjonsinndeling',$,IFCTEXT('Bru'),$);
#6630=IFCPROPERTYSINGLEVALUE('KON.11 - Konstruksjonsdel',$,IFCTEXT('Skive'),$);
#6631=IFCPROPERTYSINGLEVALUE('KON.13 - Elementnavn',$,IFCTEXT('Skive'),$);
#6632=IFCPROPERTYSINGLEVALUE('KON.20 - Produksjonsenhet',$,IFCTEXT('PLD-1002'),$);
#6633=IFCPROPERTYSINGLEVALUE('KON.30 - Plasseringsprioritet',$,IFCTEXT('2 - Viker for 1'),$);
#6634=IFCPROPERTYSINGLEVALUE('KON.31 - Plasseringsmerknad',$,IFCTEXT('Ikke angitt'),$);
#6635=IFCPROPERTYSINGLEVALUE('KON.40 - Materialtype',$,IFCTEXT('St\X2\00E5\X0\l'),$);
#6636=IFCPROPERTYSINGLEVALUE('KON.41 - Materialspesifikasjon',$,IFCTEXT('NS-ISO 7089'),$);
#6637=IFCPROPERTYSINGLEVALUE('KON.51 - Produksjonsmerknad 1',$,IFCTEXT('Ikke aktuelt'),$);
#6638=IFCPROPERTYSINGLEVALUE('KON.53 - Utf\X2\00F8\X0\relsesmerknad 1',$,IFCTEXT('Ikke angitt'),$);
#6639=IFCOWNERHISTORY(#3,#4,.READWRITE.,.ADDED.,1789134012,#3,#4,1789134012);
#6640=IFCPROPERTYSET('3yg_5o9Gr4MxUWak3S_gp4',#6639,'KON_Festemidler',$,(#6643,#6644,#6645,#6646,#6647,#6648,#6649,#6650,#6651,#6652,#6653,#6654));
#6641=IFCOWNERHISTORY(#3,#4,.READWRITE.,.ADDED.,1789134012,#3,#4,1789134012);
#6642=IFCRELDEFINESBYPROPERTIES('1aKndnhXPEngQjf_OCnbj0',#6641,$,$,(#4680),#6640);
#6643=IFCPROPERTYSINGLEVALUE('FMI.01 - Navn',$,IFCTEXT('Ikke aktuelt'),$);
#6644=IFCPROPERTYSINGLEVALUE('FMI.02 - Antall skruer',$,IFCINTEGER(0),$);
#6645=IFCPROPERTYSINGLEVALUE('FMI.03 - Skruediameter',$,IFCLENGTHMEASURE(0.),$);
#6646=IFCPROPERTYSINGLEVALUE('FMI.04 - Skruelengde',$,IFCLENGTHMEASURE(0.),$);
#6647=IFCPROPERTYSINGLEVALUE('FMI.05 - Kvalitet',$,IFCTEXT('8.8'),$);
#6648=IFCPROPERTYSINGLEVALUE('FMI.06 - Monteringssted',$,IFCTEXT('Byggeplass'),$);
#6649=IFCPROPERTYSINGLEVALUE('FMI.10 - Hulldiameter',$,IFCLENGTHMEASURE(0.),$);
#6650=IFCPROPERTYSINGLEVALUE('FMI.11 - Hullmerknad',$,IFCTEXT('Ikke aktuelt'),$);
#6651=IFCPROPERTYSINGLEVALUE('FMI.30 - Mutternavn',$,IFCTEXT('Ikke aktuelt'),$);
#6652=IFCPROPERTYSINGLEVALUE('FMI.31 - Antall muttere',$,IFCINTEGER(0),$);
#6653=IFCPROPERTYSINGLEVALUE('FMI.40 - Skivenavn',$,IFCTEXT('Underlagsskive M20-NS-ISO 7089'),$);
#6654=IFCPROPERTYSINGLEVALUE('FMI.41 - Antall skiver',$,IFCINTEGER(1),$);
#6655=IFCOWNERHISTORY(#3,#4,.READWRITE.,.ADDED.,1789134012,#3,#4,1789134012);
#6656=IFCPROPERTYSET('2WJUqdLcPDPwYwA_yjhjUV',#6655,'BIM_Tverrfaglig',$,(#6659,#6660,#6661,#6662,#6663));
#6657=IFCOWNERHISTORY(#3,#4,.READWRITE.,.ADDED.,1789134012,#3,#4,1789134012);
#6658=IFCRELDEFINESBYPROPERTIES('3SfN5Eo1DDf9AMzmAC1FU$',#6657,$,$,(#945),#6656);
#6659=IFCPROPERTYSINGLEVALUE('BIM.04 - MMI',$,IFCTEXT('350'),$);
#6660=IFCPROPERTYSINGLEVALUE('BIM.05 - Elementnavn',$,IFCTEXT('Rekkverk'),$);
#6661=IFCPROPERTYSINGLEVALUE('BIM.06 - Fag',$,IFCTEXT('KON'),$);
#6662=IFCPROPERTYSINGLEVALUE('BIM.07 - Revisjon',$,IFCTEXT('A'),$);
#6663=IFCPROPERTYSINGLEVALUE('BIM.08 - Revisjonsdato',$,IFCTEXT('2023-01-16'),$);
#6664=IFCOWNERHISTORY(#3,#4,.READWRITE.,.ADDED.,1789134012,#3,#4,1789134012);
#6665=IFCPROPERTYSET('0AVNOD_HnC_xcdfg0iNPK0',#6664,'KON_Felles',$,(#6668,#6669,#6670,#6671,#6672,#6673,#6674,#6675,#6676,#6677,#6678,#6679));
#6666=IFCOWNERHISTORY(#3,#4,.READWRITE.,.ADDED.,1789134012,#3,#4,1789134012);
#6667=IFCRELDEFINESBYPROPERTIES('0knkngzdL6mRLQwackGGEd',#6666,$,$,(#945),#6665);
#6668=IFCPROPERTYSINGLEVALUE('KON.01 - Konstruksjonsnummer',$,IFCTEXT('K100'),$);
#6669=IFCPROPERTYSINGLEVALUE('KON.03 - Akse',$,IFCTEXT('01'),$);
#6670=IFCPROPERTYSINGLEVALUE('KON.10 - Konstruksjonsinndeling',$,IFCTEXT('Bru'),$);
#6671=IFCPROPERTYSINGLEVALUE('KON.11 - Konstruksjonsdel',$,IFCTEXT('Rekkverk'),$);
#6672=IFCPROPERTYSINGLEVALUE('KON.13 - Elementnavn',$,IFCTEXT('Rekkverk'),$);
#6673=IFCPROPERTYSINGLEVALUE('KON.20 - Produksjonsenhet',$,IFCTEXT('PLD-1002'),$);
#6674=IFCPROPERTYSINGLEVALUE('KON.30 - Plasseringsprioritet',$,IFCTEXT('2 - Viker for 1'),$);
#6675=IFCPROPERTYSINGLEVALUE('KON.31 - Plasseringsmerknad',$,IFCTEXT('Ikke angitt'),$);
#6676=IFCPROPERTYSINGLEVALUE('KON.40 - Materialtype',$,IFCTEXT('St\X2\00E5\X0\l'),$);
#6677=IFCPROPERTYSINGLEVALUE('KON.41 - Materialspesifikasjon',$,IFCTEXT('S355ML'),$);
#6678=IFCPROPERTYSINGLEVALUE('KON.51 - Produksjonsmerknad 1',$,IFCTEXT('Ikke aktuelt'),$);
#6679=IFCPROPERTYSINGLEVALUE('KON.53 - Utf\X2\00F8\X0\relsesmerknad 1',$,IFCTEXT('Ikke angitt'),$);
#6680=IFCOWNERHISTORY(#3,#4,.READWRITE.,.ADDED.,1789134012,#3,#4,1789134012);
#6681=IFCPROPERTYSET('0yH5Vs$BTEcP3DpgtNlQi2',#6680,'KON_St\X2\00E5\X0\l',$,(#6684,#6685,#6686,#6687,#6688,#6689,#6690));
#6682=IFCOWNERHISTORY(#3,#4,.READWRITE.,.ADDED.,1789134012,#3,#4,1789134012);
#6683=IFCRELDEFINESBYPROPERTIES('0RyuHS3xL4Px1kiwDtqP4g',#6682,$,$,(#945),#6681);
#6684=IFCPROPERTYSINGLEVALUE('STL.01 - Utf\X2\00F8\X0\relsesklasse',$,IFCTEXT('EXC1'),$);
#6685=IFCPROPERTYSINGLEVALUE('STL.02 - Tilvirkningstoleranse',$,IFCTEXT('1'),$);
#6686=IFCPROPERTYSINGLEVALUE('STL.03 - Monteringstoleranse',$,IFCTEXT('1'),$);
#6687=IFCPROPERTYSINGLEVALUE('STL.11 - Farge p\X2\00E5\X0\ siste dekkestr\X2\00F8\X0\k',$,IFCTEXT('RAL7036'),$);
#6688=IFCPROPERTYSINGLEVALUE('STL.31 - Materialspesifikasjon (dup)',$,IFCTEXT('S355ML'),$);
#6689=IFCPROPERTYSINGLEVALUE('STL.32 - Materialstandard',$,IFCTEXT('NS-EN 10025-4'),$);
#6690=IFCPROPERTYSINGLEVALUE('STL.50 - Korrosjonsbeskyttelse',$,IFCTEXT('System 1 iht. SVV hb. N400 pkt. 9.2.1'),$);
#6691=IFCOWNERHISTORY(#3,#4,.READWRITE.,.ADDED.,1789134012,#3,#4,1789134012);
#6692=IFCPROPERTYSET('0BTa$cTBH7NAIbiWJZq7RS',#6691,'BIM_Tverrfaglig',$,(#6695,#6696,#6697,#6698,#6699));
#6693=IFCOWNERHISTORY(#3,#4,.READWRITE.,.ADDED.,1789134012,#3,#4,1789134012);
#6694=IFCRELDEFINESBYPROPERTIES('1koYlnIt56SwRz1fdffNDB',#6693,$,$,(#1016),#6692);
#6695=IFCPROPERTYSINGLEVALUE('BIM.04 - MMI',$,IFCTEXT('350'),$);
#6696=IFCPROPERTYSINGLEVALUE('BIM.05 - Elementnavn',$,IFCTEXT('Rekkverk'),$);
#6697=IFCPROPERTYSINGLEVALUE('BIM.06 - Fag',$,IFCTEXT('KON'),$);
#6698=IFCPROPERTYSINGLEVALUE('BIM.07 - Revisjon',$,IFCTEXT('A'),$);
#6699=IFCPROPERTYSINGLEVALUE('BIM.08 - Revisjonsdato',$,IFCTEXT('2023-01-16'),$);
#6700=IFCOWNERHISTORY(#3,#4,.READWRITE.,.ADDED.,1789134012,#3,#4,1789134012);
#6701=IFCPROPERTYSET('2z8FFYpwD7d8kqcEpnhgVG',#6700,'KON_Felles',$,(#6704,#6705,#6706,#6707,#6708,#6709,#6710,#6711,#6712,#6713,#6714,#6715));
#6702=IFCOWNERHISTORY(#3,#4,.READWRITE.,.ADDED.,1789134012,#3,#4,1789134012);
#6703=IFCRELDEFINESBYPROPERTIES('1d6iHXZXL4dAp$TOraYaNu',#6702,$,$,(#1016),#6701);
#6704=IFCPROPERTYSINGLEVALUE('KON.01 - Konstruksjonsnummer',$,IFCTEXT('K100'),$);
#6705=IFCPROPERTYSINGLEVALUE('KON.03 - Akse',$,IFCTEXT('01'),$);
#6706=IFCPROPERTYSINGLEVALUE('KON.10 - Konstruksjonsinndeling',$,IFCTEXT('Bru'),$);
#6707=IFCPROPERTYSINGLEVALUE('KON.11 - Konstruksjonsdel',$,IFCTEXT('Rekkverk'),$);
#6708=IFCPROPERTYSINGLEVALUE('KON.13 - Elementnavn',$,IFCTEXT('Rekkverk'),$);
#6709=IFCPROPERTYSINGLEVALUE('KON.20 - Produksjonsenhet',$,IFCTEXT('PLD-1002'),$);
#6710=IFCPROPERTYSINGLEVALUE('KON.30 - Plasseringsprioritet',$,IFCTEXT('2 - Viker for 1'),$);
#6711=IFCPROPERTYSINGLEVALUE('KON.31 - Plasseringsmerknad',$,IFCTEXT('Ikke angitt'),$);
#6712=IFCPROPERTYSINGLEVALUE('KON.40 - Materialtype',$,IFCTEXT('St\X2\00E5\X0\l'),$);
#6713=IFCPROPERTYSINGLEVALUE('KON.41 - Materialspesifikasjon',$,IFCTEXT('S355ML'),$);
#6714=IFCPROPERTYSINGLEVALUE('KON.51 - Produksjonsmerknad 1',$,IFCTEXT('Ikke aktuelt'),$);
#6715=IFCPROPERTYSINGLEVALUE('KON.53 - Utf\X2\00F8\X0\relsesmerknad 1',$,IFCTEXT('Ikke angitt'),$);
#6716=IFCOWNERHISTORY(#3,#4,.READWRITE.,.ADDED.,1789134012,#3,#4,1789134012);
#6717=IFCPROPERTYSET('1eB2WBNCz2hx2ZvLiYk7iM',#6716,'KON_St\X2\00E5\X0\l',$,(#6720,#6721,#6722,#6723,#6724,#6725,#6726));
#6718=IFCOWNERHISTORY(#3,#4,.READWRITE.,.ADDED.,1789134012,#3,#4,1789134012);
#6719=IFCRELDEFINESBYPROPERTIES('2hWyBDaaDBqujIgqPxAQCX',#6718,$,$,(#1016),#6717);
#6720=IFCPROPERTYSINGLEVALUE('STL.01 - Utf\X2\00F8\X0\relsesklasse',$,IFCTEXT('EXC1'),$);
#6721=IFCPROPERTYSINGLEVALUE('STL.02 - Tilvirkningstoleranse',$,IFCTEXT('1'),$);
#6722=IFCPROPERTYSINGLEVALUE('STL.03 - Monteringstoleranse',$,IFCTEXT('1'),$);
#6723=IFCPROPERTYSINGLEVALUE('STL.11 - Farge p\X2\00E5\X0\ siste dekkestr\X2\00F8\X0\k',$,IFCTEXT('RAL7036'),$);
#6724=IFCPROPERTYSINGLEVALUE('STL.31 - Materialspesifikasjon (dup)',$,IFCTEXT('S355ML'),$);
#6725=IFCPROPERTYSINGLEVALUE('STL.32 - Materialstandard',$,IFCTEXT('NS-EN 10025-4'),$);
#6726=IFCPROPERTYSINGLEVALUE('STL.50 - Korrosjonsbeskyttelse',$,IFCTEXT('System 1 iht. SVV hb. N400 pkt. 9.2.1'),$);
#6727=IFCOWNERHISTORY(#3,#4,.READWRITE.,.ADDED.,1789134012,#3,#4,1789134012);
#6728=IFCPROPERTYSET('2I7Gyligr7EvdyIAzBdUhH',#6727,'BIM_Tverrfaglig',$,(#6731,#6732,#6733,#6734,#6735));
#6729=IFCOWNERHISTORY(#3,#4,.READWRITE.,.ADDED.,1789134012,#3,#4,1789134012);
#6730=IFCRELDEFINESBYPROPERTIES('3twngmBXvDXRBeA5XPK89X',#6729,$,$,(#4264),#6728);
#6731=IFCPROPERTYSINGLEVALUE('BIM.04 - MMI',$,IFCTEXT('350'),$);
#6732=IFCPROPERTYSINGLEVALUE('BIM.05 - Elementnavn',$,IFCTEXT('Boltegruppe'),$);
#6733=IFCPROPERTYSINGLEVALUE('BIM.06 - Fag',$,IFCTEXT('KON'),$);
#6734=IFCPROPERTYSINGLEVALUE('BIM.07 - Revisjon',$,IFCTEXT('A'),$);
#6735=IFCPROPERTYSINGLEVALUE('BIM.08 - Revisjonsdato',$,IFCTEXT('2023-01-16'),$);
#6736=IFCOWNERHISTORY(#3,#4,.READWRITE.,.ADDED.,1789134012,#3,#4,1789134012);
#6737=IFCPROPERTYSET('3JLGTJRuHEIueb$$WQ83yK',#6736,'KON_Felles',$,(#6740,#6741,#6742,#6743,#6744,#6745,#6746,#6747,#6748,#6749,#6750,#6751));
#6738=IFCOWNERHISTORY(#3,#4,.READWRITE.,.ADDED.,1789134012,#3,#4,1789134012);
#6739=IFCRELDEFINESBYPROPERTIES('25Vcnd6tPCtuOrkC50BpOw',#6738,$,$,(#4264),#6737);
#6740=IFCPROPERTYSINGLEVALUE('KON.01 - Konstruksjonsnummer',$,IFCTEXT('K100'),$);
#6741=IFCPROPERTYSINGLEVALUE('KON.03 - Akse',$,IFCTEXT('01'),$);
#6742=IFCPROPERTYSINGLEVALUE('KON.10 - Konstruksjonsinndeling',$,IFCTEXT('Bru'),$);
#6743=IFCPROPERTYSINGLEVALUE('KON.11 - Konstruksjonsdel',$,IFCTEXT('Boltegruppe'),$);
#6744=IFCPROPERTYSINGLEVALUE('KON.13 - Elementnavn',$,IFCTEXT('Boltegruppe'),$);
#6745=IFCPROPERTYSINGLEVALUE('KON.20 - Produksjonsenhet',$,IFCTEXT('PLD-1002'),$);
#6746=IFCPROPERTYSINGLEVALUE('KON.30 - Plasseringsprioritet',$,IFCTEXT('2 - Viker for 1'),$);
#6747=IFCPROPERTYSINGLEVALUE('KON.31 - Plasseringsmerknad',$,IFCTEXT('Ikke angitt'),$);
#6748=IFCPROPERTYSINGLEVALUE('KON.40 - Materialtype',$,IFCTEXT('St\X2\00E5\X0\l'),$);
#6749=IFCPROPERTYSINGLEVALUE('KON.41 - Materialspesifikasjon',$,IFCTEXT('8.8'),$);
#6750=IFCPROPERTYSINGLEVALUE('KON.51 - Produksjonsmerknad 1',$,IFCTEXT('Ikke aktuelt'),$);
#6751=IFCPROPERTYSINGLEVALUE('KON.53 - Utf\X2\00F8\X0\relsesmerknad 1',$,IFCTEXT('Ikke angitt'),$);
#6752=IFCOWNERHISTORY(#3,#4,.READWRITE.,.ADDED.,1789134012,#3,#4,1789134012);
#6753=IFCPROPERTYSET('2pOK11vw1BH91yE2F8lEcy',#6752,'KON_Festemidler',$,(#6756,#6757,#6758,#6759,#6760,#6761,#6762,#6763,#6764,#6765,#6766,#6767));
#6754=IFCOWNERHISTORY(#3,#4,.READWRITE.,.ADDED.,1789134012,#3,#4,1789134012);
#6755=IFCRELDEFINESBYPROPERTIES('3bQiDdaRjByP54NkvGcpNO',#6754,$,$,(#4264),#6753);
#6756=IFCPROPERTYSINGLEVALUE('FMI.01 - Navn',$,IFCTEXT('6k-skrue M20x60-NS-ISO 4014'),$);
#6757=IFCPROPERTYSINGLEVALUE('FMI.02 - Antall skruer',$,IFCINTEGER(4),$);
#6758=IFCPROPERTYSINGLEVALUE('FMI.03 - Skruediameter',$,IFCLENGTHMEASURE(16.),$);
#6759=IFCPROPERTYSINGLEVALUE('FMI.04 - Skruelengde',$,IFCLENGTHMEASURE(100.),$);
#6760=IFCPROPERTYSINGLEVALUE('FMI.05 - Kvalitet',$,IFCTEXT('8.8'),$);
#6761=IFCPROPERTYSINGLEVALUE('FMI.06 - Monteringssted',$,IFCTEXT('Byggeplass'),$);
#6762=IFCPROPERTYSINGLEVALUE('FMI.10 - Hulldiameter',$,IFCLENGTHMEASURE(18.),$);
#6763=IFCPROPERTYSINGLEVALUE('FMI.11 - Hullmerknad',$,IFCTEXT('Hullet skal v\X2\00E6\X0\re gjenget'),$);
#6764=IFCPROPERTYSINGLEVALUE('FMI.30 - Mutternavn',$,IFCTEXT('6k-mutter M20-NS-ISO 4032'),$);
#6765=IFCPROPERTYSINGLEVALUE('FMI.31 - Antall muttere',$,IFCINTEGER(4),$);
#6766=IFCPROPERTYSINGLEVALUE('FMI.40 - Skivenavn',$,IFCTEXT('Underlagsskive M20-NS-ISO 7089'),$);
#6767=IFCPROPERTYSINGLEVALUE('FMI.41 - Antall skiver',$,IFCINTEGER(4),$);
#6768=IFCOWNERHISTORY(#3,#4,.READWRITE.,.ADDED.,1789134012,#3,#4,1789134012);
#6769=IFCPROPERTYSET('04EfbOVeH3WwzfnBivjuMR',#6768,'BIM_Tverrfaglig',$,(#6772,#6773,#6774,#6775,#6776));
#6770=IFCOWNERHISTORY(#3,#4,.READWRITE.,.ADDED.,1789134012,#3,#4,1789134012);
#6771=IFCRELDEFINESBYPROPERTIES('2QGaOpKMfCpwhTQeIGsHQR',#6770,$,$,(#4595),#6769);
#6772=IFCPROPERTYSINGLEVALUE('BIM.04 - MMI',$,IFCTEXT('350'),$);
#6773=IFCPROPERTYSINGLEVALUE('BIM.05 - Elementnavn',$,IFCTEXT('Mutter'),$);
#6774=IFCPROPERTYSINGLEVALUE('BIM.06 - Fag',$,IFCTEXT('KON'),$);
#6775=IFCPROPERTYSINGLEVALUE('BIM.07 - Revisjon',$,IFCTEXT('A'),$);
#6776=IFCPROPERTYSINGLEVALUE('BIM.08 - Revisjonsdato',$,IFCTEXT('2023-01-16'),$);
#6777=IFCOWNERHISTORY(#3,#4,.READWRITE.,.ADDED.,1789134012,#3,#4,1789134012);
#6778=IFCPROPERTYSET('2NamSt7CP988pbuzLqhKMy',#6777,'KON_Felles',$,(#6781,#6782,#6783,#6784,#6785,#6786,#6787,#6788,#6789,#6790,#6791,#6792));
#6779=IFCOWNERHISTORY(#3,#4,.READWRITE.,.ADDED.,1789134012,#3,#4,1789134012);
#6780=IFCRELDEFINESBYPROPERTIES('2LpkBXiP51HOUn$$7teGoD',#6779,$,$,(#4595),#6778);
#6781=IFCPROPERTYSINGLEVALUE('KON.01 - Konstruksjonsnummer',$,IFCTEXT('K100'),$);
#6782=IFCPROPERTYSINGLEVALUE('KON.03 - Akse',$,IFCTEXT('01'),$);
#6783=IFCPROPERTYSINGLEVALUE('KON.10 - Konstruksjonsinndeling',$,IFCTEXT('Bru'),$);
#6784=IFCPROPERTYSINGLEVALUE('KON.11 - Konstruksjonsdel',$,IFCTEXT('Mutter'),$);
#6785=IFCPROPERTYSINGLEVALUE('KON.13 - Elementnavn',$,IFCTEXT('Mutter'),$);
#6786=IFCPROPERTYSINGLEVALUE('KON.20 - Produksjonsenhet',$,IFCTEXT('PLD-1002'),$);
#6787=IFCPROPERTYSINGLEVALUE('KON.30 - Plasseringsprioritet',$,IFCTEXT('2 - Viker for 1'),$);
#6788=IFCPROPERTYSINGLEVALUE('KON.31 - Plasseringsmerknad',$,IFCTEXT('Ikke angitt'),$);
#6789=IFCPROPERTYSINGLEVALUE('KON.40 - Materialtype',$,IFCTEXT('St\X2\00E5\X0\l'),$);
#6790=IFCPROPERTYSINGLEVALUE('KON.41 - Materialspesifikasjon',$,IFCTEXT('8.8'),$);
#6791=IFCPROPERTYSINGLEVALUE('KON.51 - Produksjonsmerknad 1',$,IFCTEXT('Ikke aktuelt'),$);
#6792=IFCPROPERTYSINGLEVALUE('KON.53 - Utf\X2\00F8\X0\relsesmerknad 1',$,IFCTEXT('Ikke angitt'),$);
#6793=IFCOWNERHISTORY(#3,#4,.READWRITE.,.ADDED.,1789134012,#3,#4,1789134012);
#6794=IFCPROPERTYSET('14wsH5LV5D9hiE5jNlqh7U',#6793,'KON_Festemidler',$,(#6797,#6798,#6799,#6800,#6801,#6802,#6803,#6804,#6805,#6806,#6807,#6808));
#6795=IFCOWNERHISTORY(#3,#4,.READWRITE.,.ADDED.,1789134012,#3,#4,1789134012);
#6796=IFCRELDEFINESBYPROPERTIES('2ZxO8skIn11g1XQRUtgtx2',#6795,$,$,(#4595),#6794);
#6797=IFCPROPERTYSINGLEVALUE('FMI.01 - Navn',$,IFCTEXT('Ikke aktuelt'),$);
#6798=IFCPROPERTYSINGLEVALUE('FMI.02 - Antall skruer',$,IFCINTEGER(0),$);
#6799=IFCPROPERTYSINGLEVALUE('FMI.03 - Skruediameter',$,IFCLENGTHMEASURE(0.),$);
#6800=IFCPROPERTYSINGLEVALUE('FMI.04 - Skruelengde',$,IFCLENGTHMEASURE(0.),$);
#6801=IFCPROPERTYSINGLEVALUE('FMI.05 - Kvalitet',$,IFCTEXT('8.8'),$);
#6802=IFCPROPERTYSINGLEVALUE('FMI.06 - Monteringssted',$,IFCTEXT('Byggeplass'),$);
#6803=IFCPROPERTYSINGLEVALUE('FMI.10 - Hulldiameter',$,IFCLENGTHMEASURE(0.),$);
#6804=IFCPROPERTYSINGLEVALUE('FMI.11 - Hullmerknad',$,IFCTEXT('Ikke aktuelt'),$);
#6805=IFCPROPERTYSINGLEVALUE('FMI.30 - Mutternavn',$,IFCTEXT('6k-mutter M20-NS-ISO 4032'),$);
#6806=IFCPROPERTYSINGLEVALUE('FMI.31 - Antall muttere',$,IFCINTEGER(1),$);
#6807=IFCPROPERTYSINGLEVALUE('FMI.40 - Skivenavn',$,IFCTEXT('Ikke aktuelt'),$);
#6808=IFCPROPERTYSINGLEVALUE('FMI.41 - Antall skiver',$,IFCINTEGER(0),$);
#6809=IFCOWNERHISTORY(#3,#4,.READWRITE.,.ADDED.,1789134012,#3,#4,1789134012);
#6810=IFCPROPERTYSET('1pgCZxaMv00hRFKdDK3ImI',#6809,'BIM_Tverrfaglig',$,(#6813,#6814,#6815,#6816,#6817));
#6811=IFCOWNERHISTORY(#3,#4,.READWRITE.,.ADDED.,1789134012,#3,#4,1789134012);
#6812=IFCRELDEFINESBYPROPERTIES('1FpdpaeiPEwfXMg9Wbum_U',#6811,$,$,(#4602),#6810);
#6813=IFCPROPERTYSINGLEVALUE('BIM.04 - MMI',$,IFCTEXT('350'),$);
#6814=IFCPROPERTYSINGLEVALUE('BIM.05 - Elementnavn',$,IFCTEXT('Mutter'),$);
#6815=IFCPROPERTYSINGLEVALUE('BIM.06 - Fag',$,IFCTEXT('KON'),$);
#6816=IFCPROPERTYSINGLEVALUE('BIM.07 - Revisjon',$,IFCTEXT('A'),$);
#6817=IFCPROPERTYSINGLEVALUE('BIM.08 - Revisjonsdato',$,IFCTEXT('2023-01-16'),$);
#6818=IFCOWNERHISTORY(#3,#4,.READWRITE.,.ADDED.,1789134012,#3,#4,1789134012);
#6819=IFCPROPERTYSET('0YRP2xQrn4oPkjqk_KysAe',#6818,'KON_Felles',$,(#6822,#6823,#6824,#6825,#6826,#6827,#6828,#6829,#6830,#6831,#6832,#6833));
#6820=IFCOWNERHISTORY(#3,#4,.READWRITE.,.ADDED.,1789134012,#3,#4,1789134012);
#6821=IFCRELDEFINESBYPROPERTIES('2dfYw3USj48e0gynve0w8m',#6820,$,$,(#4602),#6819);
#6822=IFCPROPERTYSINGLEVALUE('KON.01 - Konstruksjonsnummer',$,IFCTEXT('K100'),$);
#6823=IFCPROPERTYSINGLEVALUE('KON.03 - Akse',$,IFCTEXT('01'),$);
#6824=IFCPROPERTYSINGLEVALUE('KON.10 - Konstruksjonsinndeling',$,IFCTEXT('Bru'),$);
#6825=IFCPROPERTYSINGLEVALUE('KON.11 - Konstruksjonsdel',$,IFCTEXT('Mutter'),$);
#6826=IFCPROPERTYSINGLEVALUE('KON.13 - Elementnavn',$,IFCTEXT('Mutter'),$);
#6827=IFCPROPERTYSINGLEVALUE('KON.20 - Produksjonsenhet',$,IFCTEXT('PLD-1002'),$);
#6828=IFCPROPERTYSINGLEVALUE('KON.30 - Plasseringsprioritet',$,IFCTEXT('2 - Viker for 1'),$);
#6829=IFCPROPERTYSINGLEVALUE('KON.31 - Plasseringsmerknad',$,IFCTEXT('Ikke angitt'),$);
#6830=IFCPROPERTYSINGLEVALUE('KON.40 - Materialtype',$,IFCTEXT('St\X2\00E5\X0\l'),$);
#6831=IFCPROPERTYSINGLEVALUE('KON.41 - Materialspesifikasjon',$,IFCTEXT('8.8'),$);
#6832=IFCPROPERTYSINGLEVALUE('KON.51 - Produksjonsmerknad 1',$,IFCTEXT('Ikke aktuelt'),$);
#6833=IFCPROPERTYSINGLEVALUE('KON.53 - Utf\X2\00F8\X0\relsesmerknad 1',$,IFCTEXT('Ikke angitt'),$);
#6834=IFCOWNERHISTORY(#3,#4,.READWRITE.,.ADDED.,1789134012,#3,#4,1789134012);
#6835=IFCPROPERTYSET('0Fmi__D556hwTXgIzU4ZzJ',#6834,'KON_Festemidler',$,(#6838,#6839,#6840,#6841,#6842,#6843,#6844,#6845,#6846,#6847,#6848,#6849));
#6836=IFCOWNERHISTORY(#3,#4,.READWRITE.,.ADDED.,1789134012,#3,#4,1789134012);
#6837=IFCRELDEFINESBYPROPERTIES('0oEunQqEX3WPSYLj2DWRJ2',#6836,$,$,(#4602),#6835);
#6838=IFCPROPERTYSINGLEVALUE('FMI.01 - Navn',$,IFCTEXT('Ikke aktuelt'),$);
#6839=IFCPROPERTYSINGLEVALUE('FMI.02 - Antall skruer',$,IFCINTEGER(0),$);
#6840=IFCPROPERTYSINGLEVALUE('FMI.03 - Skruediameter',$,IFCLENGTHMEASURE(0.),$);
#6841=IFCPROPERTYSINGLEVALUE('FMI.04 - Skruelengde',$,IFCLENGTHMEASURE(0.),$);
#6842=IFCPROPERTYSINGLEVALUE('FMI.05 - Kvalitet',$,IFCTEXT('8.8'),$);
#6843=IFCPROPERTYSINGLEVALUE('FMI.06 - Monteringssted',$,IFCTEXT('Byggeplass'),$);
#6844=IFCPROPERTYSINGLEVALUE('FMI.10 - Hulldiameter',$,IFCLENGTHMEASURE(0.),$);
#6845=IFCPROPERTYSINGLEVALUE('FMI.11 - Hullmerknad',$,IFCTEXT('Ikke aktuelt'),$);
#6846=IFCPROPERTYSINGLEVALUE('FMI.30 - Mutternavn',$,IFCTEXT('6k-mutter M20-NS-ISO 4032'),$);
#6847=IFCPROPERTYSINGLEVALUE('FMI.31 - Antall muttere',$,IFCINTEGER(1),$);
#6848=IFCPROPERTYSINGLEVALUE('FMI.40 - Skivenavn',$,IFCTEXT('Ikke aktuelt'),$);
#6849=IFCPROPERTYSINGLEVALUE('FMI.41 - Antall skiver',$,IFCINTEGER(0),$);
#6850=IFCOWNERHISTORY(#3,#4,.READWRITE.,.ADDED.,1789134012,#3,#4,1789134012);
#6851=IFCPROPERTYSET('2A_bJeKTD2KeFA0uDgBHQn',#6850,'BIM_Tverrfaglig',$,(#6854,#6855,#6856,#6857,#6858));
#6852=IFCOWNERHISTORY(#3,#4,.READWRITE.,.ADDED.,1789134012,#3,#4,1789134012);
#6853=IFCRELDEFINESBYPROPERTIES('1EB$c8HETELexr8SQyquDI',#6852,$,$,(#4608),#6851);
#6854=IFCPROPERTYSINGLEVALUE('BIM.04 - MMI',$,IFCTEXT('350'),$);
#6855=IFCPROPERTYSINGLEVALUE('BIM.05 - Elementnavn',$,IFCTEXT('Mutter'),$);
#6856=IFCPROPERTYSINGLEVALUE('BIM.06 - Fag',$,IFCTEXT('KON'),$);
#6857=IFCPROPERTYSINGLEVALUE('BIM.07 - Revisjon',$,IFCTEXT('A'),$);
#6858=IFCPROPERTYSINGLEVALUE('BIM.08 - Revisjonsdato',$,IFCTEXT('2023-01-16'),$);
#6859=IFCOWNERHISTORY(#3,#4,.READWRITE.,.ADDED.,1789134012,#3,#4,1789134012);
#6860=IFCPROPERTYSET('1w_Qo7IH590hN6yYKKdF9F',#6859,'KON_Felles',$,(#6863,#6864,#6865,#6866,#6867,#6868,#6869,#6870,#6871,#6872,#6873,#6874));
#6861=IFCOWNERHISTORY(#3,#4,.READWRITE.,.ADDED.,1789134012,#3,#4,1789134012);
#6862=IFCRELDEFINESBYPROPERTIES('34OFqNQZX24A6WSsAqZ0$H',#6861,$,$,(#4608),#6860);
#6863=IFCPROPERTYSINGLEVALUE('KON.01 - Konstruksjonsnummer',$,IFCTEXT('K100'),$);
#6864=IFCPROPERTYSINGLEVALUE('KON.03 - Akse',$,IFCTEXT('01'),$);
#6865=IFCPROPERTYSINGLEVALUE('KON.10 - Konstruksjonsinndeling',$,IFCTEXT('Bru'),$);
#6866=IFCPROPERTYSINGLEVALUE('KON.11 - Konstruksjonsdel',$,IFCTEXT('Mutter'),$);
#6867=IFCPROPERTYSINGLEVALUE('KON.13 - Elementnavn',$,IFCTEXT('Mutter'),$);
#6868=IFCPROPERTYSINGLEVALUE('KON.20 - Produksjonsenhet',$,IFCTEXT('PLD-1002'),$);
#6869=IFCPROPERTYSINGLEVALUE('KON.30 - Plasseringsprioritet',$,IFCTEXT('2 - Viker for 1'),$);
#6870=IFCPROPERTYSINGLEVALUE('KON.31 - Plasseringsmerknad',$,IFCTEXT('Ikke angitt'),$);
#6871=IFCPROPERTYSINGLEVALUE('KON.40 - Materialtype',$,IFCTEXT('St\X2\00E5\X0\l'),$);
#6872=IFCPROPERTYSINGLEVALUE('KON.41 - Materialspesifikasjon',$,IFCTEXT('8.8'),$);
#6873=IFCPROPERTYSINGLEVALUE('KON.51 - Produksjonsmerknad 1',$,IFCTEXT('Ikke aktuelt'),$);
#6874=IFCPROPERTYSINGLEVALUE('KON.53 - Utf\X2\00F8\X0\relsesmerknad 1',$,IFCTEXT('Ikke angitt'),$);
#6875=IFCOWNERHISTORY(#3,#4,.READWRITE.,.ADDED.,1789134012,#3,#4,1789134012);
#6876=IFCPROPERTYSET('2RozJze2fCJwPl5K5zBHp7',#6875,'KON_Festemidler',$,(#6879,#6880,#6881,#6882,#6883,#6884,#6885,#6886,#6887,#6888,#6889,#6890));
#6877=IFCOWNERHISTORY(#3,#4,.READWRITE.,.ADDED.,1789134012,#3,#4,1789134012);
#6878=IFCRELDEFINESBYPROPERTIES('1je6IB_Rj7BxKHDG9ar_pP',#6877,$,$,(#4608),#6876);
#6879=IFCPROPERTYSINGLEVALUE('FMI.01 - Navn',$,IFCTEXT('Ikke aktuelt'),$);
#6880=IFCPROPERTYSINGLEVALUE('FMI.02 - Antall skruer',$,IFCINTEGER(0),$);
#6881=IFCPROPERTYSINGLEVALUE('FMI.03 - Skruediameter',$,IFCLENGTHMEASURE(0.),$);
#6882=IFCPROPERTYSINGLEVALUE('FMI.04 - Skruelengde',$,IFCLENGTHMEASURE(0.),$);
#6883=IFCPROPERTYSINGLEVALUE('FMI.05 - Kvalitet',$,IFCTEXT('8.8'),$);
#6884=IFCPROPERTYSINGLEVALUE('FMI.06 - Monteringssted',$,IFCTEXT('Byggeplass'),$);
#6885=IFCPROPERTYSINGLEVALUE('FMI.10 - Hulldiameter',$,IFCLENGTHMEASURE(0.),$);
#6886=IFCPROPERTYSINGLEVALUE('FMI.11 - Hullmerknad',$,IFCTEXT('Ikke aktuelt'),$);
#6887=IFCPROPERTYSINGLEVALUE('FMI.30 - Mutternavn',$,IFCTEXT('6k-mutter M20-NS-ISO 4032'),$);
#6888=IFCPROPERTYSINGLEVALUE('FMI.31 - Antall muttere',$,IFCINTEGER(1),$);
#6889=IFCPROPERTYSINGLEVALUE('FMI.40 - Skivenavn',$,IFCTEXT('Ikke aktuelt'),$);
#6890=IFCPROPERTYSINGLEVALUE('FMI.41 - Antall skiver',$,IFCINTEGER(0),$);
#6891=IFCOWNERHISTORY(#3,#4,.READWRITE.,.ADDED.,1789134012,#3,#4,1789134012);
#6892=IFCPROPERTYSET('2C2lkZ$cf45RTe9SMaXzJH',#6891,'BIM_Tverrfaglig',$,(#6895,#6896,#6897,#6898,#6899));
#6893=IFCOWNERHISTORY(#3,#4,.READWRITE.,.ADDED.,1789134012,#3,#4,1789134012);
#6894=IFCRELDEFINESBYPROPERTIES('20GY_PXBv9iOvi6lCjldnx',#6893,$,$,(#4614),#6892);
#6895=IFCPROPERTYSINGLEVALUE('BIM.04 - MMI',$,IFCTEXT('350'),$);
#6896=IFCPROPERTYSINGLEVALUE('BIM.05 - Elementnavn',$,IFCTEXT('Mutter'),$);
#6897=IFCPROPERTYSINGLEVALUE('BIM.06 - Fag',$,IFCTEXT('KON'),$);
#6898=IFCPROPERTYSINGLEVALUE('BIM.07 - Revisjon',$,IFCTEXT('A'),$);
#6899=IFCPROPERTYSINGLEVALUE('BIM.08 - Revisjonsdato',$,IFCTEXT('2023-01-16'),$);
#6900=IFCOWNERHISTORY(#3,#4,.READWRITE.,.ADDED.,1789134012,#3,#4,1789134012);
#6901=IFCPROPERTYSET('1WXOftzNjDaeUjUhivnpb5',#6900,'KON_Felles',$,(#6904,#6905,#6906,#6907,#6908,#6909,#6910,#6911,#6912,#6913,#6914,#6915));
#6902=IFCOWNERHISTORY(#3,#4,.READWRITE.,.ADDED.,1789134012,#3,#4,1789134012);
#6903=IFCRELDEFINESBYPROPERTIES('2k1PuOc0v0NwbOtAtciv5c',#6902,$,$,(#4614),#6901);
#6904=IFCPROPERTYSINGLEVALUE('KON.01 - Konstruksjonsnummer',$,IFCTEXT('K100'),$);
#6905=IFCPROPERTYSINGLEVALUE('KON.03 - Akse',$,IFCTEXT('01'),$);
#6906=IFCPROPERTYSINGLEVALUE('KON.10 - Konstruksjonsinndeling',$,IFCTEXT('Bru'),$);
#6907=IFCPROPERTYSINGLEVALUE('KON.11 - Konstruksjonsdel',$,IFCTEXT('Mutter'),$);
#6908=IFCPROPERTYSINGLEVALUE('KON.13 - Elementnavn',$,IFCTEXT('Mutter'),$);
#6909=IFCPROPERTYSINGLEVALUE('KON.20 - Produksjonsenhet',$,IFCTEXT('PLD-1002'),$);
#6910=IFCPROPERTYSINGLEVALUE('KON.30 - Plasseringsprioritet',$,IFCTEXT('2 - Viker for 1'),$);
#6911=IFCPROPERTYSINGLEVALUE('KON.31 - Plasseringsmerknad',$,IFCTEXT('Ikke angitt'),$);
#6912=IFCPROPERTYSINGLEVALUE('KON.40 - Materialtype',$,IFCTEXT('St\X2\00E5\X0\l'),$);
#6913=IFCPROPERTYSINGLEVALUE('KON.41 - Materialspesifikasjon',$,IFCTEXT('8.8'),$);
#6914=IFCPROPERTYSINGLEVALUE('KON.51 - Produksjonsmerknad 1',$,IFCTEXT('Ikke aktuelt'),$);
#6915=IFCPROPERTYSINGLEVALUE('KON.53 - Utf\X2\00F8\X0\relsesmerknad 1',$,IFCTEXT('Ikke angitt'),$);
#6916=IFCOWNERHISTORY(#3,#4,.READWRITE.,.ADDED.,1789134012,#3,#4,1789134012);
#6917=IFCPROPERTYSET('0A4ukzSHz6qg62YQzQH6JF',#6916,'KON_Festemidler',$,(#6920,#6921,#6922,#6923,#6924,#6925,#6926,#6927,#6928,#6929,#6930,#6931));
#6918=IFCOWNERHISTORY(#3,#4,.READWRITE.,.ADDED.,1789134012,#3,#4,1789134012);
#6919=IFCRELDEFINESBYPROPERTIES('3VqcI8XGn9E8I_c_TvlAEW',#6918,$,$,(#4614),#6917);
#6920=IFCPROPERTYSINGLEVALUE('FMI.01 - Navn',$,IFCTEXT('Ikke aktuelt'),$);
#6921=IFCPROPERTYSINGLEVALUE('FMI.02 - Antall skruer',$,IFCINTEGER(0),$);
#6922=IFCPROPERTYSINGLEVALUE('FMI.03 - Skruediameter',$,IFCLENGTHMEASURE(0.),$);
#6923=IFCPROPERTYSINGLEVALUE('FMI.04 - Skruelengde',$,IFCLENGTHMEASURE(0.),$);
#6924=IFCPROPERTYSINGLEVALUE('FMI.05 - Kvalitet',$,IFCTEXT('8.8'),$);
#6925=IFCPROPERTYSINGLEVALUE('FMI.06 - Monteringssted',$,IFCTEXT('Byggeplass'),$);
#6926=IFCPROPERTYSINGLEVALUE('FMI.10 - Hulldiameter',$,IFCLENGTHMEASURE(0.),$);
#6927=IFCPROPERTYSINGLEVALUE('FMI.11 - Hullmerknad',$,IFCTEXT('Ikke aktuelt'),$);
#6928=IFCPROPERTYSINGLEVALUE('FMI.30 - Mutternavn',$,IFCTEXT('6k-mutter M20-NS-ISO 4032'),$);
#6929=IFCPROPERTYSINGLEVALUE('FMI.31 - Antall muttere',$,IFCINTEGER(1),$);
#6930=IFCPROPERTYSINGLEVALUE('FMI.40 - Skivenavn',$,IFCTEXT('Ikke aktuelt'),$);
#6931=IFCPROPERTYSINGLEVALUE('FMI.41 - Antall skiver',$,IFCINTEGER(0),$);
#6932=IFCOWNERHISTORY(#3,#4,.READWRITE.,.ADDED.,1789134012,#3,#4,1789134012);
#6933=IFCPROPERTYSET('1NLPWPA4T1rg1u2ixhkaju',#6932,'BIM_Tverrfaglig',$,(#6936,#6937,#6938,#6939,#6940));
#6934=IFCOWNERHISTORY(#3,#4,.READWRITE.,.ADDED.,1789134012,#3,#4,1789134012);
#6935=IFCRELDEFINESBYPROPERTIES('3ErIHPMpv4BPwsQ3BZyLsO',#6934,$,$,(#4650),#6933);
#6936=IFCPROPERTYSINGLEVALUE('BIM.04 - MMI',$,IFCTEXT('350'),$);
#6937=IFCPROPERTYSINGLEVALUE('BIM.05 - Elementnavn',$,IFCTEXT('Mutter'),$);
#6938=IFCPROPERTYSINGLEVALUE('BIM.06 - Fag',$,IFCTEXT('KON'),$);
#6939=IFCPROPERTYSINGLEVALUE('BIM.07 - Revisjon',$,IFCTEXT('A'),$);
#6940=IFCPROPERTYSINGLEVALUE('BIM.08 - Revisjonsdato',$,IFCTEXT('2023-01-16'),$);
#6941=IFCOWNERHISTORY(#3,#4,.READWRITE.,.ADDED.,1789134012,#3,#4,1789134012);
#6942=IFCPROPERTYSET('2I3oTq2Af9D9rEGnhHX7LA',#6941,'KON_Felles',$,(#6945,#6946,#6947,#6948,#6949,#6950,#6951,#6952,#6953,#6954,#6955,#6956));
#6943=IFCOWNERHISTORY(#3,#4,.READWRITE.,.ADDED.,1789134012,#3,#4,1789134012);
#6944=IFCRELDEFINESBYPROPERTIES('2lXZ5rOVvFWQ73ie4L3sjE',#6943,$,$,(#4650),#6942);
#6945=IFCPROPERTYSINGLEVALUE('KON.01 - Konstruksjonsnummer',$,IFCTEXT('K100'),$);
#6946=IFCPROPERTYSINGLEVALUE('KON.03 - Akse',$,IFCTEXT('01'),$);
#6947=IFCPROPERTYSINGLEVALUE('KON.10 - Konstruksjonsinndeling',$,IFCTEXT('Bru'),$);
#6948=IFCPROPERTYSINGLEVALUE('KON.11 - Konstruksjonsdel',$,IFCTEXT('Mutter'),$);
#6949=IFCPROPERTYSINGLEVALUE('KON.13 - Elementnavn',$,IFCTEXT('Mutter'),$);
#6950=IFCPROPERTYSINGLEVALUE('KON.20 - Produksjonsenhet',$,IFCTEXT('PLD-1002'),$);
#6951=IFCPROPERTYSINGLEVALUE('KON.30 - Plasseringsprioritet',$,IFCTEXT('2 - Viker for 1'),$);
#6952=IFCPROPERTYSINGLEVALUE('KON.31 - Plasseringsmerknad',$,IFCTEXT('Ikke angitt'),$);
#6953=IFCPROPERTYSINGLEVALUE('KON.40 - Materialtype',$,IFCTEXT('St\X2\00E5\X0\l'),$);
#6954=IFCPROPERTYSINGLEVALUE('KON.41 - Materialspesifikasjon',$,IFCTEXT('8.8'),$);
#6955=IFCPROPERTYSINGLEVALUE('KON.51 - Produksjonsmerknad 1',$,IFCTEXT('Ikke aktuelt'),$);
#6956=IFCPROPERTYSINGLEVALUE('KON.53 - Utf\X2\00F8\X0\relsesmerknad 1',$,IFCTEXT('Ikke angitt'),$);
#6957=IFCOWNERHISTORY(#3,#4,.READWRITE.,.ADDED.,1789134012,#3,#4,1789134012);
#6958=IFCPROPERTYSET('3P2bkucOP1$fSR6KF7vOj3',#6957,'KON_Festemidler',$,(#6961,#6962,#6963,#6964,#6965,#6966,#6967,#6968,#6969,#6970,#6971,#6972));
#6959=IFCOWNERHISTORY(#3,#4,.READWRITE.,.ADDED.,1789134012,#3,#4,1789134012);
#6960=IFCRELDEFINESBYPROPERTIES('1soRNjs3zBzAQlsBQZc3G1',#6959,$,$,(#4650),#6958);
#6961=IFCPROPERTYSINGLEVALUE('FMI.01 - Navn',$,IFCTEXT('Ikke aktuelt'),$);
#6962=IFCPROPERTYSINGLEVALUE('FMI.02 - Antall skruer',$,IFCINTEGER(0),$);
#6963=IFCPROPERTYSINGLEVALUE('FMI.03 - Skruediameter',$,IFCLENGTHMEASURE(0.),$);
#6964=IFCPROPERTYSINGLEVALUE('FMI.04 - Skruelengde',$,IFCLENGTHMEASURE(0.),$);
#6965=IFCPROPERTYSINGLEVALUE('FMI.05 - Kvalitet',$,IFCTEXT('8.8'),$);
#6966=IFCPROPERTYSINGLEVALUE('FMI.06 - Monteringssted',$,IFCTEXT('Byggeplass'),$);
#6967=IFCPROPERTYSINGLEVALUE('FMI.10 - Hulldiameter',$,IFCLENGTHMEASURE(0.),$);
#6968=IFCPROPERTYSINGLEVALUE('FMI.11 - Hullmerknad',$,IFCTEXT('Ikke aktuelt'),$);
#6969=IFCPROPERTYSINGLEVALUE('FMI.30 - Mutternavn',$,IFCTEXT('6k-mutter M20-NS-ISO 4032'),$);
#6970=IFCPROPERTYSINGLEVALUE('FMI.31 - Antall muttere',$,IFCINTEGER(1),$);
#6971=IFCPROPERTYSINGLEVALUE('FMI.40 - Skivenavn',$,IFCTEXT('Ikke aktuelt'),$);
#6972=IFCPROPERTYSINGLEVALUE('FMI.41 - Antall skiver',$,IFCINTEGER(0),$);
#6973=IFCOWNERHISTORY(#3,#4,.READWRITE.,.ADDED.,1789134012,#3,#4,1789134012);
#6974=IFCPROPERTYSET('2ge9wEHI12mgghpW_4KXKN',#6973,'BIM_Tverrfaglig',$,(#6977,#6978,#6979,#6980,#6981));
#6975=IFCOWNERHISTORY(#3,#4,.READWRITE.,.ADDED.,1789134012,#3,#4,1789134012);
#6976=IFCRELDEFINESBYPROPERTIES('2qYi37V4r2FAeSZXqVU845',#6975,$,$,(#4662),#6974);
#6977=IFCPROPERTYSINGLEVALUE('BIM.04 - MMI',$,IFCTEXT('350'),$);
#6978=IFCPROPERTYSINGLEVALUE('BIM.05 - Elementnavn',$,IFCTEXT('Mutter'),$);
#6979=IFCPROPERTYSINGLEVALUE('BIM.06 - Fag',$,IFCTEXT('KON'),$);
#6980=IFCPROPERTYSINGLEVALUE('BIM.07 - Revisjon',$,IFCTEXT('A'),$);
#6981=IFCPROPERTYSINGLEVALUE('BIM.08 - Revisjonsdato',$,IFCTEXT('2023-01-16'),$);
#6982=IFCOWNERHISTORY(#3,#4,.READWRITE.,.ADDED.,1789134012,#3,#4,1789134012);
#6983=IFCPROPERTYSET('19PrXNdS5FmAb7HM4h3IgA',#6982,'KON_Felles',$,(#6986,#6987,#6988,#6989,#6990,#6991,#6992,#6993,#6994,#6995,#6996,#6997));
#6984=IFCOWNERHISTORY(#3,#4,.READWRITE.,.ADDED.,1789134012,#3,#4,1789134012);
#6985=IFCRELDEFINESBYPROPERTIES('0UNcVpFv9DWAOa20DFWuU$',#6984,$,$,(#4662),#6983);
#6986=IFCPROPERTYSINGLEVALUE('KON.01 - Konstruksjonsnummer',$,IFCTEXT('K100'),$);
#6987=IFCPROPERTYSINGLEVALUE('KON.03 - Akse',$,IFCTEXT('01'),$);
#6988=IFCPROPERTYSINGLEVALUE('KON.10 - Konstruksjonsinndeling',$,IFCTEXT('Bru'),$);
#6989=IFCPROPERTYSINGLEVALUE('KON.11 - Konstruksjonsdel',$,IFCTEXT('Mutter'),$);
#6990=IFCPROPERTYSINGLEVALUE('KON.13 - Elementnavn',$,IFCTEXT('Mutter'),$);
#6991=IFCPROPERTYSINGLEVALUE('KON.20 - Produksjonsenhet',$,IFCTEXT('PLD-1002'),$);
#6992=IFCPROPERTYSINGLEVALUE('KON.30 - Plasseringsprioritet',$,IFCTEXT('2 - Viker for 1'),$);
#6993=IFCPROPERTYSINGLEVALUE('KON.31 - Plasseringsmerknad',$,IFCTEXT('Ikke angitt'),$);
#6994=IFCPROPERTYSINGLEVALUE('KON.40 - Materialtype',$,IFCTEXT('St\X2\00E5\X0\l'),$);
#6995=IFCPROPERTYSINGLEVALUE('KON.41 - Materialspesifikasjon',$,IFCTEXT('8.8'),$);
#6996=IFCPROPERTYSINGLEVALUE('KON.51 - Produksjonsmerknad 1',$,IFCTEXT('Ikke aktuelt'),$);
#6997=IFCPROPERTYSINGLEVALUE('KON.53 - Utf\X2\00F8\X0\relsesmerknad 1',$,IFCTEXT('Ikke angitt'),$);
#6998=IFCOWNERHISTORY(#3,#4,.READWRITE.,.ADDED.,1789134012,#3,#4,1789134012);
#6999=IFCPROPERTYSET('05NAB2QEr1nANpNWWuTPZr',#6998,'KON_Festemidler',$,(#7002,#7003,#7004,#7005,#7006,#7007,#7008,#7009,#7010,#7011,#7012,#7013));
#7000=IFCOWNERHISTORY(#3,#4,.READWRITE.,.ADDED.,1789134012,#3,#4,1789134012);
#7001=IFCRELDEFINESBYPROPERTIES('3aKOuubpPBE95kAYM49qid',#7000,$,$,(#4662),#6999);
#7002=IFCPROPERTYSINGLEVALUE('FMI.01 - Navn',$,IFCTEXT('Ikke aktuelt'),$);
#7003=IFCPROPERTYSINGLEVALUE('FMI.02 - Antall skruer',$,IFCINTEGER(0),$);
#7004=IFCPROPERTYSINGLEVALUE('FMI.03 - Skruediameter',$,IFCLENGTHMEASURE(0.),$);
#7005=IFCPROPERTYSINGLEVALUE('FMI.04 - Skruelengde',$,IFCLENGTHMEASURE(0.),$);
#7006=IFCPROPERTYSINGLEVALUE('FMI.05 - Kvalitet',$,IFCTEXT('8.8'),$);
#7007=IFCPROPERTYSINGLEVALUE('FMI.06 - Monteringssted',$,IFCTEXT('Byggeplass'),$);
#7008=IFCPROPERTYSINGLEVALUE('FMI.10 - Hulldiameter',$,IFCLENGTHMEASURE(0.),$);
#7009=IFCPROPERTYSINGLEVALUE('FMI.11 - Hullmerknad',$,IFCTEXT('Ikke aktuelt'),$);
#7010=IFCPROPERTYSINGLEVALUE('FMI.30 - Mutternavn',$,IFCTEXT('6k-mutter M20-NS-ISO 4032'),$);
#7011=IFCPROPERTYSINGLEVALUE('FMI.31 - Antall muttere',$,IFCINTEGER(1),$);
#7012=IFCPROPERTYSINGLEVALUE('FMI.40 - Skivenavn',$,IFCTEXT('Ikke aktuelt'),$);
#7013=IFCPROPERTYSINGLEVALUE('FMI.41 - Antall skiver',$,IFCINTEGER(0),$);
#7014=IFCOWNERHISTORY(#3,#4,.READWRITE.,.ADDED.,1789134012,#3,#4,1789134012);
#7015=IFCPROPERTYSET('3a2donbbrFKwg2X4pDsscA',#7014,'BIM_Tverrfaglig',$,(#7018,#7019,#7020,#7021,#7022));
#7016=IFCOWNERHISTORY(#3,#4,.READWRITE.,.ADDED.,1789134012,#3,#4,1789134012);
#7017=IFCRELDEFINESBYPROPERTIES('3elq2BqWrA7930apLomdx6',#7016,$,$,(#4674),#7015);
#7018=IFCPROPERTYSINGLEVALUE('BIM.04 - MMI',$,IFCTEXT('350'),$);
#7019=IFCPROPERTYSINGLEVALUE('BIM.05 - Elementnavn',$,IFCTEXT('Mutter'),$);
#7020=IFCPROPERTYSINGLEVALUE('BIM.06 - Fag',$,IFCTEXT('KON'),$);
#7021=IFCPROPERTYSINGLEVALUE('BIM.07 - Revisjon',$,IFCTEXT('A'),$);
#7022=IFCPROPERTYSINGLEVALUE('BIM.08 - Revisjonsdato',$,IFCTEXT('2023-01-16'),$);
#7023=IFCOWNERHISTORY(#3,#4,.READWRITE.,.ADDED.,1789134012,#3,#4,1789134012);
#7024=IFCPROPERTYSET('042xlCfkP6JxAGOFVgW2R8',#7023,'KON_Felles',$,(#7027,#7028,#7029,#7030,#7031,#7032,#7033,#7034,#7035,#7036,#7037,#7038));
#7025=IFCOWNERHISTORY(#3,#4,.READWRITE.,.ADDED.,1789134012,#3,#4,1789134012);
#7026=IFCRELDEFINESBYPROPERTIES('2TS_$inJT92eDx3H$GKIdx',#7025,$,$,(#4674),#7024);
#7027=IFCPROPERTYSINGLEVALUE('KON.01 - Konstruksjonsnummer',$,IFCTEXT('K100'),$);
#7028=IFCPROPERTYSINGLEVALUE('KON.03 - Akse',$,IFCTEXT('01'),$);
#7029=IFCPROPERTYSINGLEVALUE('KON.10 - Konstruksjonsinndeling',$,IFCTEXT('Bru'),$);
#7030=IFCPROPERTYSINGLEVALUE('KON.11 - Konstruksjonsdel',$,IFCTEXT('Mutter'),$);
#7031=IFCPROPERTYSINGLEVALUE('KON.13 - Elementnavn',$,IFCTEXT('Mutter'),$);
#7032=IFCPROPERTYSINGLEVALUE('KON.20 - Produksjonsenhet',$,IFCTEXT('PLD-1002'),$);
#7033=IFCPROPERTYSINGLEVALUE('KON.30 - Plasseringsprioritet',$,IFCTEXT('2 - Viker for 1'),$);
#7034=IFCPROPERTYSINGLEVALUE('KON.31 - Plasseringsmerknad',$,IFCTEXT('Ikke angitt'),$);
#7035=IFCPROPERTYSINGLEVALUE('KON.40 - Materialtype',$,IFCTEXT('St\X2\00E5\X0\l'),$);
#7036=IFCPROPERTYSINGLEVALUE('KON.41 - Materialspesifikasjon',$,IFCTEXT('8.8'),$);
#7037=IFCPROPERTYSINGLEVALUE('KON.51 - Produksjonsmerknad 1',$,IFCTEXT('Ikke aktuelt'),$);
#7038=IFCPROPERTYSINGLEVALUE('KON.53 - Utf\X2\00F8\X0\relsesmerknad 1',$,IFCTEXT('Ikke angitt'),$);
#7039=IFCOWNERHISTORY(#3,#4,.READWRITE.,.ADDED.,1789134012,#3,#4,1789134012);
#7040=IFCPROPERTYSET('0E5lszsKn2iPQvgsZMnhNv',#7039,'KON_Festemidler',$,(#7043,#7044,#7045,#7046,#7047,#7048,#7049,#7050,#7051,#7052,#7053,#7054));
#7041=IFCOWNERHISTORY(#3,#4,.READWRITE.,.ADDED.,1789134012,#3,#4,1789134012);
#7042=IFCRELDEFINESBYPROPERTIES('1R_hX48gvDfBWBckKETupn',#7041,$,$,(#4674),#7040);
#7043=IFCPROPERTYSINGLEVALUE('FMI.01 - Navn',$,IFCTEXT('Ikke aktuelt'),$);
#7044=IFCPROPERTYSINGLEVALUE('FMI.02 - Antall skruer',$,IFCINTEGER(0),$);
#7045=IFCPROPERTYSINGLEVALUE('FMI.03 - Skruediameter',$,IFCLENGTHMEASURE(0.),$);
#7046=IFCPROPERTYSINGLEVALUE('FMI.04 - Skruelengde',$,IFCLENGTHMEASURE(0.),$);
#7047=IFCPROPERTYSINGLEVALUE('FMI.05 - Kvalitet',$,IFCTEXT('8.8'),$);
#7048=IFCPROPERTYSINGLEVALUE('FMI.06 - Monteringssted',$,IFCTEXT('Byggeplass'),$);
#7049=IFCPROPERTYSINGLEVALUE('FMI.10 - Hulldiameter',$,IFCLENGTHMEASURE(0.),$);
#7050=IFCPROPERTYSINGLEVALUE('FMI.11 - Hullmerknad',$,IFCTEXT('Ikke aktuelt'),$);
#7051=IFCPROPERTYSINGLEVALUE('FMI.30 - Mutternavn',$,IFCTEXT('6k-mutter M20-NS-ISO 4032'),$);
#7052=IFCPROPERTYSINGLEVALUE('FMI.31 - Antall muttere',$,IFCINTEGER(1),$);
#7053=IFCPROPERTYSINGLEVALUE('FMI.40 - Skivenavn',$,IFCTEXT('Ikke aktuelt'),$);
#7054=IFCPROPERTYSINGLEVALUE('FMI.41 - Antall skiver',$,IFCINTEGER(0),$);
#7055=IFCOWNERHISTORY(#3,#4,.READWRITE.,.ADDED.,1789134012,#3,#4,1789134012);
#7056=IFCPROPERTYSET('3HAVghoDz8ggGQuHgPFw9T',#7055,'BIM_Tverrfaglig',$,(#7059,#7060,#7061,#7062,#7063));
#7057=IFCOWNERHISTORY(#3,#4,.READWRITE.,.ADDED.,1789134012,#3,#4,1789134012);
#7058=IFCRELDEFINESBYPROPERTIES('1xP3N2koj4UAqdtP01wF04',#7057,$,$,(#4686),#7056);
#7059=IFCPROPERTYSINGLEVALUE('BIM.04 - MMI',$,IFCTEXT('350'),$);
#7060=IFCPROPERTYSINGLEVALUE('BIM.05 - Elementnavn',$,IFCTEXT('Mutter'),$);
#7061=IFCPROPERTYSINGLEVALUE('BIM.06 - Fag',$,IFCTEXT('KON'),$);
#7062=IFCPROPERTYSINGLEVALUE('BIM.07 - Revisjon',$,IFCTEXT('A'),$);
#7063=IFCPROPERTYSINGLEVALUE('BIM.08 - Revisjonsdato',$,IFCTEXT('2023-01-16'),$);
#7064=IFCOWNERHISTORY(#3,#4,.READWRITE.,.ADDED.,1789134012,#3,#4,1789134012);
#7065=IFCPROPERTYSET('0jNhWYEtj5$Q6RDgdLNvSy',#7064,'KON_Felles',$,(#7068,#7069,#7070,#7071,#7072,#7073,#7074,#7075,#7076,#7077,#7078,#7079));
#7066=IFCOWNERHISTORY(#3,#4,.READWRITE.,.ADDED.,1789134012,#3,#4,1789134012);
#7067=IFCRELDEFINESBYPROPERTIES('30f9UDA$X3KxQhXYQtNAN3',#7066,$,$,(#4686),#7065);
#7068=IFCPROPERTYSINGLEVALUE('KON.01 - Konstruksjonsnummer',$,IFCTEXT('K100'),$);
#7069=IFCPROPERTYSINGLEVALUE('KON.03 - Akse',$,IFCTEXT('01'),$);
#7070=IFCPROPERTYSINGLEVALUE('KON.10 - Konstruksjonsinndeling',$,IFCTEXT('Bru'),$);
#7071=IFCPROPERTYSINGLEVALUE('KON.11 - Konstruksjonsdel',$,IFCTEXT('Mutter'),$);
#7072=IFCPROPERTYSINGLEVALUE('KON.13 - Elementnavn',$,IFCTEXT('Mutter'),$);
#7073=IFCPROPERTYSINGLEVALUE('KON.20 - Produksjonsenhet',$,IFCTEXT('PLD-1002'),$);
#7074=IFCPROPERTYSINGLEVALUE('KON.30 - Plasseringsprioritet',$,IFCTEXT('2 - Viker for 1'),$);
#7075=IFCPROPERTYSINGLEVALUE('KON.31 - Plasseringsmerknad',$,IFCTEXT('Ikke angitt'),$);
#7076=IFCPROPERTYSINGLEVALUE('KON.40 - Materialtype',$,IFCTEXT('St\X2\00E5\X0\l'),$);
#7077=IFCPROPERTYSINGLEVALUE('KON.41 - Materialspesifikasjon',$,IFCTEXT('8.8'),$);
#7078=IFCPROPERTYSINGLEVALUE('KON.51 - Produksjonsmerknad 1',$,IFCTEXT('Ikke aktuelt'),$);
#7079=IFCPROPERTYSINGLEVALUE('KON.53 - Utf\X2\00F8\X0\relsesmerknad 1',$,IFCTEXT('Ikke angitt'),$);
#7080=IFCOWNERHISTORY(#3,#4,.READWRITE.,.ADDED.,1789134012,#3,#4,1789134012);
#7081=IFCPROPERTYSET('0paWdX63LAWeaWxYNT4lRL',#7080,'KON_Festemidler',$,(#7084,#7085,#7086,#7087,#7088,#7089,#7090,#7091,#7092,#7093,#7094,#7095));
#7082=IFCOWNERHISTORY(#3,#4,.READWRITE.,.ADDED.,1789134012,#3,#4,1789134012);
#7083=IFCRELDEFINESBYPROPERTIES('2fcGWRyWHEFvxBYg5yYfcL',#7082,$,$,(#4686),#7081);
#7084=IFCPROPERTYSINGLEVALUE('FMI.01 - Navn',$,IFCTEXT('Ikke aktuelt'),$);
#7085=IFCPROPERTYSINGLEVALUE('FMI.02 - Antall skruer',$,IFCINTEGER(0),$);
#7086=IFCPROPERTYSINGLEVALUE('FMI.03 - Skruediameter',$,IFCLENGTHMEASURE(0.),$);
#7087=IFCPROPERTYSINGLEVALUE('FMI.04 - Skruelengde',$,IFCLENGTHMEASURE(0.),$);
#7088=IFCPROPERTYSINGLEVALUE('FMI.05 - Kvalitet',$,IFCTEXT('8.8'),$);
#7089=IFCPROPERTYSINGLEVALUE('FMI.06 - Monteringssted',$,IFCTEXT('Byggeplass'),$);
#7090=IFCPROPERTYSINGLEVALUE('FMI.10 - Hulldiameter',$,IFCLENGTHMEASURE(0.),$);
#7091=IFCPROPERTYSINGLEVALUE('FMI.11 - Hullmerknad',$,IFCTEXT('Ikke aktuelt'),$);
#7092=IFCPROPERTYSINGLEVALUE('FMI.30 - Mutternavn',$,IFCTEXT('6k-mutter M20-NS-ISO 4032'),$);
#7093=IFCPROPERTYSINGLEVALUE('FMI.31 - Antall muttere',$,IFCINTEGER(1),$);
#7094=IFCPROPERTYSINGLEVALUE('FMI.40 - Skivenavn',$,IFCTEXT('Ikke aktuelt'),$);
#7095=IFCPROPERTYSINGLEVALUE('FMI.41 - Antall skiver',$,IFCINTEGER(0),$);
#7096=IFCOWNERHISTORY(#3,#4,.READWRITE.,.ADDED.,1789134012,#3,#4,1789134012);
#7097=IFCPROPERTYSET('1xkkdWqDT4MgXAM5q4GMWn',#7096,'BIM_Tverrfaglig',$,(#7100,#7101,#7102,#7103,#7104));
#7098=IFCOWNERHISTORY(#3,#4,.READWRITE.,.ADDED.,1789134012,#3,#4,1789134012);
#7099=IFCRELDEFINESBYPROPERTIES('1oT9O0IvzDPuZj6BUQE830',#7098,$,$,(#1135),#7097);
#7100=IFCPROPERTYSINGLEVALUE('BIM.04 - MMI',$,IFCTEXT('350'),$);
#7101=IFCPROPERTYSINGLEVALUE('BIM.05 - Elementnavn',$,IFCTEXT('Asfaltdekker slitelag'),$);
#7102=IFCPROPERTYSINGLEVALUE('BIM.06 - Fag',$,IFCTEXT('KON'),$);
#7103=IFCPROPERTYSINGLEVALUE('BIM.07 - Revisjon',$,IFCTEXT('A'),$);
#7104=IFCPROPERTYSINGLEVALUE('BIM.08 - Revisjonsdato',$,IFCTEXT('2023-01-16'),$);
#7105=IFCOWNERHISTORY(#3,#4,.READWRITE.,.ADDED.,1789134012,#3,#4,1789134012);
#7106=IFCPROPERTYSET('16pT5WpMfCAAkmk8ymo1d4',#7105,'KON_Felles',$,(#7109,#7110,#7111,#7112,#7113,#7114,#7115,#7116,#7117,#7118,#7119,#7120));
#7107=IFCOWNERHISTORY(#3,#4,.READWRITE.,.ADDED.,1789134012,#3,#4,1789134012);
#7108=IFCRELDEFINESBYPROPERTIES('0WP8mJOY1Erxpaz7lwBNw2',#7107,$,$,(#1135),#7106);
#7109=IFCPROPERTYSINGLEVALUE('KON.01 - Konstruksjonsnummer',$,IFCTEXT('K100'),$);
#7110=IFCPROPERTYSINGLEVALUE('KON.03 - Akse',$,IFCTEXT('01'),$);
#7111=IFCPROPERTYSINGLEVALUE('KON.10 - Konstruksjonsinndeling',$,IFCTEXT('Bru'),$);
#7112=IFCPROPERTYSINGLEVALUE('KON.11 - Konstruksjonsdel',$,IFCTEXT('Asfaltdekke'),$);
#7113=IFCPROPERTYSINGLEVALUE('KON.13 - Elementnavn',$,IFCTEXT('Asfaltdekker slitelag'),$);
#7114=IFCPROPERTYSINGLEVALUE('KON.20 - Produksjonsenhet',$,IFCTEXT('PLD-1002'),$);
#7115=IFCPROPERTYSINGLEVALUE('KON.30 - Plasseringsprioritet',$,IFCTEXT('2 - Viker for 1'),$);
#7116=IFCPROPERTYSINGLEVALUE('KON.31 - Plasseringsmerknad',$,IFCTEXT('Ikke angitt'),$);
#7117=IFCPROPERTYSINGLEVALUE('KON.40 - Materialtype',$,IFCTEXT('Asfalt'),$);
#7118=IFCPROPERTYSINGLEVALUE('KON.41 - Materialspesifikasjon',$,IFCTEXT('Slitelag'),$);
#7119=IFCPROPERTYSINGLEVALUE('KON.51 - Produksjonsmerknad 1',$,IFCTEXT('Ikke aktuelt'),$);
#7120=IFCPROPERTYSINGLEVALUE('KON.53 - Utf\X2\00F8\X0\relsesmerknad 1',$,IFCTEXT('Ikke angitt'),$);
#7121=IFCOWNERHISTORY(#3,#4,.READWRITE.,.ADDED.,1789134012,#3,#4,1789134012);
#7122=IFCPROPERTYSET('17ndG2Nfn2ywNDFUPtgaXY',#7121,'BIM_Tverrfaglig',$,(#7125,#7126,#7127,#7128,#7129));
#7123=IFCOWNERHISTORY(#3,#4,.READWRITE.,.ADDED.,1789134012,#3,#4,1789134012);
#7124=IFCRELDEFINESBYPROPERTIES('0yEmLJ61z8NgcDnGCN7h_N',#7123,$,$,(#1149),#7122);
#7125=IFCPROPERTYSINGLEVALUE('BIM.04 - MMI',$,IFCTEXT('350'),$);
#7126=IFCPROPERTYSINGLEVALUE('BIM.05 - Elementnavn',$,IFCTEXT('Asfaltdekker bindlag'),$);
#7127=IFCPROPERTYSINGLEVALUE('BIM.06 - Fag',$,IFCTEXT('KON'),$);
#7128=IFCPROPERTYSINGLEVALUE('BIM.07 - Revisjon',$,IFCTEXT('A'),$);
#7129=IFCPROPERTYSINGLEVALUE('BIM.08 - Revisjonsdato',$,IFCTEXT('2023-01-16'),$);
#7130=IFCOWNERHISTORY(#3,#4,.READWRITE.,.ADDED.,1789134012,#3,#4,1789134012);
#7131=IFCPROPERTYSET('02KoeXPgb7RPaXnBE2wMMK',#7130,'KON_Felles',$,(#7134,#7135,#7136,#7137,#7138,#7139,#7140,#7141,#7142,#7143,#7144,#7145));
#7132=IFCOWNERHISTORY(#3,#4,.READWRITE.,.ADDED.,1789134012,#3,#4,1789134012);
#7133=IFCRELDEFINESBYPROPERTIES('2Yl5IQYQb0WPCTeAEq3ns2',#7132,$,$,(#1149),#7131);
#7134=IFCPROPERTYSINGLEVALUE('KON.01 - Konstruksjonsnummer',$,IFCTEXT('K100'),$);
#7135=IFCPROPERTYSINGLEVALUE('KON.03 - Akse',$,IFCTEXT('01'),$);
#7136=IFCPROPERTYSINGLEVALUE('KON.10 - Konstruksjonsinndeling',$,IFCTEXT('Bru'),$);
#7137=IFCPROPERTYSINGLEVALUE('KON.11 - Konstruksjonsdel',$,IFCTEXT('Asfaltdekke'),$);
#7138=IFCPROPERTYSINGLEVALUE('KON.13 - Elementnavn',$,IFCTEXT('Asfaltdekker bindlag'),$);
#7139=IFCPROPERTYSINGLEVALUE('KON.20 - Produksjonsenhet',$,IFCTEXT('PLD-1002'),$);
#7140=IFCPROPERTYSINGLEVALUE('KON.30 - Plasseringsprioritet',$,IFCTEXT('2 - Viker for 1'),$);
#7141=IFCPROPERTYSINGLEVALUE('KON.31 - Plasseringsmerknad',$,IFCTEXT('Ikke angitt'),$);
#7142=IFCPROPERTYSINGLEVALUE('KON.40 - Materialtype',$,IFCTEXT('Asfalt'),$);
#7143=IFCPROPERTYSINGLEVALUE('KON.41 - Materialspesifikasjon',$,IFCTEXT('Bindlag'),$);
#7144=IFCPROPERTYSINGLEVALUE('KON.51 - Produksjonsmerknad 1',$,IFCTEXT('Ikke aktuelt'),$);
#7145=IFCPROPERTYSINGLEVALUE('KON.53 - Utf\X2\00F8\X0\relsesmerknad 1',$,IFCTEXT('Ikke angitt'),$);
#7146=IFCOWNERHISTORY(#3,#4,.READWRITE.,.ADDED.,1789134012,#3,#4,1789134012);
#7147=IFCPROPERTYSET('0V2VDiVWL9_eWiK1tV2cZv',#7146,'BIM_Tverrfaglig',$,(#7150,#7151,#7152,#7153,#7154));
#7148=IFCOWNERHISTORY(#3,#4,.READWRITE.,.ADDED.,1789134012,#3,#4,1789134012);
#7149=IFCRELDEFINESBYPROPERTIES('2YGGU$JfTE29846WSyQRG2',#7148,$,$,(#1188),#7147);
#7150=IFCPROPERTYSINGLEVALUE('BIM.04 - MMI',$,IFCTEXT('350'),$);
#7151=IFCPROPERTYSINGLEVALUE('BIM.05 - Elementnavn',$,IFCTEXT('Topeka'),$);
#7152=IFCPROPERTYSINGLEVALUE('BIM.06 - Fag',$,IFCTEXT('KON'),$);
#7153=IFCPROPERTYSINGLEVALUE('BIM.07 - Revisjon',$,IFCTEXT('A'),$);
#7154=IFCPROPERTYSINGLEVALUE('BIM.08 - Revisjonsdato',$,IFCTEXT('2023-01-16'),$);
#7155=IFCOWNERHISTORY(#3,#4,.READWRITE.,.ADDED.,1789134012,#3,#4,1789134012);
#7156=IFCPROPERTYSET('3jfGGqClr049rBwjbuj7Kr',#7155,'KON_Felles',$,(#7159,#7160,#7161,#7162,#7163,#7164,#7165,#7166,#7167,#7168,#7169,#7170));
#7157=IFCOWNERHISTORY(#3,#4,.READWRITE.,.ADDED.,1789134012,#3,#4,1789134012);
#7158=IFCRELDEFINESBYPROPERTIES('1Z7yk7SY18dwAchZ004StH',#7157,$,$,(#1188),#7156);
#7159=IFCPROPERTYSINGLEVALUE('KON.01 - Konstruksjonsnummer',$,IFCTEXT('K100'),$);
#7160=IFCPROPERTYSINGLEVALUE('KON.03 - Akse',$,IFCTEXT('01'),$);
#7161=IFCPROPERTYSINGLEVALUE('KON.10 - Konstruksjonsinndeling',$,IFCTEXT('Bru'),$);
#7162=IFCPROPERTYSINGLEVALUE('KON.11 - Konstruksjonsdel',$,IFCTEXT('Fuktisolering'),$);
#7163=IFCPROPERTYSINGLEVALUE('KON.13 - Elementnavn',$,IFCTEXT('Topeka'),$);
#7164=IFCPROPERTYSINGLEVALUE('KON.20 - Produksjonsenhet',$,IFCTEXT('PLD-1002'),$);
#7165=IFCPROPERTYSINGLEVALUE('KON.30 - Plasseringsprioritet',$,IFCTEXT('2 - Viker for 1'),$);
#7166=IFCPROPERTYSINGLEVALUE('KON.31 - Plasseringsmerknad',$,IFCTEXT('Ikke angitt'),$);
#7167=IFCPROPERTYSINGLEVALUE('KON.40 - Materialtype',$,IFCTEXT('Fuktisolering'),$);
#7168=IFCPROPERTYSINGLEVALUE('KON.41 - Materialspesifikasjon',$,IFCTEXT('Topeka'),$);
#7169=IFCPROPERTYSINGLEVALUE('KON.51 - Produksjonsmerknad 1',$,IFCTEXT('Ikke aktuelt'),$);
#7170=IFCPROPERTYSINGLEVALUE('KON.53 - Utf\X2\00F8\X0\relsesmerknad 1',$,IFCTEXT('Ikke angitt'),$);
#7171=IFCOWNERHISTORY(#3,#4,.READWRITE.,.ADDED.,1789134012,#3,#4,1789134012);
#7172=IFCPROPERTYSET('3SfTarGhP9Q9CO404XGaa5',#7171,'BIM_Tverrfaglig',$,(#7175,#7176,#7177,#7178,#7179));
#7173=IFCOWNERHISTORY(#3,#4,.READWRITE.,.ADDED.,1789134012,#3,#4,1789134012);
#7174=IFCRELDEFINESBYPROPERTIES('1OQRB3TNb1S8xmnNIymTU9',#7173,$,$,(#1224),#7172);
#7175=IFCPROPERTYSINGLEVALUE('BIM.04 - MMI',$,IFCTEXT('350'),$);
#7176=IFCPROPERTYSINGLEVALUE('BIM.05 - Elementnavn',$,IFCTEXT('Topeka'),$);
#7177=IFCPROPERTYSINGLEVALUE('BIM.06 - Fag',$,IFCTEXT('KON'),$);
#7178=IFCPROPERTYSINGLEVALUE('BIM.07 - Revisjon',$,IFCTEXT('A'),$);
#7179=IFCPROPERTYSINGLEVALUE('BIM.08 - Revisjonsdato',$,IFCTEXT('2023-01-16'),$);
#7180=IFCOWNERHISTORY(#3,#4,.READWRITE.,.ADDED.,1789134012,#3,#4,1789134012);
#7181=IFCPROPERTYSET('13U9mac1b1cOLXbll5sBvk',#7180,'KON_Felles',$,(#7184,#7185,#7186,#7187,#7188,#7189,#7190,#7191,#7192,#7193,#7194,#7195));
#7182=IFCOWNERHISTORY(#3,#4,.READWRITE.,.ADDED.,1789134012,#3,#4,1789134012);
#7183=IFCRELDEFINESBYPROPERTIES('0OWSojjLr2jxuKPWxAFEMC',#7182,$,$,(#1224),#7181);
#7184=IFCPROPERTYSINGLEVALUE('KON.01 - Konstruksjonsnummer',$,IFCTEXT('K100'),$);
#7185=IFCPROPERTYSINGLEVALUE('KON.03 - Akse',$,IFCTEXT('01'),$);
#7186=IFCPROPERTYSINGLEVALUE('KON.10 - Konstruksjonsinndeling',$,IFCTEXT('Bru'),$);
#7187=IFCPROPERTYSINGLEVALUE('KON.11 - Konstruksjonsdel',$,IFCTEXT('Fuktisolering'),$);
#7188=IFCPROPERTYSINGLEVALUE('KON.13 - Elementnavn',$,IFCTEXT('Topeka'),$);
#7189=IFCPROPERTYSINGLEVALUE('KON.20 - Produksjonsenhet',$,IFCTEXT('PLD-1002'),$);
#7190=IFCPROPERTYSINGLEVALUE('KON.30 - Plasseringsprioritet',$,IFCTEXT('2 - Viker for 1'),$);
#7191=IFCPROPERTYSINGLEVALUE('KON.31 - Plasseringsmerknad',$,IFCTEXT('Ikke angitt'),$);
#7192=IFCPROPERTYSINGLEVALUE('KON.40 - Materialtype',$,IFCTEXT('Fuktisolering'),$);
#7193=IFCPROPERTYSINGLEVALUE('KON.41 - Materialspesifikasjon',$,IFCTEXT('Topeka'),$);
#7194=IFCPROPERTYSINGLEVALUE('KON.51 - Produksjonsmerknad 1',$,IFCTEXT('Ikke aktuelt'),$);
#7195=IFCPROPERTYSINGLEVALUE('KON.53 - Utf\X2\00F8\X0\relsesmerknad 1',$,IFCTEXT('Ikke angitt'),$);
#7196=IFCOWNERHISTORY(#3,#4,.READWRITE.,.ADDED.,1789134012,#3,#4,1789134012);
#7197=IFCPROPERTYSET('2mYm5yDAbAlA3rjZrFFEyI',#7196,'BIM_Tverrfaglig',$,(#7200,#7201,#7202,#7203,#7204));
#7198=IFCOWNERHISTORY(#3,#4,.READWRITE.,.ADDED.,1789134012,#3,#4,1789134012);
#7199=IFCRELDEFINESBYPROPERTIES('2ZUYxqdWz06ey3ffKj0gx8',#7198,$,$,(#1343),#7197);
#7200=IFCPROPERTYSINGLEVALUE('BIM.04 - MMI',$,IFCTEXT('350'),$);
#7201=IFCPROPERTYSINGLEVALUE('BIM.05 - Elementnavn',$,IFCTEXT('Asfaltdekker slitelag'),$);
#7202=IFCPROPERTYSINGLEVALUE('BIM.06 - Fag',$,IFCTEXT('KON'),$);
#7203=IFCPROPERTYSINGLEVALUE('BIM.07 - Revisjon',$,IFCTEXT('A'),$);
#7204=IFCPROPERTYSINGLEVALUE('BIM.08 - Revisjonsdato',$,IFCTEXT('2023-01-16'),$);
#7205=IFCOWNERHISTORY(#3,#4,.READWRITE.,.ADDED.,1789134012,#3,#4,1789134012);
#7206=IFCPROPERTYSET('0d3jwTbo19IgG$bqHD8ZBk',#7205,'KON_Felles',$,(#7209,#7210,#7211,#7212,#7213,#7214,#7215,#7216,#7217,#7218,#7219,#7220));
#7207=IFCOWNERHISTORY(#3,#4,.READWRITE.,.ADDED.,1789134012,#3,#4,1789134012);
#7208=IFCRELDEFINESBYPROPERTIES('3RiIokaQL8eBOT5RxlT0qF',#7207,$,$,(#1343),#7206);
#7209=IFCPROPERTYSINGLEVALUE('KON.01 - Konstruksjonsnummer',$,IFCTEXT('K100'),$);
#7210=IFCPROPERTYSINGLEVALUE('KON.03 - Akse',$,IFCTEXT('01'),$);
#7211=IFCPROPERTYSINGLEVALUE('KON.10 - Konstruksjonsinndeling',$,IFCTEXT('Bru'),$);
#7212=IFCPROPERTYSINGLEVALUE('KON.11 - Konstruksjonsdel',$,IFCTEXT('Asfaltdekke'),$);
#7213=IFCPROPERTYSINGLEVALUE('KON.13 - Elementnavn',$,IFCTEXT('Asfaltdekker slitelag'),$);
#7214=IFCPROPERTYSINGLEVALUE('KON.20 - Produksjonsenhet',$,IFCTEXT('PLD-1002'),$);
#7215=IFCPROPERTYSINGLEVALUE('KON.30 - Plasseringsprioritet',$,IFCTEXT('2 - Viker for 1'),$);
#7216=IFCPROPERTYSINGLEVALUE('KON.31 - Plasseringsmerknad',$,IFCTEXT('Ikke angitt'),$);
#7217=IFCPROPERTYSINGLEVALUE('KON.40 - Materialtype',$,IFCTEXT('Asfalt'),$);
#7218=IFCPROPERTYSINGLEVALUE('KON.41 - Materialspesifikasjon',$,IFCTEXT('Slitelag'),$);
#7219=IFCPROPERTYSINGLEVALUE('KON.51 - Produksjonsmerknad 1',$,IFCTEXT('Ikke aktuelt'),$);
#7220=IFCPROPERTYSINGLEVALUE('KON.53 - Utf\X2\00F8\X0\relsesmerknad 1',$,IFCTEXT('Ikke angitt'),$);
#7221=IFCOWNERHISTORY(#3,#4,.READWRITE.,.ADDED.,1789134012,#3,#4,1789134012);
#7222=IFCPROPERTYSET('1wVd8pBKbAkBnzWGGifEeU',#7221,'BIM_Tverrfaglig',$,(#7225,#7226,#7227,#7228,#7229));
#7223=IFCOWNERHISTORY(#3,#4,.READWRITE.,.ADDED.,1789134012,#3,#4,1789134012);
#7224=IFCRELDEFINESBYPROPERTIES('297yLfb$v0wfVlNa_A36ek',#7223,$,$,(#1349),#7222);
#7225=IFCPROPERTYSINGLEVALUE('BIM.04 - MMI',$,IFCTEXT('350'),$);
#7226=IFCPROPERTYSINGLEVALUE('BIM.05 - Elementnavn',$,IFCTEXT('Asfaltdekker bindlag'),$);
#7227=IFCPROPERTYSINGLEVALUE('BIM.06 - Fag',$,IFCTEXT('KON'),$);
#7228=IFCPROPERTYSINGLEVALUE('BIM.07 - Revisjon',$,IFCTEXT('A'),$);
#7229=IFCPROPERTYSINGLEVALUE('BIM.08 - Revisjonsdato',$,IFCTEXT('2023-01-16'),$);
#7230=IFCOWNERHISTORY(#3,#4,.READWRITE.,.ADDED.,1789134012,#3,#4,1789134012);
#7231=IFCPROPERTYSET('0x5b7R2I9EmgAkiTQQl6pp',#7230,'KON_Felles',$,(#7234,#7235,#7236,#7237,#7238,#7239,#7240,#7241,#7242,#7243,#7244,#7245));
#7232=IFCOWNERHISTORY(#3,#4,.READWRITE.,.ADDED.,1789134012,#3,#4,1789134012);
#7233=IFCRELDEFINESBYPROPERTIES('0C8BaIXl9EsBKnDs8B7X6j',#7232,$,$,(#1349),#7231);
#7234=IFCPROPERTYSINGLEVALUE('KON.01 - Konstruksjonsnummer',$,IFCTEXT('K100'),$);
#7235=IFCPROPERTYSINGLEVALUE('KON.03 - Akse',$,IFCTEXT('01'),$);
#7236=IFCPROPERTYSINGLEVALUE('KON.10 - Konstruksjonsinndeling',$,IFCTEXT('Bru'),$);
#7237=IFCPROPERTYSINGLEVALUE('KON.11 - Konstruksjonsdel',$,IFCTEXT('Asfaltdekke'),$);
#7238=IFCPROPERTYSINGLEVALUE('KON.13 - Elementnavn',$,IFCTEXT('Asfaltdekker bindlag'),$);
#7239=IFCPROPERTYSINGLEVALUE('KON.20 - Produksjonsenhet',$,IFCTEXT('PLD-1002'),$);
#7240=IFCPROPERTYSINGLEVALUE('KON.30 - Plasseringsprioritet',$,IFCTEXT('2 - Viker for 1'),$);
#7241=IFCPROPERTYSINGLEVALUE('KON.31 - Plasseringsmerknad',$,IFCTEXT('Ikke angitt'),$);
#7242=IFCPROPERTYSINGLEVALUE('KON.40 - Materialtype',$,IFCTEXT('Asfalt'),$);
#7243=IFCPROPERTYSINGLEVALUE('KON.41 - Materialspesifikasjon',$,IFCTEXT('Bindlag'),$);
#7244=IFCPROPERTYSINGLEVALUE('KON.51 - Produksjonsmerknad 1',$,IFCTEXT('Ikke aktuelt'),$);
#7245=IFCPROPERTYSINGLEVALUE('KON.53 - Utf\X2\00F8\X0\relsesmerknad 1',$,IFCTEXT('Ikke angitt'),$);
#7246=IFCOWNERHISTORY(#3,#4,.READWRITE.,.ADDED.,1789134012,#3,#4,1789134012);
#7247=IFCPROPERTYSET('3rV9APws11Lek2jrvyN8r9',#7246,'BIM_Tverrfaglig',$,(#7250,#7251,#7252,#7253,#7254));
#7248=IFCOWNERHISTORY(#3,#4,.READWRITE.,.ADDED.,1789134012,#3,#4,1789134012);
#7249=IFCRELDEFINESBYPROPERTIES('3TAFy7N7z21gFmanrVBlS4',#7248,$,$,(#1355),#7247);
#7250=IFCPROPERTYSINGLEVALUE('BIM.04 - MMI',$,IFCTEXT('350'),$);
#7251=IFCPROPERTYSINGLEVALUE('BIM.05 - Elementnavn',$,IFCTEXT('Topeka'),$);
#7252=IFCPROPERTYSINGLEVALUE('BIM.06 - Fag',$,IFCTEXT('KON'),$);
#7253=IFCPROPERTYSINGLEVALUE('BIM.07 - Revisjon',$,IFCTEXT('A'),$);
#7254=IFCPROPERTYSINGLEVALUE('BIM.08 - Revisjonsdato',$,IFCTEXT('2023-01-16'),$);
#7255=IFCOWNERHISTORY(#3,#4,.READWRITE.,.ADDED.,1789134012,#3,#4,1789134012);
#7256=IFCPROPERTYSET('3$g2eCivbEEf5DooklCVE9',#7255,'KON_Felles',$,(#7259,#7260,#7261,#7262,#7263,#7264,#7265,#7266,#7267,#7268,#7269,#7270));
#7257=IFCOWNERHISTORY(#3,#4,.READWRITE.,.ADDED.,1789134012,#3,#4,1789134012);
#7258=IFCRELDEFINESBYPROPERTIES('2Q2dqFV2bAQxzc20JoV_z6',#7257,$,$,(#1355),#7256);
#7259=IFCPROPERTYSINGLEVALUE('KON.01 - Konstruksjonsnummer',$,IFCTEXT('K100'),$);
#7260=IFCPROPERTYSINGLEVALUE('KON.03 - Akse',$,IFCTEXT('01'),$);
#7261=IFCPROPERTYSINGLEVALUE('KON.10 - Konstruksjonsinndeling',$,IFCTEXT('Bru'),$);
#7262=IFCPROPERTYSINGLEVALUE('KON.11 - Konstruksjonsdel',$,IFCTEXT('Fuktisolering'),$);
#7263=IFCPROPERTYSINGLEVALUE('KON.13 - Elementnavn',$,IFCTEXT('Topeka'),$);
#7264=IFCPROPERTYSINGLEVALUE('KON.20 - Produksjonsenhet',$,IFCTEXT('PLD-1002'),$);
#7265=IFCPROPERTYSINGLEVALUE('KON.30 - Plasseringsprioritet',$,IFCTEXT('2 - Viker for 1'),$);
#7266=IFCPROPERTYSINGLEVALUE('KON.31 - Plasseringsmerknad',$,IFCTEXT('Ikke angitt'),$);
#7267=IFCPROPERTYSINGLEVALUE('KON.40 - Materialtype',$,IFCTEXT('Fuktisolering'),$);
#7268=IFCPROPERTYSINGLEVALUE('KON.41 - Materialspesifikasjon',$,IFCTEXT('Topeka'),$);
#7269=IFCPROPERTYSINGLEVALUE('KON.51 - Produksjonsmerknad 1',$,IFCTEXT('Ikke aktuelt'),$);
#7270=IFCPROPERTYSINGLEVALUE('KON.53 - Utf\X2\00F8\X0\relsesmerknad 1',$,IFCTEXT('Ikke angitt'),$);
#7271=IFCOWNERHISTORY(#3,#4,.READWRITE.,.ADDED.,1789134012,#3,#4,1789134012);
#7272=IFCPROPERTYSET('2gddIV1g5Fs9Fu1xYnxj84',#7271,'BIM_Tverrfaglig',$,(#7275,#7276,#7277,#7278,#7279));
#7273=IFCOWNERHISTORY(#3,#4,.READWRITE.,.ADDED.,1789134012,#3,#4,1789134012);
#7274=IFCRELDEFINESBYPROPERTIES('2RHuHSa315he463YP7eLlR',#7273,$,$,(#1361),#7272);
#7275=IFCPROPERTYSINGLEVALUE('BIM.04 - MMI',$,IFCTEXT('350'),$);
#7276=IFCPROPERTYSINGLEVALUE('BIM.05 - Elementnavn',$,IFCTEXT('Topeka'),$);
#7277=IFCPROPERTYSINGLEVALUE('BIM.06 - Fag',$,IFCTEXT('KON'),$);
#7278=IFCPROPERTYSINGLEVALUE('BIM.07 - Revisjon',$,IFCTEXT('A'),$);
#7279=IFCPROPERTYSINGLEVALUE('BIM.08 - Revisjonsdato',$,IFCTEXT('2023-01-16'),$);
#7280=IFCOWNERHISTORY(#3,#4,.READWRITE.,.ADDED.,1789134012,#3,#4,1789134012);
#7281=IFCPROPERTYSET('35HFt7AEf0vwWOOHI_SdrN',#7280,'KON_Felles',$,(#7284,#7285,#7286,#7287,#7288,#7289,#7290,#7291,#7292,#7293,#7294,#7295));
#7282=IFCOWNERHISTORY(#3,#4,.READWRITE.,.ADDED.,1789134012,#3,#4,1789134012);
#7283=IFCRELDEFINESBYPROPERTIES('3etcoOuYn1wgQ2nkQWPdlx',#7282,$,$,(#1361),#7281);
#7284=IFCPROPERTYSINGLEVALUE('KON.01 - Konstruksjonsnummer',$,IFCTEXT('K100'),$);
#7285=IFCPROPERTYSINGLEVALUE('KON.03 - Akse',$,IFCTEXT('01'),$);
#7286=IFCPROPERTYSINGLEVALUE('KON.10 - Konstruksjonsinndeling',$,IFCTEXT('Bru'),$);
#7287=IFCPROPERTYSINGLEVALUE('KON.11 - Konstruksjonsdel',$,IFCTEXT('Fuktisolering'),$);
#7288=IFCPROPERTYSINGLEVALUE('KON.13 - Elementnavn',$,IFCTEXT('Topeka'),$);
#7289=IFCPROPERTYSINGLEVALUE('KON.20 - Produksjonsenhet',$,IFCTEXT('PLD-1002'),$);
#7290=IFCPROPERTYSINGLEVALUE('KON.30 - Plasseringsprioritet',$,IFCTEXT('2 - Viker for 1'),$);
#7291=IFCPROPERTYSINGLEVALUE('KON.31 - Plasseringsmerknad',$,IFCTEXT('Ikke angitt'),$);
#7292=IFCPROPERTYSINGLEVALUE('KON.40 - Materialtype',$,IFCTEXT('Fuktisolering'),$);
#7293=IFCPROPERTYSINGLEVALUE('KON.41 - Materialspesifikasjon',$,IFCTEXT('Topeka'),$);
#7294=IFCPROPERTYSINGLEVALUE('KON.51 - Produksjonsmerknad 1',$,IFCTEXT('Ikke aktuelt'),$);
#7295=IFCPROPERTYSINGLEVALUE('KON.53 - Utf\X2\00F8\X0\relsesmerknad 1',$,IFCTEXT('Ikke angitt'),$);
#7296=IFCOWNERHISTORY(#3,#4,.READWRITE.,.ADDED.,1789134012,#3,#4,1789134012);
#7297=IFCPROPERTYSET('01eAf4ny55dv_ikbJF5HcT',#7296,'BIM_Tverrfaglig',$,(#7300,#7301,#7302,#7303,#7304));
#7298=IFCOWNERHISTORY(#3,#4,.READWRITE.,.ADDED.,1789134012,#3,#4,1789134012);
#7299=IFCRELDEFINESBYPROPERTIES('0KRPlrfV51AuHcEK$qvTq2',#7298,$,$,(#4829),#7297);
#7300=IFCPROPERTYSINGLEVALUE('BIM.04 - MMI',$,IFCTEXT('350'),$);
#7301=IFCPROPERTYSINGLEVALUE('BIM.05 - Elementnavn',$,IFCTEXT('Endeplate'),$);
#7302=IFCPROPERTYSINGLEVALUE('BIM.06 - Fag',$,IFCTEXT('KON'),$);
#7303=IFCPROPERTYSINGLEVALUE('BIM.07 - Revisjon',$,IFCTEXT('A'),$);
#7304=IFCPROPERTYSINGLEVALUE('BIM.08 - Revisjonsdato',$,IFCTEXT('2023-01-16'),$);
#7305=IFCOWNERHISTORY(#3,#4,.READWRITE.,.ADDED.,1789134012,#3,#4,1789134012);
#7306=IFCPROPERTYSET('1WOgB0hcr2XfWQqLXOjYbE',#7305,'KON_Felles',$,(#7309,#7310,#7311,#7312,#7313,#7314,#7315,#7316,#7317,#7318,#7319,#7320));
#7307=IFCOWNERHISTORY(#3,#4,.READWRITE.,.ADDED.,1789134012,#3,#4,1789134012);
#7308=IFCRELDEFINESBYPROPERTIES('02ywb4XZv0NvelwbvHpGr8',#7307,$,$,(#4829),#7306);
#7309=IFCPROPERTYSINGLEVALUE('KON.01 - Konstruksjonsnummer',$,IFCTEXT('K100'),$);
#7310=IFCPROPERTYSINGLEVALUE('KON.03 - Akse',$,IFCTEXT('01'),$);
#7311=IFCPROPERTYSINGLEVALUE('KON.10 - Konstruksjonsinndeling',$,IFCTEXT('Bru'),$);
#7312=IFCPROPERTYSINGLEVALUE('KON.11 - Konstruksjonsdel',$,IFCTEXT('Endeplate'),$);
#7313=IFCPROPERTYSINGLEVALUE('KON.13 - Elementnavn',$,IFCTEXT('Endeplate'),$);
#7314=IFCPROPERTYSINGLEVALUE('KON.20 - Produksjonsenhet',$,IFCTEXT('PLD-1002'),$);
#7315=IFCPROPERTYSINGLEVALUE('KON.30 - Plasseringsprioritet',$,IFCTEXT('2 - Viker for 1'),$);
#7316=IFCPROPERTYSINGLEVALUE('KON.31 - Plasseringsmerknad',$,IFCTEXT('Ikke angitt'),$);
#7317=IFCPROPERTYSINGLEVALUE('KON.40 - Materialtype',$,IFCTEXT('St\X2\00E5\X0\l'),$);
#7318=IFCPROPERTYSINGLEVALUE('KON.41 - Materialspesifikasjon',$,IFCTEXT('S355ML'),$);
#7319=IFCPROPERTYSINGLEVALUE('KON.51 - Produksjonsmerknad 1',$,IFCTEXT('Ikke aktuelt'),$);
#7320=IFCPROPERTYSINGLEVALUE('KON.53 - Utf\X2\00F8\X0\relsesmerknad 1',$,IFCTEXT('Ikke angitt'),$);
#7321=IFCOWNERHISTORY(#3,#4,.READWRITE.,.ADDED.,1789134012,#3,#4,1789134012);
#7322=IFCPROPERTYSET('0LvAmMOC18cvUVl6SKeMF4',#7321,'KON_St\X2\00E5\X0\l',$,(#7325,#7326,#7327,#7328,#7329,#7330,#7331));
#7323=IFCOWNERHISTORY(#3,#4,.READWRITE.,.ADDED.,1789134012,#3,#4,1789134012);
#7324=IFCRELDEFINESBYPROPERTIES('2SXTy_HGfFJvk1wAS2Lqj2',#7323,$,$,(#4829),#7322);
#7325=IFCPROPERTYSINGLEVALUE('STL.01 - Utf\X2\00F8\X0\relsesklasse',$,IFCTEXT('EXC1'),$);
#7326=IFCPROPERTYSINGLEVALUE('STL.02 - Tilvirkningstoleranse',$,IFCTEXT('1'),$);
#7327=IFCPROPERTYSINGLEVALUE('STL.03 - Monteringstoleranse',$,IFCTEXT('1'),$);
#7328=IFCPROPERTYSINGLEVALUE('STL.11 - Farge p\X2\00E5\X0\ siste dekkestr\X2\00F8\X0\k',$,IFCTEXT('RAL7036'),$);
#7329=IFCPROPERTYSINGLEVALUE('STL.31 - Materialspesifikasjon (dup)',$,IFCTEXT('S355ML'),$);
#7330=IFCPROPERTYSINGLEVALUE('STL.32 - Materialstandard',$,IFCTEXT('NS-EN 10025-4'),$);
#7331=IFCPROPERTYSINGLEVALUE('STL.50 - Korrosjonsbeskyttelse',$,IFCTEXT('System 1 iht. SVV hb. N400 pkt. 9.2.1'),$);
#7332=IFCOWNERHISTORY(#3,#4,.READWRITE.,.ADDED.,1789134012,#3,#4,1789134012);
#7333=IFCPROPERTYSET('3c939xYcP7rAZLo0DZrchH',#7332,'BIM_Tverrfaglig',$,(#7336,#7337,#7338,#7339,#7340));
#7334=IFCOWNERHISTORY(#3,#4,.READWRITE.,.ADDED.,1789134012,#3,#4,1789134012);
#7335=IFCRELDEFINESBYPROPERTIES('2Dt6Sh4gP7lvFCAzzAHLUN',#7334,$,$,(#1088),#7333);
#7336=IFCPROPERTYSINGLEVALUE('BIM.04 - MMI',$,IFCTEXT('350'),$);
#7337=IFCPROPERTYSINGLEVALUE('BIM.05 - Elementnavn',$,IFCTEXT('Bruplate'),$);
#7338=IFCPROPERTYSINGLEVALUE('BIM.06 - Fag',$,IFCTEXT('KON'),$);
#7339=IFCPROPERTYSINGLEVALUE('BIM.07 - Revisjon',$,IFCTEXT('A'),$);
#7340=IFCPROPERTYSINGLEVALUE('BIM.08 - Revisjonsdato',$,IFCTEXT('2023-01-16'),$);
#7341=IFCOWNERHISTORY(#3,#4,.READWRITE.,.ADDED.,1789134012,#3,#4,1789134012);
#7342=IFCPROPERTYSET('1x_p29$7n5de4o2QySeist',#7341,'KON_Felles',$,(#7345,#7346,#7347,#7348,#7349,#7350,#7351,#7352,#7353,#7354,#7355,#7356));
#7343=IFCOWNERHISTORY(#3,#4,.READWRITE.,.ADDED.,1789134012,#3,#4,1789134012);
#7344=IFCRELDEFINESBYPROPERTIES('1VZaTeiJ11EvH8xq72yIdI',#7343,$,$,(#1088),#7342);
#7345=IFCPROPERTYSINGLEVALUE('KON.01 - Konstruksjonsnummer',$,IFCTEXT('K100'),$);
#7346=IFCPROPERTYSINGLEVALUE('KON.03 - Akse',$,IFCTEXT('01'),$);
#7347=IFCPROPERTYSINGLEVALUE('KON.10 - Konstruksjonsinndeling',$,IFCTEXT('Bru'),$);
#7348=IFCPROPERTYSINGLEVALUE('KON.11 - Konstruksjonsdel',$,IFCTEXT('Bruplate'),$);
#7349=IFCPROPERTYSINGLEVALUE('KON.13 - Elementnavn',$,IFCTEXT('Bruplate'),$);
#7350=IFCPROPERTYSINGLEVALUE('KON.20 - Produksjonsenhet',$,IFCTEXT('PLD-1002'),$);
#7351=IFCPROPERTYSINGLEVALUE('KON.30 - Plasseringsprioritet',$,IFCTEXT('2 - Viker for 1'),$);
#7352=IFCPROPERTYSINGLEVALUE('KON.31 - Plasseringsmerknad',$,IFCTEXT('Ikke angitt'),$);
#7353=IFCPROPERTYSINGLEVALUE('KON.40 - Materialtype',$,IFCTEXT('Betong'),$);
#7354=IFCPROPERTYSINGLEVALUE('KON.41 - Materialspesifikasjon',$,IFCTEXT('B45 SV-Standard'),$);
#7355=IFCPROPERTYSINGLEVALUE('KON.51 - Produksjonsmerknad 1',$,IFCTEXT('Ikke angitt'),$);
#7356=IFCPROPERTYSINGLEVALUE('KON.53 - Utf\X2\00F8\X0\relsesmerknad 1',$,IFCTEXT('Ikke angitt'),$);
#7357=IFCOWNERHISTORY(#3,#4,.READWRITE.,.ADDED.,1789134012,#3,#4,1789134012);
#7358=IFCPROPERTYSET('3Tuhy0if98_PZUeE8hgx44',#7357,'KON_Betong',$,(#7361,#7362,#7363,#7364,#7365,#7366,#7367,#7368));
#7359=IFCOWNERHISTORY(#3,#4,.READWRITE.,.ADDED.,1789134012,#3,#4,1789134012);
#7360=IFCRELDEFINESBYPROPERTIES('1HYTaJk3X5Au9UJy5hg7wJ',#7359,$,$,(#1088),#7358);
#7361=IFCPROPERTYSINGLEVALUE('BET.01 - Utf\X2\00F8\X0\relsesklasse',$,IFCTEXT('2'),$);
#7362=IFCPROPERTYSINGLEVALUE('BET.02 - N\X2\00F8\X0\yaktighetsklasse',$,IFCTEXT('B'),$);
#7363=IFCPROPERTYSINGLEVALUE('BET.04 - Materialspesifikasjon (dup)',$,IFCTEXT('B45 SV-Standard'),$);
#7364=IFCPROPERTYSINGLEVALUE('BET.10 - Produksjonsmetode',$,IFCTEXT('Plasst\X2\00F8\X0\pt'),$);
#7365=IFCPROPERTYSINGLEVALUE('BET.11 - Forskaling',$,IFCTEXT('St\X2\00E5\X0\ende bord'),$);
#7366=IFCPROPERTYSINGLEVALUE('BET.21 - Overdekning hovedarmering',$,IFCTEXT('UK, NS og FS: 75mm \X2\00B1\X0\15mm, OK: 65mm \X2\00B1\X0\15mm'),$);
#7367=IFCPROPERTYSINGLEVALUE('BET.30 - Diameter monteringsstenger',$,IFCTEXT('12 mm'),$);
#7368=IFCPROPERTYSINGLEVALUE('BET.31 - Overdekning monteringsstenger',$,IFCTEXT('UK, NS og FS: 60mm \X2\00B1\X0\5mm, OK: 50mm \X2\00B1\X0\5mm'),$);
#7369=IFCOWNERHISTORY(#3,#4,.READWRITE.,.ADDED.,1789134012,#3,#4,1789134012);
#7370=IFCPROPERTYSET('1Q5FU1xb58xwsPDkttdFco',#7369,'BIM_Tverrfaglig',$,(#7373,#7374,#7375,#7376,#7377));
#7371=IFCOWNERHISTORY(#3,#4,.READWRITE.,.ADDED.,1789134012,#3,#4,1789134012);
#7372=IFCRELDEFINESBYPROPERTIES('0nFZ5Nhmj6zuCTE8lfVGHf',#7371,$,$,(#1096),#7370);
#7373=IFCPROPERTYSINGLEVALUE('BIM.04 - MMI',$,IFCTEXT('350'),$);
#7374=IFCPROPERTYSINGLEVALUE('BIM.05 - Elementnavn',$,IFCTEXT('Bruplate'),$);
#7375=IFCPROPERTYSINGLEVALUE('BIM.06 - Fag',$,IFCTEXT('KON'),$);
#7376=IFCPROPERTYSINGLEVALUE('BIM.07 - Revisjon',$,IFCTEXT('A'),$);
#7377=IFCPROPERTYSINGLEVALUE('BIM.08 - Revisjonsdato',$,IFCTEXT('2023-01-16'),$);
#7378=IFCOWNERHISTORY(#3,#4,.READWRITE.,.ADDED.,1789134012,#3,#4,1789134012);
#7379=IFCPROPERTYSET('3a8On7yGjBdRtr2vOCgqpu',#7378,'KON_Felles',$,(#7382,#7383,#7384,#7385,#7386,#7387,#7388,#7389,#7390,#7391,#7392,#7393));
#7380=IFCOWNERHISTORY(#3,#4,.READWRITE.,.ADDED.,1789134012,#3,#4,1789134012);
#7381=IFCRELDEFINESBYPROPERTIES('3KRtpP$X5BuQrIieL_yNq9',#7380,$,$,(#1096),#7379);
#7382=IFCPROPERTYSINGLEVALUE('KON.01 - Konstruksjonsnummer',$,IFCTEXT('K100'),$);
#7383=IFCPROPERTYSINGLEVALUE('KON.03 - Akse',$,IFCTEXT('01'),$);
#7384=IFCPROPERTYSINGLEVALUE('KON.10 - Konstruksjonsinndeling',$,IFCTEXT('Bru'),$);
#7385=IFCPROPERTYSINGLEVALUE('KON.11 - Konstruksjonsdel',$,IFCTEXT('Bruplate'),$);
#7386=IFCPROPERTYSINGLEVALUE('KON.13 - Elementnavn',$,IFCTEXT('Bruplate'),$);
#7387=IFCPROPERTYSINGLEVALUE('KON.20 - Produksjonsenhet',$,IFCTEXT('PLD-1002'),$);
#7388=IFCPROPERTYSINGLEVALUE('KON.30 - Plasseringsprioritet',$,IFCTEXT('2 - Viker for 1'),$);
#7389=IFCPROPERTYSINGLEVALUE('KON.31 - Plasseringsmerknad',$,IFCTEXT('Ikke angitt'),$);
#7390=IFCPROPERTYSINGLEVALUE('KON.40 - Materialtype',$,IFCTEXT('Betong'),$);
#7391=IFCPROPERTYSINGLEVALUE('KON.41 - Materialspesifikasjon',$,IFCTEXT('B45 SV-Standard'),$);
#7392=IFCPROPERTYSINGLEVALUE('KON.51 - Produksjonsmerknad 1',$,IFCTEXT('Ikke angitt'),$);
#7393=IFCPROPERTYSINGLEVALUE('KON.53 - Utf\X2\00F8\X0\relsesmerknad 1',$,IFCTEXT('Ikke angitt'),$);
#7394=IFCOWNERHISTORY(#3,#4,.READWRITE.,.ADDED.,1789134012,#3,#4,1789134012);
#7395=IFCPROPERTYSET('2BH8vZoZTANhWMWlVNgacQ',#7394,'KON_Betong',$,(#7398,#7399,#7400,#7401,#7402,#7403,#7404,#7405));
#7396=IFCOWNERHISTORY(#3,#4,.READWRITE.,.ADDED.,1789134012,#3,#4,1789134012);
#7397=IFCRELDEFINESBYPROPERTIES('2Njyc5tzvEzBkp0LPR71Ii',#7396,$,$,(#1096),#7395);
#7398=IFCPROPERTYSINGLEVALUE('BET.01 - Utf\X2\00F8\X0\relsesklasse',$,IFCTEXT('2'),$);
#7399=IFCPROPERTYSINGLEVALUE('BET.02 - N\X2\00F8\X0\yaktighetsklasse',$,IFCTEXT('B'),$);
#7400=IFCPROPERTYSINGLEVALUE('BET.04 - Materialspesifikasjon (dup)',$,IFCTEXT('B45 SV-Standard'),$);
#7401=IFCPROPERTYSINGLEVALUE('BET.10 - Produksjonsmetode',$,IFCTEXT('Plasst\X2\00F8\X0\pt'),$);
#7402=IFCPROPERTYSINGLEVALUE('BET.11 - Forskaling',$,IFCTEXT('St\X2\00E5\X0\ende bord'),$);
#7403=IFCPROPERTYSINGLEVALUE('BET.21 - Overdekning hovedarmering',$,IFCTEXT('UK, NS og FS: 75mm \X2\00B1\X0\15mm, OK: 65mm \X2\00B1\X0\15mm'),$);
#7404=IFCPROPERTYSINGLEVALUE('BET.30 - Diameter monteringsstenger',$,IFCTEXT('12 mm'),$);
#7405=IFCPROPERTYSINGLEVALUE('BET.31 - Overdekning monteringsstenger',$,IFCTEXT('UK, NS og FS: 60mm \X2\00B1\X0\5mm, OK: 50mm \X2\00B1\X0\5mm'),$);
#7406=IFCOWNERHISTORY(#3,#4,.READWRITE.,.ADDED.,1789134012,#3,#4,1789134012);
#7407=IFCPROPERTYSET('3X13vswu10cvrGo84emdx6',#7406,'BIM_Tverrfaglig',$,(#7410,#7411,#7412,#7413,#7414));
#7408=IFCOWNERHISTORY(#3,#4,.READWRITE.,.ADDED.,1789134012,#3,#4,1789134012);
#7409=IFCRELDEFINESBYPROPERTIES('3eLVw4q8v7GO9Wjea1TWd_',#7408,$,$,(#1336),#7407);
#7410=IFCPROPERTYSINGLEVALUE('BIM.04 - MMI',$,IFCTEXT('350'),$);
#7411=IFCPROPERTYSINGLEVALUE('BIM.05 - Elementnavn',$,IFCTEXT('Kantbjelke'),$);
#7412=IFCPROPERTYSINGLEVALUE('BIM.06 - Fag',$,IFCTEXT('KON'),$);
#7413=IFCPROPERTYSINGLEVALUE('BIM.07 - Revisjon',$,IFCTEXT('A'),$);
#7414=IFCPROPERTYSINGLEVALUE('BIM.08 - Revisjonsdato',$,IFCTEXT('2023-01-16'),$);
#7415=IFCOWNERHISTORY(#3,#4,.READWRITE.,.ADDED.,1789134012,#3,#4,1789134012);
#7416=IFCPROPERTYSET('1kCUYrKyfEEh3DQVp7NBFd',#7415,'KON_Felles',$,(#7419,#7420,#7421,#7422,#7423,#7424,#7425,#7426,#7427,#7428,#7429,#7430));
#7417=IFCOWNERHISTORY(#3,#4,.READWRITE.,.ADDED.,1789134012,#3,#4,1789134012);
#7418=IFCRELDEFINESBYPROPERTIES('2WT_2g8aDFUf7o3xdOCl80',#7417,$,$,(#1336),#7416);
#7419=IFCPROPERTYSINGLEVALUE('KON.01 - Konstruksjonsnummer',$,IFCTEXT('K100'),$);
#7420=IFCPROPERTYSINGLEVALUE('KON.03 - Akse',$,IFCTEXT('01'),$);
#7421=IFCPROPERTYSINGLEVALUE('KON.10 - Konstruksjonsinndeling',$,IFCTEXT('Bru'),$);
#7422=IFCPROPERTYSINGLEVALUE('KON.11 - Konstruksjonsdel',$,IFCTEXT('Kantbjelke'),$);
#7423=IFCPROPERTYSINGLEVALUE('KON.13 - Elementnavn',$,IFCTEXT('Kantbjelke'),$);
#7424=IFCPROPERTYSINGLEVALUE('KON.20 - Produksjonsenhet',$,IFCTEXT('PLD-1002'),$);
#7425=IFCPROPERTYSINGLEVALUE('KON.30 - Plasseringsprioritet',$,IFCTEXT('2 - Viker for 1'),$);
#7426=IFCPROPERTYSINGLEVALUE('KON.31 - Plasseringsmerknad',$,IFCTEXT('Ikke angitt'),$);
#7427=IFCPROPERTYSINGLEVALUE('KON.40 - Materialtype',$,IFCTEXT('Betong'),$);
#7428=IFCPROPERTYSINGLEVALUE('KON.41 - Materialspesifikasjon',$,IFCTEXT('B45 SV-Standard'),$);
#7429=IFCPROPERTYSINGLEVALUE('KON.51 - Produksjonsmerknad 1',$,IFCTEXT('Ikke angitt'),$);
#7430=IFCPROPERTYSINGLEVALUE('KON.53 - Utf\X2\00F8\X0\relsesmerknad 1',$,IFCTEXT('Ikke angitt'),$);
#7431=IFCOWNERHISTORY(#3,#4,.READWRITE.,.ADDED.,1789134012,#3,#4,1789134012);
#7432=IFCPROPERTYSET('1cGYlyWvX23xZzQQpUoYMY',#7431,'KON_Betong',$,(#7435,#7436,#7437,#7438,#7439,#7440,#7441,#7442));
#7433=IFCOWNERHISTORY(#3,#4,.READWRITE.,.ADDED.,1789134012,#3,#4,1789134012);
#7434=IFCRELDEFINESBYPROPERTIES('2fJXt1JxH4WvIv24gSSW0G',#7433,$,$,(#1336),#7432);
#7435=IFCPROPERTYSINGLEVALUE('BET.01 - Utf\X2\00F8\X0\relsesklasse',$,IFCTEXT('2'),$);
#7436=IFCPROPERTYSINGLEVALUE('BET.02 - N\X2\00F8\X0\yaktighetsklasse',$,IFCTEXT('B'),$);
#7437=IFCPROPERTYSINGLEVALUE('BET.04 - Materialspesifikasjon (dup)',$,IFCTEXT('B45 SV-Standard'),$);
#7438=IFCPROPERTYSINGLEVALUE('BET.10 - Produksjonsmetode',$,IFCTEXT('Plasst\X2\00F8\X0\pt'),$);
#7439=IFCPROPERTYSINGLEVALUE('BET.11 - Forskaling',$,IFCTEXT('St\X2\00E5\X0\ende bord'),$);
#7440=IFCPROPERTYSINGLEVALUE('BET.21 - Overdekning hovedarmering',$,IFCTEXT('UK, NS og FS: 75mm \X2\00B1\X0\15mm, OK: 65mm \X2\00B1\X0\15mm'),$);
#7441=IFCPROPERTYSINGLEVALUE('BET.30 - Diameter monteringsstenger',$,IFCTEXT('12 mm'),$);
#7442=IFCPROPERTYSINGLEVALUE('BET.31 - Overdekning monteringsstenger',$,IFCTEXT('UK, NS og FS: 60mm \X2\00B1\X0\5mm, OK: 50mm \X2\00B1\X0\5mm'),$);
#7443=IFCOWNERHISTORY(#3,#4,.READWRITE.,.ADDED.,1789134012,#3,#4,1789134012);
#7444=IFCPROPERTYSET('3ALw9f7drB9gVoRzODOFJG',#7443,'BIM_Tverrfaglig',$,(#7447,#7448,#7449,#7450,#7451));
#7445=IFCOWNERHISTORY(#3,#4,.READWRITE.,.ADDED.,1789134012,#3,#4,1789134012);
#7446=IFCRELDEFINESBYPROPERTIES('2ppfQinUD7Mem1WjU6r9mr',#7445,$,$,(#1373),#7444);
#7447=IFCPROPERTYSINGLEVALUE('BIM.04 - MMI',$,IFCTEXT('350'),$);
#7448=IFCPROPERTYSINGLEVALUE('BIM.05 - Elementnavn',$,IFCTEXT('Kantbjelke'),$);
#7449=IFCPROPERTYSINGLEVALUE('BIM.06 - Fag',$,IFCTEXT('KON'),$);
#7450=IFCPROPERTYSINGLEVALUE('BIM.07 - Revisjon',$,IFCTEXT('A'),$);
#7451=IFCPROPERTYSINGLEVALUE('BIM.08 - Revisjonsdato',$,IFCTEXT('2023-01-16'),$);
#7452=IFCOWNERHISTORY(#3,#4,.READWRITE.,.ADDED.,1789134012,#3,#4,1789134012);
#7453=IFCPROPERTYSET('0ZCH5_FXPEdQi5SbB$ya_Z',#7452,'KON_Felles',$,(#7456,#7457,#7458,#7459,#7460,#7461,#7462,#7463,#7464,#7465,#7466,#7467));
#7454=IFCOWNERHISTORY(#3,#4,.READWRITE.,.ADDED.,1789134012,#3,#4,1789134012);
#7455=IFCRELDEFINESBYPROPERTIES('1w1xspOLb8UgpxsNB0KF27',#7454,$,$,(#1373),#7453);
#7456=IFCPROPERTYSINGLEVALUE('KON.01 - Konstruksjonsnummer',$,IFCTEXT('K100'),$);
#7457=IFCPROPERTYSINGLEVALUE('KON.03 - Akse',$,IFCTEXT('01'),$);
#7458=IFCPROPERTYSINGLEVALUE('KON.10 - Konstruksjonsinndeling',$,IFCTEXT('Bru'),$);
#7459=IFCPROPERTYSINGLEVALUE('KON.11 - Konstruksjonsdel',$,IFCTEXT('Kantbjelke'),$);
#7460=IFCPROPERTYSINGLEVALUE('KON.13 - Elementnavn',$,IFCTEXT('Kantbjelke'),$);
#7461=IFCPROPERTYSINGLEVALUE('KON.20 - Produksjonsenhet',$,IFCTEXT('PLD-1002'),$);
#7462=IFCPROPERTYSINGLEVALUE('KON.30 - Plasseringsprioritet',$,IFCTEXT('2 - Viker for 1'),$);
#7463=IFCPROPERTYSINGLEVALUE('KON.31 - Plasseringsmerknad',$,IFCTEXT('Ikke angitt'),$);
#7464=IFCPROPERTYSINGLEVALUE('KON.40 - Materialtype',$,IFCTEXT('Betong'),$);
#7465=IFCPROPERTYSINGLEVALUE('KON.41 - Materialspesifikasjon',$,IFCTEXT('B45 SV-Standard'),$);
#7466=IFCPROPERTYSINGLEVALUE('KON.51 - Produksjonsmerknad 1',$,IFCTEXT('Ikke angitt'),$);
#7467=IFCPROPERTYSINGLEVALUE('KON.53 - Utf\X2\00F8\X0\relsesmerknad 1',$,IFCTEXT('Ikke angitt'),$);
#7468=IFCOWNERHISTORY(#3,#4,.READWRITE.,.ADDED.,1789134012,#3,#4,1789134012);
#7469=IFCPROPERTYSET('0dsEipQcz0KPX_L9$dQ2do',#7468,'KON_Betong',$,(#7472,#7473,#7474,#7475,#7476,#7477,#7478,#7479));
#7470=IFCOWNERHISTORY(#3,#4,.READWRITE.,.ADDED.,1789134012,#3,#4,1789134012);
#7471=IFCRELDEFINESBYPROPERTIES('1RbCzDyqHCgw$cbaPisStl',#7470,$,$,(#1373),#7469);
#7472=IFCPROPERTYSINGLEVALUE('BET.01 - Utf\X2\00F8\X0\relsesklasse',$,IFCTEXT('2'),$);
#7473=IFCPROPERTYSINGLEVALUE('BET.02 - N\X2\00F8\X0\yaktighetsklasse',$,IFCTEXT('B'),$);
#7474=IFCPROPERTYSINGLEVALUE('BET.04 - Materialspesifikasjon (dup)',$,IFCTEXT('B45 SV-Standard'),$);
#7475=IFCPROPERTYSINGLEVALUE('BET.10 - Produksjonsmetode',$,IFCTEXT('Plasst\X2\00F8\X0\pt'),$);
#7476=IFCPROPERTYSINGLEVALUE('BET.11 - Forskaling',$,IFCTEXT('St\X2\00E5\X0\ende bord'),$);
#7477=IFCPROPERTYSINGLEVALUE('BET.21 - Overdekning hovedarmering',$,IFCTEXT('UK, NS og FS: 75mm \X2\00B1\X0\15mm, OK: 65mm \X2\00B1\X0\15mm'),$);
#7478=IFCPROPERTYSINGLEVALUE('BET.30 - Diameter monteringsstenger',$,IFCTEXT('12 mm'),$);
#7479=IFCPROPERTYSINGLEVALUE('BET.31 - Overdekning monteringsstenger',$,IFCTEXT('UK, NS og FS: 60mm \X2\00B1\X0\5mm, OK: 50mm \X2\00B1\X0\5mm'),$);
ENDSEC;
END-ISO-10303-21;
