ISO-10303-21;
HEADER;
FILE_DESCRIPTION(('ViewDefinition[CoordinationView_V2.0]','ExchangeRequirement[Structural, SurfaceGeometry]','Option [GridExport:Off]','Option [Assemblies:Off]','Option [Bolts:On]','Option [Rebars:On]','Option [PourObjects:Off]','Option [Welds:Off]','Option [SurfaceTreatments:Off]','Option [LocationBy:0]','Option [ViewColors:On]','Option [SectionedSpine:Off]','Option [PropertySets:On]','Option [Export all:Off]'),'2;1');
FILE_NAME('SNACKS_Detalj_Pel.ifc','2026-08-28T11:51:15',('SWECO\\NOULVE'),('Structural Designer'),'IFC Parser','Tekla Structures 2025 Service Pack 7, IFC Export Version: 4.0.0.0 Feb 24 2026','');
FILE_SCHEMA(('IFC2X3'));
ENDSEC;
DATA;
#1=IFCPERSON('SWECO\\NOULVE','Undefined',$,$,$,$,$,$);
#2=IFCORGANIZATION($,'Trimble Solutions Corporation',$,$,$);
#3=IFCPERSONANDORGANIZATION(#1,#2,$);
#4=IFCAPPLICATION(#2,'2025 Service Pack 7','Tekla Structures','Multi material modeling');
#5=IFCOWNERHISTORY(#3,#4,$,.NOCHANGE.,$,$,$,1787910675);
#6=IFCCARTESIANPOINT((0.,0.,0.));
#7=IFCDIRECTION((1.,0.,0.));
#8=IFCDIRECTION((0.,1.,0.));
#9=IFCDIRECTION((0.,0.,1.));
#10=IFCAXIS2PLACEMENT3D(#6,#9,#7);
#11=IFCGEOMETRICREPRESENTATIONCONTEXT($,'Model',3,1.0000000000000001E-05,#10,$);
#12=IFCGEOMETRICREPRESENTATIONSUBCONTEXT('Body','Model',*,*,*,*,#11,$,.MODEL_VIEW.,$);
#13=IFCGEOMETRICREPRESENTATIONSUBCONTEXT('Axis','Model',*,*,*,*,#11,$,.GRAPH_VIEW.,$);
#14=IFCSIUNIT(*,.LENGTHUNIT.,.MILLI.,.METRE.);
#15=IFCMEASUREWITHUNIT(IFCRATIOMEASURE(304.80000000000001),#14);
#16=IFCDIMENSIONALEXPONENTS(1,0,0,0,0,0,0);
#17=IFCCONVERSIONBASEDUNIT(#16,.LENGTHUNIT.,'FOOT',#15);
#18=IFCSIUNIT(*,.AREAUNIT.,$,.SQUARE_METRE.);
#19=IFCMEASUREWITHUNIT(IFCRATIOMEASURE(0.092903040000000006),#18);
#20=IFCDIMENSIONALEXPONENTS(2,0,0,0,0,0,0);
#21=IFCCONVERSIONBASEDUNIT(#20,.AREAUNIT.,'SQUARE FOOT',#19);
#22=IFCSIUNIT(*,.VOLUMEUNIT.,$,.CUBIC_METRE.);
#23=IFCMEASUREWITHUNIT(IFCRATIOMEASURE(0.028316846592000001),#22);
#24=IFCDIMENSIONALEXPONENTS(3,0,0,0,0,0,0);
#25=IFCCONVERSIONBASEDUNIT(#24,.VOLUMEUNIT.,'CUBIC FOOT',#23);
#26=IFCSIUNIT(*,.MASSUNIT.,.KILO.,.GRAM.);
#27=IFCSIUNIT(*,.TIMEUNIT.,$,.SECOND.);
#28=IFCSIUNIT(*,.PLANEANGLEUNIT.,$,.RADIAN.);
#29=IFCMEASUREWITHUNIT(IFCRATIOMEASURE(0.017453292519943299),#28);
#30=IFCDIMENSIONALEXPONENTS(0,0,0,0,0,0,0);
#31=IFCCONVERSIONBASEDUNIT(#30,.PLANEANGLEUNIT.,'DEGREE',#29);
#32=IFCSIUNIT(*,.SOLIDANGLEUNIT.,$,.STERADIAN.);
#33=IFCSIUNIT(*,.THERMODYNAMICTEMPERATUREUNIT.,$,.DEGREE_CELSIUS.);
#34=IFCSIUNIT(*,.LUMINOUSINTENSITYUNIT.,$,.LUMEN.);
#35=IFCUNITASSIGNMENT((#14,#18,#22,#26,#27,#28,#32,#33,#34));
#36=IFCPROJECT('2YG0JLJLPAvRd9NM8hMiC$',#5,'SNACKS Detalj Pel',$,$,$,$,(#11),#35);
#37=IFCLOCALPLACEMENT($,#10);
#38=IFCSITE('0cHbuZ7tTAAARUvYnq2GoH',#5,'SNACKS Detalj Pel',$,$,#37,$,$,.ELEMENT.,$,$,$,$,$);
#39=IFCPOSTALADDRESS($,' ',$,' ',$,' ',' ',' ',' ',' ');
#40=IFCLOCALPLACEMENT(#37,#10);
#41=IFCBUILDING('2cH2Ye1ODFPROjgJsPA4pC',#5,'Bru',$,$,#40,$,$,.ELEMENT.,$,$,#39);
#42=IFCLOCALPLACEMENT(#40,#10);
#43=IFCBUILDINGSTOREY('09Zmb6wqH33AoobR5q1mOS',#5,'Pel',$,$,#42,$,$,.ELEMENT.,0.);
#44=IFCOWNERHISTORY(#3,#4,$,.NOCHANGE.,$,$,$,1787914800);
#45=IFCCOLOURRGB('Unnamed',0.67843137254901997,0.51764705882352902,0.37254901960784298);
#46=IFCSURFACESTYLERENDERING(#45,0.59999999999999998,$,$,$,$,IFCNORMALISEDRATIOMEASURE(0.00390625),IFCSPECULAREXPONENT(10.),.NOTDEFINED.);
#47=IFCSURFACESTYLE('CONCRETE/B45_SV_Standard',.POSITIVE.,(#46));
#48=IFCPRESENTATIONSTYLEASSIGNMENT((#47));
#49=IFCCARTESIANPOINT((-922.49616702150195,-100.,150.00000000000301));
#50=IFCCARTESIANPOINT((-922.49616702150195,-100.,-4.7464254748774703E-10));
#51=IFCCARTESIANPOINT((-919.07382703432097,-69.625892514905004,-4.7282355808420096E-10));
#52=IFCCARTESIANPOINT((-919.07382703432097,-69.625892514905004,150.00000000000301));
#53=IFCPOLYLOOP((#49,#50,#51,#52));
#54=IFCFACEOUTERBOUND(#53,.T.);
#55=IFCFACE((#54));
#56=IFCCARTESIANPOINT((-908.97841749018301,-40.774869610395399,-4.6770765038672804E-10));
#57=IFCCARTESIANPOINT((-908.97841749018301,-40.774869610395399,150.00000000000301));
#58=IFCPOLYLOOP((#52,#51,#56,#57));
#59=IFCFACEOUTERBOUND(#58,.T.);
#60=IFCFACE((#59));
#61=IFCCARTESIANPOINT((-892.71616437838702,-14.893642046223199,-4.5929482439532902E-10));
#62=IFCCARTESIANPOINT((-892.71616437838702,-14.893642046223199,150.00000000000301));
#63=IFCPOLYLOOP((#57,#56,#61,#62));
#64=IFCFACEOUTERBOUND(#63,.T.);
#65=IFCFACE((#64));
#66=IFCCARTESIANPOINT((-871.10252497522004,6.7199973569440798,-4.4815351429860998E-10));
#67=IFCCARTESIANPOINT((-871.10252497522004,6.7199973569440798,150.00000000000301));
#68=IFCPOLYLOOP((#62,#61,#66,#67));
#69=IFCFACEOUTERBOUND(#68,.T.);
#70=IFCFACE((#69));
#71=IFCCARTESIANPOINT((-845.221297411048,22.982250468739899,-4.34852154285181E-10));
#72=IFCCARTESIANPOINT((-845.221297411048,22.982250468739899,150.00000000000301));
#73=IFCPOLYLOOP((#67,#66,#71,#72));
#74=IFCFACEOUTERBOUND(#73,.T.);
#75=IFCFACE((#74));
#76=IFCCARTESIANPOINT((-816.37027450653795,33.077660012877502,-4.2007286538137102E-10));
#77=IFCCARTESIANPOINT((-816.37027450653795,33.077660012877502,150.00000000000301));
#78=IFCPOLYLOOP((#72,#71,#76,#77));
#79=IFCFACEOUTERBOUND(#78,.T.);
#80=IFCFACE((#79));
#81=IFCCARTESIANPOINT((-785.99616702150195,36.500000000058201,-4.0438408177578801E-10));
#82=IFCCARTESIANPOINT((-785.99616702150195,36.500000000058201,150.00000000000301));
#83=IFCPOLYLOOP((#77,#76,#81,#82));
#84=IFCFACEOUTERBOUND(#83,.T.);
#85=IFCFACE((#84));
#86=IFCCARTESIANPOINT((-755.62205953646503,33.077660012877502,-3.8880898500792698E-10));
#87=IFCCARTESIANPOINT((-755.62205953646503,33.077660012877502,150.00000000000301));
#88=IFCPOLYLOOP((#82,#81,#86,#87));
#89=IFCFACEOUTERBOUND(#88,.T.);
#90=IFCFACE((#89));
#91=IFCCARTESIANPOINT((-726.77103663195498,22.982250468739899,-3.7391600926639502E-10));
#92=IFCCARTESIANPOINT((-726.77103663195498,22.982250468739899,150.00000000000301));
#93=IFCPOLYLOOP((#87,#86,#91,#92));
#94=IFCFACEOUTERBOUND(#93,.T.);
#95=IFCFACE((#94));
#96=IFCCARTESIANPOINT((-700.88980906778295,6.7199973569440798,-3.6061464925296599E-10));
#97=IFCCARTESIANPOINT((-700.88980906778295,6.7199973569440798,150.00000000000301));
#98=IFCPOLYLOOP((#92,#91,#96,#97));
#99=IFCFACEOUTERBOUND(#98,.T.);
#100=IFCFACE((#99));
#101=IFCCARTESIANPOINT((-679.27616966461596,-14.893642046223199,-3.4947333915624799E-10));
#102=IFCCARTESIANPOINT((-679.27616966461596,-14.893642046223199,150.00000000000301));
#103=IFCPOLYLOOP((#97,#96,#101,#102));
#104=IFCFACEOUTERBOUND(#103,.T.);
#105=IFCFACE((#104));
#106=IFCCARTESIANPOINT((-663.01391655281998,-40.774869610395399,-3.4117420000257002E-10));
#107=IFCCARTESIANPOINT((-663.01391655281998,-40.774869610395399,150.00000000000301));
#108=IFCPOLYLOOP((#102,#101,#106,#107));
#109=IFCFACEOUTERBOUND(#108,.T.);
#110=IFCFACE((#109));
#111=IFCCARTESIANPOINT((-652.91850700868201,-69.625892514905004,-3.3594460546737501E-10));
#112=IFCCARTESIANPOINT((-652.91850700868201,-69.625892514905004,150.00000000000301));
#113=IFCPOLYLOOP((#107,#106,#111,#112));
#114=IFCFACEOUTERBOUND(#113,.T.);
#115=IFCFACE((#114));
#116=IFCCARTESIANPOINT((-649.49616702150195,-99.999999999941807,150.00000000000301));
#117=IFCCARTESIANPOINT((-649.49616702150195,-100.,-3.3412561606382998E-10));
#118=IFCPOLYLOOP((#116,#112,#111,#117));
#119=IFCFACEOUTERBOUND(#118,.T.);
#120=IFCFACE((#119));
#121=IFCCARTESIANPOINT((-1439.99999999276,-100.,-7.4089712143177198E-10));
#122=IFCCARTESIANPOINT((-1440.00000000049,-100.,150.00000000000301));
#123=IFCCARTESIANPOINT((-1440.00000000049,100.,150.00000000000301));
#124=IFCCARTESIANPOINT((-1439.99999999276,100.,-7.4089712143177198E-10));
#125=IFCPOLYLOOP((#121,#122,#123,#124));
#126=IFCFACEOUTERBOUND(#125,.T.);
#127=IFCFACE((#126));
#128=IFCCARTESIANPOINT((350.00000000011801,-100.,0.));
#129=IFCCARTESIANPOINT((0.,-100.,0.));
#130=IFCCARTESIANPOINT((0.,100.,0.));
#131=IFCCARTESIANPOINT((350.00000000011801,100.,0.));
#132=IFCPOLYLOOP((#128,#129,#130,#131));
#133=IFCFACEOUTERBOUND(#132,.T.);
#134=IFCFACE((#133));
#135=IFCCARTESIANPOINT((500.000000000169,100.,150.00000000000301));
#136=IFCPOLYLOOP((#123,#135,#131,#130,#124));
#137=IFCFACEOUTERBOUND(#136,.T.);
#138=IFCFACE((#137));
#139=IFCCARTESIANPOINT((500.000000000169,-100.,150.00000000000301));
#140=IFCPOLYLOOP((#139,#128,#131,#135));
#141=IFCFACEOUTERBOUND(#140,.T.);
#142=IFCFACE((#141));
#143=IFCPOLYLOOP((#129,#128,#139,#116,#117));
#144=IFCFACEOUTERBOUND(#143,.T.);
#145=IFCFACE((#144));
#146=IFCPOLYLOOP((#106,#101,#96,#91,#86,#81,#76,#71,#66,#61,#56,#51,#50,#121,#124,#130,#129,#117,#111));
#147=IFCFACEOUTERBOUND(#146,.T.);
#148=IFCFACE((#147));
#149=IFCPOLYLOOP((#122,#121,#50,#49));
#150=IFCFACEOUTERBOUND(#149,.T.);
#151=IFCFACE((#150));
#152=IFCPOLYLOOP((#139,#135,#123,#122,#49,#52,#57,#62,#67,#72,#77,#82,#87,#92,#97,#102,#107,#112,#116));
#153=IFCFACEOUTERBOUND(#152,.T.);
#154=IFCFACE((#153));
#155=IFCCLOSEDSHELL((#55,#60,#65,#70,#75,#80,#85,#90,#95,#100,#105,#110,#115,#120,#127,#134,#138,#142,#145,#148,#151,#154));
#156=IFCFACETEDBREP(#155);
#157=IFCSTYLEDITEM(#156,(#48),$);
#158=IFCSHAPEREPRESENTATION(#12,'Body','Brep',(#156));
#159=IFCPRODUCTDEFINITIONSHAPE($,$,(#158));
#160=IFCCARTESIANPOINT((16060.,31100.,953.13355390134302));
#161=IFCDIRECTION((0.,0.,-1.));
#162=IFCDIRECTION((-1.,0.,0.));
#163=IFCAXIS2PLACEMENT3D(#160,#161,#162);
#164=IFCLOCALPLACEMENT(#42,#163);
#165=IFCSLAB('3V9QWlkaHAyxlka3XdhSAz',#44,'L\X2\00F8\X0\smasser_2','200X150',$,#164,#159,'IDdf25a82f-ba44-4af3-bbee-903867adc2bd',.NOTDEFINED.);
#166=IFCSLABTYPE('2m39IpYsjCLf32VKU1d_iw',#5,'200X150',$,$,$,$,$,$,.NOTDEFINED.);
#168=IFCPROPERTYSINGLEVALUE('Phase',$,IFCINTEGER(1),$);
#169=IFCPROPERTYSINGLEVALUE('Preliminary mark',$,IFCLABEL(''),$);
#170=IFCPROPERTYSINGLEVALUE('Initial GUID',$,$,$);
#187=IFCPROPERTYSINGLEVALUE('Reference',$,$,$);
#189=IFCPROPERTYSINGLEVALUE('FireRating',$,$,$);
#193=IFCPROPERTYSINGLEVALUE('IsExternal',$,IFCBOOLEAN(''),$);
#194=IFCPROPERTYSINGLEVALUE('LoadBearing',$,IFCBOOLEAN(''),$);
#198=IFCMATERIAL('CONCRETE/B45_SV_Standard');
#199=IFCCOLOURRGB('Unnamed',0.78039215686274499,0.67058823529411804,0.57254901960784299);
#200=IFCSURFACESTYLERENDERING(#199,0.59999999999999998,$,$,$,$,IFCNORMALISEDRATIOMEASURE(0.00390625),IFCSPECULAREXPONENT(10.),.NOTDEFINED.);
#201=IFCSURFACESTYLE('CONCRETE/B45_SV_Standard',.POSITIVE.,(#200));
#202=IFCPRESENTATIONSTYLEASSIGNMENT((#201));
#203=IFCCARTESIANPOINT((-922.49616702150195,-100.,49.999999999493497));
#204=IFCCARTESIANPOINT((-919.07382703432097,-69.625892514905004,49.999999999495103));
#205=IFCPOLYLOOP((#203,#50,#51,#204));
#206=IFCFACEOUTERBOUND(#205,.T.);
#207=IFCFACE((#206));
#208=IFCCARTESIANPOINT((-908.97841749018301,-40.774869610395399,49.9999999994997));
#209=IFCPOLYLOOP((#204,#51,#56,#208));
#210=IFCFACEOUTERBOUND(#209,.T.);
#211=IFCFACE((#210));
#212=IFCCARTESIANPOINT((-892.71616437838702,-14.893642046223199,49.999999999506898));
#213=IFCPOLYLOOP((#208,#56,#61,#212));
#214=IFCFACEOUTERBOUND(#213,.T.);
#215=IFCFACE((#214));
#216=IFCCARTESIANPOINT((-871.10252497522004,6.7199973569440798,49.999999999516703));
#217=IFCPOLYLOOP((#212,#61,#66,#216));
#218=IFCFACEOUTERBOUND(#217,.T.);
#219=IFCFACE((#218));
#220=IFCCARTESIANPOINT((-845.221297411048,22.982250468739899,49.999999999528399));
#221=IFCPOLYLOOP((#216,#66,#71,#220));
#222=IFCFACEOUTERBOUND(#221,.T.);
#223=IFCFACE((#222));
#224=IFCCARTESIANPOINT((-816.37027450653795,33.077660012877502,49.999999999541402));
#225=IFCPOLYLOOP((#220,#71,#76,#224));
#226=IFCFACEOUTERBOUND(#225,.T.);
#227=IFCFACE((#226));
#228=IFCCARTESIANPOINT((-785.99616702150195,36.500000000058201,49.999999999555101));
#229=IFCPOLYLOOP((#224,#76,#81,#228));
#230=IFCFACEOUTERBOUND(#229,.T.);
#231=IFCFACE((#230));
#232=IFCCARTESIANPOINT((-755.62205953646503,33.077660012877502,49.9999999995688));
#233=IFCPOLYLOOP((#228,#81,#86,#232));
#234=IFCFACEOUTERBOUND(#233,.T.);
#235=IFCFACE((#234));
#236=IFCCARTESIANPOINT((-726.77103663195498,22.982250468739899,49.999999999581902));
#237=IFCPOLYLOOP((#232,#86,#91,#236));
#238=IFCFACEOUTERBOUND(#237,.T.);
#239=IFCFACE((#238));
#240=IFCCARTESIANPOINT((-700.88980906778295,6.7199973569440798,49.999999999593499));
#241=IFCPOLYLOOP((#236,#91,#96,#240));
#242=IFCFACEOUTERBOUND(#241,.T.);
#243=IFCFACE((#242));
#244=IFCCARTESIANPOINT((-679.27616966461596,-14.893642046223199,49.999999999603197));
#245=IFCPOLYLOOP((#240,#96,#101,#244));
#246=IFCFACEOUTERBOUND(#245,.T.);
#247=IFCFACE((#246));
#248=IFCCARTESIANPOINT((-663.01391655281998,-40.774869610395399,49.999999999610601));
#249=IFCPOLYLOOP((#244,#101,#106,#248));
#250=IFCFACEOUTERBOUND(#249,.T.);
#251=IFCFACE((#250));
#252=IFCCARTESIANPOINT((-652.91850700868201,-69.625892514905004,49.999999999615198));
#253=IFCPOLYLOOP((#248,#106,#111,#252));
#254=IFCFACEOUTERBOUND(#253,.T.);
#255=IFCFACE((#254));
#256=IFCCARTESIANPOINT((-649.49616702150195,-99.999999999941807,49.999999999616598));
#257=IFCPOLYLOOP((#256,#252,#111,#117));
#258=IFCFACEOUTERBOUND(#257,.T.);
#259=IFCFACE((#258));
#260=IFCCARTESIANPOINT((-1439.99999999227,-100.,49.999999999259998));
#261=IFCCARTESIANPOINT((-1439.99999999227,100.,49.999999999259998));
#262=IFCPOLYLOOP((#121,#260,#261,#124));
#263=IFCFACEOUTERBOUND(#262,.T.);
#264=IFCFACE((#263));
#265=IFCCARTESIANPOINT((200.,-100.,0.));
#266=IFCCARTESIANPOINT((200.,100.,0.));
#267=IFCPOLYLOOP((#265,#129,#130,#266));
#268=IFCFACEOUTERBOUND(#267,.T.);
#269=IFCFACE((#268));
#270=IFCCARTESIANPOINT((200.,100.,50.));
#271=IFCPOLYLOOP((#261,#270,#266,#130,#124));
#272=IFCFACEOUTERBOUND(#271,.T.);
#273=IFCFACE((#272));
#274=IFCCARTESIANPOINT((200.,-100.,50.));
#275=IFCPOLYLOOP((#274,#265,#266,#270));
#276=IFCFACEOUTERBOUND(#275,.T.);
#277=IFCFACE((#276));
#278=IFCPOLYLOOP((#129,#265,#274,#256,#117));
#279=IFCFACEOUTERBOUND(#278,.T.);
#280=IFCFACE((#279));
#281=IFCPOLYLOOP((#260,#121,#50,#203));
#282=IFCFACEOUTERBOUND(#281,.T.);
#283=IFCFACE((#282));
#284=IFCPOLYLOOP((#274,#270,#261,#260,#203,#204,#208,#212,#216,#220,#224,#228,#232,#236,#240,#244,#248,#252,#256));
#285=IFCFACEOUTERBOUND(#284,.T.);
#286=IFCFACE((#285));
#287=IFCCLOSEDSHELL((#207,#211,#215,#219,#223,#227,#231,#235,#239,#243,#247,#251,#255,#259,#264,#269,#273,#277,#280,#148,#283,#286));
#288=IFCFACETEDBREP(#287);
#289=IFCSTYLEDITEM(#288,(#202),$);
#290=IFCSHAPEREPRESENTATION(#12,'Body','Brep',(#288));
#291=IFCPRODUCTDEFINITIONSHAPE($,$,(#290));
#292=IFCCARTESIANPOINT((16060.,31100.,1003.13355390134));
#293=IFCAXIS2PLACEMENT3D(#292,#161,#162);
#294=IFCLOCALPLACEMENT(#42,#293);
#295=IFCSLAB('3KxhfCKg94MAg9lTq7r5po',#44,'L\X2\00F8\X0\smasser_1','200X50',$,#294,#291,'IDd4eeba4c-52a2-4458-aa89-bddd07d45cf2',.NOTDEFINED.);
#296=IFCSLABTYPE('1lpHnmF61ByPU6Z6pArSDg',#5,'200X50',$,$,$,$,$,$,.NOTDEFINED.);
#308=IFCPROPERTYSINGLEVALUE('NetVolume',$,IFCVOLUMEMEASURE(0.),$);
#312=IFCCOLOURRGB('Unnamed',0.61568627450980395,0.61568627450980395,0.662745098039216);
#313=IFCSURFACESTYLERENDERING(#312,0.59999999999999998,$,$,$,$,IFCNORMALISEDRATIOMEASURE(0.00390625),IFCSPECULAREXPONENT(10.),.NOTDEFINED.);
#314=IFCSURFACESTYLE('CONCRETE/B45_SV_Standard',.POSITIVE.,(#313));
#315=IFCPRESENTATIONSTYLEASSIGNMENT((#314));
#316=IFCCARTESIANPOINT((659.25553843786497,-71.0722785856196,0.));
#317=IFCCARTESIANPOINT((659.25553843786497,-71.0722785856196,189.97644609865699));
#318=IFCCARTESIANPOINT((655.99616702150195,-99.999999999941807,189.97644609865699));
#319=IFCCARTESIANPOINT((655.99616702150195,-100.,0.));
#320=IFCPOLYLOOP((#316,#317,#318,#319));
#321=IFCFACEOUTERBOUND(#320,.T.);
#322=IFCFACE((#321));
#323=IFCCARTESIANPOINT((668.87021419418704,-43.595113914659997,0.));
#324=IFCCARTESIANPOINT((668.87021419418704,-43.595113914659997,189.97644609865699));
#325=IFCPOLYLOOP((#323,#324,#317,#316));
#326=IFCFACEOUTERBOUND(#325,.T.);
#327=IFCFACE((#326));
#328=IFCCARTESIANPOINT((684.35807430065699,-18.946325758304699,0.));
#329=IFCCARTESIANPOINT((684.35807430065699,-18.946325758304699,189.97644609865699));
#330=IFCPOLYLOOP((#328,#329,#324,#323));
#331=IFCFACEOUTERBOUND(#330,.T.);
#332=IFCFACE((#331));
#333=IFCCARTESIANPOINT((704.94249277986501,1.6380927209029299,0.));
#334=IFCCARTESIANPOINT((704.94249277986501,1.6380927209029299,189.97644609865699));
#335=IFCPOLYLOOP((#333,#334,#329,#328));
#336=IFCFACEOUTERBOUND(#335,.T.);
#337=IFCFACE((#336));
#338=IFCCARTESIANPOINT((729.59128093621996,17.125952827373101,0.));
#339=IFCCARTESIANPOINT((729.59128093621996,17.125952827373101,189.97644609865699));
#340=IFCPOLYLOOP((#338,#339,#334,#333));
#341=IFCFACEOUTERBOUND(#340,.T.);
#342=IFCFACE((#341));
#343=IFCCARTESIANPOINT((757.068445607179,26.740628583695099,0.));
#344=IFCCARTESIANPOINT((757.068445607179,26.740628583695099,189.97644609865699));
#345=IFCPOLYLOOP((#343,#344,#339,#338));
#346=IFCFACEOUTERBOUND(#345,.T.);
#347=IFCFACE((#346));
#348=IFCCARTESIANPOINT((785.99616702150195,30.000000000058201,0.));
#349=IFCCARTESIANPOINT((785.99616702150195,30.000000000058201,189.97644609865699));
#350=IFCPOLYLOOP((#348,#349,#344,#343));
#351=IFCFACEOUTERBOUND(#350,.T.);
#352=IFCFACE((#351));
#353=IFCCARTESIANPOINT((814.92388843582398,26.740628583695099,0.));
#354=IFCCARTESIANPOINT((814.92388843582398,26.740628583695099,189.97644609865699));
#355=IFCPOLYLOOP((#353,#354,#349,#348));
#356=IFCFACEOUTERBOUND(#355,.T.);
#357=IFCFACE((#356));
#358=IFCCARTESIANPOINT((842.40105310678302,17.125952827373101,0.));
#359=IFCCARTESIANPOINT((842.40105310678302,17.125952827373101,189.97644609865699));
#360=IFCPOLYLOOP((#358,#359,#354,#353));
#361=IFCFACEOUTERBOUND(#360,.T.);
#362=IFCFACE((#361));
#363=IFCCARTESIANPOINT((867.049841263139,1.6380927209029299,0.));
#364=IFCCARTESIANPOINT((867.049841263139,1.6380927209029299,189.97644609865699));
#365=IFCPOLYLOOP((#363,#364,#359,#358));
#366=IFCFACEOUTERBOUND(#365,.T.);
#367=IFCFACE((#366));
#368=IFCCARTESIANPOINT((887.63425974234599,-18.946325758304699,0.));
#369=IFCCARTESIANPOINT((887.63425974234599,-18.946325758304699,189.97644609865699));
#370=IFCPOLYLOOP((#368,#369,#364,#363));
#371=IFCFACEOUTERBOUND(#370,.T.);
#372=IFCFACE((#371));
#373=IFCCARTESIANPOINT((903.12211984881696,-43.595113914659997,0.));
#374=IFCCARTESIANPOINT((903.12211984881696,-43.595113914659997,189.97644609865699));
#375=IFCPOLYLOOP((#373,#374,#369,#368));
#376=IFCFACEOUTERBOUND(#375,.T.);
#377=IFCFACE((#376));
#378=IFCCARTESIANPOINT((912.73679560513801,-71.0722785856196,0.));
#379=IFCCARTESIANPOINT((912.73679560513801,-71.0722785856196,189.97644609865699));
#380=IFCPOLYLOOP((#378,#379,#374,#373));
#381=IFCFACEOUTERBOUND(#380,.T.);
#382=IFCFACE((#381));
#383=IFCCARTESIANPOINT((915.99616702150195,-99.999999999941807,189.97644609865699));
#384=IFCCARTESIANPOINT((915.99616702150195,-100.,0.));
#385=IFCPOLYLOOP((#383,#379,#378,#384));
#386=IFCFACEOUTERBOUND(#385,.T.);
#387=IFCFACE((#386));
#388=IFCCARTESIANPOINT((875.99616702150195,-99.999999999963606,189.97644609865699));
#389=IFCCARTESIANPOINT((872.92949138751601,-76.706285940716,189.97644609865699));
#390=IFCCARTESIANPOINT((863.93845336210097,-54.999999999941799,189.97644609865699));
#391=IFCCARTESIANPOINT((849.63577732829106,-36.360389693152698,189.97644609865699));
#392=IFCCARTESIANPOINT((830.99616702150195,-22.057713659341999,189.97644609865699));
#393=IFCCARTESIANPOINT((809.28988108072701,-13.0666756339269,189.97644609865699));
#394=IFCCARTESIANPOINT((785.99616702150195,-9.9999999999417906,189.97644609865699));
#395=IFCCARTESIANPOINT((762.70245296227597,-13.0666756339269,189.97644609865699));
#396=IFCCARTESIANPOINT((740.99616702150195,-22.057713659341999,189.97644609865699));
#397=IFCCARTESIANPOINT((722.35655671471204,-36.360389693152698,189.97644609865699));
#398=IFCCARTESIANPOINT((708.05388068090201,-54.999999999941799,189.97644609865699));
#399=IFCCARTESIANPOINT((699.06284265548697,-76.706285940716,189.97644609865699));
#400=IFCCARTESIANPOINT((695.99616702150195,-99.999999999963606,189.97644609865699));
#401=IFCPOLYLOOP((#388,#389,#390,#391,#392,#393,#394,#395,#396,#397,#398,#399,#400,#318,#317,#324,#329,#334,#339,#344,#349,#354,#359,#364,#369,#374,#379,#383));
#402=IFCFACEOUTERBOUND(#401,.T.);
#403=IFCFACE((#402));
#404=IFCCARTESIANPOINT((1440.,100.,0.));
#405=IFCCARTESIANPOINT((1440.,-100.,0.));
#406=IFCPOLYLOOP((#373,#368,#363,#358,#353,#348,#343,#338,#333,#328,#323,#316,#319,#129,#130,#404,#405,#384,#378));
#407=IFCFACEOUTERBOUND(#406,.T.);
#408=IFCFACE((#407));
#409=IFCCARTESIANPOINT((1439.9999999916699,-100.,1286.8664460955099));
#410=IFCCARTESIANPOINT((1439.9999999916699,100.,1286.8664460955099));
#411=IFCPOLYLOOP((#409,#405,#404,#410));
#412=IFCFACEOUTERBOUND(#411,.T.);
#413=IFCFACE((#412));
#414=IFCCARTESIANPOINT((492.03328659902797,-100.,1286.8664460950799));
#415=IFCCARTESIANPOINT((492.03328659902797,100.,1286.8664460950799));
#416=IFCPOLYLOOP((#414,#409,#410,#415));
#417=IFCFACEOUTERBOUND(#416,.T.);
#418=IFCFACE((#417));
#419=IFCCARTESIANPOINT((449.99982819865897,-100.,1355.3287378663499));
#420=IFCCARTESIANPOINT((449.99982819865897,100.,1355.3287378663499));
#421=IFCPOLYLOOP((#419,#414,#415,#420));
#422=IFCFACEOUTERBOUND(#421,.T.);
#423=IFCFACE((#422));
#424=IFCCARTESIANPOINT((449.99982819865897,-100.,1159.58276651243));
#425=IFCCARTESIANPOINT((449.99982819865897,100.,1159.58276651243));
#426=IFCPOLYLOOP((#424,#419,#420,#425));
#427=IFCFACEOUTERBOUND(#426,.T.);
#428=IFCFACE((#427));
#429=IFCCARTESIANPOINT((376.42940077095398,-100.,1286.8664460950199));
#430=IFCCARTESIANPOINT((376.42940077095398,100.,1286.8664460950199));
#431=IFCPOLYLOOP((#429,#424,#425,#430));
#432=IFCFACEOUTERBOUND(#431,.T.);
#433=IFCFACE((#432));
#434=IFCCARTESIANPOINT((-5.8935256674885698E-10,-100.,1286.8664460948501));
#435=IFCCARTESIANPOINT((-5.8935256674885698E-10,100.,1286.8664460948501));
#436=IFCPOLYLOOP((#434,#429,#430,#435));
#437=IFCFACEOUTERBOUND(#436,.T.);
#438=IFCFACE((#437));
#439=IFCPOLYLOOP((#129,#434,#435,#130));
#440=IFCFACEOUTERBOUND(#439,.T.);
#441=IFCFACE((#440));
#442=IFCPOLYLOOP((#430,#425,#420,#415,#410,#404,#130,#435));
#443=IFCFACEOUTERBOUND(#442,.T.);
#444=IFCCARTESIANPOINT((485.996167021502,100.,389.97644609865699));
#445=IFCCARTESIANPOINT((1085.9961670215,100.,389.97644609865699));
#446=IFCCARTESIANPOINT((1085.9961670215,100.,489.97644609865699));
#447=IFCCARTESIANPOINT((485.996167021502,100.,489.97644609865699));
#448=IFCPOLYLOOP((#444,#445,#446,#447));
#449=IFCFACEBOUND(#448,.T.);
#450=IFCFACE((#443,#449));
#451=IFCCARTESIANPOINT((1085.9961670215,-100.,489.97644609865699));
#452=IFCCARTESIANPOINT((1085.9961670215,-100.,389.97644609865699));
#453=IFCPOLYLOOP((#451,#446,#445,#452));
#454=IFCFACEOUTERBOUND(#453,.T.);
#455=IFCFACE((#454));
#456=IFCCARTESIANPOINT((485.996167021502,-100.,489.97644609865699));
#457=IFCPOLYLOOP((#456,#447,#446,#451));
#458=IFCFACEOUTERBOUND(#457,.T.);
#459=IFCFACE((#458));
#460=IFCCARTESIANPOINT((485.996167021502,-100.,389.97644609865699));
#461=IFCPOLYLOOP((#460,#444,#447,#456));
#462=IFCFACEOUTERBOUND(#461,.T.);
#463=IFCFACE((#462));
#464=IFCCARTESIANPOINT((680.99616702150195,-100.,389.97644609865699));
#465=IFCCARTESIANPOINT((684.57395526114897,-72.824000264175993,389.97644609865699));
#466=IFCCARTESIANPOINT((695.06349962413503,-47.499999999941799,389.97644609865699));
#467=IFCCARTESIANPOINT((711.74995499691397,-25.753787975354498,389.97644609865699));
#468=IFCCARTESIANPOINT((733.49616702150195,-9.0673326025753305,389.97644609865699));
#469=IFCCARTESIANPOINT((758.82016728573603,1.4222117604113,389.97644609865699));
#470=IFCCARTESIANPOINT((785.99616702150195,5.0000000000582103,389.97644609865699));
#471=IFCCARTESIANPOINT((813.17216675726695,1.4222117604113,389.97644609865699));
#472=IFCCARTESIANPOINT((838.49616702150195,-9.0673326025753305,389.97644609865699));
#473=IFCCARTESIANPOINT((860.24237904608901,-25.753787975354498,389.97644609865699));
#474=IFCCARTESIANPOINT((876.92883441886795,-47.499999999941799,389.97644609865699));
#475=IFCCARTESIANPOINT((887.41837878185504,-72.824000264175993,389.97644609865699));
#476=IFCCARTESIANPOINT((890.99616702150195,-99.999999999941807,389.97644609865699));
#477=IFCPOLYLOOP((#452,#445,#444,#460,#464,#465,#466,#467,#468,#469,#470,#471,#472,#473,#474,#475,#476));
#478=IFCFACEOUTERBOUND(#477,.T.);
#479=IFCFACE((#478));
#480=IFCCARTESIANPOINT((887.41837878185504,-72.824000264175993,289.97644609868598));
#481=IFCCARTESIANPOINT((890.99616702150195,-99.999999999941807,289.97644609868598));
#482=IFCPOLYLOOP((#476,#475,#480,#481));
#483=IFCFACEOUTERBOUND(#482,.T.);
#484=IFCFACE((#483));
#485=IFCCARTESIANPOINT((876.92883441886795,-47.499999999941799,289.97644609868598));
#486=IFCPOLYLOOP((#474,#485,#480,#475));
#487=IFCFACEOUTERBOUND(#486,.T.);
#488=IFCFACE((#487));
#489=IFCCARTESIANPOINT((860.24237904608901,-25.753787975354498,289.97644609868598));
#490=IFCPOLYLOOP((#473,#489,#485,#474));
#491=IFCFACEOUTERBOUND(#490,.T.);
#492=IFCFACE((#491));
#493=IFCCARTESIANPOINT((838.49616702150195,-9.0673326025753305,289.97644609868598));
#494=IFCPOLYLOOP((#472,#493,#489,#473));
#495=IFCFACEOUTERBOUND(#494,.T.);
#496=IFCFACE((#495));
#497=IFCCARTESIANPOINT((813.17216675726695,1.4222117604113,289.97644609868598));
#498=IFCPOLYLOOP((#471,#497,#493,#472));
#499=IFCFACEOUTERBOUND(#498,.T.);
#500=IFCFACE((#499));
#501=IFCCARTESIANPOINT((785.99616702150195,5.0000000000582103,289.97644609868598));
#502=IFCPOLYLOOP((#470,#501,#497,#471));
#503=IFCFACEOUTERBOUND(#502,.T.);
#504=IFCFACE((#503));
#505=IFCCARTESIANPOINT((758.82016728573603,1.4222117604113,289.97644609868598));
#506=IFCPOLYLOOP((#469,#505,#501,#470));
#507=IFCFACEOUTERBOUND(#506,.T.);
#508=IFCFACE((#507));
#509=IFCCARTESIANPOINT((733.49616702150195,-9.0673326025753305,289.97644609868598));
#510=IFCPOLYLOOP((#468,#509,#505,#469));
#511=IFCFACEOUTERBOUND(#510,.T.);
#512=IFCFACE((#511));
#513=IFCCARTESIANPOINT((711.74995499691397,-25.753787975354498,289.97644609868598));
#514=IFCPOLYLOOP((#467,#513,#509,#468));
#515=IFCFACEOUTERBOUND(#514,.T.);
#516=IFCFACE((#515));
#517=IFCCARTESIANPOINT((695.06349962413503,-47.499999999941799,289.97644609868598));
#518=IFCPOLYLOOP((#466,#517,#513,#467));
#519=IFCFACEOUTERBOUND(#518,.T.);
#520=IFCFACE((#519));
#521=IFCCARTESIANPOINT((684.57395526114897,-72.824000264175993,289.97644609868598));
#522=IFCPOLYLOOP((#465,#521,#517,#466));
#523=IFCFACEOUTERBOUND(#522,.T.);
#524=IFCFACE((#523));
#525=IFCCARTESIANPOINT((680.99616702150195,-99.999999999941807,289.97644609868598));
#526=IFCPOLYLOOP((#464,#525,#521,#465));
#527=IFCFACEOUTERBOUND(#526,.T.);
#528=IFCFACE((#527));
#529=IFCCARTESIANPOINT((695.99616702150195,-99.999999999941807,289.97644609868598));
#530=IFCCARTESIANPOINT((699.06284265548697,-76.706285940716,289.97644609868598));
#531=IFCCARTESIANPOINT((708.05388068090201,-54.999999999941799,289.97644609868598));
#532=IFCCARTESIANPOINT((722.35655671471204,-36.360389693152698,289.97644609868598));
#533=IFCCARTESIANPOINT((740.99616702150195,-22.057713659341999,289.97644609868598));
#534=IFCCARTESIANPOINT((762.70245296227597,-13.0666756339269,289.97644609868598));
#535=IFCCARTESIANPOINT((785.99616702150195,-9.9999999999417906,289.97644609868598));
#536=IFCCARTESIANPOINT((809.28988108072701,-13.0666756339269,289.97644609868598));
#537=IFCCARTESIANPOINT((830.99616702150195,-22.057713659341999,289.97644609868598));
#538=IFCCARTESIANPOINT((849.63577732829106,-36.360389693152698,289.97644609868598));
#539=IFCCARTESIANPOINT((863.93845336210097,-54.999999999941799,289.97644609868598));
#540=IFCCARTESIANPOINT((872.92949138751601,-76.706285940716,289.97644609868598));
#541=IFCCARTESIANPOINT((875.99616702150195,-99.999999999941807,289.97644609868598));
#542=IFCPOLYLOOP((#481,#480,#485,#489,#493,#497,#501,#505,#509,#513,#517,#521,#525,#529,#530,#531,#532,#533,#534,#535,#536,#537,#538,#539,#540,#541));
#543=IFCFACEOUTERBOUND(#542,.T.);
#544=IFCFACE((#543));
#545=IFCPOLYLOOP((#530,#529,#400,#399));
#546=IFCFACEOUTERBOUND(#545,.T.);
#547=IFCFACE((#546));
#548=IFCPOLYLOOP((#531,#530,#399,#398));
#549=IFCFACEOUTERBOUND(#548,.T.);
#550=IFCFACE((#549));
#551=IFCPOLYLOOP((#532,#531,#398,#397));
#552=IFCFACEOUTERBOUND(#551,.T.);
#553=IFCFACE((#552));
#554=IFCPOLYLOOP((#533,#532,#397,#396));
#555=IFCFACEOUTERBOUND(#554,.T.);
#556=IFCFACE((#555));
#557=IFCPOLYLOOP((#534,#533,#396,#395));
#558=IFCFACEOUTERBOUND(#557,.T.);
#559=IFCFACE((#558));
#560=IFCPOLYLOOP((#535,#534,#395,#394));
#561=IFCFACEOUTERBOUND(#560,.T.);
#562=IFCFACE((#561));
#563=IFCPOLYLOOP((#536,#535,#394,#393));
#564=IFCFACEOUTERBOUND(#563,.T.);
#565=IFCFACE((#564));
#566=IFCPOLYLOOP((#537,#536,#393,#392));
#567=IFCFACEOUTERBOUND(#566,.T.);
#568=IFCFACE((#567));
#569=IFCPOLYLOOP((#538,#537,#392,#391));
#570=IFCFACEOUTERBOUND(#569,.T.);
#571=IFCFACE((#570));
#572=IFCPOLYLOOP((#539,#538,#391,#390));
#573=IFCFACEOUTERBOUND(#572,.T.);
#574=IFCFACE((#573));
#575=IFCPOLYLOOP((#540,#539,#390,#389));
#576=IFCFACEOUTERBOUND(#575,.T.);
#577=IFCFACE((#576));
#578=IFCPOLYLOOP((#541,#540,#389,#388));
#579=IFCFACEOUTERBOUND(#578,.T.);
#580=IFCFACE((#579));
#581=IFCPOLYLOOP((#405,#409,#414,#419,#424,#429,#434,#129,#319,#318,#400,#529,#525,#464,#460,#456,#451,#452,#476,#481,#541,#388,#383,#384));
#582=IFCFACEOUTERBOUND(#581,.T.);
#583=IFCFACE((#582));
#584=IFCCLOSEDSHELL((#322,#327,#332,#337,#342,#347,#352,#357,#362,#367,#372,#377,#382,#387,#403,#408,#413,#418,#423,#428,#433,#438,#441,#450,#455,#459,#463,#479,#484,#488,#492,#496,#500,#504,#508,#512,#516,#520,#524,#528,#544,#547,#550,#553,#556,#559,#562,#565,#568,#571,#574,#577,#580,#583));
#585=IFCFACETEDBREP(#584);
#586=IFCSTYLEDITEM(#585,(#315),$);
#587=IFCSHAPEREPRESENTATION(#12,'Body','Brep',(#585));
#588=IFCPRODUCTDEFINITIONSHAPE($,$,(#587));
#589=IFCAXIS2PLACEMENT3D(#292,#9,#7);
#590=IFCLOCALPLACEMENT(#42,#589);
#591=IFCSLAB('3kYJ6IC6X2p9naJPun5EAL',#44,'Fundament','200X1355',$,#590,#588,'IDee893192-3068-42cc-9c64-4d9e3114e295',.NOTDEFINED.);
#592=IFCSLABTYPE('3ensDuzXv5ZPZsZvvBGL34',#5,'200X1355',$,$,$,$,$,$,.NOTDEFINED.);
#600=IFCPROPERTYSINGLEVALUE('Gross footprint area',$,IFCAREAMEASURE(0.),$);
#609=IFCCOLOURRGB('Unnamed',0.93333333333333302,0.57647058823529396,0.043137254901960798);
#610=IFCSURFACESTYLERENDERING(#609,0.,$,$,$,$,IFCNORMALISEDRATIOMEASURE(0.00390625),IFCSPECULAREXPONENT(10.),.NOTDEFINED.);
#611=IFCSURFACESTYLE('MISCELLANEOUS/Misc_Undefined',.POSITIVE.,(#610));
#612=IFCPRESENTATIONSTYLEASSIGNMENT((#611));
#613=IFCCARTESIANPOINT((199.99999999997101,-25.881904510253701,96.592582628905802));
#614=IFCCARTESIANPOINT((100.,-25.881904510253701,96.592582628905802));
#615=IFCCARTESIANPOINT((100.,0.,100.));
#616=IFCCARTESIANPOINT((199.99999999997101,0.,100.));
#617=IFCPOLYLOOP((#613,#614,#615,#616));
#618=IFCFACEOUTERBOUND(#617,.T.);
#619=IFCFACE((#618));
#620=IFCCARTESIANPOINT((199.99999999997101,-50.,86.602540378444203));
#621=IFCCARTESIANPOINT((100.,-50.,86.602540378444203));
#622=IFCPOLYLOOP((#620,#621,#614,#613));
#623=IFCFACEOUTERBOUND(#622,.T.);
#624=IFCFACE((#623));
#625=IFCCARTESIANPOINT((199.99999999997101,-70.710678118655807,70.710678118655807));
#626=IFCCARTESIANPOINT((100.,-70.710678118655807,70.710678118655807));
#627=IFCPOLYLOOP((#625,#626,#621,#620));
#628=IFCFACEOUTERBOUND(#627,.T.);
#629=IFCFACE((#628));
#630=IFCCARTESIANPOINT((199.99999999997101,-86.602540378444203,50.));
#631=IFCCARTESIANPOINT((100.,-86.602540378444203,50.));
#632=IFCPOLYLOOP((#630,#631,#626,#625));
#633=IFCFACEOUTERBOUND(#632,.T.);
#634=IFCFACE((#633));
#635=IFCCARTESIANPOINT((199.99999999997101,-96.592582628905802,25.881904510253701));
#636=IFCCARTESIANPOINT((100.,-96.592582628905802,25.881904510253701));
#637=IFCPOLYLOOP((#635,#636,#631,#630));
#638=IFCFACEOUTERBOUND(#637,.T.);
#639=IFCFACE((#638));
#640=IFCCARTESIANPOINT((100.,-100.,0.));
#641=IFCPOLYLOOP((#265,#640,#636,#635));
#642=IFCFACEOUTERBOUND(#641,.T.);
#643=IFCFACE((#642));
#644=IFCCARTESIANPOINT((199.99999999997101,-96.592582628905802,-25.881904510253701));
#645=IFCCARTESIANPOINT((100.,-96.592582628905802,-25.881904510253701));
#646=IFCPOLYLOOP((#644,#645,#640,#265));
#647=IFCFACEOUTERBOUND(#646,.T.);
#648=IFCFACE((#647));
#649=IFCCARTESIANPOINT((199.99999999997101,-86.602540378444203,-50.));
#650=IFCCARTESIANPOINT((100.,-86.602540378444203,-50.));
#651=IFCPOLYLOOP((#649,#650,#645,#644));
#652=IFCFACEOUTERBOUND(#651,.T.);
#653=IFCFACE((#652));
#654=IFCCARTESIANPOINT((199.99999999997101,-70.710678118655807,-70.710678118655807));
#655=IFCCARTESIANPOINT((100.,-70.710678118655807,-70.710678118655807));
#656=IFCPOLYLOOP((#654,#655,#650,#649));
#657=IFCFACEOUTERBOUND(#656,.T.);
#658=IFCFACE((#657));
#659=IFCCARTESIANPOINT((199.99999999997101,-50.,-86.602540378444203));
#660=IFCCARTESIANPOINT((100.,-50.,-86.602540378444203));
#661=IFCPOLYLOOP((#659,#660,#655,#654));
#662=IFCFACEOUTERBOUND(#661,.T.);
#663=IFCFACE((#662));
#664=IFCCARTESIANPOINT((199.99999999997101,-25.881904510253701,-96.592582628905802));
#665=IFCCARTESIANPOINT((100.,-25.881904510253701,-96.592582628905802));
#666=IFCPOLYLOOP((#664,#665,#660,#659));
#667=IFCFACEOUTERBOUND(#666,.T.);
#668=IFCFACE((#667));
#669=IFCCARTESIANPOINT((199.99999999997101,0.,-100.));
#670=IFCCARTESIANPOINT((100.,0.,-100.));
#671=IFCPOLYLOOP((#669,#670,#665,#664));
#672=IFCFACEOUTERBOUND(#671,.T.);
#673=IFCFACE((#672));
#674=IFCCARTESIANPOINT((199.99999999997101,25.881904510253701,-96.592582628905802));
#675=IFCCARTESIANPOINT((100.,25.881904510253701,-96.592582628905802));
#676=IFCPOLYLOOP((#674,#675,#670,#669));
#677=IFCFACEOUTERBOUND(#676,.T.);
#678=IFCFACE((#677));
#679=IFCCARTESIANPOINT((199.99999999997101,50.,-86.602540378444203));
#680=IFCCARTESIANPOINT((100.,50.,-86.602540378444203));
#681=IFCPOLYLOOP((#679,#680,#675,#674));
#682=IFCFACEOUTERBOUND(#681,.T.);
#683=IFCFACE((#682));
#684=IFCCARTESIANPOINT((199.99999999997101,70.710678118655807,-70.710678118655807));
#685=IFCCARTESIANPOINT((100.,70.710678118655807,-70.710678118655807));
#686=IFCPOLYLOOP((#684,#685,#680,#679));
#687=IFCFACEOUTERBOUND(#686,.T.);
#688=IFCFACE((#687));
#689=IFCCARTESIANPOINT((199.99999999997101,86.602540378444203,-50.));
#690=IFCCARTESIANPOINT((100.,86.602540378444203,-50.));
#691=IFCPOLYLOOP((#689,#690,#685,#684));
#692=IFCFACEOUTERBOUND(#691,.T.);
#693=IFCFACE((#692));
#694=IFCCARTESIANPOINT((199.99999999997101,96.592582628905802,-25.881904510253701));
#695=IFCCARTESIANPOINT((100.,96.592582628905802,-25.881904510253701));
#696=IFCPOLYLOOP((#694,#695,#690,#689));
#697=IFCFACEOUTERBOUND(#696,.T.);
#698=IFCFACE((#697));
#699=IFCCARTESIANPOINT((100.,100.,0.));
#700=IFCPOLYLOOP((#266,#699,#695,#694));
#701=IFCFACEOUTERBOUND(#700,.T.);
#702=IFCFACE((#701));
#703=IFCCARTESIANPOINT((199.99999999997101,96.592582628905802,25.881904510253701));
#704=IFCCARTESIANPOINT((100.,96.592582628905802,25.881904510253701));
#705=IFCPOLYLOOP((#703,#704,#699,#266));
#706=IFCFACEOUTERBOUND(#705,.T.);
#707=IFCFACE((#706));
#708=IFCCARTESIANPOINT((199.99999999997101,86.602540378444203,50.));
#709=IFCCARTESIANPOINT((100.,86.602540378444203,50.));
#710=IFCPOLYLOOP((#708,#709,#704,#703));
#711=IFCFACEOUTERBOUND(#710,.T.);
#712=IFCFACE((#711));
#713=IFCCARTESIANPOINT((199.99999999997101,70.710678118655807,70.710678118655807));
#714=IFCCARTESIANPOINT((100.,70.710678118655807,70.710678118655807));
#715=IFCPOLYLOOP((#713,#714,#709,#708));
#716=IFCFACEOUTERBOUND(#715,.T.);
#717=IFCFACE((#716));
#718=IFCCARTESIANPOINT((199.99999999997101,50.,86.602540378444203));
#719=IFCCARTESIANPOINT((100.,50.,86.602540378444203));
#720=IFCPOLYLOOP((#718,#719,#714,#713));
#721=IFCFACEOUTERBOUND(#720,.T.);
#722=IFCFACE((#721));
#723=IFCCARTESIANPOINT((199.99999999997101,25.881904510253701,96.592582628905802));
#724=IFCCARTESIANPOINT((100.,25.881904510253701,96.592582628905802));
#725=IFCPOLYLOOP((#723,#724,#719,#718));
#726=IFCFACEOUTERBOUND(#725,.T.);
#727=IFCFACE((#726));
#728=IFCPOLYLOOP((#616,#615,#724,#723));
#729=IFCFACEOUTERBOUND(#728,.T.);
#730=IFCFACE((#729));
#731=IFCCARTESIANPOINT((199.99999999997101,-74.246212024587294,-74.246212024587294));
#732=IFCCARTESIANPOINT((199.99999999997101,-52.5,-90.932667397366501));
#733=IFCCARTESIANPOINT((199.99999999997101,-27.175999735765799,-101.42221176035299));
#734=IFCCARTESIANPOINT((199.99999999997101,0.,-105.));
#735=IFCCARTESIANPOINT((199.99999999997101,27.175999735765799,-101.42221176035299));
#736=IFCCARTESIANPOINT((199.99999999997101,52.5,-90.932667397366501));
#737=IFCCARTESIANPOINT((199.99999999997101,74.246212024587294,-74.246212024587294));
#738=IFCCARTESIANPOINT((199.99999999997101,90.932667397366501,-52.5));
#739=IFCCARTESIANPOINT((199.99999999997101,101.42221176035299,-27.175999735765799));
#740=IFCCARTESIANPOINT((199.99999999997101,105.,0.));
#741=IFCCARTESIANPOINT((199.99999999997101,101.42221176035299,27.175999735765799));
#742=IFCCARTESIANPOINT((199.99999999997101,90.932667397366501,52.5));
#743=IFCCARTESIANPOINT((199.99999999997101,74.246212024587294,74.246212024587294));
#744=IFCCARTESIANPOINT((199.99999999997101,52.5,90.932667397366501));
#745=IFCCARTESIANPOINT((199.99999999997101,27.175999735765799,101.42221176035299));
#746=IFCCARTESIANPOINT((199.99999999997101,0.,105.));
#747=IFCCARTESIANPOINT((199.99999999997101,-27.175999735765799,101.42221176035299));
#748=IFCCARTESIANPOINT((199.99999999997101,-52.5,90.932667397366501));
#749=IFCCARTESIANPOINT((199.99999999997101,-74.246212024587294,74.246212024587294));
#750=IFCCARTESIANPOINT((199.99999999997101,-90.932667397366501,52.5));
#751=IFCCARTESIANPOINT((199.99999999997101,-101.42221176035299,27.175999735765799));
#752=IFCCARTESIANPOINT((199.99999999997101,-105.,0.));
#753=IFCCARTESIANPOINT((199.99999999997101,-101.42221176035299,-27.175999735765799));
#754=IFCCARTESIANPOINT((199.99999999997101,-90.932667397366501,-52.5));
#755=IFCPOLYLOOP((#731,#732,#733,#734,#735,#736,#737,#738,#739,#740,#741,#742,#743,#744,#745,#746,#747,#748,#749,#750,#751,#752,#753,#754));
#756=IFCFACEOUTERBOUND(#755,.T.);
#757=IFCPOLYLOOP((#625,#620,#613,#616,#723,#718,#713,#708,#703,#266,#694,#689,#684,#679,#674,#669,#664,#659,#654,#649,#644,#265,#635,#630));
#758=IFCFACEBOUND(#757,.T.);
#759=IFCFACE((#756,#758));
#760=IFCCARTESIANPOINT((100.,-105.,0.));
#761=IFCCARTESIANPOINT((100.,-101.42221176035299,-27.175999735765799));
#762=IFCPOLYLOOP((#752,#760,#761,#753));
#763=IFCFACEOUTERBOUND(#762,.T.);
#764=IFCFACE((#763));
#765=IFCCARTESIANPOINT((100.,27.175999735765799,101.42221176035299));
#766=IFCCARTESIANPOINT((100.,0.,105.));
#767=IFCPOLYLOOP((#745,#765,#766,#746));
#768=IFCFACEOUTERBOUND(#767,.T.);
#769=IFCFACE((#768));
#770=IFCCARTESIANPOINT((100.,52.5,90.932667397366501));
#771=IFCPOLYLOOP((#744,#770,#765,#745));
#772=IFCFACEOUTERBOUND(#771,.T.);
#773=IFCFACE((#772));
#774=IFCCARTESIANPOINT((100.,74.246212024587294,74.246212024587294));
#775=IFCPOLYLOOP((#743,#774,#770,#744));
#776=IFCFACEOUTERBOUND(#775,.T.);
#777=IFCFACE((#776));
#778=IFCCARTESIANPOINT((100.,90.932667397366501,52.5));
#779=IFCPOLYLOOP((#742,#778,#774,#743));
#780=IFCFACEOUTERBOUND(#779,.T.);
#781=IFCFACE((#780));
#782=IFCCARTESIANPOINT((100.,101.42221176035299,27.175999735765799));
#783=IFCPOLYLOOP((#741,#782,#778,#742));
#784=IFCFACEOUTERBOUND(#783,.T.);
#785=IFCFACE((#784));
#786=IFCCARTESIANPOINT((100.,105.,0.));
#787=IFCPOLYLOOP((#740,#786,#782,#741));
#788=IFCFACEOUTERBOUND(#787,.T.);
#789=IFCFACE((#788));
#790=IFCCARTESIANPOINT((100.,101.42221176035299,-27.175999735765799));
#791=IFCPOLYLOOP((#739,#790,#786,#740));
#792=IFCFACEOUTERBOUND(#791,.T.);
#793=IFCFACE((#792));
#794=IFCCARTESIANPOINT((100.,90.932667397366501,-52.5));
#795=IFCPOLYLOOP((#738,#794,#790,#739));
#796=IFCFACEOUTERBOUND(#795,.T.);
#797=IFCFACE((#796));
#798=IFCCARTESIANPOINT((100.,74.246212024587294,-74.246212024587294));
#799=IFCPOLYLOOP((#737,#798,#794,#738));
#800=IFCFACEOUTERBOUND(#799,.T.);
#801=IFCFACE((#800));
#802=IFCCARTESIANPOINT((100.,52.5,-90.932667397366501));
#803=IFCPOLYLOOP((#736,#802,#798,#737));
#804=IFCFACEOUTERBOUND(#803,.T.);
#805=IFCFACE((#804));
#806=IFCCARTESIANPOINT((100.,27.175999735765799,-101.42221176035299));
#807=IFCPOLYLOOP((#735,#806,#802,#736));
#808=IFCFACEOUTERBOUND(#807,.T.);
#809=IFCFACE((#808));
#810=IFCCARTESIANPOINT((100.,0.,-105.));
#811=IFCPOLYLOOP((#734,#810,#806,#735));
#812=IFCFACEOUTERBOUND(#811,.T.);
#813=IFCFACE((#812));
#814=IFCCARTESIANPOINT((100.,-27.175999735765799,-101.42221176035299));
#815=IFCPOLYLOOP((#733,#814,#810,#734));
#816=IFCFACEOUTERBOUND(#815,.T.);
#817=IFCFACE((#816));
#818=IFCCARTESIANPOINT((100.,-52.5,-90.932667397366501));
#819=IFCPOLYLOOP((#732,#818,#814,#733));
#820=IFCFACEOUTERBOUND(#819,.T.);
#821=IFCFACE((#820));
#822=IFCCARTESIANPOINT((100.,-74.246212024587294,-74.246212024587294));
#823=IFCPOLYLOOP((#731,#822,#818,#732));
#824=IFCFACEOUTERBOUND(#823,.T.);
#825=IFCFACE((#824));
#826=IFCCARTESIANPOINT((100.,-90.932667397366501,-52.5));
#827=IFCPOLYLOOP((#754,#826,#822,#731));
#828=IFCFACEOUTERBOUND(#827,.T.);
#829=IFCFACE((#828));
#830=IFCPOLYLOOP((#753,#761,#826,#754));
#831=IFCFACEOUTERBOUND(#830,.T.);
#832=IFCFACE((#831));
#833=IFCCARTESIANPOINT((100.,-27.175999735765799,101.42221176035299));
#834=IFCPOLYLOOP((#746,#766,#833,#747));
#835=IFCFACEOUTERBOUND(#834,.T.);
#836=IFCFACE((#835));
#837=IFCCARTESIANPOINT((100.,-52.5,90.932667397366501));
#838=IFCPOLYLOOP((#747,#833,#837,#748));
#839=IFCFACEOUTERBOUND(#838,.T.);
#840=IFCFACE((#839));
#841=IFCCARTESIANPOINT((100.,-74.246212024587294,74.246212024587294));
#842=IFCPOLYLOOP((#748,#837,#841,#749));
#843=IFCFACEOUTERBOUND(#842,.T.);
#844=IFCFACE((#843));
#845=IFCCARTESIANPOINT((100.,-90.932667397366501,52.5));
#846=IFCPOLYLOOP((#749,#841,#845,#750));
#847=IFCFACEOUTERBOUND(#846,.T.);
#848=IFCFACE((#847));
#849=IFCCARTESIANPOINT((100.,-101.42221176035299,27.175999735765799));
#850=IFCPOLYLOOP((#750,#845,#849,#751));
#851=IFCFACEOUTERBOUND(#850,.T.);
#852=IFCFACE((#851));
#853=IFCPOLYLOOP((#751,#849,#760,#752));
#854=IFCFACEOUTERBOUND(#853,.T.);
#855=IFCFACE((#854));
#856=IFCPOLYLOOP((#615,#614,#621,#626,#631,#636,#640,#645,#650,#655,#660,#665,#670,#675,#680,#685,#690,#695,#699,#704,#709,#714,#719,#724));
#857=IFCFACEOUTERBOUND(#856,.T.);
#858=IFCFACE((#857));
#859=IFCCARTESIANPOINT((100.,-300.,-300.));
#860=IFCCARTESIANPOINT((100.,300.,-300.));
#861=IFCCARTESIANPOINT((100.,300.,300.));
#862=IFCCARTESIANPOINT((100.,-300.,300.));
#863=IFCPOLYLOOP((#859,#860,#861,#862));
#864=IFCFACEOUTERBOUND(#863,.T.);
#865=IFCPOLYLOOP((#766,#765,#770,#774,#778,#782,#786,#790,#794,#798,#802,#806,#810,#814,#818,#822,#826,#761,#760,#849,#845,#841,#837,#833));
#866=IFCFACEBOUND(#865,.T.);
#867=IFCFACE((#864,#866));
#868=IFCCARTESIANPOINT((0.,300.,300.));
#869=IFCCARTESIANPOINT((0.,300.,-300.));
#870=IFCPOLYLOOP((#868,#861,#860,#869));
#871=IFCFACEOUTERBOUND(#870,.T.);
#872=IFCFACE((#871));
#873=IFCCARTESIANPOINT((0.,-300.,300.));
#874=IFCPOLYLOOP((#873,#862,#861,#868));
#875=IFCFACEOUTERBOUND(#874,.T.);
#876=IFCFACE((#875));
#877=IFCCARTESIANPOINT((0.,-300.,-300.));
#878=IFCPOLYLOOP((#877,#859,#862,#873));
#879=IFCFACEOUTERBOUND(#878,.T.);
#880=IFCFACE((#879));
#881=IFCPOLYLOOP((#869,#860,#859,#877));
#882=IFCFACEOUTERBOUND(#881,.T.);
#883=IFCFACE((#882));
#884=IFCPOLYLOOP((#873,#868,#869,#877));
#885=IFCFACEOUTERBOUND(#884,.T.);
#886=IFCFACE((#885));
#887=IFCCLOSEDSHELL((#619,#624,#629,#634,#639,#643,#648,#653,#658,#663,#668,#673,#678,#683,#688,#693,#698,#702,#707,#712,#717,#722,#727,#730,#759,#764,#769,#773,#777,#781,#785,#789,#793,#797,#801,#805,#809,#813,#817,#821,#825,#829,#832,#836,#840,#844,#848,#852,#855,#858,#867,#872,#876,#880,#883,#886));
#888=IFCFACETEDBREP(#887);
#889=IFCSTYLEDITEM(#888,(#612),$);
#890=IFCSHAPEREPRESENTATION(#12,'Body','Brep',(#888));
#891=IFCPRODUCTDEFINITIONSHAPE($,$,(#890));
#892=IFCCARTESIANPOINT((16845.996167021502,31000.000000000098,1493.1099999999999));
#893=IFCAXIS2PLACEMENT3D(#892,#162,#161);
#894=IFCLOCALPLACEMENT(#42,#893);
#895=IFCBUILDINGELEMENTPROXY('0HxQW98fbBTwMJNhX4Zgpu',#44,'Hode_St\X2\00E5\X0\lkjernepel','__Hode_St\X2\00E5\X0\lkjernepel',$,#894,#891,'ID11eda809-2299-4b77-a593-5eb8448eacf8',.ELEMENT.);
#896=IFCBUILDINGELEMENTPROXYTYPE('3_S_o8murAxx_PsBUY8ueK',#5,'__Hode_St\X2\00E5\X0\lkjernepel',$,$,$,$,$,$,.NOTDEFINED.);
#905=IFCPROPERTYSINGLEVALUE('Area per tons',$,IFCAREAMEASURE(0.),$);
#907=IFCPROPERTYSINGLEVALUE('Volume',$,IFCVOLUMEMEASURE(0.035999999999999997),$);
#908=IFCPROPERTYSINGLEVALUE('Weight',$,IFCMASSMEASURE(0.),$);
#910=IFCPROPERTYSINGLEVALUE('Pour Concrete Mixture',$,$,$);
#911=IFCPROPERTYSINGLEVALUE('Pour Comment',$,IFCLABEL(''),$);
#912=IFCPROPERTYSINGLEVALUE('Pour Number',$,$,$);
#913=IFCPROPERTYSINGLEVALUE('Pour Type',$,$,$);
#914=IFCPROPERTYSINGLEVALUE('Pour User Field1',$,$,$);
#915=IFCPROPERTYSINGLEVALUE('Pour User Field2',$,$,$);
#916=IFCPROPERTYSINGLEVALUE('Pour User Field3',$,$,$);
#917=IFCPROPERTYSINGLEVALUE('Pour User Field4',$,$,$);
#918=IFCPROPERTYSINGLEVALUE('Pour Formwork Checked By',$,$,$);
#919=IFCPROPERTYSINGLEVALUE('Pour Formwork Comment',$,$,$);
#920=IFCPROPERTYSINGLEVALUE('Pour Formwork Status',$,$,$);
#921=IFCPROPERTYSINGLEVALUE('Pour Formwork Check Date',$,$,$);
#922=IFCPROPERTYSINGLEVALUE('Pour Planned Start Form',$,$,$);
#923=IFCPROPERTYSINGLEVALUE('Pour Planned End Form',$,$,$);
#924=IFCPROPERTYSINGLEVALUE('Pour Actual Start Form',$,$,$);
#925=IFCPROPERTYSINGLEVALUE('Pour Actual End Form',$,$,$);
#926=IFCPROPERTYSINGLEVALUE('Pour Rebar CheckedBy',$,$,$);
#927=IFCPROPERTYSINGLEVALUE('Pour Rebar Comment',$,$,$);
#928=IFCPROPERTYSINGLEVALUE('Pour Rebar Release Number',$,$,$);
#929=IFCPROPERTYSINGLEVALUE('Pour Rebar Shipment Number',$,$,$);
#930=IFCPROPERTYSINGLEVALUE('Pour Rebar Status',$,$,$);
#931=IFCPROPERTYSINGLEVALUE('Pour Rebar Check Date',$,$,$);
#932=IFCPROPERTYSINGLEVALUE('Pour Planned Start Rebar',$,$,$);
#933=IFCPROPERTYSINGLEVALUE('Pour Planned End Rebar',$,$,$);
#934=IFCPROPERTYSINGLEVALUE('Pour Actual Start Rebar',$,$,$);
#935=IFCPROPERTYSINGLEVALUE('Pour Actual End Rebar',$,$,$);
#936=IFCPROPERTYSINGLEVALUE('Pour Checked By',$,$,$);
#937=IFCPROPERTYSINGLEVALUE('Pour Comment',$,$,$);
#938=IFCPROPERTYSINGLEVALUE('Pour Status',$,$,$);
#939=IFCPROPERTYSINGLEVALUE('Pour Check Date',$,$,$);
#940=IFCPROPERTYSINGLEVALUE('Pour Planned Start Date',$,$,$);
#941=IFCPROPERTYSINGLEVALUE('Pour Planned End Date',$,$,$);
#942=IFCPROPERTYSINGLEVALUE('Pour Actual Start Date',$,$,$);
#943=IFCPROPERTYSINGLEVALUE('Pour Actual End Date',$,$,$);
#944=IFCPROPERTYSINGLEVALUE('Pour Area',$,IFCAREAMEASURE(1.1000000000000001),$);
#945=IFCPROPERTYSINGLEVALUE('Pour Area PGZ',$,IFCAREAMEASURE(0.40000000000000002),$);
#946=IFCPROPERTYSINGLEVALUE('Pour Area NGZ',$,IFCAREAMEASURE(0.40000000000000002),$);
#947=IFCPROPERTYSINGLEVALUE('Pour Area PGX',$,IFCAREAMEASURE(0.10000000000000001),$);
#948=IFCPROPERTYSINGLEVALUE('Pour Area NXG',$,IFCAREAMEASURE(0.10000000000000001),$);
#949=IFCPROPERTYSINGLEVALUE('Pour Area PGY',$,IFCAREAMEASURE(0.10000000000000001),$);
#950=IFCPROPERTYSINGLEVALUE('Pour Area NGY',$,IFCAREAMEASURE(0.10000000000000001),$);
#951=IFCPROPERTYSINGLEVALUE('Pour Content Type',$,IFCLABEL('PART'),$);
#952=IFCPROPERTYSINGLEVALUE('Pour GUID',$,IFCLABEL('11eda809-2299-4b77-a593-5eb8448eacf8'),$);
#953=IFCPROPERTYSINGLEVALUE('Pour ID',$,$,$);
#954=IFCPROPERTYSINGLEVALUE('Pour Material',$,IFCLABEL('Misc_Undefined'),$);
#955=IFCPROPERTYSINGLEVALUE('Pour Top Level',$,IFCLABEL(' +1.493'),$);
#956=IFCPROPERTYSINGLEVALUE('Pour Bottom Level',$,IFCLABEL(' +1.293'),$);
#957=IFCPROPERTYSINGLEVALUE('Pour Volume',$,IFCVOLUMEMEASURE(0.035999999999999997),$);
#958=IFCPROPERTYSINGLEVALUE('Pour Weight',$,IFCMASSMEASURE(0.),$);
#959=IFCPROPERTYSINGLEVALUE('Pour Weight Net',$,IFCMASSMEASURE(0.),$);
#960=IFCPROPERTYSINGLEVALUE('Pour Break GUID',$,IFCLABEL('11eda809-2299-4b77-a593-5eb8448eacf8'),$);
#961=IFCPROPERTYSINGLEVALUE('Pour Break ID',$,$,$);
#962=IFCPROPERTYSINGLEVALUE('Pour Break Type',$,$,$);
#963=IFCPROPERTYSINGLEVALUE('Pour Break Comment',$,IFCLABEL(''),$);
#964=IFCPROPERTYSET('1UyYKhmg1EavIyz07blKQY',#5,'Pours',$,(#910,#911,#912,#913,#914,#915,#916,#917,#918,#919,#920,#921,#922,#923,#924,#925,#926,#927,#928,#929,#930,#931,#932,#933,#934,#935,#936,#937,#938,#939,#940,#941,#942,#943,#944,#945,#946,#947,#948,#949,#950,#951,#952,#953,#954,#955,#956,#957,#958,#959,#960,#961,#962,#963));
#965=IFCMATERIAL('MISCELLANEOUS/Misc_Undefined');
#966=IFCCOLOURRGB('Unnamed',0.45882352941176502,0.69019607843137298,0.83529411764705896);
#967=IFCSURFACESTYLERENDERING(#966,0.,$,$,$,$,IFCNORMALISEDRATIOMEASURE(0.00390625),IFCSPECULAREXPONENT(10.),.NOTDEFINED.);
#968=IFCSURFACESTYLE('MISCELLANEOUS/Misc_Undefined',.POSITIVE.,(#967));
#969=IFCPRESENTATIONSTYLEASSIGNMENT((#968));
#970=IFCCARTESIANPOINT((0.,-130.20000000000101,0.));
#971=IFCCARTESIANPOINT((0.,-126.935614166072,28.972225601111901));
#972=IFCCARTESIANPOINT((1193.1099999999999,-126.935614166072,28.972225601111901));
#973=IFCCARTESIANPOINT((1193.1099999999999,-130.20000000000101,0.));
#974=IFCPOLYLOOP((#970,#971,#972,#973));
#975=IFCFACEOUTERBOUND(#974,.T.);
#976=IFCFACE((#975));
#977=IFCCARTESIANPOINT((0.,-117.306146600895,56.491662833104797));
#978=IFCCARTESIANPOINT((1193.1099999999999,-117.306146600895,56.491662833104797));
#979=IFCPOLYLOOP((#971,#977,#978,#972));
#980=IFCFACEOUTERBOUND(#979,.T.);
#981=IFCFACE((#980));
#982=IFCCARTESIANPOINT((0.,-101.79445901733899,81.178372202008205));
#983=IFCCARTESIANPOINT((1193.1099999999999,-101.79445901733899,81.178372202008205));
#984=IFCPOLYLOOP((#977,#982,#983,#978));
#985=IFCFACEOUTERBOUND(#984,.T.);
#986=IFCFACE((#985));
#987=IFCCARTESIANPOINT((0.,-81.178372202008205,101.79445901733899));
#988=IFCCARTESIANPOINT((1193.1099999999999,-81.178372202008205,101.79445901733899));
#989=IFCPOLYLOOP((#982,#987,#988,#983));
#990=IFCFACEOUTERBOUND(#989,.T.);
#991=IFCFACE((#990));
#992=IFCCARTESIANPOINT((0.,-56.491662833104797,117.306146600895));
#993=IFCCARTESIANPOINT((1193.1099999999999,-56.491662833104797,117.306146600895));
#994=IFCPOLYLOOP((#987,#992,#993,#988));
#995=IFCFACEOUTERBOUND(#994,.T.);
#996=IFCFACE((#995));
#997=IFCCARTESIANPOINT((0.,-28.972225601111901,126.935614166072));
#998=IFCCARTESIANPOINT((1193.1099999999999,-28.972225601111901,126.935614166072));
#999=IFCPOLYLOOP((#992,#997,#998,#993));
#1000=IFCFACEOUTERBOUND(#999,.T.);
#1001=IFCFACE((#1000));
#1002=IFCCARTESIANPOINT((0.,0.,130.20000000000101));
#1003=IFCCARTESIANPOINT((1193.1099999999999,0.,130.20000000000101));
#1004=IFCPOLYLOOP((#997,#1002,#1003,#998));
#1005=IFCFACEOUTERBOUND(#1004,.T.);
#1006=IFCFACE((#1005));
#1007=IFCCARTESIANPOINT((0.,28.972225601111901,126.935614166072));
#1008=IFCCARTESIANPOINT((1193.1099999999999,28.972225601111901,126.935614166072));
#1009=IFCPOLYLOOP((#1002,#1007,#1008,#1003));
#1010=IFCFACEOUTERBOUND(#1009,.T.);
#1011=IFCFACE((#1010));
#1012=IFCCARTESIANPOINT((0.,56.491662833104797,117.306146600895));
#1013=IFCCARTESIANPOINT((1193.1099999999999,56.491662833104797,117.306146600895));
#1014=IFCPOLYLOOP((#1007,#1012,#1013,#1008));
#1015=IFCFACEOUTERBOUND(#1014,.T.);
#1016=IFCFACE((#1015));
#1017=IFCCARTESIANPOINT((0.,81.178372202008205,101.79445901733899));
#1018=IFCCARTESIANPOINT((1193.1099999999999,81.178372202008205,101.79445901733899));
#1019=IFCPOLYLOOP((#1012,#1017,#1018,#1013));
#1020=IFCFACEOUTERBOUND(#1019,.T.);
#1021=IFCFACE((#1020));
#1022=IFCCARTESIANPOINT((0.,101.79445901733899,81.178372202008205));
#1023=IFCCARTESIANPOINT((1193.1099999999999,101.79445901733899,81.178372202008205));
#1024=IFCPOLYLOOP((#1017,#1022,#1023,#1018));
#1025=IFCFACEOUTERBOUND(#1024,.T.);
#1026=IFCFACE((#1025));
#1027=IFCCARTESIANPOINT((0.,117.306146600895,56.491662833104797));
#1028=IFCCARTESIANPOINT((1193.1099999999999,117.306146600895,56.491662833104797));
#1029=IFCPOLYLOOP((#1022,#1027,#1028,#1023));
#1030=IFCFACEOUTERBOUND(#1029,.T.);
#1031=IFCFACE((#1030));
#1032=IFCCARTESIANPOINT((0.,126.935614166072,28.972225601111901));
#1033=IFCCARTESIANPOINT((1193.1099999999999,126.935614166072,28.972225601111901));
#1034=IFCPOLYLOOP((#1027,#1032,#1033,#1028));
#1035=IFCFACEOUTERBOUND(#1034,.T.);
#1036=IFCFACE((#1035));
#1037=IFCCARTESIANPOINT((0.,130.20000000000101,0.));
#1038=IFCCARTESIANPOINT((1193.1099999999999,130.20000000000101,0.));
#1039=IFCPOLYLOOP((#1032,#1037,#1038,#1033));
#1040=IFCFACEOUTERBOUND(#1039,.T.);
#1041=IFCFACE((#1040));
#1042=IFCCARTESIANPOINT((0.,126.935614166072,-28.972225601111901));
#1043=IFCCARTESIANPOINT((1193.1099999999999,126.935614166072,-28.972225601111901));
#1044=IFCPOLYLOOP((#1037,#1042,#1043,#1038));
#1045=IFCFACEOUTERBOUND(#1044,.T.);
#1046=IFCFACE((#1045));
#1047=IFCCARTESIANPOINT((0.,117.306146600895,-56.491662833104797));
#1048=IFCCARTESIANPOINT((1193.1099999999999,117.306146600895,-56.491662833104797));
#1049=IFCPOLYLOOP((#1042,#1047,#1048,#1043));
#1050=IFCFACEOUTERBOUND(#1049,.T.);
#1051=IFCFACE((#1050));
#1052=IFCCARTESIANPOINT((0.,101.79445901733899,-81.178372202008205));
#1053=IFCCARTESIANPOINT((1193.1099999999999,101.79445901733899,-81.178372202008205));
#1054=IFCPOLYLOOP((#1047,#1052,#1053,#1048));
#1055=IFCFACEOUTERBOUND(#1054,.T.);
#1056=IFCFACE((#1055));
#1057=IFCCARTESIANPOINT((0.,81.178372202008205,-101.79445901733899));
#1058=IFCCARTESIANPOINT((1193.1099999999999,81.178372202008205,-101.79445901733899));
#1059=IFCPOLYLOOP((#1052,#1057,#1058,#1053));
#1060=IFCFACEOUTERBOUND(#1059,.T.);
#1061=IFCFACE((#1060));
#1062=IFCCARTESIANPOINT((0.,56.491662833104797,-117.306146600895));
#1063=IFCCARTESIANPOINT((1193.1099999999999,56.491662833104797,-117.306146600895));
#1064=IFCPOLYLOOP((#1057,#1062,#1063,#1058));
#1065=IFCFACEOUTERBOUND(#1064,.T.);
#1066=IFCFACE((#1065));
#1067=IFCCARTESIANPOINT((0.,28.972225601111901,-126.935614166072));
#1068=IFCCARTESIANPOINT((1193.1099999999999,28.972225601111901,-126.935614166072));
#1069=IFCPOLYLOOP((#1062,#1067,#1068,#1063));
#1070=IFCFACEOUTERBOUND(#1069,.T.);
#1071=IFCFACE((#1070));
#1072=IFCCARTESIANPOINT((0.,0.,-130.20000000000101));
#1073=IFCCARTESIANPOINT((1193.1099999999999,0.,-130.20000000000101));
#1074=IFCPOLYLOOP((#1067,#1072,#1073,#1068));
#1075=IFCFACEOUTERBOUND(#1074,.T.);
#1076=IFCFACE((#1075));
#1077=IFCCARTESIANPOINT((0.,-28.972225601111901,-126.935614166072));
#1078=IFCCARTESIANPOINT((1193.1099999999999,-28.972225601111901,-126.935614166072));
#1079=IFCPOLYLOOP((#1072,#1077,#1078,#1073));
#1080=IFCFACEOUTERBOUND(#1079,.T.);
#1081=IFCFACE((#1080));
#1082=IFCCARTESIANPOINT((0.,-56.491662833104797,-117.306146600895));
#1083=IFCCARTESIANPOINT((1193.1099999999999,-56.491662833104797,-117.306146600895));
#1084=IFCPOLYLOOP((#1077,#1082,#1083,#1078));
#1085=IFCFACEOUTERBOUND(#1084,.T.);
#1086=IFCFACE((#1085));
#1087=IFCCARTESIANPOINT((0.,-81.178372202008205,-101.79445901733899));
#1088=IFCCARTESIANPOINT((1193.1099999999999,-81.178372202008205,-101.79445901733899));
#1089=IFCPOLYLOOP((#1082,#1087,#1088,#1083));
#1090=IFCFACEOUTERBOUND(#1089,.T.);
#1091=IFCFACE((#1090));
#1092=IFCCARTESIANPOINT((0.,-101.79445901733899,-81.178372202008205));
#1093=IFCCARTESIANPOINT((1193.1099999999999,-101.79445901733899,-81.178372202008205));
#1094=IFCPOLYLOOP((#1087,#1092,#1093,#1088));
#1095=IFCFACEOUTERBOUND(#1094,.T.);
#1096=IFCFACE((#1095));
#1097=IFCCARTESIANPOINT((0.,-117.306146600895,-56.491662833104797));
#1098=IFCCARTESIANPOINT((1193.1099999999999,-117.306146600895,-56.491662833104797));
#1099=IFCPOLYLOOP((#1092,#1097,#1098,#1093));
#1100=IFCFACEOUTERBOUND(#1099,.T.);
#1101=IFCFACE((#1100));
#1102=IFCCARTESIANPOINT((0.,-126.935614166072,-28.972225601111901));
#1103=IFCCARTESIANPOINT((1193.1099999999999,-126.935614166072,-28.972225601111901));
#1104=IFCPOLYLOOP((#1097,#1102,#1103,#1098));
#1105=IFCFACEOUTERBOUND(#1104,.T.);
#1106=IFCFACE((#1105));
#1107=IFCPOLYLOOP((#1102,#970,#973,#1103));
#1108=IFCFACEOUTERBOUND(#1107,.T.);
#1109=IFCFACE((#1108));
#1110=IFCCARTESIANPOINT((0.,-136.5,0.));
#1111=IFCCARTESIANPOINT((0.,-133.077660012819,-30.374107485036799));
#1112=IFCCARTESIANPOINT((1193.1099999999999,-133.077660012819,-30.374107485036799));
#1113=IFCCARTESIANPOINT((1193.1099999999999,-136.5,0.));
#1114=IFCPOLYLOOP((#1110,#1111,#1112,#1113));
#1115=IFCFACEOUTERBOUND(#1114,.T.);
#1116=IFCFACE((#1115));
#1117=IFCCARTESIANPOINT((0.,-122.982250468682,-59.225130389546401));
#1118=IFCCARTESIANPOINT((1193.1099999999999,-122.982250468682,-59.225130389546401));
#1119=IFCPOLYLOOP((#1111,#1117,#1118,#1112));
#1120=IFCFACEOUTERBOUND(#1119,.T.);
#1121=IFCFACE((#1120));
#1122=IFCCARTESIANPOINT((0.,-106.719997356886,-85.106357953718501));
#1123=IFCCARTESIANPOINT((1193.1099999999999,-106.719997356886,-85.106357953718501));
#1124=IFCPOLYLOOP((#1117,#1122,#1123,#1118));
#1125=IFCFACEOUTERBOUND(#1124,.T.);
#1126=IFCFACE((#1125));
#1127=IFCCARTESIANPOINT((0.,-85.106357953718501,-106.719997356886));
#1128=IFCCARTESIANPOINT((1193.1099999999999,-85.106357953718501,-106.719997356886));
#1129=IFCPOLYLOOP((#1122,#1127,#1128,#1123));
#1130=IFCFACEOUTERBOUND(#1129,.T.);
#1131=IFCFACE((#1130));
#1132=IFCCARTESIANPOINT((0.,-59.225130389546401,-122.982250468682));
#1133=IFCCARTESIANPOINT((1193.1099999999999,-59.225130389546401,-122.982250468682));
#1134=IFCPOLYLOOP((#1127,#1132,#1133,#1128));
#1135=IFCFACEOUTERBOUND(#1134,.T.);
#1136=IFCFACE((#1135));
#1137=IFCCARTESIANPOINT((0.,-30.374107485036799,-133.077660012819));
#1138=IFCCARTESIANPOINT((1193.1099999999999,-30.374107485036799,-133.077660012819));
#1139=IFCPOLYLOOP((#1132,#1137,#1138,#1133));
#1140=IFCFACEOUTERBOUND(#1139,.T.);
#1141=IFCFACE((#1140));
#1142=IFCCARTESIANPOINT((0.,0.,-136.5));
#1143=IFCCARTESIANPOINT((1193.1099999999999,0.,-136.5));
#1144=IFCPOLYLOOP((#1137,#1142,#1143,#1138));
#1145=IFCFACEOUTERBOUND(#1144,.T.);
#1146=IFCFACE((#1145));
#1147=IFCCARTESIANPOINT((0.,30.374107485036799,-133.077660012819));
#1148=IFCCARTESIANPOINT((1193.1099999999999,30.374107485036799,-133.077660012819));
#1149=IFCPOLYLOOP((#1142,#1147,#1148,#1143));
#1150=IFCFACEOUTERBOUND(#1149,.T.);
#1151=IFCFACE((#1150));
#1152=IFCCARTESIANPOINT((0.,59.225130389546401,-122.982250468682));
#1153=IFCCARTESIANPOINT((1193.1099999999999,59.225130389546401,-122.982250468682));
#1154=IFCPOLYLOOP((#1147,#1152,#1153,#1148));
#1155=IFCFACEOUTERBOUND(#1154,.T.);
#1156=IFCFACE((#1155));
#1157=IFCCARTESIANPOINT((0.,85.106357953718501,-106.719997356886));
#1158=IFCCARTESIANPOINT((1193.1099999999999,85.106357953718501,-106.719997356886));
#1159=IFCPOLYLOOP((#1152,#1157,#1158,#1153));
#1160=IFCFACEOUTERBOUND(#1159,.T.);
#1161=IFCFACE((#1160));
#1162=IFCCARTESIANPOINT((0.,106.719997356886,-85.106357953718501));
#1163=IFCCARTESIANPOINT((1193.1099999999999,106.719997356886,-85.106357953718501));
#1164=IFCPOLYLOOP((#1157,#1162,#1163,#1158));
#1165=IFCFACEOUTERBOUND(#1164,.T.);
#1166=IFCFACE((#1165));
#1167=IFCCARTESIANPOINT((0.,122.982250468682,-59.225130389546401));
#1168=IFCCARTESIANPOINT((1193.1099999999999,122.982250468682,-59.225130389546401));
#1169=IFCPOLYLOOP((#1162,#1167,#1168,#1163));
#1170=IFCFACEOUTERBOUND(#1169,.T.);
#1171=IFCFACE((#1170));
#1172=IFCCARTESIANPOINT((0.,133.077660012819,-30.374107485036799));
#1173=IFCCARTESIANPOINT((1193.1099999999999,133.077660012819,-30.374107485036799));
#1174=IFCPOLYLOOP((#1167,#1172,#1173,#1168));
#1175=IFCFACEOUTERBOUND(#1174,.T.);
#1176=IFCFACE((#1175));
#1177=IFCCARTESIANPOINT((0.,136.5,0.));
#1178=IFCCARTESIANPOINT((1193.1099999999999,136.5,0.));
#1179=IFCPOLYLOOP((#1172,#1177,#1178,#1173));
#1180=IFCFACEOUTERBOUND(#1179,.T.);
#1181=IFCFACE((#1180));
#1182=IFCCARTESIANPOINT((0.,133.077660012819,30.374107485036799));
#1183=IFCCARTESIANPOINT((1193.1099999999999,133.077660012819,30.374107485036799));
#1184=IFCPOLYLOOP((#1177,#1182,#1183,#1178));
#1185=IFCFACEOUTERBOUND(#1184,.T.);
#1186=IFCFACE((#1185));
#1187=IFCCARTESIANPOINT((0.,122.982250468682,59.225130389546401));
#1188=IFCCARTESIANPOINT((1193.1099999999999,122.982250468682,59.225130389546401));
#1189=IFCPOLYLOOP((#1182,#1187,#1188,#1183));
#1190=IFCFACEOUTERBOUND(#1189,.T.);
#1191=IFCFACE((#1190));
#1192=IFCCARTESIANPOINT((0.,106.719997356886,85.106357953718501));
#1193=IFCCARTESIANPOINT((1193.1099999999999,106.719997356886,85.106357953718501));
#1194=IFCPOLYLOOP((#1187,#1192,#1193,#1188));
#1195=IFCFACEOUTERBOUND(#1194,.T.);
#1196=IFCFACE((#1195));
#1197=IFCCARTESIANPOINT((0.,85.106357953718501,106.719997356886));
#1198=IFCCARTESIANPOINT((1193.1099999999999,85.106357953718501,106.719997356886));
#1199=IFCPOLYLOOP((#1192,#1197,#1198,#1193));
#1200=IFCFACEOUTERBOUND(#1199,.T.);
#1201=IFCFACE((#1200));
#1202=IFCCARTESIANPOINT((0.,59.225130389546401,122.982250468682));
#1203=IFCCARTESIANPOINT((1193.1099999999999,59.225130389546401,122.982250468682));
#1204=IFCPOLYLOOP((#1197,#1202,#1203,#1198));
#1205=IFCFACEOUTERBOUND(#1204,.T.);
#1206=IFCFACE((#1205));
#1207=IFCCARTESIANPOINT((0.,30.374107485036799,133.077660012819));
#1208=IFCCARTESIANPOINT((1193.1099999999999,30.374107485036799,133.077660012819));
#1209=IFCPOLYLOOP((#1202,#1207,#1208,#1203));
#1210=IFCFACEOUTERBOUND(#1209,.T.);
#1211=IFCFACE((#1210));
#1212=IFCCARTESIANPOINT((0.,0.,136.5));
#1213=IFCCARTESIANPOINT((1193.1099999999999,0.,136.5));
#1214=IFCPOLYLOOP((#1207,#1212,#1213,#1208));
#1215=IFCFACEOUTERBOUND(#1214,.T.);
#1216=IFCFACE((#1215));
#1217=IFCCARTESIANPOINT((0.,-30.374107485036799,133.077660012819));
#1218=IFCCARTESIANPOINT((1193.1099999999999,-30.374107485036799,133.077660012819));
#1219=IFCPOLYLOOP((#1212,#1217,#1218,#1213));
#1220=IFCFACEOUTERBOUND(#1219,.T.);
#1221=IFCFACE((#1220));
#1222=IFCCARTESIANPOINT((0.,-59.225130389546401,122.982250468682));
#1223=IFCCARTESIANPOINT((1193.1099999999999,-59.225130389546401,122.982250468682));
#1224=IFCPOLYLOOP((#1217,#1222,#1223,#1218));
#1225=IFCFACEOUTERBOUND(#1224,.T.);
#1226=IFCFACE((#1225));
#1227=IFCCARTESIANPOINT((0.,-85.106357953718501,106.719997356886));
#1228=IFCCARTESIANPOINT((1193.1099999999999,-85.106357953718501,106.719997356886));
#1229=IFCPOLYLOOP((#1222,#1227,#1228,#1223));
#1230=IFCFACEOUTERBOUND(#1229,.T.);
#1231=IFCFACE((#1230));
#1232=IFCCARTESIANPOINT((0.,-106.719997356886,85.106357953718501));
#1233=IFCCARTESIANPOINT((1193.1099999999999,-106.719997356886,85.106357953718501));
#1234=IFCPOLYLOOP((#1227,#1232,#1233,#1228));
#1235=IFCFACEOUTERBOUND(#1234,.T.);
#1236=IFCFACE((#1235));
#1237=IFCCARTESIANPOINT((0.,-122.982250468682,59.225130389546401));
#1238=IFCCARTESIANPOINT((1193.1099999999999,-122.982250468682,59.225130389546401));
#1239=IFCPOLYLOOP((#1232,#1237,#1238,#1233));
#1240=IFCFACEOUTERBOUND(#1239,.T.);
#1241=IFCFACE((#1240));
#1242=IFCCARTESIANPOINT((0.,-133.077660012819,30.374107485036799));
#1243=IFCCARTESIANPOINT((1193.1099999999999,-133.077660012819,30.374107485036799));
#1244=IFCPOLYLOOP((#1237,#1242,#1243,#1238));
#1245=IFCFACEOUTERBOUND(#1244,.T.);
#1246=IFCFACE((#1245));
#1247=IFCPOLYLOOP((#1242,#1110,#1113,#1243));
#1248=IFCFACEOUTERBOUND(#1247,.T.);
#1249=IFCFACE((#1248));
#1250=IFCPOLYLOOP((#1118,#1123,#1128,#1133,#1138,#1143,#1148,#1153,#1158,#1163,#1168,#1173,#1178,#1183,#1188,#1193,#1198,#1203,#1208,#1213,#1218,#1223,#1228,#1233,#1238,#1243,#1113,#1112));
#1251=IFCFACEOUTERBOUND(#1250,.T.);
#1252=IFCPOLYLOOP((#978,#983,#988,#993,#998,#1003,#1008,#1013,#1018,#1023,#1028,#1033,#1038,#1043,#1048,#1053,#1058,#1063,#1068,#1073,#1078,#1083,#1088,#1093,#1098,#1103,#973,#972));
#1253=IFCFACEBOUND(#1252,.T.);
#1254=IFCFACE((#1251,#1253));
#1255=IFCPOLYLOOP((#1242,#1237,#1232,#1227,#1222,#1217,#1212,#1207,#1202,#1197,#1192,#1187,#1182,#1177,#1172,#1167,#1162,#1157,#1152,#1147,#1142,#1137,#1132,#1127,#1122,#1117,#1111,#1110));
#1256=IFCFACEOUTERBOUND(#1255,.T.);
#1257=IFCPOLYLOOP((#1102,#1097,#1092,#1087,#1082,#1077,#1072,#1067,#1062,#1057,#1052,#1047,#1042,#1037,#1032,#1027,#1022,#1017,#1012,#1007,#1002,#997,#992,#987,#982,#977,#971,#970));
#1258=IFCFACEBOUND(#1257,.T.);
#1259=IFCFACE((#1256,#1258));
#1260=IFCCLOSEDSHELL((#976,#981,#986,#991,#996,#1001,#1006,#1011,#1016,#1021,#1026,#1031,#1036,#1041,#1046,#1051,#1056,#1061,#1066,#1071,#1076,#1081,#1086,#1091,#1096,#1101,#1106,#1109,#1116,#1121,#1126,#1131,#1136,#1141,#1146,#1151,#1156,#1161,#1166,#1171,#1176,#1181,#1186,#1191,#1196,#1201,#1206,#1211,#1216,#1221,#1226,#1231,#1236,#1241,#1246,#1249,#1254,#1259));
#1261=IFCFACETEDBREP(#1260);
#1262=IFCSTYLEDITEM(#1261,(#969),$);
#1263=IFCSHAPEREPRESENTATION(#12,'Body','Brep',(#1261));
#1264=IFCPRODUCTDEFINITIONSHAPE($,$,(#1263));
#1265=IFCCARTESIANPOINT((16845.996167021502,31000.000000000098,1193.1099999999999));
#1266=IFCAXIS2PLACEMENT3D(#1265,#162,#161);
#1267=IFCLOCALPLACEMENT(#42,#1266);
#1268=IFCBEAM('2FXI9L0rn9M9LZB3pdXMRP',#44,'Foringsr\X2\00F8\X0\r','CHS273X6.3',$,#1267,#1264,'ID8f852255-035c-4958-9563-2c3ce78566d9');
#1269=IFCBEAMTYPE('1$QigdsFX6DeO2rdChNaFc',#5,'CHS273X6.3',$,$,$,$,$,$,.NOTDEFINED.);
#1274=IFCPROPERTYSINGLEVALUE('Length',$,IFCLENGTHMEASURE(1193.0999999999999),$);
#1281=IFCPROPERTYSINGLEVALUE('OuterSurfaceArea',$,IFCAREAMEASURE(1.),$);
#1282=IFCPROPERTYSINGLEVALUE('NetWeight',$,IFCMASSMEASURE(0.),$);
#1283=IFCPROPERTYSET('1CAi$zrXb4UPZWAG8UORlk',#5,'BeamBaseQuantities',$,(#1274,#1281,#308,#1282));
#1284=IFCPROPERTYSINGLEVALUE('Span',$,$,$);
#1285=IFCPROPERTYSINGLEVALUE('Slope',$,IFCPLANEANGLEMEASURE(1.5708),$);
#1286=IFCPROPERTYSET('17Ay4J3ND6dvTFmoIZ6tjE',#5,'Pset_BeamCommon','Definition from IAI: Properties common to the definition of all occurrences of IfcBeam.',(#187,#1284,#1285,#193,#194,#189));
#1287=IFCCOLOURRGB('Unnamed',0.89019607843137205,0.44705882352941201,1.);
#1288=IFCSURFACESTYLERENDERING(#1287,0.,$,$,$,$,IFCNORMALISEDRATIOMEASURE(0.00390625),IFCSPECULAREXPONENT(10.),.NOTDEFINED.);
#1289=IFCSURFACESTYLE('MISCELLANEOUS/Misc_Undefined',.POSITIVE.,(#1288));
#1290=IFCPRESENTATIONSTYLEASSIGNMENT((#1289));
#1291=IFCCARTESIANPOINT((0.,-90.,0.));
#1292=IFCCARTESIANPOINT((0.,-87.743512096363702,20.026884056067502));
#1293=IFCCARTESIANPOINT((1193.1099999999999,-87.743512096363702,20.026884056067502));
#1294=IFCCARTESIANPOINT((1193.1099999999999,-90.,0.));
#1295=IFCPOLYLOOP((#1291,#1292,#1293,#1294));
#1296=IFCFACEOUTERBOUND(#1295,.T.);
#1297=IFCFACE((#1296));
#1298=IFCCARTESIANPOINT((0.,-81.087198111217702,39.049536520578798));
#1299=IFCCARTESIANPOINT((1193.1099999999999,-81.087198111217702,39.049536520578798));
#1300=IFCPOLYLOOP((#1292,#1298,#1299,#1293));
#1301=IFCFACEOUTERBOUND(#1300,.T.);
#1302=IFCFACE((#1301));
#1303=IFCCARTESIANPOINT((0.,-70.364833422121606,56.114082167285197));
#1304=IFCCARTESIANPOINT((1193.1099999999999,-70.364833422121606,56.114082167285197));
#1305=IFCPOLYLOOP((#1298,#1303,#1304,#1299));
#1306=IFCFACEOUTERBOUND(#1305,.T.);
#1307=IFCFACE((#1306));
#1308=IFCCARTESIANPOINT((0.,-56.114082167285197,70.364833422121606));
#1309=IFCCARTESIANPOINT((1193.1099999999999,-56.114082167285197,70.364833422121606));
#1310=IFCPOLYLOOP((#1303,#1308,#1309,#1304));
#1311=IFCFACEOUTERBOUND(#1310,.T.);
#1312=IFCFACE((#1311));
#1313=IFCCARTESIANPOINT((0.,-39.049536520578798,81.087198111217702));
#1314=IFCCARTESIANPOINT((1193.1099999999999,-39.049536520578798,81.087198111217702));
#1315=IFCPOLYLOOP((#1308,#1313,#1314,#1309));
#1316=IFCFACEOUTERBOUND(#1315,.T.);
#1317=IFCFACE((#1316));
#1318=IFCCARTESIANPOINT((0.,-20.026884056067502,87.743512096363702));
#1319=IFCCARTESIANPOINT((1193.1099999999999,-20.026884056067502,87.743512096363702));
#1320=IFCPOLYLOOP((#1313,#1318,#1319,#1314));
#1321=IFCFACEOUTERBOUND(#1320,.T.);
#1322=IFCFACE((#1321));
#1323=IFCCARTESIANPOINT((0.,0.,90.));
#1324=IFCCARTESIANPOINT((1193.1099999999999,0.,90.));
#1325=IFCPOLYLOOP((#1318,#1323,#1324,#1319));
#1326=IFCFACEOUTERBOUND(#1325,.T.);
#1327=IFCFACE((#1326));
#1328=IFCCARTESIANPOINT((0.,20.026884056067502,87.743512096363702));
#1329=IFCCARTESIANPOINT((1193.1099999999999,20.026884056067502,87.743512096363702));
#1330=IFCPOLYLOOP((#1323,#1328,#1329,#1324));
#1331=IFCFACEOUTERBOUND(#1330,.T.);
#1332=IFCFACE((#1331));
#1333=IFCCARTESIANPOINT((0.,39.049536520578798,81.087198111217702));
#1334=IFCCARTESIANPOINT((1193.1099999999999,39.049536520578798,81.087198111217702));
#1335=IFCPOLYLOOP((#1328,#1333,#1334,#1329));
#1336=IFCFACEOUTERBOUND(#1335,.T.);
#1337=IFCFACE((#1336));
#1338=IFCCARTESIANPOINT((0.,56.114082167285197,70.364833422121606));
#1339=IFCCARTESIANPOINT((1193.1099999999999,56.114082167285197,70.364833422121606));
#1340=IFCPOLYLOOP((#1333,#1338,#1339,#1334));
#1341=IFCFACEOUTERBOUND(#1340,.T.);
#1342=IFCFACE((#1341));
#1343=IFCCARTESIANPOINT((0.,70.364833422121606,56.114082167285197));
#1344=IFCCARTESIANPOINT((1193.1099999999999,70.364833422121606,56.114082167285197));
#1345=IFCPOLYLOOP((#1338,#1343,#1344,#1339));
#1346=IFCFACEOUTERBOUND(#1345,.T.);
#1347=IFCFACE((#1346));
#1348=IFCCARTESIANPOINT((0.,81.087198111217702,39.049536520578798));
#1349=IFCCARTESIANPOINT((1193.1099999999999,81.087198111217702,39.049536520578798));
#1350=IFCPOLYLOOP((#1343,#1348,#1349,#1344));
#1351=IFCFACEOUTERBOUND(#1350,.T.);
#1352=IFCFACE((#1351));
#1353=IFCCARTESIANPOINT((0.,87.743512096363702,20.026884056067502));
#1354=IFCCARTESIANPOINT((1193.1099999999999,87.743512096363702,20.026884056067502));
#1355=IFCPOLYLOOP((#1348,#1353,#1354,#1349));
#1356=IFCFACEOUTERBOUND(#1355,.T.);
#1357=IFCFACE((#1356));
#1358=IFCCARTESIANPOINT((0.,90.,0.));
#1359=IFCCARTESIANPOINT((1193.1099999999999,90.,0.));
#1360=IFCPOLYLOOP((#1353,#1358,#1359,#1354));
#1361=IFCFACEOUTERBOUND(#1360,.T.);
#1362=IFCFACE((#1361));
#1363=IFCCARTESIANPOINT((0.,87.743512096363702,-20.026884056067502));
#1364=IFCCARTESIANPOINT((1193.1099999999999,87.743512096363702,-20.026884056067502));
#1365=IFCPOLYLOOP((#1358,#1363,#1364,#1359));
#1366=IFCFACEOUTERBOUND(#1365,.T.);
#1367=IFCFACE((#1366));
#1368=IFCCARTESIANPOINT((0.,81.087198111217702,-39.049536520578798));
#1369=IFCCARTESIANPOINT((1193.1099999999999,81.087198111217702,-39.049536520578798));
#1370=IFCPOLYLOOP((#1363,#1368,#1369,#1364));
#1371=IFCFACEOUTERBOUND(#1370,.T.);
#1372=IFCFACE((#1371));
#1373=IFCCARTESIANPOINT((0.,70.364833422121606,-56.114082167285197));
#1374=IFCCARTESIANPOINT((1193.1099999999999,70.364833422121606,-56.114082167285197));
#1375=IFCPOLYLOOP((#1368,#1373,#1374,#1369));
#1376=IFCFACEOUTERBOUND(#1375,.T.);
#1377=IFCFACE((#1376));
#1378=IFCCARTESIANPOINT((0.,56.114082167285197,-70.364833422121606));
#1379=IFCCARTESIANPOINT((1193.1099999999999,56.114082167285197,-70.364833422121606));
#1380=IFCPOLYLOOP((#1373,#1378,#1379,#1374));
#1381=IFCFACEOUTERBOUND(#1380,.T.);
#1382=IFCFACE((#1381));
#1383=IFCCARTESIANPOINT((0.,39.049536520578798,-81.087198111217702));
#1384=IFCCARTESIANPOINT((1193.1099999999999,39.049536520578798,-81.087198111217702));
#1385=IFCPOLYLOOP((#1378,#1383,#1384,#1379));
#1386=IFCFACEOUTERBOUND(#1385,.T.);
#1387=IFCFACE((#1386));
#1388=IFCCARTESIANPOINT((0.,20.026884056067502,-87.743512096363702));
#1389=IFCCARTESIANPOINT((1193.1099999999999,20.026884056067502,-87.743512096363702));
#1390=IFCPOLYLOOP((#1383,#1388,#1389,#1384));
#1391=IFCFACEOUTERBOUND(#1390,.T.);
#1392=IFCFACE((#1391));
#1393=IFCCARTESIANPOINT((0.,0.,-90.));
#1394=IFCCARTESIANPOINT((1193.1099999999999,0.,-90.));
#1395=IFCPOLYLOOP((#1388,#1393,#1394,#1389));
#1396=IFCFACEOUTERBOUND(#1395,.T.);
#1397=IFCFACE((#1396));
#1398=IFCCARTESIANPOINT((0.,-20.026884056067502,-87.743512096363702));
#1399=IFCCARTESIANPOINT((1193.1099999999999,-20.026884056067502,-87.743512096363702));
#1400=IFCPOLYLOOP((#1393,#1398,#1399,#1394));
#1401=IFCFACEOUTERBOUND(#1400,.T.);
#1402=IFCFACE((#1401));
#1403=IFCCARTESIANPOINT((0.,-39.049536520578798,-81.087198111217702));
#1404=IFCCARTESIANPOINT((1193.1099999999999,-39.049536520578798,-81.087198111217702));
#1405=IFCPOLYLOOP((#1398,#1403,#1404,#1399));
#1406=IFCFACEOUTERBOUND(#1405,.T.);
#1407=IFCFACE((#1406));
#1408=IFCCARTESIANPOINT((0.,-56.114082167285197,-70.364833422121606));
#1409=IFCCARTESIANPOINT((1193.1099999999999,-56.114082167285197,-70.364833422121606));
#1410=IFCPOLYLOOP((#1403,#1408,#1409,#1404));
#1411=IFCFACEOUTERBOUND(#1410,.T.);
#1412=IFCFACE((#1411));
#1413=IFCCARTESIANPOINT((0.,-70.364833422121606,-56.114082167285197));
#1414=IFCCARTESIANPOINT((1193.1099999999999,-70.364833422121606,-56.114082167285197));
#1415=IFCPOLYLOOP((#1408,#1413,#1414,#1409));
#1416=IFCFACEOUTERBOUND(#1415,.T.);
#1417=IFCFACE((#1416));
#1418=IFCCARTESIANPOINT((0.,-81.087198111217702,-39.049536520578798));
#1419=IFCCARTESIANPOINT((1193.1099999999999,-81.087198111217702,-39.049536520578798));
#1420=IFCPOLYLOOP((#1413,#1418,#1419,#1414));
#1421=IFCFACEOUTERBOUND(#1420,.T.);
#1422=IFCFACE((#1421));
#1423=IFCCARTESIANPOINT((0.,-87.743512096363702,-20.026884056067502));
#1424=IFCCARTESIANPOINT((1193.1099999999999,-87.743512096363702,-20.026884056067502));
#1425=IFCPOLYLOOP((#1418,#1423,#1424,#1419));
#1426=IFCFACEOUTERBOUND(#1425,.T.);
#1427=IFCFACE((#1426));
#1428=IFCPOLYLOOP((#1423,#1291,#1294,#1424));
#1429=IFCFACEOUTERBOUND(#1428,.T.);
#1430=IFCFACE((#1429));
#1431=IFCCARTESIANPOINT((0.,-130.,0.));
#1432=IFCCARTESIANPOINT((0.,-126.740628583637,-28.9277214143221));
#1433=IFCCARTESIANPOINT((1193.1099999999999,-126.740628583637,-28.9277214143221));
#1434=IFCCARTESIANPOINT((1193.1099999999999,-130.,0.));
#1435=IFCPOLYLOOP((#1431,#1432,#1433,#1434));
#1436=IFCFACEOUTERBOUND(#1435,.T.);
#1437=IFCFACE((#1436));
#1438=IFCCARTESIANPOINT((0.,-117.125952827315,-56.404886085281802));
#1439=IFCCARTESIANPOINT((1193.1099999999999,-117.125952827315,-56.404886085281802));
#1440=IFCPOLYLOOP((#1432,#1438,#1439,#1433));
#1441=IFCFACEOUTERBOUND(#1440,.T.);
#1442=IFCFACE((#1441));
#1443=IFCCARTESIANPOINT((0.,-101.63809272084499,-81.053674241637097));
#1444=IFCCARTESIANPOINT((1193.1099999999999,-101.63809272084499,-81.053674241637097));
#1445=IFCPOLYLOOP((#1438,#1443,#1444,#1439));
#1446=IFCFACEOUTERBOUND(#1445,.T.);
#1447=IFCFACE((#1446));
#1448=IFCCARTESIANPOINT((0.,-81.053674241637097,-101.63809272084499));
#1449=IFCCARTESIANPOINT((1193.1099999999999,-81.053674241637097,-101.63809272084499));
#1450=IFCPOLYLOOP((#1443,#1448,#1449,#1444));
#1451=IFCFACEOUTERBOUND(#1450,.T.);
#1452=IFCFACE((#1451));
#1453=IFCCARTESIANPOINT((0.,-56.404886085281802,-117.125952827315));
#1454=IFCCARTESIANPOINT((1193.1099999999999,-56.404886085281802,-117.125952827315));
#1455=IFCPOLYLOOP((#1448,#1453,#1454,#1449));
#1456=IFCFACEOUTERBOUND(#1455,.T.);
#1457=IFCFACE((#1456));
#1458=IFCCARTESIANPOINT((0.,-28.9277214143221,-126.740628583637));
#1459=IFCCARTESIANPOINT((1193.1099999999999,-28.9277214143221,-126.740628583637));
#1460=IFCPOLYLOOP((#1453,#1458,#1459,#1454));
#1461=IFCFACEOUTERBOUND(#1460,.T.);
#1462=IFCFACE((#1461));
#1463=IFCCARTESIANPOINT((0.,0.,-130.));
#1464=IFCCARTESIANPOINT((1193.1099999999999,0.,-130.));
#1465=IFCPOLYLOOP((#1458,#1463,#1464,#1459));
#1466=IFCFACEOUTERBOUND(#1465,.T.);
#1467=IFCFACE((#1466));
#1468=IFCCARTESIANPOINT((0.,28.9277214143221,-126.740628583637));
#1469=IFCCARTESIANPOINT((1193.1099999999999,28.9277214143221,-126.740628583637));
#1470=IFCPOLYLOOP((#1463,#1468,#1469,#1464));
#1471=IFCFACEOUTERBOUND(#1470,.T.);
#1472=IFCFACE((#1471));
#1473=IFCCARTESIANPOINT((0.,56.404886085281802,-117.125952827315));
#1474=IFCCARTESIANPOINT((1193.1099999999999,56.404886085281802,-117.125952827315));
#1475=IFCPOLYLOOP((#1468,#1473,#1474,#1469));
#1476=IFCFACEOUTERBOUND(#1475,.T.);
#1477=IFCFACE((#1476));
#1478=IFCCARTESIANPOINT((0.,81.053674241637097,-101.63809272084499));
#1479=IFCCARTESIANPOINT((1193.1099999999999,81.053674241637097,-101.63809272084499));
#1480=IFCPOLYLOOP((#1473,#1478,#1479,#1474));
#1481=IFCFACEOUTERBOUND(#1480,.T.);
#1482=IFCFACE((#1481));
#1483=IFCCARTESIANPOINT((0.,101.63809272084499,-81.053674241637097));
#1484=IFCCARTESIANPOINT((1193.1099999999999,101.63809272084499,-81.053674241637097));
#1485=IFCPOLYLOOP((#1478,#1483,#1484,#1479));
#1486=IFCFACEOUTERBOUND(#1485,.T.);
#1487=IFCFACE((#1486));
#1488=IFCCARTESIANPOINT((0.,117.125952827315,-56.404886085281802));
#1489=IFCCARTESIANPOINT((1193.1099999999999,117.125952827315,-56.404886085281802));
#1490=IFCPOLYLOOP((#1483,#1488,#1489,#1484));
#1491=IFCFACEOUTERBOUND(#1490,.T.);
#1492=IFCFACE((#1491));
#1493=IFCCARTESIANPOINT((0.,126.740628583637,-28.9277214143221));
#1494=IFCCARTESIANPOINT((1193.1099999999999,126.740628583637,-28.9277214143221));
#1495=IFCPOLYLOOP((#1488,#1493,#1494,#1489));
#1496=IFCFACEOUTERBOUND(#1495,.T.);
#1497=IFCFACE((#1496));
#1498=IFCCARTESIANPOINT((0.,130.,0.));
#1499=IFCCARTESIANPOINT((1193.1099999999999,130.,0.));
#1500=IFCPOLYLOOP((#1493,#1498,#1499,#1494));
#1501=IFCFACEOUTERBOUND(#1500,.T.);
#1502=IFCFACE((#1501));
#1503=IFCCARTESIANPOINT((0.,126.740628583637,28.9277214143221));
#1504=IFCCARTESIANPOINT((1193.1099999999999,126.740628583637,28.9277214143221));
#1505=IFCPOLYLOOP((#1498,#1503,#1504,#1499));
#1506=IFCFACEOUTERBOUND(#1505,.T.);
#1507=IFCFACE((#1506));
#1508=IFCCARTESIANPOINT((0.,117.125952827315,56.404886085281802));
#1509=IFCCARTESIANPOINT((1193.1099999999999,117.125952827315,56.404886085281802));
#1510=IFCPOLYLOOP((#1503,#1508,#1509,#1504));
#1511=IFCFACEOUTERBOUND(#1510,.T.);
#1512=IFCFACE((#1511));
#1513=IFCCARTESIANPOINT((0.,101.63809272084499,81.053674241637097));
#1514=IFCCARTESIANPOINT((1193.1099999999999,101.63809272084499,81.053674241637097));
#1515=IFCPOLYLOOP((#1508,#1513,#1514,#1509));
#1516=IFCFACEOUTERBOUND(#1515,.T.);
#1517=IFCFACE((#1516));
#1518=IFCCARTESIANPOINT((0.,81.053674241637097,101.63809272084499));
#1519=IFCCARTESIANPOINT((1193.1099999999999,81.053674241637097,101.63809272084499));
#1520=IFCPOLYLOOP((#1513,#1518,#1519,#1514));
#1521=IFCFACEOUTERBOUND(#1520,.T.);
#1522=IFCFACE((#1521));
#1523=IFCCARTESIANPOINT((0.,56.404886085281802,117.125952827315));
#1524=IFCCARTESIANPOINT((1193.1099999999999,56.404886085281802,117.125952827315));
#1525=IFCPOLYLOOP((#1518,#1523,#1524,#1519));
#1526=IFCFACEOUTERBOUND(#1525,.T.);
#1527=IFCFACE((#1526));
#1528=IFCCARTESIANPOINT((0.,28.9277214143221,126.740628583637));
#1529=IFCCARTESIANPOINT((1193.1099999999999,28.9277214143221,126.740628583637));
#1530=IFCPOLYLOOP((#1523,#1528,#1529,#1524));
#1531=IFCFACEOUTERBOUND(#1530,.T.);
#1532=IFCFACE((#1531));
#1533=IFCCARTESIANPOINT((0.,0.,130.));
#1534=IFCCARTESIANPOINT((1193.1099999999999,0.,130.));
#1535=IFCPOLYLOOP((#1528,#1533,#1534,#1529));
#1536=IFCFACEOUTERBOUND(#1535,.T.);
#1537=IFCFACE((#1536));
#1538=IFCCARTESIANPOINT((0.,-28.9277214143221,126.740628583637));
#1539=IFCCARTESIANPOINT((1193.1099999999999,-28.9277214143221,126.740628583637));
#1540=IFCPOLYLOOP((#1533,#1538,#1539,#1534));
#1541=IFCFACEOUTERBOUND(#1540,.T.);
#1542=IFCFACE((#1541));
#1543=IFCCARTESIANPOINT((0.,-56.404886085281802,117.125952827315));
#1544=IFCCARTESIANPOINT((1193.1099999999999,-56.404886085281802,117.125952827315));
#1545=IFCPOLYLOOP((#1538,#1543,#1544,#1539));
#1546=IFCFACEOUTERBOUND(#1545,.T.);
#1547=IFCFACE((#1546));
#1548=IFCCARTESIANPOINT((0.,-81.053674241637097,101.63809272084499));
#1549=IFCCARTESIANPOINT((1193.1099999999999,-81.053674241637097,101.63809272084499));
#1550=IFCPOLYLOOP((#1543,#1548,#1549,#1544));
#1551=IFCFACEOUTERBOUND(#1550,.T.);
#1552=IFCFACE((#1551));
#1553=IFCCARTESIANPOINT((0.,-101.63809272084499,81.053674241637097));
#1554=IFCCARTESIANPOINT((1193.1099999999999,-101.63809272084499,81.053674241637097));
#1555=IFCPOLYLOOP((#1548,#1553,#1554,#1549));
#1556=IFCFACEOUTERBOUND(#1555,.T.);
#1557=IFCFACE((#1556));
#1558=IFCCARTESIANPOINT((0.,-117.125952827315,56.404886085281802));
#1559=IFCCARTESIANPOINT((1193.1099999999999,-117.125952827315,56.404886085281802));
#1560=IFCPOLYLOOP((#1553,#1558,#1559,#1554));
#1561=IFCFACEOUTERBOUND(#1560,.T.);
#1562=IFCFACE((#1561));
#1563=IFCCARTESIANPOINT((0.,-126.740628583637,28.9277214143221));
#1564=IFCCARTESIANPOINT((1193.1099999999999,-126.740628583637,28.9277214143221));
#1565=IFCPOLYLOOP((#1558,#1563,#1564,#1559));
#1566=IFCFACEOUTERBOUND(#1565,.T.);
#1567=IFCFACE((#1566));
#1568=IFCPOLYLOOP((#1563,#1431,#1434,#1564));
#1569=IFCFACEOUTERBOUND(#1568,.T.);
#1570=IFCFACE((#1569));
#1571=IFCPOLYLOOP((#1439,#1444,#1449,#1454,#1459,#1464,#1469,#1474,#1479,#1484,#1489,#1494,#1499,#1504,#1509,#1514,#1519,#1524,#1529,#1534,#1539,#1544,#1549,#1554,#1559,#1564,#1434,#1433));
#1572=IFCFACEOUTERBOUND(#1571,.T.);
#1573=IFCPOLYLOOP((#1299,#1304,#1309,#1314,#1319,#1324,#1329,#1334,#1339,#1344,#1349,#1354,#1359,#1364,#1369,#1374,#1379,#1384,#1389,#1394,#1399,#1404,#1409,#1414,#1419,#1424,#1294,#1293));
#1574=IFCFACEBOUND(#1573,.T.);
#1575=IFCFACE((#1572,#1574));
#1576=IFCPOLYLOOP((#1563,#1558,#1553,#1548,#1543,#1538,#1533,#1528,#1523,#1518,#1513,#1508,#1503,#1498,#1493,#1488,#1483,#1478,#1473,#1468,#1463,#1458,#1453,#1448,#1443,#1438,#1432,#1431));
#1577=IFCFACEOUTERBOUND(#1576,.T.);
#1578=IFCPOLYLOOP((#1423,#1418,#1413,#1408,#1403,#1398,#1393,#1388,#1383,#1378,#1373,#1368,#1363,#1358,#1353,#1348,#1343,#1338,#1333,#1328,#1323,#1318,#1313,#1308,#1303,#1298,#1292,#1291));
#1579=IFCFACEBOUND(#1578,.T.);
#1580=IFCFACE((#1577,#1579));
#1581=IFCCLOSEDSHELL((#1297,#1302,#1307,#1312,#1317,#1322,#1327,#1332,#1337,#1342,#1347,#1352,#1357,#1362,#1367,#1372,#1377,#1382,#1387,#1392,#1397,#1402,#1407,#1412,#1417,#1422,#1427,#1430,#1437,#1442,#1447,#1452,#1457,#1462,#1467,#1472,#1477,#1482,#1487,#1492,#1497,#1502,#1507,#1512,#1517,#1522,#1527,#1532,#1537,#1542,#1547,#1552,#1557,#1562,#1567,#1570,#1575,#1580));
#1582=IFCFACETEDBREP(#1581);
#1583=IFCSTYLEDITEM(#1582,(#1290),$);
#1584=IFCSHAPEREPRESENTATION(#12,'Body','Brep',(#1582));
#1585=IFCPRODUCTDEFINITIONSHAPE($,$,(#1584));
#1586=IFCLOCALPLACEMENT(#42,#1266);
#1587=IFCBEAM('225Dyn_XL2CxEiQnwFGrn4',#44,'Omst\X2\00F8\X0\pningsm\X2\00F8\X0\rtel','CHS260X40',$,#1586,#1585,'ID8214df31-fa15-4233-b3ac-6b1e8f435c44');
#1588=IFCBEAMTYPE('3dlAiKn4L3cATtqgnmF$qz',#5,'CHS260X40',$,$,$,$,$,$,.NOTDEFINED.);
#1597=IFCPROPERTYSET('0F_HmLgzH1Sh_3e_LblG5N',#5,'BeamBaseQuantities',$,(#1274,#1281,#308,#1282));
#1598=IFCPROPERTYSET('205TUUfGT3tuzb_OYgN15t',#5,'Pset_BeamCommon','Definition from IAI: Properties common to the definition of all occurrences of IfcBeam.',(#187,#1284,#1285,#193,#194,#189));
#1599=IFCCOLOURRGB('Unnamed',0.91372549019607796,0.78823529411764703,0.070588235294117604);
#1600=IFCSURFACESTYLERENDERING(#1599,0.,$,$,$,$,IFCNORMALISEDRATIOMEASURE(0.00390625),IFCSPECULAREXPONENT(10.),.NOTDEFINED.);
#1601=IFCSURFACESTYLE('MISCELLANEOUS/Misc_Undefined',.POSITIVE.,(#1600));
#1602=IFCPRESENTATIONSTYLEASSIGNMENT((#1601));
#1603=IFCCARTESIANPOINT((0.,-86.933324366014901,-23.293714059225699));
#1604=IFCCARTESIANPOINT((1393.1099999999999,-86.933324366014901,-23.293714059225699));
#1605=IFCCARTESIANPOINT((1393.1099999999999,-90.,0.));
#1606=IFCPOLYLOOP((#1291,#1603,#1604,#1605));
#1607=IFCFACEOUTERBOUND(#1606,.T.);
#1608=IFCFACE((#1607));
#1609=IFCCARTESIANPOINT((0.,-77.942286340599793,-45.));
#1610=IFCCARTESIANPOINT((1393.1099999999999,-77.942286340599793,-45.));
#1611=IFCPOLYLOOP((#1603,#1609,#1610,#1604));
#1612=IFCFACEOUTERBOUND(#1611,.T.);
#1613=IFCFACE((#1612));
#1614=IFCCARTESIANPOINT((0.,-63.639610306789102,-63.639610306789102));
#1615=IFCCARTESIANPOINT((1393.1099999999999,-63.639610306789102,-63.639610306789102));
#1616=IFCPOLYLOOP((#1609,#1614,#1615,#1610));
#1617=IFCFACEOUTERBOUND(#1616,.T.);
#1618=IFCFACE((#1617));
#1619=IFCCARTESIANPOINT((0.,-45.,-77.942286340599793));
#1620=IFCCARTESIANPOINT((1393.1099999999999,-45.,-77.942286340599793));
#1621=IFCPOLYLOOP((#1614,#1619,#1620,#1615));
#1622=IFCFACEOUTERBOUND(#1621,.T.);
#1623=IFCFACE((#1622));
#1624=IFCCARTESIANPOINT((0.,-23.293714059225699,-86.933324366014901));
#1625=IFCCARTESIANPOINT((1393.1099999999999,-23.293714059225699,-86.933324366014901));
#1626=IFCPOLYLOOP((#1619,#1624,#1625,#1620));
#1627=IFCFACEOUTERBOUND(#1626,.T.);
#1628=IFCFACE((#1627));
#1629=IFCCARTESIANPOINT((1393.1099999999999,0.,-90.));
#1630=IFCPOLYLOOP((#1624,#1393,#1629,#1625));
#1631=IFCFACEOUTERBOUND(#1630,.T.);
#1632=IFCFACE((#1631));
#1633=IFCCARTESIANPOINT((0.,23.293714059225699,-86.933324366014901));
#1634=IFCCARTESIANPOINT((1393.1099999999999,23.293714059225699,-86.933324366014901));
#1635=IFCPOLYLOOP((#1393,#1633,#1634,#1629));
#1636=IFCFACEOUTERBOUND(#1635,.T.);
#1637=IFCFACE((#1636));
#1638=IFCCARTESIANPOINT((0.,45.,-77.942286340599793));
#1639=IFCCARTESIANPOINT((1393.1099999999999,45.,-77.942286340599793));
#1640=IFCPOLYLOOP((#1633,#1638,#1639,#1634));
#1641=IFCFACEOUTERBOUND(#1640,.T.);
#1642=IFCFACE((#1641));
#1643=IFCCARTESIANPOINT((0.,63.639610306789102,-63.639610306789102));
#1644=IFCCARTESIANPOINT((1393.1099999999999,63.639610306789102,-63.639610306789102));
#1645=IFCPOLYLOOP((#1638,#1643,#1644,#1639));
#1646=IFCFACEOUTERBOUND(#1645,.T.);
#1647=IFCFACE((#1646));
#1648=IFCCARTESIANPOINT((0.,77.942286340599793,-45.));
#1649=IFCCARTESIANPOINT((1393.1099999999999,77.942286340599793,-45.));
#1650=IFCPOLYLOOP((#1643,#1648,#1649,#1644));
#1651=IFCFACEOUTERBOUND(#1650,.T.);
#1652=IFCFACE((#1651));
#1653=IFCCARTESIANPOINT((0.,86.933324366014901,-23.293714059225699));
#1654=IFCCARTESIANPOINT((1393.1099999999999,86.933324366014901,-23.293714059225699));
#1655=IFCPOLYLOOP((#1648,#1653,#1654,#1649));
#1656=IFCFACEOUTERBOUND(#1655,.T.);
#1657=IFCFACE((#1656));
#1658=IFCCARTESIANPOINT((1393.1099999999999,90.,0.));
#1659=IFCPOLYLOOP((#1653,#1358,#1658,#1654));
#1660=IFCFACEOUTERBOUND(#1659,.T.);
#1661=IFCFACE((#1660));
#1662=IFCCARTESIANPOINT((0.,86.933324366014901,23.293714059225699));
#1663=IFCCARTESIANPOINT((1393.1099999999999,86.933324366014901,23.293714059225699));
#1664=IFCPOLYLOOP((#1358,#1662,#1663,#1658));
#1665=IFCFACEOUTERBOUND(#1664,.T.);
#1666=IFCFACE((#1665));
#1667=IFCCARTESIANPOINT((0.,77.942286340599793,45.));
#1668=IFCCARTESIANPOINT((1393.1099999999999,77.942286340599793,45.));
#1669=IFCPOLYLOOP((#1662,#1667,#1668,#1663));
#1670=IFCFACEOUTERBOUND(#1669,.T.);
#1671=IFCFACE((#1670));
#1672=IFCCARTESIANPOINT((0.,63.639610306789102,63.639610306789102));
#1673=IFCCARTESIANPOINT((1393.1099999999999,63.639610306789102,63.639610306789102));
#1674=IFCPOLYLOOP((#1667,#1672,#1673,#1668));
#1675=IFCFACEOUTERBOUND(#1674,.T.);
#1676=IFCFACE((#1675));
#1677=IFCCARTESIANPOINT((0.,45.,77.942286340599793));
#1678=IFCCARTESIANPOINT((1393.1099999999999,45.,77.942286340599793));
#1679=IFCPOLYLOOP((#1672,#1677,#1678,#1673));
#1680=IFCFACEOUTERBOUND(#1679,.T.);
#1681=IFCFACE((#1680));
#1682=IFCCARTESIANPOINT((0.,23.293714059225699,86.933324366014901));
#1683=IFCCARTESIANPOINT((1393.1099999999999,23.293714059225699,86.933324366014901));
#1684=IFCPOLYLOOP((#1677,#1682,#1683,#1678));
#1685=IFCFACEOUTERBOUND(#1684,.T.);
#1686=IFCFACE((#1685));
#1687=IFCCARTESIANPOINT((1393.1099999999999,0.,90.));
#1688=IFCPOLYLOOP((#1682,#1323,#1687,#1683));
#1689=IFCFACEOUTERBOUND(#1688,.T.);
#1690=IFCFACE((#1689));
#1691=IFCCARTESIANPOINT((0.,-23.293714059225699,86.933324366014901));
#1692=IFCCARTESIANPOINT((1393.1099999999999,-23.293714059225699,86.933324366014901));
#1693=IFCPOLYLOOP((#1323,#1691,#1692,#1687));
#1694=IFCFACEOUTERBOUND(#1693,.T.);
#1695=IFCFACE((#1694));
#1696=IFCCARTESIANPOINT((0.,-45.,77.942286340599793));
#1697=IFCCARTESIANPOINT((1393.1099999999999,-45.,77.942286340599793));
#1698=IFCPOLYLOOP((#1691,#1696,#1697,#1692));
#1699=IFCFACEOUTERBOUND(#1698,.T.);
#1700=IFCFACE((#1699));
#1701=IFCCARTESIANPOINT((0.,-63.639610306789102,63.639610306789102));
#1702=IFCCARTESIANPOINT((1393.1099999999999,-63.639610306789102,63.639610306789102));
#1703=IFCPOLYLOOP((#1696,#1701,#1702,#1697));
#1704=IFCFACEOUTERBOUND(#1703,.T.);
#1705=IFCFACE((#1704));
#1706=IFCCARTESIANPOINT((0.,-77.942286340599793,45.));
#1707=IFCCARTESIANPOINT((1393.1099999999999,-77.942286340599793,45.));
#1708=IFCPOLYLOOP((#1701,#1706,#1707,#1702));
#1709=IFCFACEOUTERBOUND(#1708,.T.);
#1710=IFCFACE((#1709));
#1711=IFCCARTESIANPOINT((0.,-86.933324366014901,23.293714059225699));
#1712=IFCCARTESIANPOINT((1393.1099999999999,-86.933324366014901,23.293714059225699));
#1713=IFCPOLYLOOP((#1706,#1711,#1712,#1707));
#1714=IFCFACEOUTERBOUND(#1713,.T.);
#1715=IFCFACE((#1714));
#1716=IFCPOLYLOOP((#1711,#1291,#1605,#1712));
#1717=IFCFACEOUTERBOUND(#1716,.T.);
#1718=IFCFACE((#1717));
#1719=IFCPOLYLOOP((#1610,#1615,#1620,#1625,#1629,#1634,#1639,#1644,#1649,#1654,#1658,#1663,#1668,#1673,#1678,#1683,#1687,#1692,#1697,#1702,#1707,#1712,#1605,#1604));
#1720=IFCFACEOUTERBOUND(#1719,.T.);
#1721=IFCFACE((#1720));
#1722=IFCPOLYLOOP((#1711,#1706,#1701,#1696,#1691,#1323,#1682,#1677,#1672,#1667,#1662,#1358,#1653,#1648,#1643,#1638,#1633,#1393,#1624,#1619,#1614,#1609,#1603,#1291));
#1723=IFCFACEOUTERBOUND(#1722,.T.);
#1724=IFCFACE((#1723));
#1725=IFCCLOSEDSHELL((#1608,#1613,#1618,#1623,#1628,#1632,#1637,#1642,#1647,#1652,#1657,#1661,#1666,#1671,#1676,#1681,#1686,#1690,#1695,#1700,#1705,#1710,#1715,#1718,#1721,#1724));
#1726=IFCFACETEDBREP(#1725);
#1727=IFCSTYLEDITEM(#1726,(#1602),$);
#1728=IFCSHAPEREPRESENTATION(#12,'Body','Brep',(#1726));
#1729=IFCPRODUCTDEFINITIONSHAPE($,$,(#1728));
#1730=IFCCARTESIANPOINT((16845.996167021502,31000.000000000098,1393.1099999999999));
#1731=IFCAXIS2PLACEMENT3D(#1730,#162,#161);
#1732=IFCLOCALPLACEMENT(#42,#1731);
#1733=IFCBEAM('0Z_8WCV5jFXOhKEKPLmaAP',#44,'St\X2\00E5\X0\lkjernepel','D180',$,#1732,#1729,'ID23f8880c-7c5b-4f85-8ad4-394655c24299');
#1734=IFCBEAMTYPE('285FTKtUnDL9gYKqt7M3jJ',#5,'D180',$,$,$,$,$,$,.NOTDEFINED.);
#1738=IFCPROPERTYSINGLEVALUE('Length',$,IFCLENGTHMEASURE(1393.0999999999999),$);
#1745=IFCPROPERTYSINGLEVALUE('OuterSurfaceArea',$,IFCAREAMEASURE(0.80000000000000004),$);
#1746=IFCPROPERTYSET('2gNms6QB17N8Vv7lqGILdu',#5,'BeamBaseQuantities',$,(#1738,#1745,#308,#1282));
#1747=IFCPROPERTYSET('0LwmXaRWD0rAAt8j3$$SvL',#5,'Pset_BeamCommon','Definition from IAI: Properties common to the definition of all occurrences of IfcBeam.',(#187,#1284,#1285,#193,#194,#189));
#1748=IFCCOLOURRGB('Unnamed',0.,0.,0.);
#1749=IFCSURFACESTYLERENDERING(#1748,0.,$,$,$,$,IFCNORMALISEDRATIOMEASURE(0.00390625),IFCSPECULAREXPONENT(10.),.NOTDEFINED.);
#1750=IFCSURFACESTYLE('MISCELLANEOUS/Misc_Undefined',.POSITIVE.,(#1749));
#1751=IFCPRESENTATIONSTYLEASSIGNMENT((#1750));
#1752=IFCCARTESIANPOINT((7.3778210207819897E-09,10.0000000039661,-99.999999998144602));
#1753=IFCCARTESIANPOINT((-1019.99999999262,10.000000003498799,-99.999999998606697));
#1754=IFCCARTESIANPOINT((-1019.9999999927099,10.0000000031346,100.000000001393));
#1755=IFCCARTESIANPOINT((7.2868715506047002E-09,10.000000003602301,100.000000001855));
#1756=IFCCARTESIANPOINT((1020.00000000747,10.0000000042516,100.000000002299));
#1757=IFCCARTESIANPOINT((1020.0000000072,10.0000000042516,-99.999999997700797));
#1758=IFCPOLYLOOP((#1752,#1753,#1754,#1755,#1756,#1757));
#1759=IFCFACEOUTERBOUND(#1758,.T.);
#1760=IFCFACE((#1759));
#1761=IFCCARTESIANPOINT((7.2977854870259803E-09,-9.9999999963977206,100.000000001819));
#1762=IFCCARTESIANPOINT((-999.99999999270199,-9.9999999968562392,100.000000001364));
#1763=IFCCARTESIANPOINT((-999.99999999261502,-9.9999999964920008,-99.999999998635801));
#1764=IFCCARTESIANPOINT((7.3850969783961798E-09,-9.9999999960339192,-99.999999998180996));
#1765=IFCCARTESIANPOINT((1000.00000000721,-9.9999999957575199,-99.999999997708102));
#1766=IFCCARTESIANPOINT((1000.00000000748,-9.9999999957575199,100.000000002292));
#1767=IFCPOLYLOOP((#1761,#1762,#1763,#1764,#1765,#1766));
#1768=IFCFACEOUTERBOUND(#1767,.T.);
#1769=IFCFACE((#1768));
#1770=IFCCARTESIANPOINT((1020.00000000834,-2319.99999999593,99.9999999980719));
#1771=IFCCARTESIANPOINT((1020.00000000843,-2319.9999999955699,-100.000000001928));
#1772=IFCPOLYLOOP((#1757,#1756,#1770,#1771));
#1773=IFCFACEOUTERBOUND(#1772,.T.);
#1774=IFCFACE((#1773));
#1775=IFCCARTESIANPOINT((1000.00000000842,-2299.9999999955699,-100.000000001899));
#1776=IFCCARTESIANPOINT((1000.0000000083299,-2299.99999999594,99.999999998101003));
#1777=IFCPOLYLOOP((#1766,#1765,#1775,#1776));
#1778=IFCFACEOUTERBOUND(#1777,.T.);
#1779=IFCFACE((#1778));
#1780=IFCCARTESIANPOINT((52.0301245707305,-2319.9999999963702,99.999999997631704));
#1781=IFCCARTESIANPOINT((52.030124570817897,-2319.99999999601,-100.000000002368));
#1782=IFCPOLYLOOP((#1771,#1770,#1780,#1781));
#1783=IFCFACEOUTERBOUND(#1782,.T.);
#1784=IFCFACE((#1783));
#1785=IFCCARTESIANPOINT((63.570599229133201,-2299.999999996,-100.000000002325));
#1786=IFCCARTESIANPOINT((63.570599229045897,-2299.9999999963702,99.999999997675303));
#1787=IFCPOLYLOOP((#1776,#1775,#1785,#1786));
#1788=IFCFACEOUTERBOUND(#1787,.T.);
#1789=IFCFACE((#1788));
#1790=IFCCARTESIANPOINT((9.9998282152409992,-2247.2836795790299,99.999999997748105));
#1791=IFCCARTESIANPOINT((9.9998282153283107,-2247.2836795786602,-100.00000000225199));
#1792=IFCPOLYLOOP((#1781,#1780,#1790,#1791));
#1793=IFCFACEOUTERBOUND(#1792,.T.);
#1794=IFCFACE((#1793));
#1795=IFCCARTESIANPOINT((-9.9998281985717803,-2172.7163204133999,-100.000000002128));
#1796=IFCCARTESIANPOINT((-9.99982819865909,-2172.7163204137701,99.999999997871797));
#1797=IFCPOLYLOOP((#1786,#1785,#1795,#1796));
#1798=IFCFACEOUTERBOUND(#1797,.T.);
#1799=IFCFACE((#1798));
#1800=IFCCARTESIANPOINT((9.9989066512316604,-2447.28755581924,99.999999997384293));
#1801=IFCCARTESIANPOINT((9.9989066513226099,-2447.2875558188898,-100.00000000261601));
#1802=IFCPOLYLOOP((#1791,#1790,#1800,#1801));
#1803=IFCFACEOUTERBOUND(#1802,.T.);
#1804=IFCFACE((#1803));
#1805=IFCCARTESIANPOINT((-10.000749762577501,-2372.72019665362,-100.000000002492));
#1806=IFCCARTESIANPOINT((-10.0007497626684,-2372.7201966539801,99.999999997507999));
#1807=IFCPOLYLOOP((#1796,#1795,#1805,#1806));
#1808=IFCFACEOUTERBOUND(#1807,.T.);
#1809=IFCFACE((#1808));
#1810=IFCCARTESIANPOINT((-63.573761257343001,-2319.9999999964298,99.999999997580701));
#1811=IFCCARTESIANPOINT((-63.573761257255697,-2319.9999999960601,-100.000000002419));
#1812=IFCPOLYLOOP((#1801,#1800,#1810,#1811));
#1813=IFCFACEOUTERBOUND(#1812,.T.);
#1814=IFCFACE((#1813));
#1815=IFCCARTESIANPOINT((-52.0332865989403,-2299.9999999960601,-100.000000002376));
#1816=IFCCARTESIANPOINT((-52.033286599027598,-2299.9999999964198,99.9999999976244));
#1817=IFCPOLYLOOP((#1806,#1805,#1815,#1816));
#1818=IFCFACEOUTERBOUND(#1817,.T.);
#1819=IFCFACE((#1818));
#1820=IFCCARTESIANPOINT((-1019.99999999166,-2319.99999999686,99.999999997147796));
#1821=IFCCARTESIANPOINT((-1019.99999999157,-2319.9999999964998,-100.000000002852));
#1822=IFCPOLYLOOP((#1811,#1810,#1820,#1821));
#1823=IFCFACEOUTERBOUND(#1822,.T.);
#1824=IFCFACE((#1823));
#1825=IFCCARTESIANPOINT((-999.99999999158194,-2299.9999999964898,-100.000000002809));
#1826=IFCCARTESIANPOINT((-999.99999999166903,-2299.99999999686,99.999999997191495));
#1827=IFCPOLYLOOP((#1816,#1815,#1825,#1826));
#1828=IFCFACEOUTERBOUND(#1827,.T.);
#1829=IFCFACE((#1828));
#1830=IFCPOLYLOOP((#1821,#1820,#1754,#1753));
#1831=IFCFACEOUTERBOUND(#1830,.T.);
#1832=IFCFACE((#1831));
#1833=IFCPOLYLOOP((#1826,#1825,#1763,#1762));
#1834=IFCFACEOUTERBOUND(#1833,.T.);
#1835=IFCFACE((#1834));
#1836=IFCPOLYLOOP((#1754,#1820,#1810,#1800,#1790,#1780,#1770,#1756,#1755));
#1837=IFCFACEOUTERBOUND(#1836,.T.);
#1838=IFCPOLYLOOP((#1766,#1776,#1786,#1796,#1806,#1816,#1826,#1762,#1761));
#1839=IFCFACEBOUND(#1838,.T.);
#1840=IFCFACE((#1837,#1839));
#1841=IFCPOLYLOOP((#1757,#1771,#1781,#1791,#1801,#1811,#1821,#1753,#1752));
#1842=IFCFACEOUTERBOUND(#1841,.T.);
#1843=IFCPOLYLOOP((#1763,#1825,#1815,#1805,#1795,#1785,#1775,#1765,#1764));
#1844=IFCFACEBOUND(#1843,.T.);
#1845=IFCFACE((#1842,#1844));
#1846=IFCCLOSEDSHELL((#1760,#1769,#1774,#1779,#1784,#1789,#1794,#1799,#1804,#1809,#1814,#1819,#1824,#1829,#1832,#1835,#1840,#1845));
#1847=IFCFACETEDBREP(#1846);
#1848=IFCSTYLEDITEM(#1847,(#1751),$);
#1849=IFCSHAPEREPRESENTATION(#12,'Body','Brep',(#1847));
#1850=IFCPRODUCTDEFINITIONSHAPE($,$,(#1849));
#1851=IFCCARTESIANPOINT((16500.,31100.,-10.));
#1852=IFCDIRECTION((0.,-1.,0.));
#1853=IFCAXIS2PLACEMENT3D(#1851,#1852,#162);
#1854=IFCLOCALPLACEMENT(#42,#1853);
#1855=IFCBEAM('3M4$Mm9ar9RfnqahcM$sq0',#44,'Ramme','PL200X20',$,#1854,#1850,'IDd613f5b0-264d-496e-9c74-92b996ff6d00');
#1856=IFCBEAMTYPE('1$9$kOn$f3DPMuQnkhU8ge',#5,'PL200X20',$,$,$,$,$,$,.NOTDEFINED.);
#1857=IFCPROPERTYSINGLEVALUE('Class',$,IFCLABEL('13'),$);
#1858=IFCPROPERTYSINGLEVALUE('Top elevation',$,IFCLABEL(' +2.437'),$);
#1859=IFCPROPERTYSINGLEVALUE('Bottom elevation',$,IFCLABEL(' -0.020'),$);
#1860=IFCPROPERTYSET('1B_hflhRnB2enLA9UkpVRo',#5,'Tekla Common','Common Properties to Shared building elements',(#1857,#168,#169,#170,#1858,#1859));
#1861=IFCPROPERTYSINGLEVALUE('Length',$,IFCLENGTHMEASURE(8975.3999999999996),$);
#1862=IFCPROPERTYSINGLEVALUE('Width',$,IFCLENGTHMEASURE(20.),$);
#1863=IFCPROPERTYSINGLEVALUE('Height',$,IFCLENGTHMEASURE(200.),$);
#1864=IFCPROPERTYSINGLEVALUE('Net surface area',$,IFCAREAMEASURE(3.9489999999999998),$);
#1865=IFCPROPERTYSET('2xOS6hRwHF3vatt$vzQyMO',#5,'Tekla Quantity','Quantity Properties to Shared building elements',(#1861,#1862,#1863,#1864,#905,#600,#907,#908));
#1866=IFCPROPERTYSINGLEVALUE('OuterSurfaceArea',$,IFCAREAMEASURE(3.8999999999999999),$);
#1867=IFCPROPERTYSET('2LS8RVYQDFDQjj3gRtt1IA',#5,'BeamBaseQuantities',$,(#1861,#1866,#308,#1282));
#1868=IFCPROPERTYSINGLEVALUE('Slope',$,IFCPLANEANGLEMEASURE(0.),$);
#1869=IFCPROPERTYSET('0YQ6vXgUj3dwX4eVlfGs53',#5,'Pset_BeamCommon','Definition from IAI: Properties common to the definition of all occurrences of IfcBeam.',(#187,#1284,#1868,#193,#194,#189));
#1870=IFCRELAGGREGATES('249r434b53sfibKmgQIMKk',#5,$,$,#36,(#38));
#1871=IFCRELAGGREGATES('3O7D_OMQ9719MYrlARaIOb',#5,$,$,#38,(#41));
#1872=IFCRELAGGREGATES('0h_wDssCvAdek3jsTJbj7M',#5,$,$,#41,(#43));
#1873=IFCRELCONTAINEDINSPATIALSTRUCTURE('1P04VHu1L0fQjVWpzt3cOo',#5,$,$,(#1855,#1733,#1587,#1268,#895,#591,#295,#165),#43);
#1888=IFCRELDEFINESBYPROPERTIES('37oNya3HrFOQxUVgSUxZw4',#5,$,$,(#895),#964);
#1891=IFCRELDEFINESBYPROPERTIES('0a8uno2Lf2wgi$JflRQDhv',#5,$,$,(#1268),#1283);
#1892=IFCRELDEFINESBYPROPERTIES('2QWhPB6396yw3dEOVpAab0',#5,$,$,(#1268),#1286);
#1895=IFCRELDEFINESBYPROPERTIES('3EWi9iDH16J8LQkc4Z57UU',#5,$,$,(#1587),#1597);
#1896=IFCRELDEFINESBYPROPERTIES('3ZZv608V9C1w_FOF9$t8IG',#5,$,$,(#1587),#1598);
#1899=IFCRELDEFINESBYPROPERTIES('38k4VkSPb0R9nK9Owok6mo',#5,$,$,(#1733),#1746);
#1900=IFCRELDEFINESBYPROPERTIES('3WBPLovh95Fxa0WLzgsY5a',#5,$,$,(#1733),#1747);
#1901=IFCRELDEFINESBYPROPERTIES('3woq_5tmPF6ggIqwHUvSeq',#5,$,$,(#1855),#1860);
#1902=IFCRELDEFINESBYPROPERTIES('2Uax5QKYn9FxZKQe6V0HjL',#5,$,$,(#1855),#1865);
#1903=IFCRELDEFINESBYPROPERTIES('3GwrV0OWHB_QCeIcar_Wi6',#5,$,$,(#1855),#1867);
#1904=IFCRELDEFINESBYPROPERTIES('3qoiytaYDAoRpQzMAum52_',#5,$,$,(#1855),#1869);
#1905=IFCRELDEFINESBYTYPE('3jOtXEGCX8xeZuv3P2xfYx',#5,$,$,(#165),#166);
#1906=IFCRELDEFINESBYTYPE('2h1M9OZpDEIvKOJYhyW8zV',#5,$,$,(#295),#296);
#1907=IFCRELDEFINESBYTYPE('381fRFNjnCtefo6HeX0GwI',#5,$,$,(#591),#592);
#1908=IFCRELDEFINESBYTYPE('3ZwLlEYoD1qgmbWMRZqiZr',#5,$,$,(#895),#896);
#1909=IFCRELDEFINESBYTYPE('2nn1SWpRD7MxBZ2lVOvoBk',#5,$,$,(#1268),#1269);
#1910=IFCRELDEFINESBYTYPE('3UM8LC93nCjOQX$f3K4hcB',#5,$,$,(#1587),#1588);
#1911=IFCRELDEFINESBYTYPE('0B4uzX8HDCDx8UXKeI8X8a',#5,$,$,(#1733),#1734);
#1912=IFCRELDEFINESBYTYPE('1HsxJ7z7r64v6ZK8qTN1sV',#5,$,$,(#1855),#1856);
#1913=IFCRELASSOCIATESMATERIAL('0EI5HUhOz2pvb_2cYW3FQb',#5,$,$,(#591,#295,#165),#198);
#1914=IFCRELASSOCIATESMATERIAL('0zR84_CZz6EgcPV$vF4Wj9',#5,$,$,(#1855,#1733,#1587,#1268,#895),#965);
#1915=IFCPRESENTATIONLAYERASSIGNMENT('L\X2\00F8\X0\smasser_2',$,(#158),$);
#1916=IFCPRESENTATIONLAYERASSIGNMENT('L\X2\00F8\X0\smasser_1',$,(#290),$);
#1917=IFCPRESENTATIONLAYERASSIGNMENT('Fundament',$,(#587),$);
#1918=IFCPRESENTATIONLAYERASSIGNMENT('Hode_St\X2\00E5\X0\lkjernepel',$,(#890),$);
#1919=IFCPRESENTATIONLAYERASSIGNMENT('Foringsr\X2\00F8\X0\r',$,(#1263),$);
#1920=IFCPRESENTATIONLAYERASSIGNMENT('Omst\X2\00F8\X0\pningsm\X2\00F8\X0\rtel',$,(#1584),$);
#1921=IFCPRESENTATIONLAYERASSIGNMENT('St\X2\00E5\X0\lkjernepel',$,(#1728),$);
#1922=IFCPRESENTATIONLAYERASSIGNMENT('Ramme',$,(#1849),$);
#1923=IFCOWNERHISTORY(#3,#4,.READWRITE.,.ADDED.,1789134012,#3,#4,1789134012);
#1924=IFCPROPERTYSET('3IRqJZmSv2Jxjpwu$3LbYO',#1923,'BIM_Tverrfaglig',$,(#1927,#1928,#1929,#1930,#1931));
#1925=IFCOWNERHISTORY(#3,#4,.READWRITE.,.ADDED.,1789134012,#3,#4,1789134012);
#1926=IFCRELDEFINESBYPROPERTIES('38vk5O4mH8oxOKYNC8LCkZ',#1925,$,$,(#1268),#1924);
#1927=IFCPROPERTYSINGLEVALUE('BIM.04 - MMI',$,IFCTEXT('350'),$);
#1928=IFCPROPERTYSINGLEVALUE('BIM.05 - Elementnavn',$,IFCTEXT('Foringsr\X2\00F8\X0\r'),$);
#1929=IFCPROPERTYSINGLEVALUE('BIM.06 - Fag',$,IFCTEXT('KON'),$);
#1930=IFCPROPERTYSINGLEVALUE('BIM.07 - Revisjon',$,IFCTEXT('A'),$);
#1931=IFCPROPERTYSINGLEVALUE('BIM.08 - Revisjonsdato',$,IFCTEXT('2023-01-16'),$);
#1932=IFCOWNERHISTORY(#3,#4,.READWRITE.,.ADDED.,1789134012,#3,#4,1789134012);
#1933=IFCPROPERTYSET('20gvmwH$51AxM0w6yMKjUs',#1932,'KON_Felles',$,(#1936,#1937,#1938,#1939,#1940,#1941,#1942,#1943,#1944,#1945,#1946,#1947));
#1934=IFCOWNERHISTORY(#3,#4,.READWRITE.,.ADDED.,1789134012,#3,#4,1789134012);
#1935=IFCRELDEFINESBYPROPERTIES('3zUoYLxQT4_xO$h1PSQJ4p',#1934,$,$,(#1268),#1933);
#1936=IFCPROPERTYSINGLEVALUE('KON.01 - Konstruksjonsnummer',$,IFCTEXT('K100'),$);
#1937=IFCPROPERTYSINGLEVALUE('KON.03 - Akse',$,IFCTEXT('01'),$);
#1938=IFCPROPERTYSINGLEVALUE('KON.10 - Konstruksjonsinndeling',$,IFCTEXT('Bru'),$);
#1939=IFCPROPERTYSINGLEVALUE('KON.11 - Konstruksjonsdel',$,IFCTEXT('Foringsr\X2\00F8\X0\r'),$);
#1940=IFCPROPERTYSINGLEVALUE('KON.13 - Elementnavn',$,IFCTEXT('Foringsr\X2\00F8\X0\r'),$);
#1941=IFCPROPERTYSINGLEVALUE('KON.20 - Produksjonsenhet',$,IFCTEXT('PLD-1002'),$);
#1942=IFCPROPERTYSINGLEVALUE('KON.30 - Plasseringsprioritet',$,IFCTEXT('2 - Viker for 1'),$);
#1943=IFCPROPERTYSINGLEVALUE('KON.31 - Plasseringsmerknad',$,IFCTEXT('Ikke angitt'),$);
#1944=IFCPROPERTYSINGLEVALUE('KON.40 - Materialtype',$,IFCTEXT('St\X2\00E5\X0\l'),$);
#1945=IFCPROPERTYSINGLEVALUE('KON.41 - Materialspesifikasjon',$,IFCTEXT('S355ML'),$);
#1946=IFCPROPERTYSINGLEVALUE('KON.51 - Produksjonsmerknad 1',$,IFCTEXT('Ikke angitt'),$);
#1947=IFCPROPERTYSINGLEVALUE('KON.53 - Utf\X2\00F8\X0\relsesmerknad 1',$,IFCTEXT('Ikke angitt'),$);
#1948=IFCOWNERHISTORY(#3,#4,.READWRITE.,.ADDED.,1789134012,#3,#4,1789134012);
#1949=IFCPROPERTYSET('1tddLPoYHF2AImNnl4FEOr',#1948,'KON_St\X2\00E5\X0\l',$,(#1952,#1953,#1954,#1955,#1956,#1957,#1958));
#1950=IFCOWNERHISTORY(#3,#4,.READWRITE.,.ADDED.,1789134012,#3,#4,1789134012);
#1951=IFCRELDEFINESBYPROPERTIES('1EwrmlY953f9QyO041mGyT',#1950,$,$,(#1268),#1949);
#1952=IFCPROPERTYSINGLEVALUE('STL.01 - Utf\X2\00F8\X0\relsesklasse',$,IFCTEXT('EXC1'),$);
#1953=IFCPROPERTYSINGLEVALUE('STL.02 - Tilvirkningstoleranse',$,IFCTEXT('1'),$);
#1954=IFCPROPERTYSINGLEVALUE('STL.03 - Monteringstoleranse',$,IFCTEXT('1'),$);
#1955=IFCPROPERTYSINGLEVALUE('STL.11 - Farge p\X2\00E5\X0\ siste dekkestr\X2\00F8\X0\k',$,IFCTEXT('RAL7036'),$);
#1956=IFCPROPERTYSINGLEVALUE('STL.31 - Materialspesifikasjon (dup)',$,IFCTEXT('S355ML'),$);
#1957=IFCPROPERTYSINGLEVALUE('STL.32 - Materialstandard',$,IFCTEXT('NS-EN 10025-4'),$);
#1958=IFCPROPERTYSINGLEVALUE('STL.50 - Korrosjonsbeskyttelse',$,IFCTEXT('System 1 iht. SVV hb. N400 pkt. 9.2.1'),$);
#1959=IFCOWNERHISTORY(#3,#4,.READWRITE.,.ADDED.,1789134012,#3,#4,1789134012);
#1960=IFCPROPERTYSET('2W5hHo8wX21vAzkw2feYzR',#1959,'BIM_Tverrfaglig',$,(#1963,#1964,#1965,#1966,#1967));
#1961=IFCOWNERHISTORY(#3,#4,.READWRITE.,.ADDED.,1789134012,#3,#4,1789134012);
#1962=IFCRELDEFINESBYPROPERTIES('36$hqyfVX2$Qiq5oI9_6D6',#1961,$,$,(#1587),#1960);
#1963=IFCPROPERTYSINGLEVALUE('BIM.04 - MMI',$,IFCTEXT('350'),$);
#1964=IFCPROPERTYSINGLEVALUE('BIM.05 - Elementnavn',$,IFCTEXT('Omst\X2\00F8\X0\pningsm\X2\00F8\X0\rtel'),$);
#1965=IFCPROPERTYSINGLEVALUE('BIM.06 - Fag',$,IFCTEXT('KON'),$);
#1966=IFCPROPERTYSINGLEVALUE('BIM.07 - Revisjon',$,IFCTEXT('A'),$);
#1967=IFCPROPERTYSINGLEVALUE('BIM.08 - Revisjonsdato',$,IFCTEXT('2023-01-16'),$);
#1968=IFCOWNERHISTORY(#3,#4,.READWRITE.,.ADDED.,1789134012,#3,#4,1789134012);
#1969=IFCPROPERTYSET('20TqLBvjTBOAc18V2H_ICU',#1968,'KON_Felles',$,(#1972,#1973,#1974,#1975,#1976,#1977,#1978,#1979,#1980,#1981,#1982,#1983));
#1970=IFCOWNERHISTORY(#3,#4,.READWRITE.,.ADDED.,1789134012,#3,#4,1789134012);
#1971=IFCRELDEFINESBYPROPERTIES('0khAcOvYDCLvWIxXZ67ALy',#1970,$,$,(#1587),#1969);
#1972=IFCPROPERTYSINGLEVALUE('KON.01 - Konstruksjonsnummer',$,IFCTEXT('K100'),$);
#1973=IFCPROPERTYSINGLEVALUE('KON.03 - Akse',$,IFCTEXT('01'),$);
#1974=IFCPROPERTYSINGLEVALUE('KON.10 - Konstruksjonsinndeling',$,IFCTEXT('Bru'),$);
#1975=IFCPROPERTYSINGLEVALUE('KON.11 - Konstruksjonsdel',$,IFCTEXT('Omst\X2\00F8\X0\pningsm\X2\00F8\X0\rtel'),$);
#1976=IFCPROPERTYSINGLEVALUE('KON.13 - Elementnavn',$,IFCTEXT('Omst\X2\00F8\X0\pningsm\X2\00F8\X0\rtel'),$);
#1977=IFCPROPERTYSINGLEVALUE('KON.20 - Produksjonsenhet',$,IFCTEXT('PLD-1002'),$);
#1978=IFCPROPERTYSINGLEVALUE('KON.30 - Plasseringsprioritet',$,IFCTEXT('2 - Viker for 1'),$);
#1979=IFCPROPERTYSINGLEVALUE('KON.31 - Plasseringsmerknad',$,IFCTEXT('Ikke angitt'),$);
#1980=IFCPROPERTYSINGLEVALUE('KON.40 - Materialtype',$,IFCTEXT('M\X2\00F8\X0\rtel'),$);
#1981=IFCPROPERTYSINGLEVALUE('KON.41 - Materialspesifikasjon',$,IFCTEXT('Ikke angitt'),$);
#1982=IFCPROPERTYSINGLEVALUE('KON.51 - Produksjonsmerknad 1',$,IFCTEXT('Ikke angitt'),$);
#1983=IFCPROPERTYSINGLEVALUE('KON.53 - Utf\X2\00F8\X0\relsesmerknad 1',$,IFCTEXT('Ikke angitt'),$);
#1984=IFCOWNERHISTORY(#3,#4,.READWRITE.,.ADDED.,1789134012,#3,#4,1789134012);
#1985=IFCPROPERTYSET('1WoSEGchnCIucFlzRy4lGj',#1984,'BIM_Tverrfaglig',$,(#1988,#1989,#1990,#1991,#1992));
#1986=IFCOWNERHISTORY(#3,#4,.READWRITE.,.ADDED.,1789134012,#3,#4,1789134012);
#1987=IFCRELDEFINESBYPROPERTIES('3uhlWsrfv5kPNiLrTIs5Wz',#1986,$,$,(#1733),#1985);
#1988=IFCPROPERTYSINGLEVALUE('BIM.04 - MMI',$,IFCTEXT('350'),$);
#1989=IFCPROPERTYSINGLEVALUE('BIM.05 - Elementnavn',$,IFCTEXT('St\X2\00E5\X0\lkjernepel'),$);
#1990=IFCPROPERTYSINGLEVALUE('BIM.06 - Fag',$,IFCTEXT('KON'),$);
#1991=IFCPROPERTYSINGLEVALUE('BIM.07 - Revisjon',$,IFCTEXT('A'),$);
#1992=IFCPROPERTYSINGLEVALUE('BIM.08 - Revisjonsdato',$,IFCTEXT('2023-01-16'),$);
#1993=IFCOWNERHISTORY(#3,#4,.READWRITE.,.ADDED.,1789134012,#3,#4,1789134012);
#1994=IFCPROPERTYSET('14G0_eCfrEquV5MDwHAHnM',#1993,'KON_Felles',$,(#1997,#1998,#1999,#2000,#2001,#2002,#2003,#2004,#2005,#2006,#2007,#2008));
#1995=IFCOWNERHISTORY(#3,#4,.READWRITE.,.ADDED.,1789134012,#3,#4,1789134012);
#1996=IFCRELDEFINESBYPROPERTIES('0FSMT41qL97Q0qHIws9NWQ',#1995,$,$,(#1733),#1994);
#1997=IFCPROPERTYSINGLEVALUE('KON.01 - Konstruksjonsnummer',$,IFCTEXT('K100'),$);
#1998=IFCPROPERTYSINGLEVALUE('KON.03 - Akse',$,IFCTEXT('01'),$);
#1999=IFCPROPERTYSINGLEVALUE('KON.10 - Konstruksjonsinndeling',$,IFCTEXT('Bru'),$);
#2000=IFCPROPERTYSINGLEVALUE('KON.11 - Konstruksjonsdel',$,IFCTEXT('St\X2\00E5\X0\lkjernepel'),$);
#2001=IFCPROPERTYSINGLEVALUE('KON.13 - Elementnavn',$,IFCTEXT('St\X2\00E5\X0\lkjernepel'),$);
#2002=IFCPROPERTYSINGLEVALUE('KON.20 - Produksjonsenhet',$,IFCTEXT('PLD-1002'),$);
#2003=IFCPROPERTYSINGLEVALUE('KON.30 - Plasseringsprioritet',$,IFCTEXT('2 - Viker for 1'),$);
#2004=IFCPROPERTYSINGLEVALUE('KON.31 - Plasseringsmerknad',$,IFCTEXT('Ikke angitt'),$);
#2005=IFCPROPERTYSINGLEVALUE('KON.40 - Materialtype',$,IFCTEXT('St\X2\00E5\X0\l'),$);
#2006=IFCPROPERTYSINGLEVALUE('KON.41 - Materialspesifikasjon',$,IFCTEXT('Ikke angitt'),$);
#2007=IFCPROPERTYSINGLEVALUE('KON.51 - Produksjonsmerknad 1',$,IFCTEXT('Ikke angitt'),$);
#2008=IFCPROPERTYSINGLEVALUE('KON.53 - Utf\X2\00F8\X0\relsesmerknad 1',$,IFCTEXT('Ikke angitt'),$);
#2009=IFCOWNERHISTORY(#3,#4,.READWRITE.,.ADDED.,1789134012,#3,#4,1789134012);
#2010=IFCPROPERTYSET('1dq01gWXX4mgcpl1OwhqYp',#2009,'KON_Peler',$,(#2013,#2014,#2015,#2016,#2017,#2018,#2019,#2020,#2021));
#2011=IFCOWNERHISTORY(#3,#4,.READWRITE.,.ADDED.,1789134012,#3,#4,1789134012);
#2012=IFCRELDEFINESBYPROPERTIES('22YlbZF598_uzgsIWNUIxM',#2011,$,$,(#1733),#2010);
#2013=IFCPROPERTYSINGLEVALUE('PEL.01 - Pel-ID',$,IFCTEXT('St\X2\00E5\X0\lkjernepel'),$);
#2014=IFCPROPERTYSINGLEVALUE('PEL.02 - Belastningtype',$,IFCTEXT('Trykk'),$);
#2015=IFCPROPERTYSINGLEVALUE('PEL.03 - Installert kapasitet [kN]',$,IFCREAL(0.),$);
#2016=IFCPROPERTYSINGLEVALUE('PEL.05 - Helning [n/1]',$,IFCREAL(0.),$);
#2017=IFCPROPERTYSINGLEVALUE('PEL.10 - Lengde ansett til teoretisk berg',$,IFCLENGTHMEASURE(0.),$);
#2018=IFCPROPERTYSINGLEVALUE('PEL.12 - Minimum innboring i godt berg/innramming i faste masser',$,IFCLENGTHMEASURE(0.),$);
#2019=IFCPROPERTYSINGLEVALUE('PEL.20 - Ansett-toleranse',$,IFCLENGTHMEASURE(0.),$);
#2020=IFCPROPERTYSINGLEVALUE('PEL.21 - Retningstoleranse [%]',$,IFCREAL(0.),$);
#2021=IFCPROPERTYSINGLEVALUE('PEL.22 - Helningstoleranse [%]',$,IFCREAL(0.),$);
#2022=IFCOWNERHISTORY(#3,#4,.READWRITE.,.ADDED.,1789134012,#3,#4,1789134012);
#2023=IFCPROPERTYSET('3vZqUPPyLAQQHNOEzuUKmP',#2022,'BIM_Tverrfaglig',$,(#2026,#2027,#2028,#2029,#2030));
#2024=IFCOWNERHISTORY(#3,#4,.READWRITE.,.ADDED.,1789134012,#3,#4,1789134012);
#2025=IFCRELDEFINESBYPROPERTIES('3AHNKTwob3SAt$iXh7xogf',#2024,$,$,(#895),#2023);
#2026=IFCPROPERTYSINGLEVALUE('BIM.04 - MMI',$,IFCTEXT('350'),$);
#2027=IFCPROPERTYSINGLEVALUE('BIM.05 - Elementnavn',$,IFCTEXT('Hode st\X2\00E5\X0\lkjernepel'),$);
#2028=IFCPROPERTYSINGLEVALUE('BIM.06 - Fag',$,IFCTEXT('KON'),$);
#2029=IFCPROPERTYSINGLEVALUE('BIM.07 - Revisjon',$,IFCTEXT('A'),$);
#2030=IFCPROPERTYSINGLEVALUE('BIM.08 - Revisjonsdato',$,IFCTEXT('2023-01-16'),$);
#2031=IFCOWNERHISTORY(#3,#4,.READWRITE.,.ADDED.,1789134012,#3,#4,1789134012);
#2032=IFCPROPERTYSET('1Ux5I$6x9ElOIhBB4Wjl75',#2031,'KON_Felles',$,(#2035,#2036,#2037,#2038,#2039,#2040,#2041,#2042,#2043,#2044,#2045,#2046));
#2033=IFCOWNERHISTORY(#3,#4,.READWRITE.,.ADDED.,1789134012,#3,#4,1789134012);
#2034=IFCRELDEFINESBYPROPERTIES('03VB8wGdn7wwZxEfYWRpUX',#2033,$,$,(#895),#2032);
#2035=IFCPROPERTYSINGLEVALUE('KON.01 - Konstruksjonsnummer',$,IFCTEXT('K100'),$);
#2036=IFCPROPERTYSINGLEVALUE('KON.03 - Akse',$,IFCTEXT('01'),$);
#2037=IFCPROPERTYSINGLEVALUE('KON.10 - Konstruksjonsinndeling',$,IFCTEXT('Bru'),$);
#2038=IFCPROPERTYSINGLEVALUE('KON.11 - Konstruksjonsdel',$,IFCTEXT('St\X2\00E5\X0\lkjernepel'),$);
#2039=IFCPROPERTYSINGLEVALUE('KON.13 - Elementnavn',$,IFCTEXT('Hode st\X2\00E5\X0\lkjernepel'),$);
#2040=IFCPROPERTYSINGLEVALUE('KON.20 - Produksjonsenhet',$,IFCTEXT('PLD-1002'),$);
#2041=IFCPROPERTYSINGLEVALUE('KON.30 - Plasseringsprioritet',$,IFCTEXT('2 - Viker for 1'),$);
#2042=IFCPROPERTYSINGLEVALUE('KON.31 - Plasseringsmerknad',$,IFCTEXT('Ikke angitt'),$);
#2043=IFCPROPERTYSINGLEVALUE('KON.40 - Materialtype',$,IFCTEXT('St\X2\00E5\X0\l'),$);
#2044=IFCPROPERTYSINGLEVALUE('KON.41 - Materialspesifikasjon',$,IFCTEXT('Ikke angitt'),$);
#2045=IFCPROPERTYSINGLEVALUE('KON.51 - Produksjonsmerknad 1',$,IFCTEXT('Ikke angitt'),$);
#2046=IFCPROPERTYSINGLEVALUE('KON.53 - Utf\X2\00F8\X0\relsesmerknad 1',$,IFCTEXT('Ikke angitt'),$);
#2047=IFCOWNERHISTORY(#3,#4,.READWRITE.,.ADDED.,1789134012,#3,#4,1789134012);
#2048=IFCPROPERTYSET('10dwAV_MHFXuJOwteUEwVW',#2047,'KON_Peler',$,(#2051,#2052,#2053,#2054,#2055,#2056,#2057,#2058,#2059));
#2049=IFCOWNERHISTORY(#3,#4,.READWRITE.,.ADDED.,1789134012,#3,#4,1789134012);
#2050=IFCRELDEFINESBYPROPERTIES('04BS3fa1r9EuLoxykh9Pua',#2049,$,$,(#895),#2048);
#2051=IFCPROPERTYSINGLEVALUE('PEL.01 - Pel-ID',$,IFCTEXT('Hode st\X2\00E5\X0\lkjernepel'),$);
#2052=IFCPROPERTYSINGLEVALUE('PEL.02 - Belastningtype',$,IFCTEXT('Trykk'),$);
#2053=IFCPROPERTYSINGLEVALUE('PEL.03 - Installert kapasitet [kN]',$,IFCREAL(0.),$);
#2054=IFCPROPERTYSINGLEVALUE('PEL.05 - Helning [n/1]',$,IFCREAL(0.),$);
#2055=IFCPROPERTYSINGLEVALUE('PEL.10 - Lengde ansett til teoretisk berg',$,IFCLENGTHMEASURE(0.),$);
#2056=IFCPROPERTYSINGLEVALUE('PEL.12 - Minimum innboring i godt berg/innramming i faste masser',$,IFCLENGTHMEASURE(0.),$);
#2057=IFCPROPERTYSINGLEVALUE('PEL.20 - Ansett-toleranse',$,IFCLENGTHMEASURE(0.),$);
#2058=IFCPROPERTYSINGLEVALUE('PEL.21 - Retningstoleranse [%]',$,IFCREAL(0.),$);
#2059=IFCPROPERTYSINGLEVALUE('PEL.22 - Helningstoleranse [%]',$,IFCREAL(0.),$);
#2060=IFCOWNERHISTORY(#3,#4,.READWRITE.,.ADDED.,1789134012,#3,#4,1789134012);
#2061=IFCPROPERTYSET('277ucu8nP84vlpALX8Dr6C',#2060,'BIM_Tverrfaglig',$,(#2064,#2065,#2066,#2067,#2068));
#2062=IFCOWNERHISTORY(#3,#4,.READWRITE.,.ADDED.,1789134012,#3,#4,1789134012);
#2063=IFCRELDEFINESBYPROPERTIES('3P9XqC2t1FGQdW$wur1AsO',#2062,$,$,(#165),#2061);
#2064=IFCPROPERTYSINGLEVALUE('BIM.04 - MMI',$,IFCTEXT('350'),$);
#2065=IFCPROPERTYSINGLEVALUE('BIM.05 - Elementnavn',$,IFCTEXT('L\X2\00F8\X0\smasser'),$);
#2066=IFCPROPERTYSINGLEVALUE('BIM.06 - Fag',$,IFCTEXT('KON'),$);
#2067=IFCPROPERTYSINGLEVALUE('BIM.07 - Revisjon',$,IFCTEXT('A'),$);
#2068=IFCPROPERTYSINGLEVALUE('BIM.08 - Revisjonsdato',$,IFCTEXT('2023-01-16'),$);
#2069=IFCOWNERHISTORY(#3,#4,.READWRITE.,.ADDED.,1789134012,#3,#4,1789134012);
#2070=IFCPROPERTYSET('1rs4BMpmzAzBbZzHzHIxvP',#2069,'KON_L\X2\00F8\X0\smasser',$,(#2073,#2074,#2075,#2076));
#2071=IFCOWNERHISTORY(#3,#4,.READWRITE.,.ADDED.,1789134012,#3,#4,1789134012);
#2072=IFCRELDEFINESBYPROPERTIES('2CdtDcfl99P8GjhhYT6aOq',#2071,$,$,(#165),#2070);
#2073=IFCPROPERTYSINGLEVALUE('LSM.01 - Materialspesifikasjon (dup)',$,IFCTEXT('L\X2\00F8\X0\smasser'),$);
#2074=IFCPROPERTYSINGLEVALUE('LSM.02 - Lagtykkelse',$,IFCTEXT('Ikke angitt'),$);
#2075=IFCPROPERTYSINGLEVALUE('LSM.03 - Komprimering',$,IFCTEXT('Ikke angitt'),$);
#2076=IFCPROPERTYSINGLEVALUE('LSM.04 - L\X2\00F8\X0\smassemerknad krav',$,IFCTEXT('Ikke angitt'),$);
#2077=IFCOWNERHISTORY(#3,#4,.READWRITE.,.ADDED.,1789134012,#3,#4,1789134012);
#2078=IFCPROPERTYSET('1oo1ThXUP50geSTrYukqgt',#2077,'BIM_Tverrfaglig',$,(#2081,#2082,#2083,#2084,#2085));
#2079=IFCOWNERHISTORY(#3,#4,.READWRITE.,.ADDED.,1789134012,#3,#4,1789134012);
#2080=IFCRELDEFINESBYPROPERTIES('1EKGq_WhrDQgdd6WW6LleR',#2079,$,$,(#295),#2078);
#2081=IFCPROPERTYSINGLEVALUE('BIM.04 - MMI',$,IFCTEXT('350'),$);
#2082=IFCPROPERTYSINGLEVALUE('BIM.05 - Elementnavn',$,IFCTEXT('L\X2\00F8\X0\smasser'),$);
#2083=IFCPROPERTYSINGLEVALUE('BIM.06 - Fag',$,IFCTEXT('KON'),$);
#2084=IFCPROPERTYSINGLEVALUE('BIM.07 - Revisjon',$,IFCTEXT('A'),$);
#2085=IFCPROPERTYSINGLEVALUE('BIM.08 - Revisjonsdato',$,IFCTEXT('2023-01-16'),$);
#2086=IFCOWNERHISTORY(#3,#4,.READWRITE.,.ADDED.,1789134012,#3,#4,1789134012);
#2087=IFCPROPERTYSET('3jZLd1Fsz3URx3UN8Zh$XJ',#2086,'KON_L\X2\00F8\X0\smasser',$,(#2090,#2091,#2092,#2093));
#2088=IFCOWNERHISTORY(#3,#4,.READWRITE.,.ADDED.,1789134012,#3,#4,1789134012);
#2089=IFCRELDEFINESBYPROPERTIES('08WjOtLIH9o8sekiS9IsDR',#2088,$,$,(#295),#2087);
#2090=IFCPROPERTYSINGLEVALUE('LSM.01 - Materialspesifikasjon (dup)',$,IFCTEXT('L\X2\00F8\X0\smasser'),$);
#2091=IFCPROPERTYSINGLEVALUE('LSM.02 - Lagtykkelse',$,IFCTEXT('Ikke angitt'),$);
#2092=IFCPROPERTYSINGLEVALUE('LSM.03 - Komprimering',$,IFCTEXT('Ikke angitt'),$);
#2093=IFCPROPERTYSINGLEVALUE('LSM.04 - L\X2\00F8\X0\smassemerknad krav',$,IFCTEXT('Ikke angitt'),$);
#2094=IFCOWNERHISTORY(#3,#4,.READWRITE.,.ADDED.,1789134012,#3,#4,1789134012);
#2095=IFCPROPERTYSET('3XtMinbMTDdwRgaxyLspyE',#2094,'BIM_Tverrfaglig',$,(#2098,#2099,#2100,#2101,#2102));
#2096=IFCOWNERHISTORY(#3,#4,.READWRITE.,.ADDED.,1789134012,#3,#4,1789134012);
#2097=IFCRELDEFINESBYPROPERTIES('0fAc_84VzE9xKfEHVhjwQF',#2096,$,$,(#591),#2095);
#2098=IFCPROPERTYSINGLEVALUE('BIM.04 - MMI',$,IFCTEXT('350'),$);
#2099=IFCPROPERTYSINGLEVALUE('BIM.05 - Elementnavn',$,IFCTEXT('Fundament'),$);
#2100=IFCPROPERTYSINGLEVALUE('BIM.06 - Fag',$,IFCTEXT('KON'),$);
#2101=IFCPROPERTYSINGLEVALUE('BIM.07 - Revisjon',$,IFCTEXT('A'),$);
#2102=IFCPROPERTYSINGLEVALUE('BIM.08 - Revisjonsdato',$,IFCTEXT('2023-01-16'),$);
#2103=IFCOWNERHISTORY(#3,#4,.READWRITE.,.ADDED.,1789134012,#3,#4,1789134012);
#2104=IFCPROPERTYSET('2VGGO1ykL0QfUEdlVycqe3',#2103,'KON_Felles',$,(#2107,#2108,#2109,#2110,#2111,#2112,#2113,#2114,#2115,#2116,#2117,#2118));
#2105=IFCOWNERHISTORY(#3,#4,.READWRITE.,.ADDED.,1789134012,#3,#4,1789134012);
#2106=IFCRELDEFINESBYPROPERTIES('11J8Xu_y5Ddg1jdhkxQqcN',#2105,$,$,(#591),#2104);
#2107=IFCPROPERTYSINGLEVALUE('KON.01 - Konstruksjonsnummer',$,IFCTEXT('K100'),$);
#2108=IFCPROPERTYSINGLEVALUE('KON.03 - Akse',$,IFCTEXT('01'),$);
#2109=IFCPROPERTYSINGLEVALUE('KON.10 - Konstruksjonsinndeling',$,IFCTEXT('Underbygning'),$);
#2110=IFCPROPERTYSINGLEVALUE('KON.11 - Konstruksjonsdel',$,IFCTEXT('Fundament'),$);
#2111=IFCPROPERTYSINGLEVALUE('KON.13 - Elementnavn',$,IFCTEXT('Fundament'),$);
#2112=IFCPROPERTYSINGLEVALUE('KON.20 - Produksjonsenhet',$,IFCTEXT('PLD-1002'),$);
#2113=IFCPROPERTYSINGLEVALUE('KON.30 - Plasseringsprioritet',$,IFCTEXT('2 - Viker for 1'),$);
#2114=IFCPROPERTYSINGLEVALUE('KON.31 - Plasseringsmerknad',$,IFCTEXT('Ikke angitt'),$);
#2115=IFCPROPERTYSINGLEVALUE('KON.40 - Materialtype',$,IFCTEXT('Betong'),$);
#2116=IFCPROPERTYSINGLEVALUE('KON.41 - Materialspesifikasjon',$,IFCTEXT('B45 SV-Standard'),$);
#2117=IFCPROPERTYSINGLEVALUE('KON.51 - Produksjonsmerknad 1',$,IFCTEXT('Ikke angitt'),$);
#2118=IFCPROPERTYSINGLEVALUE('KON.53 - Utf\X2\00F8\X0\relsesmerknad 1',$,IFCTEXT('Ikke angitt'),$);
#2119=IFCOWNERHISTORY(#3,#4,.READWRITE.,.ADDED.,1789134012,#3,#4,1789134012);
#2120=IFCPROPERTYSET('27QdhB6bb0u8jb9mpRmnLd',#2119,'KON_Betong',$,(#2123,#2124,#2125,#2126,#2127,#2128,#2129,#2130));
#2121=IFCOWNERHISTORY(#3,#4,.READWRITE.,.ADDED.,1789134012,#3,#4,1789134012);
#2122=IFCRELDEFINESBYPROPERTIES('3fLYJGJJ5FIh$ukaDdBZqW',#2121,$,$,(#591),#2120);
#2123=IFCPROPERTYSINGLEVALUE('BET.01 - Utf\X2\00F8\X0\relsesklasse',$,IFCTEXT('2'),$);
#2124=IFCPROPERTYSINGLEVALUE('BET.02 - N\X2\00F8\X0\yaktighetsklasse',$,IFCTEXT('B'),$);
#2125=IFCPROPERTYSINGLEVALUE('BET.04 - Materialspesifikasjon (dup)',$,IFCTEXT('B45 SV-Standard'),$);
#2126=IFCPROPERTYSINGLEVALUE('BET.10 - Produksjonsmetode',$,IFCTEXT('Plasst\X2\00F8\X0\pt'),$);
#2127=IFCPROPERTYSINGLEVALUE('BET.11 - Forskaling',$,IFCTEXT('St\X2\00E5\X0\ende bord'),$);
#2128=IFCPROPERTYSINGLEVALUE('BET.21 - Overdekning hovedarmering',$,IFCTEXT('UK, NS og FS: 75mm \X2\00B1\X0\15mm, OK: 65mm \X2\00B1\X0\15mm'),$);
#2129=IFCPROPERTYSINGLEVALUE('BET.30 - Diameter monteringsstenger',$,IFCTEXT('12 mm'),$);
#2130=IFCPROPERTYSINGLEVALUE('BET.31 - Overdekning monteringsstenger',$,IFCTEXT('UK, NS og FS: 60mm \X2\00B1\X0\5mm, OK: 50mm \X2\00B1\X0\5mm'),$);
ENDSEC;
END-ISO-10303-21;
