ISO-10303-21;
HEADER;
FILE_DESCRIPTION(('ViewDefinition[CoordinationView_V2.0]','ExchangeRequirement[Structural, SurfaceGeometry]','Option [GridExport:Off]','Option [Assemblies:Off]','Option [Bolts:On]','Option [Rebars:On]','Option [PourObjects:Off]','Option [Welds:Off]','Option [SurfaceTreatments:Off]','Option [LocationBy:0]','Option [ViewColors:On]','Option [SectionedSpine:Off]','Option [PropertySets:On]','Option [Export all:Off]'),'2;1');
FILE_NAME('SNACKS_Detalj_Lager.ifc','2026-08-28T11:57:29',('SWECO\\NOULVE'),('Structural Designer'),'IFC Parser','Tekla Structures 2025 Service Pack 7, IFC Export Version: 4.0.0.0 Feb 24 2026','');
FILE_SCHEMA(('IFC2X3'));
ENDSEC;
DATA;
#1=IFCPERSON('SWECO\\NOULVE','Undefined',$,$,$,$,$,$);
#2=IFCORGANIZATION($,'Trimble Solutions Corporation',$,$,$);
#3=IFCPERSONANDORGANIZATION(#1,#2,$);
#4=IFCAPPLICATION(#2,'2025 Service Pack 7','Tekla Structures','Multi material modeling');
#5=IFCOWNERHISTORY(#3,#4,$,.NOCHANGE.,$,$,$,1787911049);
#6=IFCCARTESIANPOINT((0.,0.,0.));
#7=IFCDIRECTION((1.,0.,0.));
#8=IFCDIRECTION((0.,1.,0.));
#9=IFCDIRECTION((0.,0.,1.));
#10=IFCAXIS2PLACEMENT3D(#6,#9,#7);
#11=IFCGEOMETRICREPRESENTATIONCONTEXT($,'Model',3,1.0000000000000001E-05,#10,$);
#12=IFCGEOMETRICREPRESENTATIONSUBCONTEXT('Body','Model',*,*,*,*,#11,$,.MODEL_VIEW.,$);
#13=IFCGEOMETRICREPRESENTATIONSUBCONTEXT('Axis','Model',*,*,*,*,#11,$,.GRAPH_VIEW.,$);
#14=IFCSIUNIT(*,.LENGTHUNIT.,.MILLI.,.METRE.);
#15=IFCMEASUREWITHUNIT(IFCRATIOMEASURE(304.80000000000001),#14);
#16=IFCDIMENSIONALEXPONENTS(1,0,0,0,0,0,0);
#17=IFCCONVERSIONBASEDUNIT(#16,.LENGTHUNIT.,'FOOT',#15);
#18=IFCSIUNIT(*,.AREAUNIT.,$,.SQUARE_METRE.);
#19=IFCMEASUREWITHUNIT(IFCRATIOMEASURE(0.092903040000000006),#18);
#20=IFCDIMENSIONALEXPONENTS(2,0,0,0,0,0,0);
#21=IFCCONVERSIONBASEDUNIT(#20,.AREAUNIT.,'SQUARE FOOT',#19);
#22=IFCSIUNIT(*,.VOLUMEUNIT.,$,.CUBIC_METRE.);
#23=IFCMEASUREWITHUNIT(IFCRATIOMEASURE(0.028316846592000001),#22);
#24=IFCDIMENSIONALEXPONENTS(3,0,0,0,0,0,0);
#25=IFCCONVERSIONBASEDUNIT(#24,.VOLUMEUNIT.,'CUBIC FOOT',#23);
#26=IFCSIUNIT(*,.MASSUNIT.,.KILO.,.GRAM.);
#27=IFCSIUNIT(*,.TIMEUNIT.,$,.SECOND.);
#28=IFCSIUNIT(*,.PLANEANGLEUNIT.,$,.RADIAN.);
#29=IFCMEASUREWITHUNIT(IFCRATIOMEASURE(0.017453292519943299),#28);
#30=IFCDIMENSIONALEXPONENTS(0,0,0,0,0,0,0);
#31=IFCCONVERSIONBASEDUNIT(#30,.PLANEANGLEUNIT.,'DEGREE',#29);
#32=IFCSIUNIT(*,.SOLIDANGLEUNIT.,$,.STERADIAN.);
#33=IFCSIUNIT(*,.THERMODYNAMICTEMPERATUREUNIT.,$,.DEGREE_CELSIUS.);
#34=IFCSIUNIT(*,.LUMINOUSINTENSITYUNIT.,$,.LUMEN.);
#35=IFCUNITASSIGNMENT((#14,#18,#22,#26,#27,#28,#32,#33,#34));
#36=IFCPROJECT('2YG0JLJLPAvRd9NM8hMiC$',#5,'SNACKS Detalj Lager',$,$,$,$,(#11),#35);
#37=IFCLOCALPLACEMENT($,#10);
#38=IFCSITE('0cHbuZ7tTAAARUvYnq2GoH',#5,'SNACKS Detalj Lager',$,$,#37,$,$,.ELEMENT.,$,$,$,$,$);
#39=IFCPOSTALADDRESS($,' ',$,' ',$,' ',' ',' ',' ',' ');
#40=IFCLOCALPLACEMENT(#37,#10);
#41=IFCBUILDING('2cH2Ye1ODFPROjgJsPA4pC',#5,'Bru',$,$,#40,$,$,.ELEMENT.,$,$,#39);
#42=IFCLOCALPLACEMENT(#40,#10);
#43=IFCBUILDINGSTOREY('09Zmb6wqH33AoobR5q1mOS',#5,'Lager',$,$,#42,$,$,.ELEMENT.,0.);
#44=IFCOWNERHISTORY(#3,#4,$,.NOCHANGE.,$,$,$,1787914800);
#45=IFCCOLOURRGB('Unnamed',0.82352941176470595,0.82352941176470595,0.82352941176470595);
#46=IFCSURFACESTYLERENDERING(#45,0.40000000000000002,$,$,$,$,IFCNORMALISEDRATIOMEASURE(0.00390625),IFCSPECULAREXPONENT(10.),.NOTDEFINED.);
#47=IFCSURFACESTYLE('CONCRETE/B45_SV_Standard',.POSITIVE.,(#46));
#48=IFCPRESENTATIONSTYLEASSIGNMENT((#47));
#49=IFCCARTESIANPOINT((1587.5,451.,-75.));
#50=IFCCARTESIANPOINT((1623.5,415.,-39.));
#51=IFCCARTESIANPOINT((1623.5,415.,-100.00000000217599));
#52=IFCCARTESIANPOINT((1587.5,451.,-100.000000002219));
#53=IFCPOLYLOOP((#49,#50,#51,#52));
#54=IFCFACEOUTERBOUND(#53,.T.);
#55=IFCFACE((#54));
#56=IFCCARTESIANPOINT((812.49999999999602,451.,-75.));
#57=IFCCARTESIANPOINT((776.49999999999602,415.,-39.));
#58=IFCPOLYLOOP((#56,#57,#50,#49));
#59=IFCFACEOUTERBOUND(#58,.T.);
#60=IFCFACE((#59));
#61=IFCCARTESIANPOINT((812.49999999999602,451.,-100.00000000175));
#62=IFCCARTESIANPOINT((776.49999999999602,415.,-100.000000001663));
#63=IFCPOLYLOOP((#61,#62,#57,#56));
#64=IFCFACEOUTERBOUND(#63,.T.);
#65=IFCFACE((#64));
#66=IFCCARTESIANPOINT((836.49618607312198,451.,-100.00000000176399));
#67=IFCCARTESIANPOINT((836.49618603715999,415.,-100.00000000169899));
#68=IFCPOLYLOOP((#61,#66,#67,#62));
#69=IFCFACEOUTERBOUND(#68,.T.);
#70=IFCFACE((#69));
#71=IFCCARTESIANPOINT((883.51135206845197,451.00314817256998,-100.00000000179401));
#72=IFCCARTESIANPOINT((1516.49618968767,451.,-100.00000000217599));
#73=IFCCARTESIANPOINT((1516.49618965171,415.,-100.00000000211));
#74=IFCCARTESIANPOINT((883.511352032432,415.,-100.000000001728));
#75=IFCPOLYLOOP((#71,#72,#73,#74));
#76=IFCFACEOUTERBOUND(#75,.T.);
#77=IFCFACE((#76));
#78=IFCCARTESIANPOINT((1563.51134820989,414.98986323688098,-100.));
#79=IFCCARTESIANPOINT((1563.5113482463501,451.00314756051699,-100.000000002205));
#80=IFCPOLYLOOP((#51,#78,#79,#52));
#81=IFCFACEOUTERBOUND(#80,.T.);
#82=IFCFACE((#81));
#83=IFCCARTESIANPOINT((1549.5708547761501,451.00314757443698,-84.405917317384606));
#84=IFCCARTESIANPOINT((1540.0037689670201,451.00314758399003,-82.502905630150096));
#85=IFCCARTESIANPOINT((1530.43668315788,451.00314759354302,-84.405917317351907));
#86=IFCCARTESIANPOINT((1522.32609943734,451.00314760164201,-89.825236100459705));
#87=IFCCARTESIANPOINT((1516.90678065421,451.00314760705402,-97.935819820991995));
#88=IFCCARTESIANPOINT((883.10075738359603,451.00314817297999,-97.9358011273616));
#89=IFCCARTESIANPOINT((877.68143860047303,451.003148178392,-89.825217406811106));
#90=IFCCARTESIANPOINT((869.57085487992799,451.00314818649002,-84.4058986236778));
#91=IFCCARTESIANPOINT((860.00376907079203,451.00314819604301,-82.502886936443204));
#92=IFCCARTESIANPOINT((850.43668326165596,451.00314820559697,-84.405898623648696));
#93=IFCCARTESIANPOINT((842.32609954111103,451.00314821369602,-89.825217406752898));
#94=IFCCARTESIANPOINT((836.90678075798701,451.003148219107,-97.935801127285202));
#95=IFCCARTESIANPOINT((1563.1007572798201,451.003147560927,-97.935819821064797));
#96=IFCCARTESIANPOINT((1557.6814384966999,451.00314756633799,-89.825236100517898));
#97=IFCPOLYLOOP((#83,#84,#85,#86,#87,#72,#71,#88,#89,#90,#91,#92,#93,#94,#66,#61,#56,#49,#52,#79,#95,#96));
#98=IFCFACEOUTERBOUND(#97,.T.);
#99=IFCFACE((#98));
#100=IFCCARTESIANPOINT((1700.00000000821,414.98856229110601,-100.));
#101=IFCCARTESIANPOINT((1700.00000000821,0.,-100.));
#102=IFCCARTESIANPOINT((916.20933114040599,0.,-100.));
#103=IFCCARTESIANPOINT((862.34679430408005,-93.180196657577397,-100.));
#104=IFCCARTESIANPOINT((862.345872739985,106.823679582636,-100.));
#105=IFCCARTESIANPOINT((800.60544531233995,-9.0949470177292804E-13,-100.));
#106=IFCCARTESIANPOINT((0.,0.,-100.));
#107=IFCCARTESIANPOINT((3.4560798667371299E-11,874.99999999787997,-100.));
#108=IFCCARTESIANPOINT((499.99999999971999,875.00000012807902,-100.));
#109=IFCCARTESIANPOINT((500.00000011798898,415.00000012794902,-100.));
#110=IFCCARTESIANPOINT((836.49618592329,301.00314821950701,-100.));
#111=IFCCARTESIANPOINT((883.51135191789604,301.003148172561,-100.));
#112=IFCCARTESIANPOINT((1516.4961895379199,301.00314760745403,-100.));
#113=IFCCARTESIANPOINT((1563.51134809571,301.00314756050699,-100.));
#114=IFCPOLYLOOP((#100,#101,#102,#103,#104,#105,#106,#107,#108,#109,#62,#67,#110,#111,#74,#73,#112,#113,#78,#51));
#115=IFCFACEOUTERBOUND(#114,.T.);
#116=IFCFACE((#115));
#117=IFCCARTESIANPOINT((1563.10075712963,301.003147560917,-97.935819821104801));
#118=IFCPOLYLOOP((#78,#113,#117,#95,#79));
#119=IFCFACEOUTERBOUND(#118,.T.);
#120=IFCFACE((#119));
#121=IFCCARTESIANPOINT((1557.68143834651,301.00314756632798,-89.825236100558001));
#122=IFCPOLYLOOP((#117,#121,#96,#95));
#123=IFCFACEOUTERBOUND(#122,.T.);
#124=IFCFACE((#123));
#125=IFCCARTESIANPOINT((1549.57085462596,301.00314757442698,-84.405917317424596));
#126=IFCPOLYLOOP((#121,#125,#83,#96));
#127=IFCFACEOUTERBOUND(#126,.T.);
#128=IFCFACE((#127));
#129=IFCCARTESIANPOINT((1540.00376881683,301.00314758398002,-82.502905630190099));
#130=IFCPOLYLOOP((#125,#129,#84,#83));
#131=IFCFACEOUTERBOUND(#130,.T.);
#132=IFCFACE((#131));
#133=IFCCARTESIANPOINT((1530.4366830076899,301.00314759353301,-84.405917317391896));
#134=IFCPOLYLOOP((#129,#133,#85,#84));
#135=IFCFACEOUTERBOUND(#134,.T.);
#136=IFCFACE((#135));
#137=IFCCARTESIANPOINT((1522.3260992871401,301.00314760163201,-89.825236100499794));
#138=IFCPOLYLOOP((#133,#137,#86,#85));
#139=IFCFACEOUTERBOUND(#138,.T.);
#140=IFCFACE((#139));
#141=IFCCARTESIANPOINT((1516.9067805040199,301.00314760704401,-97.935819821032098));
#142=IFCPOLYLOOP((#137,#141,#87,#86));
#143=IFCFACEOUTERBOUND(#142,.T.);
#144=IFCFACE((#143));
#145=IFCPOLYLOOP((#87,#141,#112,#73,#72));
#146=IFCFACEOUTERBOUND(#145,.T.);
#147=IFCFACE((#146));
#148=IFCPOLYLOOP((#141,#137,#133,#129,#125,#121,#117,#113,#112));
#149=IFCFACEOUTERBOUND(#148,.T.);
#150=IFCFACE((#149));
#151=IFCCARTESIANPOINT((883.10075723340594,301.00314817297101,-97.935801127401604));
#152=IFCPOLYLOOP((#74,#111,#151,#88,#71));
#153=IFCFACEOUTERBOUND(#152,.T.);
#154=IFCFACE((#153));
#155=IFCCARTESIANPOINT((877.68143845028101,301.00314817838199,-89.825217406851195));
#156=IFCPOLYLOOP((#151,#155,#89,#88));
#157=IFCFACEOUTERBOUND(#156,.T.);
#158=IFCFACE((#157));
#159=IFCCARTESIANPOINT((869.57085472973802,301.00314818648002,-84.405898623717803));
#160=IFCPOLYLOOP((#155,#159,#90,#89));
#161=IFCFACEOUTERBOUND(#160,.T.);
#162=IFCFACE((#161));
#163=IFCCARTESIANPOINT((860.00376892060206,301.00314819603301,-82.502886936483307));
#164=IFCPOLYLOOP((#159,#163,#91,#90));
#165=IFCFACEOUTERBOUND(#164,.T.);
#166=IFCFACE((#165));
#167=IFCCARTESIANPOINT((850.43668311146405,301.00314820558702,-84.405898623688699));
#168=IFCPOLYLOOP((#163,#167,#92,#91));
#169=IFCFACEOUTERBOUND(#168,.T.);
#170=IFCFACE((#169));
#171=IFCCARTESIANPOINT((842.32609939092094,301.00314821368602,-89.825217406796597));
#172=IFCPOLYLOOP((#167,#171,#93,#92));
#173=IFCFACEOUTERBOUND(#172,.T.);
#174=IFCFACE((#173));
#175=IFCCARTESIANPOINT((836.90678060779499,301.00314821909802,-97.935801127325206));
#176=IFCPOLYLOOP((#171,#175,#94,#93));
#177=IFCFACEOUTERBOUND(#176,.T.);
#178=IFCFACE((#177));
#179=IFCPOLYLOOP((#94,#175,#110,#67,#66));
#180=IFCFACEOUTERBOUND(#179,.T.);
#181=IFCFACE((#180));
#182=IFCPOLYLOOP((#175,#171,#167,#163,#159,#155,#151,#111,#110));
#183=IFCFACEOUTERBOUND(#182,.T.);
#184=IFCFACE((#183));
#185=IFCCARTESIANPOINT((500.00000011798898,415.00000012794902,100.));
#186=IFCCARTESIANPOINT((1700.00000000821,414.98856229110601,100.));
#187=IFCPOLYLOOP((#57,#62,#109,#185,#186,#100,#51,#50));
#188=IFCFACEOUTERBOUND(#187,.T.);
#189=IFCFACE((#188));
#190=IFCCARTESIANPOINT((1700.00000000821,0.,100.));
#191=IFCPOLYLOOP((#100,#186,#190,#101));
#192=IFCFACEOUTERBOUND(#191,.T.);
#193=IFCFACE((#192));
#194=IFCCARTESIANPOINT((862.34679430408005,-93.180196657577397,100.));
#195=IFCCARTESIANPOINT((916.20933114040599,0.,100.));
#196=IFCCARTESIANPOINT((499.99999999971999,875.00000012807902,100.));
#197=IFCCARTESIANPOINT((3.4560798667371299E-11,874.99999999787997,100.));
#198=IFCCARTESIANPOINT((0.,0.,100.));
#199=IFCCARTESIANPOINT((800.60544531233995,-9.0949470177292804E-13,100.));
#200=IFCCARTESIANPOINT((862.345872739985,106.823679582636,100.));
#201=IFCPOLYLOOP((#194,#195,#190,#186,#185,#196,#197,#198,#199,#200));
#202=IFCFACEOUTERBOUND(#201,.T.);
#203=IFCFACE((#202));
#204=IFCPOLYLOOP((#105,#199,#198,#106));
#205=IFCFACEOUTERBOUND(#204,.T.);
#206=IFCFACE((#205));
#207=IFCPOLYLOOP((#104,#200,#199,#105));
#208=IFCFACEOUTERBOUND(#207,.T.);
#209=IFCFACE((#208));
#210=IFCPOLYLOOP((#103,#194,#200,#104));
#211=IFCFACEOUTERBOUND(#210,.T.);
#212=IFCFACE((#211));
#213=IFCPOLYLOOP((#102,#195,#194,#103));
#214=IFCFACEOUTERBOUND(#213,.T.);
#215=IFCFACE((#214));
#216=IFCPOLYLOOP((#101,#190,#195,#102));
#217=IFCFACEOUTERBOUND(#216,.T.);
#218=IFCFACE((#217));
#219=IFCPOLYLOOP((#106,#198,#197,#107));
#220=IFCFACEOUTERBOUND(#219,.T.);
#221=IFCFACE((#220));
#222=IFCPOLYLOOP((#107,#197,#196,#108));
#223=IFCFACEOUTERBOUND(#222,.T.);
#224=IFCFACE((#223));
#225=IFCPOLYLOOP((#108,#196,#185,#109));
#226=IFCFACEOUTERBOUND(#225,.T.);
#227=IFCFACE((#226));
#228=IFCCLOSEDSHELL((#55,#60,#65,#70,#77,#82,#99,#116,#120,#124,#128,#132,#136,#140,#144,#147,#150,#154,#158,#162,#166,#170,#174,#178,#181,#184,#189,#193,#203,#206,#209,#212,#215,#218,#221,#224,#227));
#229=IFCFACETEDBREP(#228);
#230=IFCSTYLEDITEM(#229,(#48),$);
#231=IFCSHAPEREPRESENTATION(#12,'Body','Brep',(#229));
#232=IFCPRODUCTDEFINITIONSHAPE($,$,(#231));
#233=IFCCARTESIANPOINT((13135.8239554669,31100.,1790.));
#234=IFCAXIS2PLACEMENT3D(#233,#8,#7);
#235=IFCLOCALPLACEMENT(#42,#234);
#236=IFCBUILDINGELEMENTPROXY('3KME1$9JLEPOILj_rxkeoL',#44,'Landkar','__Landkar__4',$,#235,#232,'IDd458e07f-2535-4e65-8495-b7ed7bba8c95',.ELEMENT.);
#237=IFCBUILDINGELEMENTPROXYTYPE('3nrKIU6ZLCWOWd2gF3fJ6V',#5,'__Landkar__4',$,$,$,$,$,$,.NOTDEFINED.);
#239=IFCPROPERTYSINGLEVALUE('Phase',$,IFCINTEGER(1),$);
#240=IFCPROPERTYSINGLEVALUE('Preliminary mark',$,IFCLABEL(''),$);
#241=IFCPROPERTYSINGLEVALUE('Initial GUID',$,$,$);
#247=IFCPROPERTYSINGLEVALUE('Height',$,IFCLENGTHMEASURE(200.),$);
#250=IFCPROPERTYSINGLEVALUE('Gross footprint area',$,IFCAREAMEASURE(0.),$);
#254=IFCPROPERTYSINGLEVALUE('Pour Concrete Mixture',$,$,$);
#255=IFCPROPERTYSINGLEVALUE('Pour Comment',$,IFCLABEL(''),$);
#256=IFCPROPERTYSINGLEVALUE('Pour Number',$,$,$);
#257=IFCPROPERTYSINGLEVALUE('Pour Type',$,$,$);
#258=IFCPROPERTYSINGLEVALUE('Pour User Field1',$,$,$);
#259=IFCPROPERTYSINGLEVALUE('Pour User Field2',$,$,$);
#260=IFCPROPERTYSINGLEVALUE('Pour User Field3',$,$,$);
#261=IFCPROPERTYSINGLEVALUE('Pour User Field4',$,$,$);
#262=IFCPROPERTYSINGLEVALUE('Pour Formwork Checked By',$,$,$);
#263=IFCPROPERTYSINGLEVALUE('Pour Formwork Comment',$,$,$);
#264=IFCPROPERTYSINGLEVALUE('Pour Formwork Status',$,$,$);
#265=IFCPROPERTYSINGLEVALUE('Pour Formwork Check Date',$,$,$);
#266=IFCPROPERTYSINGLEVALUE('Pour Planned Start Form',$,$,$);
#267=IFCPROPERTYSINGLEVALUE('Pour Planned End Form',$,$,$);
#268=IFCPROPERTYSINGLEVALUE('Pour Actual Start Form',$,$,$);
#269=IFCPROPERTYSINGLEVALUE('Pour Actual End Form',$,$,$);
#270=IFCPROPERTYSINGLEVALUE('Pour Rebar CheckedBy',$,$,$);
#271=IFCPROPERTYSINGLEVALUE('Pour Rebar Comment',$,$,$);
#272=IFCPROPERTYSINGLEVALUE('Pour Rebar Release Number',$,$,$);
#273=IFCPROPERTYSINGLEVALUE('Pour Rebar Shipment Number',$,$,$);
#274=IFCPROPERTYSINGLEVALUE('Pour Rebar Status',$,$,$);
#275=IFCPROPERTYSINGLEVALUE('Pour Rebar Check Date',$,$,$);
#276=IFCPROPERTYSINGLEVALUE('Pour Planned Start Rebar',$,$,$);
#277=IFCPROPERTYSINGLEVALUE('Pour Planned End Rebar',$,$,$);
#278=IFCPROPERTYSINGLEVALUE('Pour Actual Start Rebar',$,$,$);
#279=IFCPROPERTYSINGLEVALUE('Pour Actual End Rebar',$,$,$);
#280=IFCPROPERTYSINGLEVALUE('Pour Checked By',$,$,$);
#281=IFCPROPERTYSINGLEVALUE('Pour Comment',$,$,$);
#282=IFCPROPERTYSINGLEVALUE('Pour Status',$,$,$);
#283=IFCPROPERTYSINGLEVALUE('Pour Check Date',$,$,$);
#284=IFCPROPERTYSINGLEVALUE('Pour Planned Start Date',$,$,$);
#285=IFCPROPERTYSINGLEVALUE('Pour Planned End Date',$,$,$);
#286=IFCPROPERTYSINGLEVALUE('Pour Actual Start Date',$,$,$);
#287=IFCPROPERTYSINGLEVALUE('Pour Actual End Date',$,$,$);
#288=IFCPROPERTYSINGLEVALUE('Pour Area',$,IFCAREAMEASURE(3.),$);
#289=IFCPROPERTYSINGLEVALUE('Pour Area PGZ',$,IFCAREAMEASURE(0.29999999999999999),$);
#290=IFCPROPERTYSINGLEVALUE('Pour Area NGZ',$,IFCAREAMEASURE(0.29999999999999999),$);
#291=IFCPROPERTYSINGLEVALUE('Pour Area PGX',$,IFCAREAMEASURE(0.20000000000000001),$);
#292=IFCPROPERTYSINGLEVALUE('Pour Area NXG',$,IFCAREAMEASURE(0.20000000000000001),$);
#293=IFCPROPERTYSINGLEVALUE('Pour Area PGY',$,IFCAREAMEASURE(0.90000000000000002),$);
#294=IFCPROPERTYSINGLEVALUE('Pour Area NGY',$,IFCAREAMEASURE(1.),$);
#295=IFCPROPERTYSINGLEVALUE('Pour Content Type',$,IFCLABEL('PART'),$);
#296=IFCPROPERTYSINGLEVALUE('Pour GUID',$,IFCLABEL('d458e07f-2535-4e65-8495-b7ed7bba8c95'),$);
#297=IFCPROPERTYSINGLEVALUE('Pour ID',$,$,$);
#298=IFCPROPERTYSINGLEVALUE('Pour Material',$,IFCLABEL('B45_SV_Standard'),$);
#299=IFCPROPERTYSINGLEVALUE('Pour Top Level',$,IFCLABEL(' +1.883'),$);
#300=IFCPROPERTYSINGLEVALUE('Pour Bottom Level',$,IFCLABEL(' +0.915'),$);
#301=IFCPROPERTYSINGLEVALUE('Pour Volume',$,IFCVOLUMEMEASURE(0.188),$);
#302=IFCPROPERTYSINGLEVALUE('Pour Weight',$,IFCMASSMEASURE(451.30000000000001),$);
#303=IFCPROPERTYSINGLEVALUE('Pour Weight Net',$,IFCMASSMEASURE(451.30000000000001),$);
#304=IFCPROPERTYSINGLEVALUE('Pour Break GUID',$,IFCLABEL('d458e07f-2535-4e65-8495-b7ed7bba8c95'),$);
#305=IFCPROPERTYSINGLEVALUE('Pour Break ID',$,$,$);
#306=IFCPROPERTYSINGLEVALUE('Pour Break Type',$,$,$);
#307=IFCPROPERTYSINGLEVALUE('Pour Break Comment',$,IFCLABEL(''),$);
#308=IFCPROPERTYSET('1MUnwFc3PD9PsI3s4ytFx5',#5,'Pours',$,(#254,#255,#256,#257,#258,#259,#260,#261,#262,#263,#264,#265,#266,#267,#268,#269,#270,#271,#272,#273,#274,#275,#276,#277,#278,#279,#280,#281,#282,#283,#284,#285,#286,#287,#288,#289,#290,#291,#292,#293,#294,#295,#296,#297,#298,#299,#300,#301,#302,#303,#304,#305,#306,#307));
#309=IFCMATERIAL('CONCRETE/B45_SV_Standard');
#310=IFCCOLOURRGB('Unnamed',0.61568627450980395,0.61568627450980395,0.662745098039216);
#311=IFCSURFACESTYLERENDERING(#310,0.40000000000000002,$,$,$,$,IFCNORMALISEDRATIOMEASURE(0.00390625),IFCSPECULAREXPONENT(10.),.NOTDEFINED.);
#312=IFCSURFACESTYLE('CONCRETE/B45_SV_Standard',.POSITIVE.,(#311));
#313=IFCPRESENTATIONSTYLEASSIGNMENT((#312));
#314=IFCCARTESIANPOINT((527.99684266595398,-100.002277903535,684.99689797399003));
#315=IFCCARTESIANPOINT((527.99684657079297,-84.551428184786303,687.44407215923297));
#316=IFCCARTESIANPOINT((527.99685104290302,-70.613015288912706,694.54604825524302));
#317=IFCCARTESIANPOINT((527.99685564452204,-59.551428184786303,705.60763535936496));
#318=IFCCARTESIANPOINT((527.99685992521302,-52.449452088778301,719.54604825524302));
#319=IFCCARTESIANPOINT((527.99686346595001,-50.002277903535301,734.99689797399003));
#320=IFCCARTESIANPOINT((527.996865920142,-52.449452088778301,750.44774769273704));
#321=IFCCARTESIANPOINT((527.99686704755595,-59.551428184786303,764.38616058861396));
#322=IFCCARTESIANPOINT((527.99686673783197,-70.613015288912706,775.44774769273704));
#323=IFCCARTESIANPOINT((527.99686502128895,-84.551428184786303,782.54972378874697));
#324=IFCCARTESIANPOINT((527.996862065953,-100.002277903535,784.99689797399003));
#325=IFCPOLYLOOP((#314,#315,#316,#317,#318,#319,#320,#321,#322,#323,#324));
#326=IFCFACEOUTERBOUND(#325,.T.);
#327=IFCFACE((#326));
#328=IFCCARTESIANPOINT((698.00000018210596,-84.551465925553202,687.44403917850502));
#329=IFCCARTESIANPOINT((698.00000018148296,-100.,684.99686499326197));
#330=IFCPOLYLOOP((#328,#315,#314,#329));
#331=IFCFACEOUTERBOUND(#330,.T.);
#332=IFCFACE((#331));
#333=IFCCARTESIANPOINT((698.00000018391597,-70.613053029675896,694.54601527451598));
#334=IFCPOLYLOOP((#333,#316,#315,#328));
#335=IFCFACEOUTERBOUND(#334,.T.);
#336=IFCFACE((#335));
#337=IFCCARTESIANPOINT((698.00000018673404,-59.5514659255496,705.60760237864099));
#338=IFCPOLYLOOP((#337,#317,#316,#333));
#339=IFCFACEOUTERBOUND(#338,.T.);
#340=IFCFACE((#339));
#341=IFCCARTESIANPOINT((698.00000019028596,-52.449489829537903,719.54601527451803));
#342=IFCPOLYLOOP((#341,#318,#317,#337));
#343=IFCFACEOUTERBOUND(#342,.T.);
#344=IFCFACE((#343));
#345=IFCCARTESIANPOINT((698.00000019422305,-50.002315644294903,734.99686499326504));
#346=IFCPOLYLOOP((#345,#319,#318,#341));
#347=IFCFACEOUTERBOUND(#346,.T.);
#348=IFCFACE((#347));
#349=IFCCARTESIANPOINT((698.00000019816002,-52.449489829537903,750.44771471201398));
#350=IFCPOLYLOOP((#349,#320,#319,#345));
#351=IFCFACEOUTERBOUND(#350,.T.);
#352=IFCFACE((#351));
#353=IFCCARTESIANPOINT((698.00000020171206,-59.5514659255496,764.38612760788999));
#354=IFCPOLYLOOP((#353,#321,#320,#349));
#355=IFCFACEOUTERBOUND(#354,.T.);
#356=IFCFACE((#355));
#357=IFCCARTESIANPOINT((698.00000020453001,-70.613053029672301,775.44771471201398));
#358=IFCPOLYLOOP((#357,#322,#321,#353));
#359=IFCFACEOUTERBOUND(#358,.T.);
#360=IFCFACE((#359));
#361=IFCCARTESIANPOINT((698.00000020634002,-84.551465925549607,782.54969080802402));
#362=IFCPOLYLOOP((#361,#323,#322,#357));
#363=IFCFACEOUTERBOUND(#362,.T.);
#364=IFCFACE((#363));
#365=IFCCARTESIANPOINT((698.00000020644904,-100.002315644299,784.99686499326504));
#366=IFCPOLYLOOP((#365,#324,#323,#361));
#367=IFCFACEOUTERBOUND(#366,.T.);
#368=IFCFACE((#367));
#369=IFCCARTESIANPOINT((527.99684266595398,-100.002277903535,214.99214481113799));
#370=IFCCARTESIANPOINT((527.99684657079297,-84.551428184786303,217.43931899638099));
#371=IFCCARTESIANPOINT((527.99685104290302,-70.613015288912706,224.54129509239101));
#372=IFCCARTESIANPOINT((527.99685564452204,-59.551428184786303,235.602882196514));
#373=IFCCARTESIANPOINT((527.99685992521302,-52.449452088778301,249.54129509239101));
#374=IFCCARTESIANPOINT((527.99686346595001,-50.002277903535301,264.99214481113802));
#375=IFCCARTESIANPOINT((527.996865920142,-52.449452088778301,280.44299452988503));
#376=IFCCARTESIANPOINT((527.99686704755595,-59.551428184786303,294.38140742576297));
#377=IFCCARTESIANPOINT((527.99686673783197,-70.613015288912706,305.44299452988503));
#378=IFCCARTESIANPOINT((527.99686502128895,-84.551428184786303,312.54497062589502));
#379=IFCCARTESIANPOINT((527.996862065953,-100.002277903535,314.99214481113802));
#380=IFCPOLYLOOP((#369,#370,#371,#372,#373,#374,#375,#376,#377,#378,#379));
#381=IFCFACEOUTERBOUND(#380,.T.);
#382=IFCFACE((#381));
#383=IFCCARTESIANPOINT((698.00000006229197,-84.551465925553202,217.43928601565301));
#384=IFCCARTESIANPOINT((698.00000006172104,-100.,214.99211183041001));
#385=IFCPOLYLOOP((#383,#370,#369,#384));
#386=IFCFACEOUTERBOUND(#385,.T.);
#387=IFCFACE((#386));
#388=IFCCARTESIANPOINT((698.00000006410596,-70.613053029675896,224.54126211166499));
#389=IFCPOLYLOOP((#388,#371,#370,#383));
#390=IFCFACEOUTERBOUND(#389,.T.);
#391=IFCFACE((#390));
#392=IFCCARTESIANPOINT((698.00000006692801,-59.5514659255496,235.60284921578901));
#393=IFCPOLYLOOP((#392,#372,#371,#388));
#394=IFCFACEOUTERBOUND(#393,.T.);
#395=IFCFACE((#394));
#396=IFCCARTESIANPOINT((698.00000007048197,-52.449489829537903,249.54126211166701));
#397=IFCPOLYLOOP((#396,#373,#372,#392));
#398=IFCFACEOUTERBOUND(#397,.T.);
#399=IFCFACE((#398));
#400=IFCCARTESIANPOINT((698.00000007441997,-50.002315644294903,264.99211183041399));
#401=IFCPOLYLOOP((#400,#374,#373,#396));
#402=IFCFACEOUTERBOUND(#401,.T.);
#403=IFCFACE((#402));
#404=IFCCARTESIANPOINT((698.00000007835695,-52.449489829537903,280.44296154916299));
#405=IFCPOLYLOOP((#404,#375,#374,#400));
#406=IFCFACEOUTERBOUND(#405,.T.);
#407=IFCFACE((#406));
#408=IFCCARTESIANPOINT((698.00000008190705,-59.5514659255496,294.38137444503798));
#409=IFCPOLYLOOP((#408,#376,#375,#404));
#410=IFCFACEOUTERBOUND(#409,.T.);
#411=IFCFACE((#410));
#412=IFCCARTESIANPOINT((698.00000008472205,-70.613053029672301,305.44296154916299));
#413=IFCPOLYLOOP((#412,#377,#376,#408));
#414=IFCFACEOUTERBOUND(#413,.T.);
#415=IFCFACE((#414));
#416=IFCCARTESIANPOINT((698.00000008652796,-84.551465925549607,312.54493764517201));
#417=IFCPOLYLOOP((#416,#378,#377,#412));
#418=IFCFACEOUTERBOUND(#417,.T.);
#419=IFCFACE((#418));
#420=IFCCARTESIANPOINT((698.00000008668803,-100.002315644295,314.99211183041399));
#421=IFCPOLYLOOP((#420,#379,#378,#416));
#422=IFCFACEOUTERBOUND(#421,.T.);
#423=IFCFACE((#422));
#424=IFCCARTESIANPOINT((698.00000026174803,-100.,1000.0000000004));
#425=IFCCARTESIANPOINT((2.5480903786956301E-07,-100.,1000.00000000025));
#426=IFCCARTESIANPOINT((1.30396074382588E-07,-100.,486.18000000012898));
#427=IFCCARTESIANPOINT((-93.176320297839496,-100.,432.32378369221402));
#428=IFCCARTESIANPOINT((106.827555942568,-100.,432.32286207787899));
#429=IFCCARTESIANPOINT((1.0094117897097E-07,-100.,370.58019420136799));
#430=IFCCARTESIANPOINT((0.,-100.,0.));
#431=IFCCARTESIANPOINT((698.00000000694001,-100.,1.5461409930139801E-10));
#432=IFCPOLYLOOP((#329,#314,#324,#365,#424,#425,#426,#427,#428,#429,#430,#431,#384,#369,#379,#420));
#433=IFCFACEOUTERBOUND(#432,.T.);
#434=IFCFACE((#433));
#435=IFCCARTESIANPOINT((698.00000026174803,85.,1000.0000000004));
#436=IFCCARTESIANPOINT((2.5480903786956301E-07,85.,1000.00000000025));
#437=IFCPOLYLOOP((#425,#424,#435,#436));
#438=IFCFACEOUTERBOUND(#437,.T.);
#439=IFCFACE((#438));
#440=IFCCARTESIANPOINT((1.30396074382588E-07,85.,486.18000000012898));
#441=IFCPOLYLOOP((#426,#425,#436,#440));
#442=IFCFACEOUTERBOUND(#441,.T.);
#443=IFCFACE((#442));
#444=IFCCARTESIANPOINT((-93.176320297839496,85.,432.32378369221402));
#445=IFCPOLYLOOP((#427,#426,#440,#444));
#446=IFCFACEOUTERBOUND(#445,.T.);
#447=IFCFACE((#446));
#448=IFCCARTESIANPOINT((106.827555942568,85.,432.32286207787899));
#449=IFCPOLYLOOP((#428,#427,#444,#448));
#450=IFCFACEOUTERBOUND(#449,.T.);
#451=IFCFACE((#450));
#452=IFCCARTESIANPOINT((1.0094117897097E-07,85.,370.58019420136799));
#453=IFCPOLYLOOP((#429,#428,#448,#452));
#454=IFCFACEOUTERBOUND(#453,.T.);
#455=IFCFACE((#454));
#456=IFCCARTESIANPOINT((0.,85.,0.));
#457=IFCPOLYLOOP((#430,#429,#452,#456));
#458=IFCFACEOUTERBOUND(#457,.T.);
#459=IFCFACE((#458));
#460=IFCCARTESIANPOINT((698.00000000694001,85.,1.5461409930139801E-10));
#461=IFCPOLYLOOP((#431,#430,#456,#460));
#462=IFCFACEOUTERBOUND(#461,.T.);
#463=IFCFACE((#462));
#464=IFCPOLYLOOP((#424,#365,#361,#357,#353,#349,#345,#341,#337,#333,#328,#329,#420,#416,#412,#408,#404,#400,#396,#392,#388,#383,#384,#431,#460,#435));
#465=IFCFACEOUTERBOUND(#464,.T.);
#466=IFCFACE((#465));
#467=IFCPOLYLOOP((#456,#452,#448,#444,#440,#436,#435,#460));
#468=IFCFACEOUTERBOUND(#467,.T.);
#469=IFCFACE((#468));
#470=IFCCLOSEDSHELL((#327,#332,#336,#340,#344,#348,#352,#356,#360,#364,#368,#382,#387,#391,#395,#399,#403,#407,#411,#415,#419,#423,#434,#439,#443,#447,#451,#455,#459,#463,#466,#469));
#471=IFCFACETEDBREP(#470);
#472=IFCSTYLEDITEM(#471,(#313),$);
#473=IFCSHAPEREPRESENTATION(#12,'Body','Brep',(#471));
#474=IFCPRODUCTDEFINITIONSHAPE($,$,(#473));
#475=IFCCARTESIANPOINT((14835.8239554669,31100.,500.));
#476=IFCDIRECTION((-1.,0.,0.));
#477=IFCAXIS2PLACEMENT3D(#475,#476,#9);
#478=IFCLOCALPLACEMENT(#42,#477);
#479=IFCSLAB('2Rv5UY5D913e6mhOlhDr8O',#44,'Fundament','200X791',$,#478,#474,'ID9be457a2-14d2-410e-81b0-ad8beb375218',.NOTDEFINED.);
#480=IFCSLABTYPE('1GkW3HNtfC9fBjPOojBIYA',#5,'200X791',$,$,$,$,$,$,.NOTDEFINED.);
#481=IFCPROPERTYSINGLEVALUE('Top elevation',$,IFCLABEL(' +1.198'),$);
#497=IFCPROPERTYSINGLEVALUE('Reference',$,$,$);
#499=IFCPROPERTYSINGLEVALUE('FireRating',$,$,$);
#503=IFCPROPERTYSINGLEVALUE('IsExternal',$,IFCBOOLEAN(''),$);
#504=IFCPROPERTYSINGLEVALUE('LoadBearing',$,IFCBOOLEAN(''),$);
#508=IFCCOLOURRGB('Unnamed',0.,0.,0.);
#509=IFCSURFACESTYLERENDERING(#508,0.,$,$,$,$,IFCNORMALISEDRATIOMEASURE(0.00390625),IFCSPECULAREXPONENT(10.),.NOTDEFINED.);
#510=IFCSURFACESTYLE('MISCELLANEOUS/Misc_Undefined',.POSITIVE.,(#509));
#511=IFCPRESENTATIONSTYLEASSIGNMENT((#510));
#512=IFCCARTESIANPOINT((0.,-2.5,-100.));
#513=IFCCARTESIANPOINT((0.,-2.5,100.));
#514=IFCCARTESIANPOINT((0.,2.5,100.));
#515=IFCCARTESIANPOINT((0.,2.5,-100.));
#516=IFCPOLYLOOP((#512,#513,#514,#515));
#517=IFCFACEOUTERBOUND(#516,.T.);
#518=IFCFACE((#517));
#519=IFCCARTESIANPOINT((520.93707877616396,2.5000000000027298,100.));
#520=IFCCARTESIANPOINT((520.93707877616396,2.5000000000027298,-100.));
#521=IFCPOLYLOOP((#515,#514,#519,#520));
#522=IFCFACEOUTERBOUND(#521,.T.);
#523=IFCFACE((#522));
#524=IFCCARTESIANPOINT((523.82219744074405,-2.4999999999972702,-100.));
#525=IFCCARTESIANPOINT((523.82219744074405,-2.4999999999972702,100.));
#526=IFCPOLYLOOP((#513,#512,#524,#525));
#527=IFCFACEOUTERBOUND(#526,.T.);
#528=IFCFACE((#527));
#529=IFCCARTESIANPOINT((582.67995705173803,109.32091989566101,100.));
#530=IFCCARTESIANPOINT((582.67995705173803,109.32091989566101,-100.));
#531=IFCPOLYLOOP((#520,#519,#529,#530));
#532=IFCFACEOUTERBOUND(#531,.T.);
#533=IFCFACE((#532));
#534=IFCCARTESIANPOINT((577.68004294827006,90.679080104342503,-100.));
#535=IFCCARTESIANPOINT((577.68004294827006,90.679080104342503,100.));
#536=IFCPOLYLOOP((#525,#524,#534,#535));
#537=IFCFACEOUTERBOUND(#536,.T.);
#538=IFCFACE((#537));
#539=IFCCARTESIANPOINT((582.68087861583297,-90.682956344554,100.));
#540=IFCCARTESIANPOINT((582.68087861583297,-90.682956344554,-100.));
#541=IFCPOLYLOOP((#530,#529,#539,#540));
#542=IFCFACEOUTERBOUND(#541,.T.);
#543=IFCFACE((#542));
#544=IFCCARTESIANPOINT((577.68096451236499,-109.324796135873,-100.));
#545=IFCCARTESIANPOINT((577.68096451236499,-109.324796135873,100.));
#546=IFCPOLYLOOP((#535,#534,#544,#545));
#547=IFCFACEOUTERBOUND(#546,.T.);
#548=IFCFACE((#547));
#549=IFCCARTESIANPOINT((636.54096460423204,2.5000000000036899,100.));
#550=IFCCARTESIANPOINT((636.54096460423204,2.5000000000036899,-100.));
#551=IFCPOLYLOOP((#540,#539,#549,#550));
#552=IFCFACEOUTERBOUND(#551,.T.);
#553=IFCFACE((#552));
#554=IFCCARTESIANPOINT((639.42608326881202,-2.4999999999964202,-100.));
#555=IFCCARTESIANPOINT((639.42608326881202,-2.4999999999964202,100.));
#556=IFCPOLYLOOP((#545,#544,#554,#555));
#557=IFCFACEOUTERBOUND(#556,.T.);
#558=IFCFACE((#557));
#559=IFCCARTESIANPOINT((1020.,2.5000000000054601,100.));
#560=IFCCARTESIANPOINT((1020.,2.5000000000054601,-100.));
#561=IFCPOLYLOOP((#550,#549,#559,#560));
#562=IFCFACEOUTERBOUND(#561,.T.);
#563=IFCFACE((#562));
#564=IFCCARTESIANPOINT((1020.,-2.4999999999945399,100.));
#565=IFCPOLYLOOP((#549,#539,#529,#519,#514,#513,#525,#535,#545,#555,#564,#559));
#566=IFCFACEOUTERBOUND(#565,.T.);
#567=IFCFACE((#566));
#568=IFCCARTESIANPOINT((1020.,-2.4999999999945399,-100.));
#569=IFCPOLYLOOP((#555,#554,#568,#564));
#570=IFCFACEOUTERBOUND(#569,.T.);
#571=IFCFACE((#570));
#572=IFCPOLYLOOP((#554,#544,#534,#524,#512,#515,#520,#530,#540,#550,#560,#568));
#573=IFCFACEOUTERBOUND(#572,.T.);
#574=IFCFACE((#573));
#575=IFCPOLYLOOP((#564,#568,#560,#559));
#576=IFCFACEOUTERBOUND(#575,.T.);
#577=IFCFACE((#576));
#578=IFCCLOSEDSHELL((#518,#523,#528,#533,#538,#543,#548,#553,#558,#563,#567,#571,#574,#577));
#579=IFCFACETEDBREP(#578);
#580=IFCSTYLEDITEM(#579,(#511),$);
#581=IFCSHAPEREPRESENTATION(#12,'Body','Brep',(#579));
#582=IFCPRODUCTDEFINITIONSHAPE($,$,(#581));
#583=IFCCARTESIANPOINT((13825.82,31100.,497.50000000000398));
#584=IFCAXIS2PLACEMENT3D(#583,#8,#7);
#585=IFCLOCALPLACEMENT(#42,#584);
#586=IFCBEAM('29y$8ZF_9AnQcCeD0I9Dhp',#44,'Ramme','PL200X5',$,#585,#582,'ID89f3f223-3fe2-4ac5-a98c-a0d01224daf3');
#587=IFCBEAMTYPE('1lKHHKplX3NvbYDgR8CTeT',#5,'PL200X5',$,$,$,$,$,$,.NOTDEFINED.);
#588=IFCPROPERTYSINGLEVALUE('Class',$,IFCLABEL('13'),$);
#589=IFCPROPERTYSINGLEVALUE('Top elevation',$,IFCLABEL(' +0.607'),$);
#590=IFCPROPERTYSINGLEVALUE('Bottom elevation',$,IFCLABEL(' +0.388'),$);
#591=IFCPROPERTYSET('007AWandP3vA$0G_LJfiNf',#5,'Tekla Common','Common Properties to Shared building elements',(#588,#239,#240,#241,#589,#590));
#592=IFCPROPERTYSINGLEVALUE('Length',$,IFCLENGTHMEASURE(1335.4000000000001),$);
#593=IFCPROPERTYSINGLEVALUE('Width',$,IFCLENGTHMEASURE(5.),$);
#594=IFCPROPERTYSINGLEVALUE('Net surface area',$,IFCAREAMEASURE(0.55000000000000004),$);
#595=IFCPROPERTYSINGLEVALUE('Area per tons',$,IFCAREAMEASURE(0.),$);
#596=IFCPROPERTYSINGLEVALUE('Volume',$,IFCVOLUMEMEASURE(0.001),$);
#597=IFCPROPERTYSINGLEVALUE('Weight',$,IFCMASSMEASURE(0.),$);
#598=IFCPROPERTYSET('1NNimMZXLAmBuwp430q04e',#5,'Tekla Quantity','Quantity Properties to Shared building elements',(#592,#593,#247,#594,#595,#250,#596,#597));
#599=IFCPROPERTYSINGLEVALUE('OuterSurfaceArea',$,IFCAREAMEASURE(0.5),$);
#600=IFCPROPERTYSINGLEVALUE('NetVolume',$,IFCVOLUMEMEASURE(0.),$);
#601=IFCPROPERTYSINGLEVALUE('NetWeight',$,IFCMASSMEASURE(0.),$);
#602=IFCPROPERTYSET('3rnegyn8f3RAssyF_OKhwT',#5,'BeamBaseQuantities',$,(#592,#599,#600,#601));
#603=IFCPROPERTYSINGLEVALUE('Span',$,$,$);
#604=IFCPROPERTYSINGLEVALUE('Slope',$,IFCPLANEANGLEMEASURE(0.),$);
#605=IFCPROPERTYSET('06BoUh7vrACfj8RNKTS8Jk',#5,'Pset_BeamCommon','Definition from IAI: Properties common to the definition of all occurrences of IfcBeam.',(#497,#603,#604,#503,#504,#499));
#606=IFCMATERIAL('MISCELLANEOUS/Misc_Undefined');
#607=IFCCARTESIANPOINT((810.60707877616403,2.5000000000027298,100.));
#608=IFCCARTESIANPOINT((810.60707877616403,2.5000000000027298,-100.));
#609=IFCPOLYLOOP((#515,#514,#607,#608));
#610=IFCFACEOUTERBOUND(#609,.T.);
#611=IFCFACE((#610));
#612=IFCCARTESIANPOINT((813.49219744074401,-2.4999999999972702,-100.));
#613=IFCCARTESIANPOINT((813.49219744074401,-2.4999999999972702,100.));
#614=IFCPOLYLOOP((#513,#512,#612,#613));
#615=IFCFACEOUTERBOUND(#614,.T.);
#616=IFCFACE((#615));
#617=IFCCARTESIANPOINT((872.34995705173799,109.32091989566101,100.));
#618=IFCCARTESIANPOINT((872.34995705173799,109.32091989566101,-100.));
#619=IFCPOLYLOOP((#608,#607,#617,#618));
#620=IFCFACEOUTERBOUND(#619,.T.);
#621=IFCFACE((#620));
#622=IFCCARTESIANPOINT((867.35004294827002,90.679080104342603,-100.));
#623=IFCCARTESIANPOINT((867.35004294827002,90.679080104342603,100.));
#624=IFCPOLYLOOP((#613,#612,#622,#623));
#625=IFCFACEOUTERBOUND(#624,.T.);
#626=IFCFACE((#625));
#627=IFCCARTESIANPOINT((872.35087861583304,-90.682956344554,100.));
#628=IFCCARTESIANPOINT((872.35087861583304,-90.682956344554,-100.));
#629=IFCPOLYLOOP((#618,#617,#627,#628));
#630=IFCFACEOUTERBOUND(#629,.T.);
#631=IFCFACE((#630));
#632=IFCCARTESIANPOINT((867.35096451236495,-109.324796135873,-100.));
#633=IFCCARTESIANPOINT((867.35096451236495,-109.324796135873,100.));
#634=IFCPOLYLOOP((#623,#622,#632,#633));
#635=IFCFACEOUTERBOUND(#634,.T.);
#636=IFCFACE((#635));
#637=IFCCARTESIANPOINT((926.210964604232,2.5000000000036402,100.));
#638=IFCCARTESIANPOINT((926.210964604232,2.5000000000036402,-100.));
#639=IFCPOLYLOOP((#628,#627,#637,#638));
#640=IFCFACEOUTERBOUND(#639,.T.);
#641=IFCFACE((#640));
#642=IFCCARTESIANPOINT((929.09608326881198,-2.4999999999963598,-100.));
#643=IFCCARTESIANPOINT((929.09608326881198,-2.4999999999963598,100.));
#644=IFCPOLYLOOP((#633,#632,#642,#643));
#645=IFCFACEOUTERBOUND(#644,.T.);
#646=IFCFACE((#645));
#647=IFCCARTESIANPOINT((1720.,2.5000000000054601,100.));
#648=IFCCARTESIANPOINT((1720.,2.5000000000054601,-100.));
#649=IFCPOLYLOOP((#638,#637,#647,#648));
#650=IFCFACEOUTERBOUND(#649,.T.);
#651=IFCFACE((#650));
#652=IFCCARTESIANPOINT((1720.,-2.4999999999945399,100.));
#653=IFCPOLYLOOP((#637,#627,#617,#607,#514,#513,#613,#623,#633,#643,#652,#647));
#654=IFCFACEOUTERBOUND(#653,.T.);
#655=IFCFACE((#654));
#656=IFCCARTESIANPOINT((1720.,-2.4999999999945399,-100.));
#657=IFCPOLYLOOP((#643,#642,#656,#652));
#658=IFCFACEOUTERBOUND(#657,.T.);
#659=IFCFACE((#658));
#660=IFCPOLYLOOP((#642,#632,#622,#612,#512,#515,#608,#618,#628,#638,#648,#656));
#661=IFCFACEOUTERBOUND(#660,.T.);
#662=IFCFACE((#661));
#663=IFCPOLYLOOP((#652,#656,#648,#647));
#664=IFCFACEOUTERBOUND(#663,.T.);
#665=IFCFACE((#664));
#666=IFCCLOSEDSHELL((#518,#611,#616,#621,#626,#631,#636,#641,#646,#651,#655,#659,#662,#665));
#667=IFCFACETEDBREP(#666);
#668=IFCSTYLEDITEM(#667,(#511),$);
#669=IFCSHAPEREPRESENTATION(#12,'Body','Brep',(#667));
#670=IFCPRODUCTDEFINITIONSHAPE($,$,(#669));
#671=IFCCARTESIANPOINT((13125.82,31100.,1792.5));
#672=IFCAXIS2PLACEMENT3D(#671,#8,#7);
#673=IFCLOCALPLACEMENT(#42,#672);
#674=IFCBEAM('3Zrj4J19r5SR$QMQK2nybq',#44,'Ramme','PL200X5',$,#673,#670,'IDe3d6d113-049d-4571-bfda-59a502c7c974');
#675=IFCPROPERTYSINGLEVALUE('Top elevation',$,IFCLABEL(' +1.902'),$);
#676=IFCPROPERTYSINGLEVALUE('Bottom elevation',$,IFCLABEL(' +1.683'),$);
#677=IFCPROPERTYSET('3v6tfHuh50a8kz6DBxGm$B',#5,'Tekla Common','Common Properties to Shared building elements',(#588,#239,#240,#241,#675,#676));
#678=IFCPROPERTYSINGLEVALUE('Length',$,IFCLENGTHMEASURE(2035.4000000000001),$);
#679=IFCPROPERTYSINGLEVALUE('Net surface area',$,IFCAREAMEASURE(0.83699999999999997),$);
#680=IFCPROPERTYSINGLEVALUE('Volume',$,IFCVOLUMEMEASURE(0.002),$);
#681=IFCPROPERTYSET('22IHhL9LjEhAlLZL5QOBb8',#5,'Tekla Quantity','Quantity Properties to Shared building elements',(#678,#593,#247,#679,#595,#250,#680,#597));
#682=IFCPROPERTYSINGLEVALUE('OuterSurfaceArea',$,IFCAREAMEASURE(0.80000000000000004),$);
#683=IFCPROPERTYSET('3xldV3lqP8MR9$7KJaa_6m',#5,'BeamBaseQuantities',$,(#678,#682,#600,#601));
#684=IFCPROPERTYSET('10sGPwCkbBqwgXLucHmLx3',#5,'Pset_BeamCommon','Definition from IAI: Properties common to the definition of all occurrences of IfcBeam.',(#497,#603,#604,#503,#504,#499));
#685=IFCCOLOURRGB('Unnamed',0.13725490196078399,0.58823529411764697,0.149019607843137);
#686=IFCSURFACESTYLERENDERING(#685,0.,$,$,$,$,IFCNORMALISEDRATIOMEASURE(0.00390625),IFCSPECULAREXPONENT(10.),.NOTDEFINED.);
#687=IFCSURFACESTYLE('CONCRETE/B45_SV_Standard',.POSITIVE.,(#686));
#688=IFCPRESENTATIONSTYLEASSIGNMENT((#687));
#689=IFCCARTESIANPOINT((149.9931555702,225.430636287412,258.10484350168002));
#690=IFCCARTESIANPOINT((29.989999999999998,225.43060424688201,258.10487146244702));
#691=IFCCARTESIANPOINT((29.989999999999998,234.99769005600999,260.00788314966502));
#692=IFCCARTESIANPOINT((149.99315345917901,234.997722096541,260.00785518889802));
#693=IFCPOLYLOOP((#689,#690,#691,#692));
#694=IFCFACEOUTERBOUND(#693,.T.);
#695=IFCFACE((#694));
#696=IFCCARTESIANPOINT((149.99315647303499,217.320052566876,252.685524718561));
#697=IFCCARTESIANPOINT((29.989999999999998,217.32002052634601,252.68555267932999));
#698=IFCPOLYLOOP((#696,#697,#690,#689));
#699=IFCFACEOUTERBOUND(#698,.T.);
#700=IFCFACE((#699));
#701=IFCCARTESIANPOINT((149.99315603023601,211.900733783757,244.574940998025));
#702=IFCCARTESIANPOINT((29.989999999999998,211.90070174322699,244.574968958792));
#703=IFCPOLYLOOP((#701,#702,#697,#696));
#704=IFCFACEOUTERBOUND(#703,.T.);
#705=IFCFACE((#704));
#706=IFCCARTESIANPOINT((149.99315430921499,209.997722096541,235.00785518889799));
#707=IFCCARTESIANPOINT((29.989999999999998,209.99769005600999,235.00788314966499));
#708=IFCPOLYLOOP((#706,#707,#702,#701));
#709=IFCFACEOUTERBOUND(#708,.T.);
#710=IFCFACE((#709));
#711=IFCCARTESIANPOINT((149.993151571982,211.900733783757,225.44076937976899));
#712=IFCCARTESIANPOINT((29.989999999999998,211.90070174322699,225.44079734053599));
#713=IFCPOLYLOOP((#711,#712,#707,#706));
#714=IFCFACEOUTERBOUND(#713,.T.);
#715=IFCFACE((#714));
#716=IFCCARTESIANPOINT((149.993148235256,217.320052566876,217.330185659233));
#717=IFCCARTESIANPOINT((29.989999999999998,217.320020526349,217.33021361999801));
#718=IFCPOLYLOOP((#716,#717,#712,#711));
#719=IFCFACEOUTERBOUND(#718,.T.);
#720=IFCFACE((#719));
#721=IFCCARTESIANPOINT((149.99314480702199,225.43063628741601,211.91086687611499));
#722=IFCCARTESIANPOINT((29.989999999999998,225.430604246885,211.91089483687799));
#723=IFCPOLYLOOP((#721,#722,#717,#716));
#724=IFCFACEOUTERBOUND(#723,.T.);
#725=IFCFACE((#724));
#726=IFCCARTESIANPOINT((149.99314180919899,234.997722096541,210.00785518889501));
#727=IFCCARTESIANPOINT((29.989999999999998,234.99769005601399,210.00788314965899));
#728=IFCPOLYLOOP((#726,#727,#722,#721));
#729=IFCFACEOUTERBOUND(#728,.T.);
#730=IFCFACE((#729));
#731=IFCCARTESIANPOINT((149.99313969817899,244.56480790566999,211.910866876113));
#732=IFCCARTESIANPOINT((29.989999999999998,244.56477586514299,211.910894836876));
#733=IFCPOLYLOOP((#731,#732,#727,#726));
#734=IFCFACEOUTERBOUND(#733,.T.);
#735=IFCFACE((#734));
#736=IFCCARTESIANPOINT((149.99313879534299,252.67539162620599,217.330185659232));
#737=IFCCARTESIANPOINT((29.989999999999998,252.67535958567899,217.33021361999499));
#738=IFCPOLYLOOP((#736,#737,#732,#731));
#739=IFCFACEOUTERBOUND(#738,.T.);
#740=IFCFACE((#739));
#741=IFCCARTESIANPOINT((149.99313923814199,258.09471040932499,225.440769379768));
#742=IFCCARTESIANPOINT((29.989999999999998,258.09467836879799,225.44079734053));
#743=IFCPOLYLOOP((#741,#742,#737,#736));
#744=IFCFACEOUTERBOUND(#743,.T.);
#745=IFCFACE((#744));
#746=IFCCARTESIANPOINT((149.99314095916299,259.997722096541,235.00785518889501));
#747=IFCCARTESIANPOINT((29.989999999999998,259.99769005601399,235.00788314965899));
#748=IFCPOLYLOOP((#746,#747,#742,#741));
#749=IFCFACEOUTERBOUND(#748,.T.);
#750=IFCFACE((#749));
#751=IFCCARTESIANPOINT((149.993143696396,258.09471040932499,244.574940998024));
#752=IFCCARTESIANPOINT((29.989999999999998,258.09467836879799,244.574968958786));
#753=IFCPOLYLOOP((#751,#752,#747,#746));
#754=IFCFACEOUTERBOUND(#753,.T.);
#755=IFCFACE((#754));
#756=IFCCARTESIANPOINT((149.99314703312299,252.67539162620599,252.68552471855901));
#757=IFCCARTESIANPOINT((29.989999999999998,252.67535958567501,252.68555267932399));
#758=IFCPOLYLOOP((#756,#757,#752,#751));
#759=IFCFACEOUTERBOUND(#758,.T.);
#760=IFCFACE((#759));
#761=IFCCARTESIANPOINT((149.99315046135601,244.56480790566599,258.10484350168002));
#762=IFCCARTESIANPOINT((29.989999999999998,244.56477586513901,258.10487146244498));
#763=IFCPOLYLOOP((#761,#762,#757,#756));
#764=IFCFACEOUTERBOUND(#763,.T.);
#765=IFCFACE((#764));
#766=IFCPOLYLOOP((#692,#691,#762,#761));
#767=IFCFACEOUTERBOUND(#766,.T.);
#768=IFCFACE((#767));
#769=IFCPOLYLOOP((#731,#726,#721,#716,#711,#706,#701,#696,#689,#692,#761,#756,#751,#746,#741,#736));
#770=IFCFACEOUTERBOUND(#769,.T.);
#771=IFCFACE((#770));
#772=IFCPOLYLOOP((#691,#690,#697,#702,#707,#712,#717,#722,#727,#732,#737,#742,#747,#752,#757,#762));
#773=IFCFACEOUTERBOUND(#772,.T.);
#774=IFCFACE((#773));
#775=IFCCARTESIANPOINT((197.99315355253299,249.830537826485,280.65856797104198));
#776=IFCCARTESIANPOINT((29.989999999999998,249.83049834593101,280.65860257978397));
#777=IFCCARTESIANPOINT((29.989999999999998,234.997682615933,283.00788979761802));
#778=IFCCARTESIANPOINT((197.993157522198,234.997722096487,283.007855188875));
#779=IFCPOLYLOOP((#775,#776,#777,#778));
#780=IFCFACEOUTERBOUND(#779,.T.);
#781=IFCFACE((#780));
#782=IFCCARTESIANPOINT((197.993149003539,263.211414206526,273.840670918873));
#783=IFCCARTESIANPOINT((29.989999999999998,263.21137472597201,273.84070552761301));
#784=IFCPOLYLOOP((#782,#783,#776,#775));
#785=IFCFACEOUTERBOUND(#784,.T.);
#786=IFCFACE((#785));
#787=IFCCARTESIANPOINT((197.993144320505,273.830537826485,263.221547298914));
#788=IFCCARTESIANPOINT((29.989999999999998,273.83049834593498,263.22158190765401));
#789=IFCPOLYLOOP((#787,#788,#783,#782));
#790=IFCFACEOUTERBOUND(#789,.T.);
#791=IFCFACE((#790));
#792=IFCCARTESIANPOINT((197.99313996183699,280.64843487865397,249.840670918873));
#793=IFCCARTESIANPOINT((29.989999999999998,280.64839539810401,249.84070552761099));
#794=IFCPOLYLOOP((#792,#793,#788,#787));
#795=IFCFACEOUTERBOUND(#794,.T.);
#796=IFCFACE((#795));
#797=IFCCARTESIANPOINT((197.99313635419301,282.997722096487,235.007855188875));
#798=IFCCARTESIANPOINT((29.989999999999998,282.99768261593601,235.00788979761299));
#799=IFCPOLYLOOP((#797,#798,#793,#792));
#800=IFCFACEOUTERBOUND(#799,.T.);
#801=IFCFACE((#800));
#802=IFCCARTESIANPOINT((197.993133850714,280.64843487865397,220.17503945887799));
#803=IFCCARTESIANPOINT((29.989999999999998,280.64839539810401,220.17507406761399));
#804=IFCPOLYLOOP((#802,#803,#798,#797));
#805=IFCFACEOUTERBOUND(#804,.T.);
#806=IFCFACE((#805));
#807=IFCCARTESIANPOINT((197.99313269645799,273.830537826485,206.794163078835));
#808=IFCCARTESIANPOINT((29.989999999999998,273.83049834593498,206.79419768757401));
#809=IFCPOLYLOOP((#807,#808,#803,#802));
#810=IFCFACEOUTERBOUND(#809,.T.);
#811=IFCFACE((#810));
#812=IFCCARTESIANPOINT((197.99313300441199,263.211414206526,196.17503945887799));
#813=IFCCARTESIANPOINT((29.989999999999998,263.211374725979,196.17507406761399));
#814=IFCPOLYLOOP((#812,#813,#808,#807));
#815=IFCFACEOUTERBOUND(#814,.T.);
#816=IFCFACE((#815));
#817=IFCCARTESIANPOINT((197.99313474443099,249.830537826485,189.357142406707));
#818=IFCCARTESIANPOINT((29.989999999999998,249.83049834593501,189.35717701544499));
#819=IFCPOLYLOOP((#817,#818,#813,#812));
#820=IFCFACEOUTERBOUND(#819,.T.);
#821=IFCFACE((#820));
#822=IFCCARTESIANPOINT((197.99313774618901,234.997722096487,187.007855188875));
#823=IFCCARTESIANPOINT((29.989999999999998,234.99768261593599,187.00788979761299));
#824=IFCPOLYLOOP((#822,#823,#818,#817));
#825=IFCFACEOUTERBOUND(#824,.T.);
#826=IFCFACE((#825));
#827=IFCCARTESIANPOINT((197.99314171585499,220.164906366488,189.357142406707));
#828=IFCCARTESIANPOINT((29.989999999999998,220.16486688593801,189.35717701544701));
#829=IFCPOLYLOOP((#827,#828,#823,#822));
#830=IFCFACEOUTERBOUND(#829,.T.);
#831=IFCFACE((#830));
#832=IFCCARTESIANPOINT((197.99314626484801,206.784029986447,196.17503945887799));
#833=IFCCARTESIANPOINT((29.989999999999998,206.78399050589701,196.175074067618));
#834=IFCPOLYLOOP((#832,#833,#828,#827));
#835=IFCFACEOUTERBOUND(#834,.T.);
#836=IFCFACE((#835));
#837=IFCCARTESIANPOINT((197.99315094788301,196.164906366488,206.794163078835));
#838=IFCCARTESIANPOINT((29.989999999999998,196.16486688593801,206.794197687577));
#839=IFCPOLYLOOP((#837,#838,#833,#832));
#840=IFCFACEOUTERBOUND(#839,.T.);
#841=IFCFACE((#840));
#842=IFCCARTESIANPOINT((197.99315530655099,189.347009314319,220.17503945887799));
#843=IFCCARTESIANPOINT((29.989999999999998,189.346969833765,220.17507406761999));
#844=IFCPOLYLOOP((#842,#843,#838,#837));
#845=IFCFACEOUTERBOUND(#844,.T.);
#846=IFCFACE((#845));
#847=IFCCARTESIANPOINT((197.99315891419499,186.997722096487,235.007855188875));
#848=IFCCARTESIANPOINT((29.989999999999998,186.997682615933,235.00788979761799));
#849=IFCPOLYLOOP((#847,#848,#843,#842));
#850=IFCFACEOUTERBOUND(#849,.T.);
#851=IFCFACE((#850));
#852=IFCCARTESIANPOINT((197.99316141767301,189.347009314319,249.840670918873));
#853=IFCCARTESIANPOINT((29.989999999999998,189.346969833765,249.84070552761699));
#854=IFCPOLYLOOP((#852,#853,#848,#847));
#855=IFCFACEOUTERBOUND(#854,.T.);
#856=IFCFACE((#855));
#857=IFCCARTESIANPOINT((197.99316257192899,196.164906366488,263.221547298914));
#858=IFCCARTESIANPOINT((29.989999999999998,196.164866885934,263.22158190765703));
#859=IFCPOLYLOOP((#857,#858,#853,#852));
#860=IFCFACEOUTERBOUND(#859,.T.);
#861=IFCFACE((#860));
#862=IFCCARTESIANPOINT((197.99316226397599,206.784029986447,273.840670918873));
#863=IFCCARTESIANPOINT((29.989999999999998,206.783990505894,273.84070552761699));
#864=IFCPOLYLOOP((#862,#863,#858,#857));
#865=IFCFACEOUTERBOUND(#864,.T.);
#866=IFCFACE((#865));
#867=IFCCARTESIANPOINT((197.99316052395699,220.164906366488,280.65856797104198));
#868=IFCCARTESIANPOINT((29.989999999999998,220.164866885934,280.65860257978602));
#869=IFCPOLYLOOP((#867,#868,#863,#862));
#870=IFCFACEOUTERBOUND(#869,.T.);
#871=IFCFACE((#870));
#872=IFCPOLYLOOP((#778,#777,#868,#867));
#873=IFCFACEOUTERBOUND(#872,.T.);
#874=IFCFACE((#873));
#875=IFCPOLYLOOP((#787,#782,#775,#778,#867,#862,#857,#852,#847,#842,#837,#832,#827,#822,#817,#812,#807,#802,#797,#792));
#876=IFCFACEOUTERBOUND(#875,.T.);
#877=IFCFACE((#876));
#878=IFCCARTESIANPOINT((29.989999999999998,325.,325.));
#879=IFCCARTESIANPOINT((29.989999999999998,-325.,325.));
#880=IFCCARTESIANPOINT((29.989999999999998,-325.,-325.));
#881=IFCCARTESIANPOINT((29.989999999999998,325.,-325.));
#882=IFCPOLYLOOP((#878,#879,#880,#881));
#883=IFCFACEOUTERBOUND(#882,.T.);
#884=IFCCARTESIANPOINT((29.989999999999998,-235.00391949466601,-186.996863365233));
#885=IFCCARTESIANPOINT((29.989999999999998,-220.17110376466701,-189.34615058306699));
#886=IFCCARTESIANPOINT((29.989999999999998,-206.790227384627,-196.164047635239));
#887=IFCCARTESIANPOINT((29.989999999999998,-196.171103764664,-206.783171255198));
#888=IFCCARTESIANPOINT((29.989999999999998,-189.353206712494,-220.16404763524));
#889=IFCCARTESIANPOINT((29.989999999999998,-187.003919494662,-234.99686336523899));
#890=IFCCARTESIANPOINT((29.989999999999998,-189.353206712494,-249.829679095237));
#891=IFCCARTESIANPOINT((29.989999999999998,-196.171103764664,-263.210555475278));
#892=IFCCARTESIANPOINT((29.989999999999998,-206.79022738462299,-273.829679095237));
#893=IFCCARTESIANPOINT((29.989999999999998,-220.171103764664,-280.64757614740699));
#894=IFCCARTESIANPOINT((29.989999999999998,-235.003919494662,-282.99686336523899));
#895=IFCCARTESIANPOINT((29.989999999999998,-249.836735224661,-280.647576147405));
#896=IFCCARTESIANPOINT((29.989999999999998,-263.21761160470101,-273.82967909523398));
#897=IFCCARTESIANPOINT((29.989999999999998,-273.83673522466103,-263.21055547527402));
#898=IFCCARTESIANPOINT((29.989999999999998,-280.65463227683398,-249.829679095232));
#899=IFCCARTESIANPOINT((29.989999999999998,-283.00391949466598,-234.996863365233));
#900=IFCCARTESIANPOINT((29.989999999999998,-280.65463227683398,-220.16404763523499));
#901=IFCCARTESIANPOINT((29.989999999999998,-273.83673522466398,-206.78317125519399));
#902=IFCCARTESIANPOINT((29.989999999999998,-263.21761160470498,-196.16404763523499));
#903=IFCCARTESIANPOINT((29.989999999999998,-249.83673522466401,-189.34615058306599));
#904=IFCPOLYLOOP((#884,#885,#886,#887,#888,#889,#890,#891,#892,#893,#894,#895,#896,#897,#898,#899,#900,#901,#902,#903));
#905=IFCFACEBOUND(#904,.T.);
#906=IFCCARTESIANPOINT((29.989999999999998,234.997682615933,-186.996863365233));
#907=IFCCARTESIANPOINT((29.989999999999998,249.83049834593101,-189.34615058306699));
#908=IFCCARTESIANPOINT((29.989999999999998,263.21137472597201,-196.164047635239));
#909=IFCCARTESIANPOINT((29.989999999999998,273.83049834593498,-206.783171255198));
#910=IFCCARTESIANPOINT((29.989999999999998,280.64839539810401,-220.16404763524));
#911=IFCCARTESIANPOINT((29.989999999999998,282.99768261593601,-234.99686336523899));
#912=IFCCARTESIANPOINT((29.989999999999998,280.64839539810401,-249.829679095237));
#913=IFCCARTESIANPOINT((29.989999999999998,273.83049834593498,-263.210555475278));
#914=IFCCARTESIANPOINT((29.989999999999998,263.211374725979,-273.829679095237));
#915=IFCCARTESIANPOINT((29.989999999999998,249.83049834593501,-280.64757614740699));
#916=IFCCARTESIANPOINT((29.989999999999998,234.99768261593599,-282.99686336523899));
#917=IFCCARTESIANPOINT((29.989999999999998,220.16486688593801,-280.647576147405));
#918=IFCCARTESIANPOINT((29.989999999999998,206.78399050589701,-273.82967909523398));
#919=IFCCARTESIANPOINT((29.989999999999998,196.16486688593801,-263.21055547527402));
#920=IFCCARTESIANPOINT((29.989999999999998,189.346969833765,-249.829679095232));
#921=IFCCARTESIANPOINT((29.989999999999998,186.997682615933,-234.996863365233));
#922=IFCCARTESIANPOINT((29.989999999999998,189.346969833765,-220.16404763523499));
#923=IFCCARTESIANPOINT((29.989999999999998,196.164866885934,-206.78317125519399));
#924=IFCCARTESIANPOINT((29.989999999999998,206.783990505894,-196.16404763523499));
#925=IFCCARTESIANPOINT((29.989999999999998,220.164866885934,-189.34615058306599));
#926=IFCPOLYLOOP((#906,#907,#908,#909,#910,#911,#912,#913,#914,#915,#916,#917,#918,#919,#920,#921,#922,#923,#924,#925));
#927=IFCFACEBOUND(#926,.T.);
#928=IFCCARTESIANPOINT((29.989999999999998,-235.00391949466601,283.00313663476697));
#929=IFCCARTESIANPOINT((29.989999999999998,-220.17110376466701,280.65384941693299));
#930=IFCCARTESIANPOINT((29.989999999999998,-206.790227384627,273.835952364761));
#931=IFCCARTESIANPOINT((29.989999999999998,-196.171103764664,263.216828744802));
#932=IFCCARTESIANPOINT((29.989999999999998,-189.353206712494,249.83595236476));
#933=IFCCARTESIANPOINT((29.989999999999998,-187.003919494662,235.00313663476101));
#934=IFCCARTESIANPOINT((29.989999999999998,-189.353206712494,220.170320904763));
#935=IFCCARTESIANPOINT((29.989999999999998,-196.171103764664,206.789444524722));
#936=IFCCARTESIANPOINT((29.989999999999998,-206.79022738462299,196.170320904763));
#937=IFCCARTESIANPOINT((29.989999999999998,-220.171103764664,189.35242385259301));
#938=IFCCARTESIANPOINT((29.989999999999998,-235.003919494662,187.00313663476101));
#939=IFCCARTESIANPOINT((29.989999999999998,-249.836735224661,189.352423852595));
#940=IFCCARTESIANPOINT((29.989999999999998,-263.21761160470101,196.17032090476599));
#941=IFCCARTESIANPOINT((29.989999999999998,-273.83673522466103,206.78944452472601));
#942=IFCCARTESIANPOINT((29.989999999999998,-280.65463227683398,220.170320904768));
#943=IFCCARTESIANPOINT((29.989999999999998,-283.00391949466598,235.003136634767));
#944=IFCCARTESIANPOINT((29.989999999999998,-280.65463227683398,249.83595236476501));
#945=IFCCARTESIANPOINT((29.989999999999998,-273.83673522466398,263.21682874480598));
#946=IFCCARTESIANPOINT((29.989999999999998,-263.21761160470498,273.83595236476498));
#947=IFCCARTESIANPOINT((29.989999999999998,-249.83673522466401,280.65384941693401));
#948=IFCPOLYLOOP((#928,#929,#930,#931,#932,#933,#934,#935,#936,#937,#938,#939,#940,#941,#942,#943,#944,#945,#946,#947));
#949=IFCFACEBOUND(#948,.T.);
#950=IFCPOLYLOOP((#777,#776,#783,#788,#793,#798,#803,#808,#813,#818,#823,#828,#833,#838,#843,#848,#853,#858,#863,#868));
#951=IFCFACEBOUND(#950,.T.);
#952=IFCFACE((#883,#905,#927,#949,#951));
#953=IFCCARTESIANPOINT((197.99316226397599,-263.21757212415099,273.83591775602099));
#954=IFCCARTESIANPOINT((197.99316257192899,-273.83669574410999,263.21679413606199));
#955=IFCPOLYLOOP((#953,#946,#945,#954));
#956=IFCFACEOUTERBOUND(#955,.T.);
#957=IFCFACE((#956));
#958=IFCCARTESIANPOINT((197.99316052395699,-249.83669574410999,280.65381480819099));
#959=IFCPOLYLOOP((#958,#947,#946,#953));
#960=IFCFACEOUTERBOUND(#959,.T.);
#961=IFCFACE((#960));
#962=IFCCARTESIANPOINT((197.993157522198,-235.00388001411201,283.00310202602299));
#963=IFCPOLYLOOP((#962,#928,#947,#958));
#964=IFCFACEOUTERBOUND(#963,.T.);
#965=IFCFACE((#964));
#966=IFCCARTESIANPOINT((197.99315355253299,-220.17106428411401,280.65381480819099));
#967=IFCPOLYLOOP((#966,#929,#928,#962));
#968=IFCFACEOUTERBOUND(#967,.T.);
#969=IFCFACE((#968));
#970=IFCCARTESIANPOINT((197.993149003539,-206.79018790407301,273.83591775602099));
#971=IFCPOLYLOOP((#970,#930,#929,#966));
#972=IFCFACEOUTERBOUND(#971,.T.);
#973=IFCFACE((#972));
#974=IFCCARTESIANPOINT((197.993144320505,-196.17106428411401,263.21679413606199));
#975=IFCPOLYLOOP((#974,#931,#930,#970));
#976=IFCFACEOUTERBOUND(#975,.T.);
#977=IFCFACE((#976));
#978=IFCCARTESIANPOINT((197.99313996183699,-189.35316723194401,249.83591775602099));
#979=IFCPOLYLOOP((#978,#932,#931,#974));
#980=IFCFACEOUTERBOUND(#979,.T.);
#981=IFCFACE((#980));
#982=IFCCARTESIANPOINT((197.99313635419301,-187.00388001411201,235.00310202602299));
#983=IFCPOLYLOOP((#982,#933,#932,#978));
#984=IFCFACEOUTERBOUND(#983,.T.);
#985=IFCFACE((#984));
#986=IFCCARTESIANPOINT((197.993133850714,-189.35316723194401,220.17028629602601));
#987=IFCPOLYLOOP((#986,#934,#933,#982));
#988=IFCFACEOUTERBOUND(#987,.T.);
#989=IFCFACE((#988));
#990=IFCCARTESIANPOINT((197.99313269645799,-196.17106428411401,206.78940991598401));
#991=IFCPOLYLOOP((#990,#935,#934,#986));
#992=IFCFACEOUTERBOUND(#991,.T.);
#993=IFCFACE((#992));
#994=IFCCARTESIANPOINT((197.99313300441199,-206.79018790407301,196.17028629602601));
#995=IFCPOLYLOOP((#994,#936,#935,#990));
#996=IFCFACEOUTERBOUND(#995,.T.);
#997=IFCFACE((#996));
#998=IFCCARTESIANPOINT((197.99313474443099,-220.17106428411401,189.35238924385499));
#999=IFCPOLYLOOP((#998,#937,#936,#994));
#1000=IFCFACEOUTERBOUND(#999,.T.);
#1001=IFCFACE((#1000));
#1002=IFCCARTESIANPOINT((197.99313774618901,-235.00388001411201,187.00310202602299));
#1003=IFCPOLYLOOP((#1002,#938,#937,#998));
#1004=IFCFACEOUTERBOUND(#1003,.T.);
#1005=IFCFACE((#1004));
#1006=IFCCARTESIANPOINT((197.99314171585499,-249.83669574410999,189.35238924385499));
#1007=IFCPOLYLOOP((#1006,#939,#938,#1002));
#1008=IFCFACEOUTERBOUND(#1007,.T.);
#1009=IFCFACE((#1008));
#1010=IFCCARTESIANPOINT((197.99314626484801,-263.21757212415099,196.17028629602601));
#1011=IFCPOLYLOOP((#1010,#940,#939,#1006));
#1012=IFCFACEOUTERBOUND(#1011,.T.);
#1013=IFCFACE((#1012));
#1014=IFCCARTESIANPOINT((197.99315094788301,-273.83669574410999,206.78940991598401));
#1015=IFCPOLYLOOP((#1014,#941,#940,#1010));
#1016=IFCFACEOUTERBOUND(#1015,.T.);
#1017=IFCFACE((#1016));
#1018=IFCCARTESIANPOINT((197.99315530655099,-280.65459279627999,220.17028629602601));
#1019=IFCPOLYLOOP((#1018,#942,#941,#1014));
#1020=IFCFACEOUTERBOUND(#1019,.T.);
#1021=IFCFACE((#1020));
#1022=IFCCARTESIANPOINT((197.99315891419499,-283.00388001411199,235.00310202602299));
#1023=IFCPOLYLOOP((#1022,#943,#942,#1018));
#1024=IFCFACEOUTERBOUND(#1023,.T.);
#1025=IFCFACE((#1024));
#1026=IFCCARTESIANPOINT((197.99316141767301,-280.65459279627999,249.83591775602099));
#1027=IFCPOLYLOOP((#1026,#944,#943,#1022));
#1028=IFCFACEOUTERBOUND(#1027,.T.);
#1029=IFCFACE((#1028));
#1030=IFCPOLYLOOP((#954,#945,#944,#1026));
#1031=IFCFACEOUTERBOUND(#1030,.T.);
#1032=IFCFACE((#1031));
#1033=IFCPOLYLOOP((#974,#970,#966,#962,#958,#953,#954,#1026,#1022,#1018,#1014,#1010,#1006,#1002,#998,#994,#990,#986,#982,#978));
#1034=IFCFACEOUTERBOUND(#1033,.T.);
#1035=IFCFACE((#1034));
#1036=IFCCARTESIANPOINT((197.99316226397599,206.784029986447,-196.16408224398));
#1037=IFCCARTESIANPOINT((197.99316257192899,196.164906366488,-206.78320586393801));
#1038=IFCPOLYLOOP((#1036,#924,#923,#1037));
#1039=IFCFACEOUTERBOUND(#1038,.T.);
#1040=IFCFACE((#1039));
#1041=IFCCARTESIANPOINT((197.99316052395699,220.164906366488,-189.34618519180901));
#1042=IFCPOLYLOOP((#1041,#925,#924,#1036));
#1043=IFCFACEOUTERBOUND(#1042,.T.);
#1044=IFCFACE((#1043));
#1045=IFCCARTESIANPOINT((197.993157522198,234.997722096487,-186.99689797397701));
#1046=IFCPOLYLOOP((#1045,#906,#925,#1041));
#1047=IFCFACEOUTERBOUND(#1046,.T.);
#1048=IFCFACE((#1047));
#1049=IFCCARTESIANPOINT((197.99315355253299,249.830537826485,-189.34618519180901));
#1050=IFCPOLYLOOP((#1049,#907,#906,#1045));
#1051=IFCFACEOUTERBOUND(#1050,.T.);
#1052=IFCFACE((#1051));
#1053=IFCCARTESIANPOINT((197.993149003539,263.211414206526,-196.16408224398));
#1054=IFCPOLYLOOP((#1053,#908,#907,#1049));
#1055=IFCFACEOUTERBOUND(#1054,.T.);
#1056=IFCFACE((#1055));
#1057=IFCCARTESIANPOINT((197.993144320505,273.830537826485,-206.78320586393801));
#1058=IFCPOLYLOOP((#1057,#909,#908,#1053));
#1059=IFCFACEOUTERBOUND(#1058,.T.);
#1060=IFCFACE((#1059));
#1061=IFCCARTESIANPOINT((197.99313996183699,280.64843487865397,-220.16408224398));
#1062=IFCPOLYLOOP((#1061,#910,#909,#1057));
#1063=IFCFACEOUTERBOUND(#1062,.T.);
#1064=IFCFACE((#1063));
#1065=IFCCARTESIANPOINT((197.99313635419301,282.997722096487,-234.99689797397701));
#1066=IFCPOLYLOOP((#1065,#911,#910,#1061));
#1067=IFCFACEOUTERBOUND(#1066,.T.);
#1068=IFCFACE((#1067));
#1069=IFCCARTESIANPOINT((197.993133850714,280.64843487865397,-249.82971370397499));
#1070=IFCPOLYLOOP((#1069,#912,#911,#1065));
#1071=IFCFACEOUTERBOUND(#1070,.T.);
#1072=IFCFACE((#1071));
#1073=IFCCARTESIANPOINT((197.99313269645799,273.830537826485,-263.21059008401602));
#1074=IFCPOLYLOOP((#1073,#913,#912,#1069));
#1075=IFCFACEOUTERBOUND(#1074,.T.);
#1076=IFCFACE((#1075));
#1077=IFCCARTESIANPOINT((197.99313300441199,263.211414206526,-273.82971370397502));
#1078=IFCPOLYLOOP((#1077,#914,#913,#1073));
#1079=IFCFACEOUTERBOUND(#1078,.T.);
#1080=IFCFACE((#1079));
#1081=IFCCARTESIANPOINT((197.99313474443099,249.830537826485,-280.64761075614501));
#1082=IFCPOLYLOOP((#1081,#915,#914,#1077));
#1083=IFCFACEOUTERBOUND(#1082,.T.);
#1084=IFCFACE((#1083));
#1085=IFCCARTESIANPOINT((197.99313774618901,234.997722096487,-282.99689797397701));
#1086=IFCPOLYLOOP((#1085,#916,#915,#1081));
#1087=IFCFACEOUTERBOUND(#1086,.T.);
#1088=IFCFACE((#1087));
#1089=IFCCARTESIANPOINT((197.99314171585499,220.164906366488,-280.64761075614501));
#1090=IFCPOLYLOOP((#1089,#917,#916,#1085));
#1091=IFCFACEOUTERBOUND(#1090,.T.);
#1092=IFCFACE((#1091));
#1093=IFCCARTESIANPOINT((197.99314626484801,206.784029986447,-273.82971370397502));
#1094=IFCPOLYLOOP((#1093,#918,#917,#1089));
#1095=IFCFACEOUTERBOUND(#1094,.T.);
#1096=IFCFACE((#1095));
#1097=IFCCARTESIANPOINT((197.99315094788301,196.164906366488,-263.21059008401602));
#1098=IFCPOLYLOOP((#1097,#919,#918,#1093));
#1099=IFCFACEOUTERBOUND(#1098,.T.);
#1100=IFCFACE((#1099));
#1101=IFCCARTESIANPOINT((197.99315530655099,189.347009314319,-249.82971370397499));
#1102=IFCPOLYLOOP((#1101,#920,#919,#1097));
#1103=IFCFACEOUTERBOUND(#1102,.T.);
#1104=IFCFACE((#1103));
#1105=IFCCARTESIANPOINT((197.99315891419499,186.997722096487,-234.99689797397701));
#1106=IFCPOLYLOOP((#1105,#921,#920,#1101));
#1107=IFCFACEOUTERBOUND(#1106,.T.);
#1108=IFCFACE((#1107));
#1109=IFCCARTESIANPOINT((197.99316141767301,189.347009314319,-220.16408224398));
#1110=IFCPOLYLOOP((#1109,#922,#921,#1105));
#1111=IFCFACEOUTERBOUND(#1110,.T.);
#1112=IFCFACE((#1111));
#1113=IFCPOLYLOOP((#1037,#923,#922,#1109));
#1114=IFCFACEOUTERBOUND(#1113,.T.);
#1115=IFCFACE((#1114));
#1116=IFCPOLYLOOP((#1057,#1053,#1049,#1045,#1041,#1036,#1037,#1109,#1105,#1101,#1097,#1093,#1089,#1085,#1081,#1077,#1073,#1069,#1065,#1061));
#1117=IFCFACEOUTERBOUND(#1116,.T.);
#1118=IFCFACE((#1117));
#1119=IFCCARTESIANPOINT((197.99316226397599,-263.21757212415099,-196.16408224398));
#1120=IFCCARTESIANPOINT((197.99316257192899,-273.83669574410999,-206.78320586393801));
#1121=IFCPOLYLOOP((#1119,#902,#901,#1120));
#1122=IFCFACEOUTERBOUND(#1121,.T.);
#1123=IFCFACE((#1122));
#1124=IFCCARTESIANPOINT((197.99316052395699,-249.83669574410999,-189.34618519180901));
#1125=IFCPOLYLOOP((#1124,#903,#902,#1119));
#1126=IFCFACEOUTERBOUND(#1125,.T.);
#1127=IFCFACE((#1126));
#1128=IFCCARTESIANPOINT((197.993157522198,-235.00388001411201,-186.99689797397701));
#1129=IFCPOLYLOOP((#1128,#884,#903,#1124));
#1130=IFCFACEOUTERBOUND(#1129,.T.);
#1131=IFCFACE((#1130));
#1132=IFCCARTESIANPOINT((197.99315355253299,-220.17106428411401,-189.34618519180901));
#1133=IFCPOLYLOOP((#1132,#885,#884,#1128));
#1134=IFCFACEOUTERBOUND(#1133,.T.);
#1135=IFCFACE((#1134));
#1136=IFCCARTESIANPOINT((197.993149003539,-206.79018790407301,-196.16408224398));
#1137=IFCPOLYLOOP((#1136,#886,#885,#1132));
#1138=IFCFACEOUTERBOUND(#1137,.T.);
#1139=IFCFACE((#1138));
#1140=IFCCARTESIANPOINT((197.993144320505,-196.17106428411401,-206.78320586393801));
#1141=IFCPOLYLOOP((#1140,#887,#886,#1136));
#1142=IFCFACEOUTERBOUND(#1141,.T.);
#1143=IFCFACE((#1142));
#1144=IFCCARTESIANPOINT((197.99313996183699,-189.35316723194401,-220.16408224398));
#1145=IFCPOLYLOOP((#1144,#888,#887,#1140));
#1146=IFCFACEOUTERBOUND(#1145,.T.);
#1147=IFCFACE((#1146));
#1148=IFCCARTESIANPOINT((197.99313635419301,-187.00388001411201,-234.99689797397701));
#1149=IFCPOLYLOOP((#1148,#889,#888,#1144));
#1150=IFCFACEOUTERBOUND(#1149,.T.);
#1151=IFCFACE((#1150));
#1152=IFCCARTESIANPOINT((197.993133850714,-189.35316723194401,-249.82971370397499));
#1153=IFCPOLYLOOP((#1152,#890,#889,#1148));
#1154=IFCFACEOUTERBOUND(#1153,.T.);
#1155=IFCFACE((#1154));
#1156=IFCCARTESIANPOINT((197.99313269645799,-196.17106428411401,-263.21059008401602));
#1157=IFCPOLYLOOP((#1156,#891,#890,#1152));
#1158=IFCFACEOUTERBOUND(#1157,.T.);
#1159=IFCFACE((#1158));
#1160=IFCCARTESIANPOINT((197.99313300441199,-206.79018790407301,-273.82971370397502));
#1161=IFCPOLYLOOP((#1160,#892,#891,#1156));
#1162=IFCFACEOUTERBOUND(#1161,.T.);
#1163=IFCFACE((#1162));
#1164=IFCCARTESIANPOINT((197.99313474443099,-220.17106428411401,-280.64761075614501));
#1165=IFCPOLYLOOP((#1164,#893,#892,#1160));
#1166=IFCFACEOUTERBOUND(#1165,.T.);
#1167=IFCFACE((#1166));
#1168=IFCCARTESIANPOINT((197.99313774618901,-235.00388001411201,-282.99689797397701));
#1169=IFCPOLYLOOP((#1168,#894,#893,#1164));
#1170=IFCFACEOUTERBOUND(#1169,.T.);
#1171=IFCFACE((#1170));
#1172=IFCCARTESIANPOINT((197.99314171585499,-249.83669574410999,-280.64761075614501));
#1173=IFCPOLYLOOP((#1172,#895,#894,#1168));
#1174=IFCFACEOUTERBOUND(#1173,.T.);
#1175=IFCFACE((#1174));
#1176=IFCCARTESIANPOINT((197.99314626484801,-263.21757212415099,-273.82971370397502));
#1177=IFCPOLYLOOP((#1176,#896,#895,#1172));
#1178=IFCFACEOUTERBOUND(#1177,.T.);
#1179=IFCFACE((#1178));
#1180=IFCCARTESIANPOINT((197.99315094788301,-273.83669574410999,-263.21059008401602));
#1181=IFCPOLYLOOP((#1180,#897,#896,#1176));
#1182=IFCFACEOUTERBOUND(#1181,.T.);
#1183=IFCFACE((#1182));
#1184=IFCCARTESIANPOINT((197.99315530655099,-280.65459279627999,-249.82971370397499));
#1185=IFCPOLYLOOP((#1184,#898,#897,#1180));
#1186=IFCFACEOUTERBOUND(#1185,.T.);
#1187=IFCFACE((#1186));
#1188=IFCCARTESIANPOINT((197.99315891419499,-283.00388001411199,-234.99689797397701));
#1189=IFCPOLYLOOP((#1188,#899,#898,#1184));
#1190=IFCFACEOUTERBOUND(#1189,.T.);
#1191=IFCFACE((#1190));
#1192=IFCCARTESIANPOINT((197.99316141767301,-280.65459279627999,-220.16408224398));
#1193=IFCPOLYLOOP((#1192,#900,#899,#1188));
#1194=IFCFACEOUTERBOUND(#1193,.T.);
#1195=IFCFACE((#1194));
#1196=IFCPOLYLOOP((#1120,#901,#900,#1192));
#1197=IFCFACEOUTERBOUND(#1196,.T.);
#1198=IFCFACE((#1197));
#1199=IFCPOLYLOOP((#1140,#1136,#1132,#1128,#1124,#1119,#1120,#1192,#1188,#1184,#1180,#1176,#1172,#1168,#1164,#1160,#1156,#1152,#1148,#1144));
#1200=IFCFACEOUTERBOUND(#1199,.T.);
#1201=IFCFACE((#1200));
#1202=IFCCARTESIANPOINT((0.,-295.,-295.));
#1203=IFCCARTESIANPOINT((0.,-295.,295.));
#1204=IFCPOLYLOOP((#1202,#880,#879,#1203));
#1205=IFCFACEOUTERBOUND(#1204,.T.);
#1206=IFCFACE((#1205));
#1207=IFCCARTESIANPOINT((0.,295.,-295.));
#1208=IFCPOLYLOOP((#1207,#881,#880,#1202));
#1209=IFCFACEOUTERBOUND(#1208,.T.);
#1210=IFCFACE((#1209));
#1211=IFCCARTESIANPOINT((0.,295.,295.));
#1212=IFCPOLYLOOP((#1211,#878,#881,#1207));
#1213=IFCFACEOUTERBOUND(#1212,.T.);
#1214=IFCFACE((#1213));
#1215=IFCPOLYLOOP((#1203,#879,#878,#1211));
#1216=IFCFACEOUTERBOUND(#1215,.T.);
#1217=IFCFACE((#1216));
#1218=IFCPOLYLOOP((#1207,#1202,#1203,#1211));
#1219=IFCFACEOUTERBOUND(#1218,.T.);
#1220=IFCFACE((#1219));
#1221=IFCCLOSEDSHELL((#695,#700,#705,#710,#715,#720,#725,#730,#735,#740,#745,#750,#755,#760,#765,#768,#771,#774,#781,#786,#791,#796,#801,#806,#811,#816,#821,#826,#831,#836,#841,#846,#851,#856,#861,#866,#871,#874,#877,#952,#957,#961,#965,#969,#973,#977,#981,#985,#989,#993,#997,#1001,#1005,#1009,#1013,#1017,#1021,#1025,#1029,#1032,#1035,#1040,#1044,#1048,#1052,#1056,#1060,#1064,#1068,#1072,#1076,#1080,#1084,#1088,#1092,#1096,#1100,#1104,#1108,#1112,#1115,#1118,#1123,#1127,#1131,#1135,#1139,#1143,#1147,#1151,#1155,#1159,#1163,#1167,#1171,#1175,#1179,#1183,#1187,#1191,#1195,#1198,#1201,#1206,#1210,#1214,#1217,#1220));
#1222=IFCFACETEDBREP(#1221);
#1223=IFCSTYLEDITEM(#1222,(#688),$);
#1224=IFCSHAPEREPRESENTATION(#12,'Body','Brep',(#1222));
#1225=IFCPRODUCTDEFINITIONSHAPE($,$,(#1224));
#1226=IFCCARTESIANPOINT((14335.8239554669,30765.,1227.99));
#1227=IFCDIRECTION((0.,0.,-1.));
#1228=IFCAXIS2PLACEMENT3D(#1226,#7,#1227);
#1229=IFCLOCALPLACEMENT(#42,#1228);
#1230=IFCBUILDINGELEMENTPROXY('3kejl3JQz9yewkKLjDMEpb',#44,'M\X2\00F8\X0\rtel','__M\X2\00F8\X0\rtel',$,#1229,#1225,'IDeea2dbc3-4daf-49f2-8eae-515b4d58ece5',.ELEMENT.);
#1231=IFCBUILDINGELEMENTPROXYTYPE('1EcFKsLerEjOB24KC20fgV',#5,'__M\X2\00F8\X0\rtel',$,$,$,$,$,$,.NOTDEFINED.);
#1245=IFCPROPERTYSINGLEVALUE('Pour Area',$,IFCAREAMEASURE(1.1000000000000001),$);
#1246=IFCPROPERTYSINGLEVALUE('Pour Area PGX',$,IFCAREAMEASURE(0.),$);
#1247=IFCPROPERTYSINGLEVALUE('Pour Area NXG',$,IFCAREAMEASURE(0.),$);
#1248=IFCPROPERTYSINGLEVALUE('Pour Area PGY',$,IFCAREAMEASURE(0.),$);
#1249=IFCPROPERTYSINGLEVALUE('Pour Area NGY',$,IFCAREAMEASURE(0.),$);
#1250=IFCPROPERTYSINGLEVALUE('Pour GUID',$,IFCLABEL('eea2dbc3-4daf-49f2-8eae-515b4d58ece5'),$);
#1251=IFCPROPERTYSINGLEVALUE('Pour Top Level',$,IFCLABEL(' +1.228'),$);
#1252=IFCPROPERTYSINGLEVALUE('Pour Bottom Level',$,IFCLABEL(' +1.030'),$);
#1253=IFCPROPERTYSINGLEVALUE('Pour Volume',$,IFCVOLUMEMEASURE(0.016),$);
#1254=IFCPROPERTYSINGLEVALUE('Pour Weight',$,IFCMASSMEASURE(38.600000000000001),$);
#1255=IFCPROPERTYSINGLEVALUE('Pour Weight Net',$,IFCMASSMEASURE(38.600000000000001),$);
#1256=IFCPROPERTYSINGLEVALUE('Pour Break GUID',$,IFCLABEL('eea2dbc3-4daf-49f2-8eae-515b4d58ece5'),$);
#1257=IFCPROPERTYSET('2lOUn_Fwb8zwf6Yr0PQpgZ',#5,'Pours',$,(#254,#255,#256,#257,#258,#259,#260,#261,#262,#263,#264,#265,#266,#267,#268,#269,#270,#271,#272,#273,#274,#275,#276,#277,#278,#279,#280,#281,#282,#283,#284,#285,#286,#287,#1245,#289,#290,#1246,#1247,#1248,#1249,#295,#1250,#297,#298,#1251,#1252,#1253,#1254,#1255,#1256,#305,#306,#307));
#1258=IFCCOLOURRGB('Unnamed',1.,1.,0.035294117647058802);
#1259=IFCSURFACESTYLERENDERING(#1258,0.,$,$,$,$,IFCNORMALISEDRATIOMEASURE(0.00390625),IFCSPECULAREXPONENT(10.),.NOTDEFINED.);
#1260=IFCSURFACESTYLE('MISCELLANEOUS/Misc_Undefined',.POSITIVE.,(#1259));
#1261=IFCPRESENTATIONSTYLEASSIGNMENT((#1260));
#1262=IFCCARTESIANPOINT((2.00000000003888,-38.832816200007102,-28.213692522041999));
#1263=IFCCARTESIANPOINT((2.0000000000300102,-28.213692580047798,-38.832816142001299));
#1264=IFCCARTESIANPOINT((2.0000000000181899,-14.8328162000071,-45.650713194170699));
#1265=IFCCARTESIANPOINT((2.0000000000045501,-4.7000503400340697E-07,-48.000000412002898));
#1266=IFCCARTESIANPOINT((1.9999999999904501,14.832815259993399,-45.650713194167103));
#1267=IFCCARTESIANPOINT((1.99999999997749,28.213691640034099,-38.832816141995899));
#1268=IFCCARTESIANPOINT((1.9999999999665801,38.832815259993403,-28.213692522034801));
#1269=IFCCARTESIANPOINT((1.99999999995885,45.6507123121701,-14.8328161419922));
#1270=IFCCARTESIANPOINT((1.9999999999554301,47.999999529998597,-4.1199200495611897E-07));
#1271=IFCCARTESIANPOINT((1.99999999995634,45.650712312166398,14.832815318004601));
#1272=IFCCARTESIANPOINT((1.99999999996135,38.832815259996998,28.213691698045299));
#1273=IFCCARTESIANPOINT((1.9999999999702101,28.213691640037698,38.832815318004599));
#1274=IFCCARTESIANPOINT((1.99999999998226,14.832815259997,45.650712370173999));
#1275=IFCCARTESIANPOINT((1.9999999999959099,-4.7000139602459999E-07,47.999999588006197));
#1276=IFCCARTESIANPOINT((2.0000000000097802,-14.832816199999799,45.650712370170403));
#1277=IFCCARTESIANPOINT((2.0000000000229599,-28.213692580044199,38.832815317999099));
#1278=IFCCARTESIANPOINT((2.00000000003388,-38.8328162000034,28.213691698038001));
#1279=IFCCARTESIANPOINT((2.0000000000413798,-45.650713252176502,14.8328153179955));
#1280=IFCCARTESIANPOINT((2.00000000004502,-48.0000004700087,-4.1200291889253998E-07));
#1281=IFCCARTESIANPOINT((2.00000000004411,-45.650713252176502,-14.832816142001301));
#1282=IFCPOLYLOOP((#1262,#1263,#1264,#1265,#1266,#1267,#1268,#1269,#1270,#1271,#1272,#1273,#1274,#1275,#1276,#1277,#1278,#1279,#1280,#1281));
#1283=IFCFACEOUTERBOUND(#1282,.T.);
#1284=IFCFACE((#1283));
#1285=IFCCARTESIANPOINT((170.00000000001401,-28.213692580382499,38.832815318090098));
#1286=IFCCARTESIANPOINT((170.00000000001299,-14.832816200341799,45.650712370263101));
#1287=IFCPOLYLOOP((#1285,#1277,#1276,#1286));
#1288=IFCFACEOUTERBOUND(#1287,.T.);
#1289=IFCFACE((#1288));
#1290=IFCCARTESIANPOINT((170.00000000001501,-38.832816200341803,28.213691698129001));
#1291=IFCPOLYLOOP((#1290,#1278,#1277,#1285));
#1292=IFCFACEOUTERBOUND(#1291,.T.);
#1293=IFCFACE((#1292));
#1294=IFCCARTESIANPOINT((170.000000000016,-45.6507132525185,14.8328153180864));
#1295=IFCPOLYLOOP((#1294,#1279,#1278,#1290));
#1296=IFCFACEOUTERBOUND(#1295,.T.);
#1297=IFCFACE((#1296));
#1298=IFCCARTESIANPOINT((170.00000000001799,-48.000000470350599,-4.1191015043295899E-07));
#1299=IFCPOLYLOOP((#1298,#1280,#1279,#1294));
#1300=IFCFACEOUTERBOUND(#1299,.T.);
#1301=IFCFACE((#1300));
#1302=IFCCARTESIANPOINT((170.00000000001901,-45.650713252514798,-14.832816141910399));
#1303=IFCPOLYLOOP((#1302,#1281,#1280,#1298));
#1304=IFCFACEOUTERBOUND(#1303,.T.);
#1305=IFCFACE((#1304));
#1306=IFCCARTESIANPOINT((170.00000000002001,-38.832816200345398,-28.213692521951099));
#1307=IFCPOLYLOOP((#1306,#1262,#1281,#1302));
#1308=IFCFACEOUTERBOUND(#1307,.T.);
#1309=IFCFACE((#1308));
#1310=IFCCARTESIANPOINT((170.000000000021,-28.213692580386098,-38.832816141910399));
#1311=IFCPOLYLOOP((#1310,#1263,#1262,#1306));
#1312=IFCFACEOUTERBOUND(#1311,.T.);
#1313=IFCFACE((#1312));
#1314=IFCCARTESIANPOINT((170.000000000021,-14.8328162003454,-45.650713194079799));
#1315=IFCPOLYLOOP((#1314,#1264,#1263,#1310));
#1316=IFCFACEOUTERBOUND(#1315,.T.);
#1317=IFCFACE((#1316));
#1318=IFCCARTESIANPOINT((170.000000000021,-4.7034700401127301E-07,-48.0000004119102));
#1319=IFCPOLYLOOP((#1318,#1265,#1264,#1314));
#1320=IFCFACEOUTERBOUND(#1319,.T.);
#1321=IFCFACE((#1320));
#1322=IFCCARTESIANPOINT((170.00000000002001,14.832815259651399,-45.650713194076197));
#1323=IFCPOLYLOOP((#1322,#1266,#1265,#1318));
#1324=IFCFACEOUTERBOUND(#1323,.T.);
#1325=IFCFACE((#1324));
#1326=IFCCARTESIANPOINT((170.00000000002001,28.213691639695799,-38.832816141903102));
#1327=IFCPOLYLOOP((#1326,#1267,#1266,#1322));
#1328=IFCFACEOUTERBOUND(#1327,.T.);
#1329=IFCFACE((#1328));
#1330=IFCCARTESIANPOINT((170.00000000001799,38.832815259655,-28.213692521943798));
#1331=IFCPOLYLOOP((#1330,#1268,#1267,#1326));
#1332=IFCFACEOUTERBOUND(#1331,.T.);
#1333=IFCFACE((#1332));
#1334=IFCCARTESIANPOINT((170.000000000017,45.650712311828102,-14.832816141899499));
#1335=IFCPOLYLOOP((#1334,#1269,#1268,#1330));
#1336=IFCFACEOUTERBOUND(#1335,.T.);
#1337=IFCFACE((#1336));
#1338=IFCCARTESIANPOINT((170.00000000001501,47.9999995296603,-4.1190105548594099E-07));
#1339=IFCPOLYLOOP((#1338,#1270,#1269,#1334));
#1340=IFCFACEOUTERBOUND(#1339,.T.);
#1341=IFCFACE((#1340));
#1342=IFCCARTESIANPOINT((170.00000000001401,45.650712311828102,14.8328153180955));
#1343=IFCPOLYLOOP((#1342,#1271,#1270,#1338));
#1344=IFCFACEOUTERBOUND(#1343,.T.);
#1345=IFCFACE((#1344));
#1346=IFCCARTESIANPOINT((170.00000000001299,38.832815259658702,28.213691698138099));
#1347=IFCPOLYLOOP((#1346,#1272,#1271,#1342));
#1348=IFCFACEOUTERBOUND(#1347,.T.);
#1349=IFCFACE((#1348));
#1350=IFCCARTESIANPOINT((170.00000000001199,28.213691639699402,38.832815318097303));
#1351=IFCPOLYLOOP((#1350,#1273,#1272,#1346));
#1352=IFCFACEOUTERBOUND(#1351,.T.);
#1353=IFCFACE((#1352));
#1354=IFCCARTESIANPOINT((170.00000000001199,14.8328152596587,45.650712370264998));
#1355=IFCPOLYLOOP((#1354,#1274,#1273,#1350));
#1356=IFCFACEOUTERBOUND(#1355,.T.);
#1357=IFCFACE((#1356));
#1358=IFCCARTESIANPOINT((170.00000000001199,-4.7033972805365899E-07,47.999999588097097));
#1359=IFCPOLYLOOP((#1358,#1275,#1274,#1354));
#1360=IFCFACEOUTERBOUND(#1359,.T.);
#1361=IFCFACE((#1360));
#1362=IFCPOLYLOOP((#1286,#1276,#1275,#1358));
#1363=IFCFACEOUTERBOUND(#1362,.T.);
#1364=IFCFACE((#1363));
#1365=IFCCARTESIANPOINT((-2.2737367544323201E-13,-47.552825814764198,15.4508497187453));
#1366=IFCCARTESIANPOINT((-1.3642420526593899E-12,-40.4508497187526,29.389262614622599));
#1367=IFCCARTESIANPOINT((-2.7284841053187799E-12,-29.389262614626201,40.450849718747101));
#1368=IFCCARTESIANPOINT((-3.6379788070917101E-12,-15.4508497187526,47.552825814758798));
#1369=IFCCARTESIANPOINT((-4.3200998334214099E-12,0.,50.000000000001798));
#1370=IFCCARTESIANPOINT((-4.5474735088646404E-12,15.4508497187489,47.552825814758798));
#1371=IFCCARTESIANPOINT((-4.3200998334214099E-12,29.389262614622599,40.450849718750803));
#1372=IFCCARTESIANPOINT((-3.4106051316484801E-12,40.450849718748898,29.389262614627999));
#1373=IFCCARTESIANPOINT((-2.2737367544323202E-12,47.552825814756901,15.4508497187489));
#1374=IFCCARTESIANPOINT((-9.0949470177292804E-13,50.,3.6379788070917101E-12));
#1375=IFCCARTESIANPOINT((4.5474735088646402E-13,47.552825814756901,-15.4508497187435));
#1376=IFCCARTESIANPOINT((1.8189894035458601E-12,40.450849718748898,-29.389262614622599));
#1377=IFCCARTESIANPOINT((3.18323145620525E-12,29.389262614622599,-40.450849718745303));
#1378=IFCCARTESIANPOINT((4.0927261579781803E-12,15.4508497187453,-47.552825814756901));
#1379=IFCCARTESIANPOINT((4.77484718430787E-12,-3.6379788070917101E-12,-50.));
#1380=IFCCARTESIANPOINT((5.0022208597511102E-12,-15.4508497187526,-47.552825814758798));
#1381=IFCCARTESIANPOINT((4.5474735088646404E-12,-29.389262614626201,-40.450849718748898));
#1382=IFCCARTESIANPOINT((3.8653524825349499E-12,-40.4508497187526,-29.389262614626201));
#1383=IFCCARTESIANPOINT((2.7284841053187799E-12,-47.552825814760602,-15.4508497187489));
#1384=IFCCARTESIANPOINT((1.3642420526593899E-12,-50.000000000007297,0.));
#1385=IFCPOLYLOOP((#1365,#1366,#1367,#1368,#1369,#1370,#1371,#1372,#1373,#1374,#1375,#1376,#1377,#1378,#1379,#1380,#1381,#1382,#1383,#1384));
#1386=IFCFACEOUTERBOUND(#1385,.T.);
#1387=IFCFACE((#1386));
#1388=IFCCARTESIANPOINT((170.00000000001799,-50.000000000196501,9.2768459580838706E-11));
#1389=IFCCARTESIANPOINT((170.000000000017,-47.552825814953401,15.4508497188381));
#1390=IFCPOLYLOOP((#1365,#1384,#1388,#1389));
#1391=IFCFACEOUTERBOUND(#1390,.T.);
#1392=IFCFACE((#1391));
#1393=IFCCARTESIANPOINT((170.00000000001501,-40.450849718941797,29.3892626147153));
#1394=IFCPOLYLOOP((#1366,#1365,#1389,#1393));
#1395=IFCFACEOUTERBOUND(#1394,.T.);
#1396=IFCFACE((#1395));
#1397=IFCCARTESIANPOINT((170.00000000001401,-29.389262614815401,40.450849718839898));
#1398=IFCPOLYLOOP((#1367,#1366,#1393,#1397));
#1399=IFCFACEOUTERBOUND(#1398,.T.);
#1400=IFCFACE((#1399));
#1401=IFCCARTESIANPOINT((170.00000000001299,-15.4508497189418,47.552825814851502));
#1402=IFCPOLYLOOP((#1368,#1367,#1397,#1401));
#1403=IFCFACEOUTERBOUND(#1402,.T.);
#1404=IFCFACE((#1403));
#1405=IFCCARTESIANPOINT((170.00000000001199,-1.89174897968769E-10,50.000000000094602));
#1406=IFCPOLYLOOP((#1369,#1368,#1401,#1405));
#1407=IFCFACEOUTERBOUND(#1406,.T.);
#1408=IFCFACE((#1407));
#1409=IFCCARTESIANPOINT((170.00000000001199,15.4508497185598,47.552825814851502));
#1410=IFCPOLYLOOP((#1370,#1369,#1405,#1409));
#1411=IFCFACEOUTERBOUND(#1410,.T.);
#1412=IFCFACE((#1411));
#1413=IFCCARTESIANPOINT((170.00000000001199,29.389262614433399,40.4508497188435));
#1414=IFCPOLYLOOP((#1371,#1370,#1409,#1413));
#1415=IFCFACEOUTERBOUND(#1414,.T.);
#1416=IFCFACE((#1415));
#1417=IFCCARTESIANPOINT((170.00000000001299,40.450849718559802,29.389262614720799));
#1418=IFCPOLYLOOP((#1372,#1371,#1413,#1417));
#1419=IFCFACEOUTERBOUND(#1418,.T.);
#1420=IFCFACE((#1419));
#1421=IFCCARTESIANPOINT((170.00000000001401,47.552825814567797,15.450849718841701));
#1422=IFCPOLYLOOP((#1373,#1372,#1417,#1421));
#1423=IFCFACEOUTERBOUND(#1422,.T.);
#1424=IFCFACE((#1423));
#1425=IFCCARTESIANPOINT((170.00000000001501,49.999999999810797,9.6406438387930406E-11));
#1426=IFCPOLYLOOP((#1374,#1373,#1421,#1425));
#1427=IFCFACEOUTERBOUND(#1426,.T.);
#1428=IFCFACE((#1427));
#1429=IFCCARTESIANPOINT((170.000000000017,47.552825814567797,-15.4508497186507));
#1430=IFCPOLYLOOP((#1375,#1374,#1425,#1429));
#1431=IFCFACEOUTERBOUND(#1430,.T.);
#1432=IFCFACE((#1431));
#1433=IFCCARTESIANPOINT((170.00000000001799,40.450849718559802,-29.389262614529802));
#1434=IFCPOLYLOOP((#1376,#1375,#1429,#1433));
#1435=IFCFACEOUTERBOUND(#1434,.T.);
#1436=IFCFACE((#1435));
#1437=IFCCARTESIANPOINT((170.00000000002001,29.389262614433399,-40.450849718652499));
#1438=IFCPOLYLOOP((#1377,#1376,#1433,#1437));
#1439=IFCFACEOUTERBOUND(#1438,.T.);
#1440=IFCFACE((#1439));
#1441=IFCCARTESIANPOINT((170.000000000021,15.4508497185561,-47.552825814664203));
#1442=IFCPOLYLOOP((#1378,#1377,#1437,#1441));
#1443=IFCFACEOUTERBOUND(#1442,.T.);
#1444=IFCFACE((#1443));
#1445=IFCCARTESIANPOINT((170.000000000021,-1.9281287677586099E-10,-49.999999999907203));
#1446=IFCPOLYLOOP((#1379,#1378,#1441,#1445));
#1447=IFCFACEOUTERBOUND(#1446,.T.);
#1448=IFCFACE((#1447));
#1449=IFCCARTESIANPOINT((170.000000000021,-15.4508497189418,-47.552825814666001));
#1450=IFCPOLYLOOP((#1380,#1379,#1445,#1449));
#1451=IFCFACEOUTERBOUND(#1450,.T.);
#1452=IFCFACE((#1451));
#1453=IFCCARTESIANPOINT((170.000000000021,-29.389262614815401,-40.450849718656201));
#1454=IFCPOLYLOOP((#1381,#1380,#1449,#1453));
#1455=IFCFACEOUTERBOUND(#1454,.T.);
#1456=IFCFACE((#1455));
#1457=IFCCARTESIANPOINT((170.00000000002001,-40.450849718941797,-29.389262614533401));
#1458=IFCPOLYLOOP((#1382,#1381,#1453,#1457));
#1459=IFCFACEOUTERBOUND(#1458,.T.);
#1460=IFCFACE((#1459));
#1461=IFCCARTESIANPOINT((170.00000000001901,-47.552825814949799,-15.450849718656199));
#1462=IFCPOLYLOOP((#1383,#1382,#1457,#1461));
#1463=IFCFACEOUTERBOUND(#1462,.T.);
#1464=IFCFACE((#1463));
#1465=IFCPOLYLOOP((#1384,#1383,#1461,#1388));
#1466=IFCFACEOUTERBOUND(#1465,.T.);
#1467=IFCFACE((#1466));
#1468=IFCPOLYLOOP((#1457,#1453,#1449,#1445,#1441,#1437,#1433,#1429,#1425,#1421,#1417,#1413,#1409,#1405,#1401,#1397,#1393,#1389,#1388,#1461));
#1469=IFCFACEOUTERBOUND(#1468,.T.);
#1470=IFCPOLYLOOP((#1350,#1346,#1342,#1338,#1334,#1330,#1326,#1322,#1318,#1314,#1310,#1306,#1302,#1298,#1294,#1290,#1285,#1286,#1358,#1354));
#1471=IFCFACEBOUND(#1470,.T.);
#1472=IFCFACE((#1469,#1471));
#1473=IFCCLOSEDSHELL((#1284,#1289,#1293,#1297,#1301,#1305,#1309,#1313,#1317,#1321,#1325,#1329,#1333,#1337,#1341,#1345,#1349,#1353,#1357,#1361,#1364,#1387,#1392,#1396,#1400,#1404,#1408,#1412,#1416,#1420,#1424,#1428,#1432,#1436,#1440,#1444,#1448,#1452,#1456,#1460,#1464,#1467,#1472));
#1474=IFCFACETEDBREP(#1473);
#1475=IFCSTYLEDITEM(#1474,(#1261),$);
#1476=IFCSHAPEREPRESENTATION(#12,'Body','Brep',(#1474));
#1477=IFCPRODUCTDEFINITIONSHAPE($,$,(#1476));
#1478=IFCCARTESIANPOINT((14100.827057492899,30529.996119985899,1027.99685236595));
#1479=IFCAXIS2PLACEMENT3D(#1478,#7,#9);
#1480=IFCLOCALPLACEMENT(#42,#1479);
#1481=IFCCOLUMN('0sdZjw3LLAzB8K8FmZtb_M',#44,'Midlertidig_st\X2\00E5\X0\lr\X2\00F8\X0\r','D100',$,#1480,#1477,'ID369e3b7a-0d55-4af4-b214-20fc23de5f96');
#1482=IFCCOLUMNTYPE('2J4jUZVmLBwO2H7UaShzYw',#5,'D100',$,$,$,$,$,$,.NOTDEFINED.);
#1483=IFCPROPERTYSINGLEVALUE('Class',$,IFCLABEL('284'),$);
#1484=IFCPROPERTYSINGLEVALUE('Bottom elevation',$,IFCLABEL(' +1.028'),$);
#1485=IFCPROPERTYSET('3JyHkChJL3Nv7CjtP1xRGl',#5,'Tekla Common','Common Properties to Shared building elements',(#1483,#239,#240,#241,#481,#1484));
#1486=IFCPROPERTYSINGLEVALUE('Length',$,IFCLENGTHMEASURE(170.),$);
#1487=IFCPROPERTYSINGLEVALUE('Width',$,IFCLENGTHMEASURE(100.),$);
#1488=IFCPROPERTYSINGLEVALUE('Height',$,IFCLENGTHMEASURE(100.),$);
#1489=IFCPROPERTYSINGLEVALUE('Net surface area',$,IFCAREAMEASURE(0.11899999999999999),$);
#1490=IFCPROPERTYSINGLEVALUE('Gross footprint area',$,IFCAREAMEASURE(0.001),$);
#1491=IFCPROPERTYSINGLEVALUE('Volume',$,IFCVOLUMEMEASURE(0.),$);
#1492=IFCPROPERTYSET('1sNaLpBg90sAKqpLYjPgOH',#5,'Tekla Quantity','Quantity Properties to Shared building elements',(#1486,#1487,#1488,#1489,#595,#1490,#1491,#597));
#1493=IFCPROPERTYSINGLEVALUE('OuterSurfaceArea',$,IFCAREAMEASURE(0.10000000000000001),$);
#1494=IFCPROPERTYSET('2tTk7ahrv93fh8jLcwMTf7',#5,'ColumnBaseQuantities',$,(#1486,#1493,#600,#601));
#1495=IFCPROPERTYSINGLEVALUE('Slope',$,IFCPLANEANGLEMEASURE(1.5708),$);
#1496=IFCPROPERTYSET('0P5fzJXYn8yQbygc6Qk0YN',#5,'Pset_ColumnCommon','Definition from IAI: Properties common to the definition of all occurrences of IfcColumn.',(#497,#1495,#503,#504,#499));
#1497=IFCSHAPEREPRESENTATION(#12,'Body','Brep',(#1474));
#1498=IFCPRODUCTDEFINITIONSHAPE($,$,(#1497));
#1499=IFCCARTESIANPOINT((14100.827057492899,30999.997722096501,1027.99685236595));
#1500=IFCAXIS2PLACEMENT3D(#1499,#7,#9);
#1501=IFCLOCALPLACEMENT(#42,#1500);
#1502=IFCCOLUMN('3pb5eP4e5DihsEPRWN8m2Y',#44,'Midlertidig_st\X2\00E5\X0\lr\X2\00F8\X0\r','D100',$,#1501,#1498,'IDf3945a19-1281-4db2-bd8e-65b8172300a2');
#1503=IFCPROPERTYSET('1sSnlymWHEwfYouYq9PTQj',#5,'Tekla Common','Common Properties to Shared building elements',(#1483,#239,#240,#241,#481,#1484));
#1504=IFCPROPERTYSET('1W7Qr0giT86PX60ENSlL4h',#5,'Tekla Quantity','Quantity Properties to Shared building elements',(#1486,#1487,#1488,#1489,#595,#1490,#1491,#597));
#1505=IFCPROPERTYSET('0Jawt0XFfCkhDh985SjMj7',#5,'ColumnBaseQuantities',$,(#1486,#1493,#600,#601));
#1506=IFCPROPERTYSET('1HuYyy91DFbBA4_Vf7MR$Y',#5,'Pset_ColumnCommon','Definition from IAI: Properties common to the definition of all occurrences of IfcColumn.',(#497,#1495,#503,#504,#499));
#1507=IFCSHAPEREPRESENTATION(#12,'Body','Brep',(#1474));
#1508=IFCPRODUCTDEFINITIONSHAPE($,$,(#1507));
#1509=IFCCARTESIANPOINT((14570.827057492899,30529.996119985899,1027.99685236595));
#1510=IFCAXIS2PLACEMENT3D(#1509,#7,#9);
#1511=IFCLOCALPLACEMENT(#42,#1510);
#1512=IFCCOLUMN('3_qz4z9SvAG8FQtcl1_veE',#44,'Midlertidig_st\X2\00E5\X0\lr\X2\00F8\X0\r','D100',$,#1511,#1508,'IDfed3d13d-25ce-4a40-83da-de6bc1fb9a0e');
#1513=IFCPROPERTYSET('2tIeQF_Vn8_uhYLsuNAO3O',#5,'Tekla Common','Common Properties to Shared building elements',(#1483,#239,#240,#241,#481,#1484));
#1514=IFCPROPERTYSET('1iPMsOCNb2cAi$IzCF1Mq0',#5,'Tekla Quantity','Quantity Properties to Shared building elements',(#1486,#1487,#1488,#1489,#595,#1490,#1491,#597));
#1515=IFCPROPERTYSET('02NQjeS$P6whjtvz08wUZ1',#5,'ColumnBaseQuantities',$,(#1486,#1493,#600,#601));
#1516=IFCPROPERTYSET('0dRBcwbYz3Cgoz$V8OOaQo',#5,'Pset_ColumnCommon','Definition from IAI: Properties common to the definition of all occurrences of IfcColumn.',(#497,#1495,#503,#504,#499));
#1517=IFCSHAPEREPRESENTATION(#12,'Body','Brep',(#1474));
#1518=IFCPRODUCTDEFINITIONSHAPE($,$,(#1517));
#1519=IFCCARTESIANPOINT((14570.8318106558,30999.997722096501,1027.99685236595));
#1520=IFCAXIS2PLACEMENT3D(#1519,#7,#9);
#1521=IFCLOCALPLACEMENT(#42,#1520);
#1522=IFCCOLUMN('17$qAbgcP05ghS7Q9KzZAa',#44,'Midlertidig_st\X2\00E5\X0\lr\X2\00F8\X0\r','D100',$,#1521,#1518,'ID47ff42a5-aa66-4016-aadc-1da254f632a4');
#1523=IFCPROPERTYSET('2TZql3gnn459I8lJzn1_L9',#5,'Tekla Common','Common Properties to Shared building elements',(#1483,#239,#240,#241,#481,#1484));
#1524=IFCPROPERTYSET('2jbRIk8Un2LBGQG7652X79',#5,'Tekla Quantity','Quantity Properties to Shared building elements',(#1486,#1487,#1488,#1489,#595,#1490,#1491,#597));
#1525=IFCPROPERTYSET('2OzSVcG5b24vPL3Z8e6Px9',#5,'ColumnBaseQuantities',$,(#1486,#1493,#600,#601));
#1526=IFCPROPERTYSET('2DvR_iax55QefngaKHuMkf',#5,'Pset_ColumnCommon','Definition from IAI: Properties common to the definition of all occurrences of IfcColumn.',(#497,#1495,#503,#504,#499));
#1527=IFCCOLOURRGB('Unnamed',0.33333333333333298,1.,0.33333333333333298);
#1528=IFCSURFACESTYLERENDERING(#1527,0.,$,$,$,$,IFCNORMALISEDRATIOMEASURE(0.00390625),IFCSPECULAREXPONENT(10.),.NOTDEFINED.);
#1529=IFCSURFACESTYLE('MISCELLANEOUS/Misc_Undefined',.POSITIVE.,(#1528));
#1530=IFCPRESENTATIONSTYLEASSIGNMENT((#1529));
#1531=IFCCARTESIANPOINT((-71.999601374381001,9.8279500889475498E-05,187.500283103611));
#1532=IFCCARTESIANPOINT((-34.999601374229798,7.0973408583085998E-05,187.50020444162101));
#1533=IFCCARTESIANPOINT((-34.999582038132502,36.579506351476098,183.89744451734401));
#1534=IFCCARTESIANPOINT((-71.999582038283705,36.5795336575666,183.89752317933701));
#1535=IFCPOLYLOOP((#1531,#1532,#1533,#1534));
#1536=IFCFACEOUTERBOUND(#1535,.T.);
#1537=IFCFACE((#1536));
#1538=IFCCARTESIANPOINT((-71.999636029413296,-36.579337098544798,183.89752317910501));
#1539=IFCCARTESIANPOINT((-34.999636029262099,-36.579364404637097,183.89744451711201));
#1540=IFCPOLYLOOP((#1538,#1539,#1532,#1531));
#1541=IFCFACEOUTERBOUND(#1540,.T.);
#1542=IFCFACE((#1541));
#1543=IFCCARTESIANPOINT((-71.999684671607397,-71.753045288975002,173.22769544927399));
#1544=IFCCARTESIANPOINT((-34.9996846714564,-71.753072595067394,173.22761678728099));
#1545=IFCPOLYLOOP((#1543,#1544,#1539,#1538));
#1546=IFCFACEOUTERBOUND(#1545,.T.);
#1547=IFCFACE((#1546));
#1548=IFCCARTESIANPOINT((-71.999745431671002,-104.169320411675,155.90083541006601));
#1549=IFCCARTESIANPOINT((-34.999745431519798,-104.169347717767,155.90075674807301));
#1550=IFCPOLYLOOP((#1548,#1549,#1544,#1543));
#1551=IFCFACEOUTERBOUND(#1550,.T.);
#1552=IFCFACE((#1551));
#1553=IFCCARTESIANPOINT((-71.9998159746292,-132.58242319293299,132.58280457577001));
#1554=IFCCARTESIANPOINT((-34.999815974477997,-132.58245049902499,132.58272591378));
#1555=IFCPOLYLOOP((#1553,#1554,#1549,#1548));
#1556=IFCFACEOUTERBOUND(#1555,.T.);
#1557=IFCFACE((#1556));
#1558=IFCCARTESIANPOINT((-71.9998935895551,-155.900454027118,104.169701794453));
#1559=IFCCARTESIANPOINT((-34.999893589403896,-155.90048133321,104.16962313246));
#1560=IFCPOLYLOOP((#1558,#1559,#1554,#1553));
#1561=IFCFACEOUTERBOUND(#1560,.T.);
#1562=IFCFACE((#1561));
#1563=IFCCARTESIANPOINT((-71.999975293751007,-173.22731406617601,71.753426671741195));
#1564=IFCCARTESIANPOINT((-34.999975293599803,-173.22734137226701,71.753348009748194));
#1565=IFCPOLYLOOP((#1563,#1564,#1559,#1558));
#1566=IFCFACEOUTERBOUND(#1565,.T.);
#1567=IFCFACE((#1566));
#1568=IFCCARTESIANPOINT((-72.000057947370394,-183.89714179581799,36.579718481345502));
#1569=IFCCARTESIANPOINT((-35.000057947219098,-183.897169101911,36.579639819352501));
#1570=IFCPOLYLOOP((#1568,#1569,#1564,#1563));
#1571=IFCFACEOUTERBOUND(#1570,.T.);
#1572=IFCFACE((#1571));
#1573=IFCCARTESIANPOINT((-72.000138374081203,-187.49990172010601,0.000283103381661931));
#1574=IFCCARTESIANPOINT((-35.000138373929801,-187.49992902619999,0.00020444139227038201));
#1575=IFCPOLYLOOP((#1573,#1574,#1569,#1568));
#1576=IFCFACEOUTERBOUND(#1575,.T.);
#1577=IFCFACE((#1576));
#1578=IFCCARTESIANPOINT((-72.0002134831295,-183.89714179559999,-36.579152274553103));
#1579=IFCCARTESIANPOINT((-35.000213482978602,-183.89716910169,-36.579230936546097));
#1580=IFCPOLYLOOP((#1578,#1579,#1574,#1573));
#1581=IFCFACEOUTERBOUND(#1580,.T.);
#1582=IFCFACE((#1581));
#1583=IFCCARTESIANPOINT((-72.000280388117503,-173.22731406574499,-71.752860464879603));
#1584=IFCCARTESIANPOINT((-35.000280387966299,-173.22734137183801,-71.752939126872704));
#1585=IFCPOLYLOOP((#1583,#1584,#1579,#1578));
#1586=IFCFACEOUTERBOUND(#1585,.T.);
#1587=IFCFACE((#1586));
#1588=IFCCARTESIANPOINT((-72.000336517923202,-155.900454026494,-104.169135587479));
#1589=IFCCARTESIANPOINT((-35.000336517771999,-155.900481332586,-104.16921424947201));
#1590=IFCPOLYLOOP((#1588,#1589,#1584,#1583));
#1591=IFCFACEOUTERBOUND(#1590,.T.);
#1592=IFCFACE((#1591));
#1593=IFCCARTESIANPOINT((-72.000379715510206,-132.58242319213801,-132.582238368654));
#1594=IFCCARTESIANPOINT((-35.000379715359301,-132.58245049823,-132.582317030647));
#1595=IFCPOLYLOOP((#1593,#1594,#1589,#1588));
#1596=IFCFACEOUTERBOUND(#1595,.T.);
#1597=IFCFACE((#1596));
#1598=IFCCARTESIANPOINT((-72.000408320819602,-104.16932041074099,-155.90026920276401));
#1599=IFCCARTESIANPOINT((-35.000408320668399,-104.169347716834,-155.90034786475701));
#1600=IFCPOLYLOOP((#1598,#1599,#1594,#1593));
#1601=IFCFACEOUTERBOUND(#1600,.T.);
#1602=IFCFACE((#1601));
#1603=IFCCARTESIANPOINT((-72.000421234564598,-71.753045287938207,-173.22712924176801));
#1604=IFCCARTESIANPOINT((-35.000421234413601,-71.753072594030499,-173.227207903758));
#1605=IFCPOLYLOOP((#1603,#1604,#1599,#1598));
#1606=IFCFACEOUTERBOUND(#1605,.T.);
#1607=IFCFACE((#1606));
#1608=IFCCARTESIANPOINT((-72.000417960478202,-36.5793370974461,-183.89695697137));
#1609=IFCCARTESIANPOINT((-35.000417960326999,-36.579364403538399,-183.897035633363));
#1610=IFCPOLYLOOP((#1608,#1609,#1604,#1603));
#1611=IFCFACEOUTERBOUND(#1610,.T.);
#1612=IFCFACE((#1611));
#1613=IFCCARTESIANPOINT((-72.000398624381006,9.8280623205937405E-05,-187.49971689564001));
#1614=IFCCARTESIANPOINT((-35.000398624229803,7.0974529080558595E-05,-187.49979555763301));
#1615=IFCPOLYLOOP((#1613,#1614,#1609,#1608));
#1616=IFCFACEOUTERBOUND(#1615,.T.);
#1617=IFCFACE((#1616));
#1618=IFCCARTESIANPOINT((-72.000363969348399,36.5795336586689,-183.89695697114101));
#1619=IFCCARTESIANPOINT((-35.000363969197501,36.579506352576601,-183.89703563312699));
#1620=IFCPOLYLOOP((#1618,#1619,#1614,#1613));
#1621=IFCFACEOUTERBOUND(#1620,.T.);
#1622=IFCFACE((#1621));
#1623=IFCCARTESIANPOINT((-72.000315327154098,71.753241849099098,-173.22712924131));
#1624=IFCCARTESIANPOINT((-35.000315327002902,71.753214543006806,-173.227207903303));
#1625=IFCPOLYLOOP((#1623,#1624,#1619,#1618));
#1626=IFCFACEOUTERBOUND(#1625,.T.);
#1627=IFCFACE((#1626));
#1628=IFCCARTESIANPOINT((-72.000254567090707,104.16951697179699,-155.90026920210201));
#1629=IFCCARTESIANPOINT((-35.000254566939503,104.169489665706,-155.900347864092));
#1630=IFCPOLYLOOP((#1628,#1629,#1624,#1623));
#1631=IFCFACEOUTERBOUND(#1630,.T.);
#1632=IFCFACE((#1631));
#1633=IFCCARTESIANPOINT((-72.000184024132494,132.58261975305501,-132.58223836780601));
#1634=IFCCARTESIANPOINT((-35.000184023981298,132.58259244696299,-132.58231702979501));
#1635=IFCPOLYLOOP((#1633,#1634,#1629,#1628));
#1636=IFCFACEOUTERBOUND(#1635,.T.);
#1637=IFCFACE((#1636));
#1638=IFCCARTESIANPOINT((-72.000106409206595,155.90065058723999,-104.169135586482));
#1639=IFCCARTESIANPOINT((-35.000106409055398,155.900623281148,-104.169214248475));
#1640=IFCPOLYLOOP((#1638,#1639,#1634,#1633));
#1641=IFCFACEOUTERBOUND(#1640,.T.);
#1642=IFCFACE((#1641));
#1643=IFCCARTESIANPOINT((-72.000024705010702,173.227510626297,-71.7528604637737));
#1644=IFCCARTESIANPOINT((-35.000024704859499,173.22748332020501,-71.752939125763106));
#1645=IFCPOLYLOOP((#1643,#1644,#1639,#1638));
#1646=IFCFACEOUTERBOUND(#1645,.T.);
#1647=IFCFACE((#1646));
#1648=IFCCARTESIANPOINT((-71.9999420513914,183.89733835594399,-36.579152273378));
#1649=IFCCARTESIANPOINT((-34.999942051240197,183.89731104985199,-36.579230935371001));
#1650=IFCPOLYLOOP((#1648,#1649,#1644,#1643));
#1651=IFCFACEOUTERBOUND(#1650,.T.);
#1652=IFCFACE((#1651));
#1653=IFCCARTESIANPOINT((-71.999861624680804,187.50009828022999,0.00028310458219493701));
#1654=IFCCARTESIANPOINT((-34.999861624529601,187.50007097413999,0.000204442592803389));
#1655=IFCPOLYLOOP((#1653,#1654,#1649,#1648));
#1656=IFCFACEOUTERBOUND(#1655,.T.);
#1657=IFCFACE((#1656));
#1658=IFCCARTESIANPOINT((-71.999786515631996,183.897338355724,36.579718482520498));
#1659=IFCCARTESIANPOINT((-34.9997865154808,183.89731104963201,36.579639820531199));
#1660=IFCPOLYLOOP((#1658,#1659,#1654,#1653));
#1661=IFCFACEOUTERBOUND(#1660,.T.);
#1662=IFCFACE((#1661));
#1663=IFCCARTESIANPOINT((-71.999719610644405,173.22751062586801,71.753426672850793));
#1664=IFCCARTESIANPOINT((-34.999719610493202,173.22748331977499,71.753348010857707));
#1665=IFCPOLYLOOP((#1663,#1664,#1659,#1658));
#1666=IFCFACEOUTERBOUND(#1665,.T.);
#1667=IFCFACE((#1666));
#1668=IFCCARTESIANPOINT((-71.999663480838294,155.900650586616,104.16970179545));
#1669=IFCCARTESIANPOINT((-34.999663480687303,155.900623280524,104.169623133461));
#1670=IFCPOLYLOOP((#1668,#1669,#1664,#1663));
#1671=IFCFACEOUTERBOUND(#1670,.T.);
#1672=IFCFACE((#1671));
#1673=IFCCARTESIANPOINT((-71.999620283251303,132.58261975226199,132.58280457661701));
#1674=IFCCARTESIANPOINT((-34.9996202831001,132.58259244617,132.58272591462401));
#1675=IFCPOLYLOOP((#1673,#1674,#1669,#1668));
#1676=IFCFACEOUTERBOUND(#1675,.T.);
#1677=IFCFACE((#1676));
#1678=IFCCARTESIANPOINT((-71.999591677942405,104.169516970866,155.90083541073199));
#1679=IFCCARTESIANPOINT((-34.999591677791202,104.169489664773,155.900756748742));
#1680=IFCPOLYLOOP((#1678,#1679,#1674,#1673));
#1681=IFCFACEOUTERBOUND(#1680,.T.);
#1682=IFCFACE((#1681));
#1683=IFCCARTESIANPOINT((-71.999578764196897,71.753241848060497,173.22769544973201));
#1684=IFCCARTESIANPOINT((-34.999578764045701,71.753214541968205,173.22761678773901));
#1685=IFCPOLYLOOP((#1683,#1684,#1679,#1678));
#1686=IFCFACEOUTERBOUND(#1685,.T.);
#1687=IFCFACE((#1686));
#1688=IFCPOLYLOOP((#1534,#1533,#1684,#1683));
#1689=IFCFACEOUTERBOUND(#1688,.T.);
#1690=IFCFACE((#1689));
#1691=IFCCARTESIANPOINT((-71.999088514406594,387.49534463440199,275.001903833207));
#1692=IFCCARTESIANPOINT((-72.000147163392498,-387.50465536566702,275.00188213318302));
#1693=IFCCARTESIANPOINT((-72.002309763369297,-387.50463857139198,-274.998117862811));
#1694=IFCCARTESIANPOINT((-72.001251114383905,387.49536142867697,-274.99809616280601));
#1695=IFCPOLYLOOP((#1691,#1692,#1693,#1694));
#1696=IFCFACEOUTERBOUND(#1695,.T.);
#1697=IFCCARTESIANPOINT((-72.001989065470298,-348.491880370795,-206.998682349251));
#1698=IFCCARTESIANPOINT((-72.001965867041903,-331.50912431349798,-206.998682349229));
#1699=IFCCARTESIANPOINT((-72.001996681177602,-319.50050234207799,-219.00730432046799));
#1700=IFCCARTESIANPOINT((-72.002063457374305,-319.500502341985,-235.990060377644));
#1701=IFCCARTESIANPOINT((-72.002127079042097,-331.50912431327401,-247.998682348931));
#1702=IFCCARTESIANPOINT((-72.002150277470506,-348.49188037057098,-247.998682348953));
#1703=IFCCARTESIANPOINT((-72.002119463335006,-360.50050234198699,-235.99006037770599));
#1704=IFCCARTESIANPOINT((-72.002052687138104,-360.50050234207998,-219.00730432053399));
#1705=IFCPOLYLOOP((#1697,#1698,#1699,#1700,#1701,#1702,#1703,#1704));
#1706=IFCFACEBOUND(#1705,.T.);
#1707=IFCCARTESIANPOINT((-72.000200035284706,-348.49189420432799,248.00131757173901));
#1708=IFCCARTESIANPOINT((-72.000176836856099,-331.50913814702801,248.00131757176499));
#1709=IFCCARTESIANPOINT((-72.000207650991797,-319.50051617561098,235.99269560052201));
#1710=IFCCARTESIANPOINT((-72.000274427188501,-319.50051617551799,219.00993954334999));
#1711=IFCCARTESIANPOINT((-72.000338048856094,-331.50913814680501,207.00131757206299));
#1712=IFCCARTESIANPOINT((-72.000361247284403,-348.49189420410403,207.001317572034));
#1713=IFCCARTESIANPOINT((-72.000330433149003,-360.50051617551998,219.00993954328101));
#1714=IFCCARTESIANPOINT((-72.000263656952299,-360.50051617561297,235.99269560045599));
#1715=IFCPOLYLOOP((#1707,#1708,#1709,#1710,#1711,#1712,#1713,#1714));
#1716=IFCFACEBOUND(#1715,.T.);
#1717=IFCCARTESIANPOINT((-72.001060253318897,331.50811952478801,-206.99866365555101));
#1718=IFCCARTESIANPOINT((-72.001037054890503,348.49087558208299,-206.99866365552199));
#1719=IFCCARTESIANPOINT((-72.001067869026002,360.49949755350298,-219.007285626765));
#1720=IFCCARTESIANPOINT((-72.001134645222706,360.49949755359597,-235.99004168393699));
#1721=IFCCARTESIANPOINT((-72.001198266890498,348.49087558230701,-247.99866365522399));
#1722=IFCCARTESIANPOINT((-72.001221465318807,331.50811952501101,-247.99866365525301));
#1723=IFCCARTESIANPOINT((-72.001190651183407,319.49949755359398,-235.990041684006));
#1724=IFCCARTESIANPOINT((-72.001123874986405,319.49949755350099,-219.00728562683099));
#1725=IFCPOLYLOOP((#1717,#1718,#1719,#1720,#1721,#1722,#1723,#1724));
#1726=IFCFACEBOUND(#1725,.T.);
#1727=IFCCARTESIANPOINT((-71.999271223133107,331.50810569125503,248.00133626543899));
#1728=IFCCARTESIANPOINT((-71.999248024704499,348.49086174855302,248.00133626546801));
#1729=IFCCARTESIANPOINT((-71.999278838840198,360.49948371996999,235.99271429422501));
#1730=IFCCARTESIANPOINT((-71.9993456150371,360.49948372006099,219.00995823704901));
#1731=IFCCARTESIANPOINT((-71.999409236704693,348.49086174877601,207.00133626576601));
#1732=IFCCARTESIANPOINT((-71.999432435133002,331.50810569147899,207.001336265737));
#1733=IFCCARTESIANPOINT((-71.999401620997304,319.499483720059,219.009958236984));
#1734=IFCCARTESIANPOINT((-71.9993348448006,319.499483719968,235.992714294156));
#1735=IFCPOLYLOOP((#1727,#1728,#1729,#1730,#1731,#1732,#1733,#1734));
#1736=IFCFACEBOUND(#1735,.T.);
#1737=IFCPOLYLOOP((#1531,#1534,#1683,#1678,#1673,#1668,#1663,#1658,#1653,#1648,#1643,#1638,#1633,#1628,#1623,#1618,#1613,#1608,#1603,#1598,#1593,#1588,#1583,#1578,#1573,#1568,#1563,#1558,#1553,#1548,#1543,#1538));
#1738=IFCFACEBOUND(#1737,.T.);
#1739=IFCFACE((#1696,#1706,#1716,#1726,#1736,#1738));
#1740=IFCPOLYLOOP((#1731,#1730,#1729,#1728,#1727,#1734,#1733,#1732));
#1741=IFCFACEOUTERBOUND(#1740,.T.);
#1742=IFCCARTESIANPOINT((-71.999418869918799,339.99948371907698,207.50133626724701));
#1743=IFCCARTESIANPOINT((-71.999403209708404,322.67897564333401,217.50133626714501));
#1744=IFCCARTESIANPOINT((-71.999324569708307,322.67897564322402,237.50133626700301));
#1745=IFCCARTESIANPOINT((-71.999261589918703,339.99948371885898,247.501336266956));
#1746=IFCCARTESIANPOINT((-71.999277250129396,357.31999179460399,237.50133626705801));
#1747=IFCCARTESIANPOINT((-71.999355890129394,357.31999179471302,217.50133626720299));
#1748=IFCPOLYLOOP((#1742,#1743,#1744,#1745,#1746,#1747));
#1749=IFCFACEBOUND(#1748,.T.);
#1750=IFCFACE((#1741,#1749));
#1751=IFCCARTESIANPOINT((-57.999261590038898,339.99946459484102,247.50128121896));
#1752=IFCCARTESIANPOINT((-57.999277250249598,357.31997267058398,237.50128121906201));
#1753=IFCPOLYLOOP((#1751,#1752,#1746,#1745));
#1754=IFCFACEOUTERBOUND(#1753,.T.);
#1755=IFCFACE((#1754));
#1756=IFCCARTESIANPOINT((-57.999355890249703,357.31997267069301,217.50128121920699));
#1757=IFCPOLYLOOP((#1752,#1756,#1747,#1746));
#1758=IFCFACEOUTERBOUND(#1757,.T.);
#1759=IFCFACE((#1758));
#1760=IFCCARTESIANPOINT((-57.999418870039101,339.99946459505901,207.50128121925101));
#1761=IFCPOLYLOOP((#1756,#1760,#1742,#1747));
#1762=IFCFACEOUTERBOUND(#1761,.T.);
#1763=IFCFACE((#1762));
#1764=IFCCARTESIANPOINT((-57.9994032098286,322.67895651931599,217.50128121914901));
#1765=IFCPOLYLOOP((#1760,#1764,#1743,#1742));
#1766=IFCFACEOUTERBOUND(#1765,.T.);
#1767=IFCFACE((#1766));
#1768=IFCCARTESIANPOINT((-57.999324569828602,322.67895651920702,237.50128121900701));
#1769=IFCPOLYLOOP((#1764,#1768,#1744,#1743));
#1770=IFCFACEOUTERBOUND(#1769,.T.);
#1771=IFCFACE((#1770));
#1772=IFCPOLYLOOP((#1768,#1751,#1745,#1744));
#1773=IFCFACEOUTERBOUND(#1772,.T.);
#1774=IFCFACE((#1773));
#1775=IFCPOLYLOOP((#1751,#1768,#1764,#1760,#1756,#1752));
#1776=IFCFACEOUTERBOUND(#1775,.T.);
#1777=IFCFACE((#1776));
#1778=IFCPOLYLOOP((#1721,#1720,#1719,#1718,#1717,#1724,#1723,#1722));
#1779=IFCFACEOUTERBOUND(#1778,.T.);
#1780=IFCCARTESIANPOINT((-72.001207900104603,339.99949755261002,-247.498663653758));
#1781=IFCCARTESIANPOINT((-72.001192239893996,322.67898947686598,-237.498663653856));
#1782=IFCCARTESIANPOINT((-72.001113599894097,322.67898947675701,-217.49866365400499));
#1783=IFCCARTESIANPOINT((-72.001050620104706,339.999497552393,-207.49866365404901));
#1784=IFCCARTESIANPOINT((-72.0010662803152,357.32000562813499,-217.49866365394701));
#1785=IFCCARTESIANPOINT((-72.001144920315298,357.32000562824402,-237.498663653801));
#1786=IFCPOLYLOOP((#1780,#1781,#1782,#1783,#1784,#1785));
#1787=IFCFACEBOUND(#1786,.T.);
#1788=IFCFACE((#1779,#1787));
#1789=IFCCARTESIANPOINT((-58.001050620225001,339.999478428374,-207.49871870204501));
#1790=IFCCARTESIANPOINT((-58.001066280435701,357.31998650411703,-217.49871870194301));
#1791=IFCPOLYLOOP((#1789,#1790,#1784,#1783));
#1792=IFCFACEOUTERBOUND(#1791,.T.);
#1793=IFCFACE((#1792));
#1794=IFCCARTESIANPOINT((-58.0011449204355,357.31998650422599,-237.498718701798));
#1795=IFCPOLYLOOP((#1790,#1794,#1785,#1784));
#1796=IFCFACEOUTERBOUND(#1795,.T.);
#1797=IFCFACE((#1796));
#1798=IFCCARTESIANPOINT((-58.001207900224898,339.999478428592,-247.498718701754));
#1799=IFCPOLYLOOP((#1794,#1798,#1780,#1785));
#1800=IFCFACEOUTERBOUND(#1799,.T.);
#1801=IFCFACE((#1800));
#1802=IFCCARTESIANPOINT((-58.001192240014497,322.67897035284699,-237.498718701852));
#1803=IFCPOLYLOOP((#1798,#1802,#1781,#1780));
#1804=IFCFACEOUTERBOUND(#1803,.T.);
#1805=IFCFACE((#1804));
#1806=IFCCARTESIANPOINT((-58.001113600014399,322.678970352737,-217.49871870200101));
#1807=IFCPOLYLOOP((#1802,#1806,#1782,#1781));
#1808=IFCFACEOUTERBOUND(#1807,.T.);
#1809=IFCFACE((#1808));
#1810=IFCPOLYLOOP((#1806,#1789,#1783,#1782));
#1811=IFCFACEOUTERBOUND(#1810,.T.);
#1812=IFCFACE((#1811));
#1813=IFCPOLYLOOP((#1789,#1806,#1802,#1798,#1794,#1790));
#1814=IFCFACEOUTERBOUND(#1813,.T.);
#1815=IFCFACE((#1814));
#1816=IFCPOLYLOOP((#1711,#1710,#1709,#1708,#1707,#1714,#1713,#1712));
#1817=IFCFACEOUTERBOUND(#1816,.T.);
#1818=IFCCARTESIANPOINT((-72.000347682070199,-340.00051617650598,207.50131757354399));
#1819=IFCCARTESIANPOINT((-72.000332021860004,-357.321024252249,217.50131757344599));
#1820=IFCCARTESIANPOINT((-72.000253381859693,-357.32102425235797,237.50131757330001));
#1821=IFCCARTESIANPOINT((-72.000190402070302,-340.00051617672398,247.501317573253));
#1822=IFCCARTESIANPOINT((-72.000206062280796,-322.68000810097902,237.50131757335799));
#1823=IFCCARTESIANPOINT((-72.000284702281107,-322.68000810087,217.50131757349999));
#1824=IFCPOLYLOOP((#1818,#1819,#1820,#1821,#1822,#1823));
#1825=IFCFACEBOUND(#1824,.T.);
#1826=IFCFACE((#1817,#1825));
#1827=IFCCARTESIANPOINT((-58.000190402190597,-340.000535300742,247.501262525253));
#1828=IFCCARTESIANPOINT((-58.000206062401297,-322.68002722499699,237.50126252535799));
#1829=IFCPOLYLOOP((#1827,#1828,#1822,#1821));
#1830=IFCFACEOUTERBOUND(#1829,.T.);
#1831=IFCFACE((#1830));
#1832=IFCCARTESIANPOINT((-58.000284702401103,-322.68002722488899,217.50126252550001));
#1833=IFCPOLYLOOP((#1828,#1832,#1823,#1822));
#1834=IFCFACEOUTERBOUND(#1833,.T.);
#1835=IFCFACE((#1834));
#1836=IFCCARTESIANPOINT((-58.000347682190501,-340.00053530052401,207.50126252554401));
#1837=IFCPOLYLOOP((#1832,#1836,#1818,#1823));
#1838=IFCFACEOUTERBOUND(#1837,.T.);
#1839=IFCFACE((#1838));
#1840=IFCCARTESIANPOINT((-58.000332021980299,-357.32104337626703,217.50126252544601));
#1841=IFCPOLYLOOP((#1836,#1840,#1819,#1818));
#1842=IFCFACEOUTERBOUND(#1841,.T.);
#1843=IFCFACE((#1842));
#1844=IFCCARTESIANPOINT((-58.000253381980002,-357.321043376376,237.50126252530001));
#1845=IFCPOLYLOOP((#1840,#1844,#1820,#1819));
#1846=IFCFACEOUTERBOUND(#1845,.T.);
#1847=IFCFACE((#1846));
#1848=IFCPOLYLOOP((#1844,#1827,#1821,#1820));
#1849=IFCFACEOUTERBOUND(#1848,.T.);
#1850=IFCFACE((#1849));
#1851=IFCPOLYLOOP((#1827,#1844,#1840,#1836,#1832,#1828));
#1852=IFCFACEOUTERBOUND(#1851,.T.);
#1853=IFCFACE((#1852));
#1854=IFCPOLYLOOP((#1701,#1700,#1699,#1698,#1697,#1704,#1703,#1702));
#1855=IFCFACEOUTERBOUND(#1854,.T.);
#1856=IFCCARTESIANPOINT((-72.002136712256302,-340.000502342971,-247.49868234744599));
#1857=IFCCARTESIANPOINT((-72.002121052045595,-357.32101041871601,-237.49868234754501));
#1858=IFCCARTESIANPOINT((-72.002042412045697,-357.32101041882601,-217.49868234768999));
#1859=IFCCARTESIANPOINT((-72.001979432256107,-340.00050234319002,-207.498682347737));
#1860=IFCCARTESIANPOINT((-72.0019950924668,-322.67999426744802,-217.498682347639));
#1861=IFCCARTESIANPOINT((-72.002073732466698,-322.679994267339,-237.49868234748999));
#1862=IFCPOLYLOOP((#1856,#1857,#1858,#1859,#1860,#1861));
#1863=IFCFACEBOUND(#1862,.T.);
#1864=IFCFACE((#1855,#1863));
#1865=IFCCARTESIANPOINT((-58.001979432376402,-340.00052146720901,-207.498737395734));
#1866=IFCCARTESIANPOINT((-58.001995092587102,-322.68001339146599,-217.498737395636));
#1867=IFCPOLYLOOP((#1865,#1866,#1860,#1859));
#1868=IFCFACEOUTERBOUND(#1867,.T.);
#1869=IFCFACE((#1868));
#1870=IFCCARTESIANPOINT((-58.002073732587,-322.68001339135702,-237.49873739548599));
#1871=IFCPOLYLOOP((#1866,#1870,#1861,#1860));
#1872=IFCFACEOUTERBOUND(#1871,.T.);
#1873=IFCFACE((#1872));
#1874=IFCCARTESIANPOINT((-58.002136712376597,-340.00052146699102,-247.49873739544299));
#1875=IFCPOLYLOOP((#1870,#1874,#1856,#1861));
#1876=IFCFACEOUTERBOUND(#1875,.T.);
#1877=IFCFACE((#1876));
#1878=IFCCARTESIANPOINT((-58.002121052165897,-357.32102954273603,-237.49873739554499));
#1879=IFCPOLYLOOP((#1874,#1878,#1857,#1856));
#1880=IFCFACEOUTERBOUND(#1879,.T.);
#1881=IFCFACE((#1880));
#1882=IFCCARTESIANPOINT((-58.002042412165999,-357.321029542845,-217.49873739569));
#1883=IFCPOLYLOOP((#1878,#1882,#1858,#1857));
#1884=IFCFACEOUTERBOUND(#1883,.T.);
#1885=IFCFACE((#1884));
#1886=IFCPOLYLOOP((#1882,#1865,#1859,#1858));
#1887=IFCFACEOUTERBOUND(#1886,.T.);
#1888=IFCFACE((#1887));
#1889=IFCPOLYLOOP((#1865,#1882,#1878,#1874,#1870,#1866));
#1890=IFCFACEOUTERBOUND(#1889,.T.);
#1891=IFCFACE((#1890));
#1892=IFCCARTESIANPOINT((-94.002309763180406,-387.50460851936401,-274.99803135882001));
#1893=IFCCARTESIANPOINT((-94.000147163203295,-387.504625313639,275.00196863717798));
#1894=IFCPOLYLOOP((#1892,#1693,#1692,#1893));
#1895=IFCFACEOUTERBOUND(#1894,.T.);
#1896=IFCFACE((#1895));
#1897=IFCCARTESIANPOINT((-94.001251114194702,387.49539148070699,-274.99800965881099));
#1898=IFCPOLYLOOP((#1897,#1694,#1693,#1892));
#1899=IFCFACEOUTERBOUND(#1898,.T.);
#1900=IFCFACE((#1899));
#1901=IFCCARTESIANPOINT((-93.999088514217604,387.495374686432,275.00199033719798));
#1902=IFCPOLYLOOP((#1901,#1691,#1694,#1897));
#1903=IFCFACEOUTERBOUND(#1902,.T.);
#1904=IFCFACE((#1903));
#1905=IFCPOLYLOOP((#1893,#1692,#1691,#1901));
#1906=IFCFACEOUTERBOUND(#1905,.T.);
#1907=IFCFACE((#1906));
#1908=IFCPOLYLOOP((#1897,#1892,#1893,#1901));
#1909=IFCFACEOUTERBOUND(#1908,.T.);
#1910=IFCCARTESIANPOINT((-93.9998357726367,0.406233211660947,187.75474782606));
#1911=IFCCARTESIANPOINT((-94.000398354771704,-72.537555649683796,69.999415727885193));
#1912=IFCCARTESIANPOINT((-94.000326086614706,-19.5937786791728,69.999409575011697));
#1913=IFCCARTESIANPOINT((-94.000522684145807,-19.5941018348367,20.000149626695901));
#1914=IFCCARTESIANPOINT((-94.000734461125404,-174.74441738652399,20.0009082043725));
#1915=IFCCARTESIANPOINT((-94.000526286193207,-174.74441123394701,72.944683380988906));
#1916=IFCCARTESIANPOINT((-94.000973836920593,-292.49974502814098,0.00092379679699661199));
#1917=IFCCARTESIANPOINT((-94.001099916028394,-174.744412928716,-72.942863157273706));
#1918=IFCCARTESIANPOINT((-94.000891741095998,-174.744406776126,-19.999087980613702));
#1919=IFCCARTESIANPOINT((-94.0006799608325,-19.593806190170699,-19.999110321790798));
#1920=IFCCARTESIANPOINT((-94.000876563330394,-19.593812000724899,-69.999743561180395));
#1921=IFCCARTESIANPOINT((-94.000948831469302,-72.537575733645994,-69.999737408317699));
#1922=IFCCARTESIANPOINT((-94.0013122773112,0.40620673988087203,-187.755078831422));
#1923=IFCCARTESIANPOINT((-94.000749695239605,73.3499822497797,-69.9997581773532));
#1924=IFCCARTESIANPOINT((-94.000821963399204,20.406203258067801,-69.999752024475995));
#1925=IFCCARTESIANPOINT((-94.000625360927003,20.406209068640202,-19.999125307153001));
#1926=IFCCARTESIANPOINT((-94.000414689152393,174.74472896613,-19.999147633345299));
#1927=IFCCARTESIANPOINT((-94.000622864044104,174.74472281354801,-72.942912473190503));
#1928=IFCCARTESIANPOINT((-94.000175313243304,292.500071866518,0.00086046245633042396));
#1929=IFCCARTESIANPOINT((-94.000049234157999,174.744739767097,72.944641694473802));
#1930=IFCCARTESIANPOINT((-94.000257409120394,174.744733614518,20.000858888459302));
#1931=IFCCARTESIANPOINT((-94.000468080895004,20.406213717022201,20.000881214622499));
#1932=IFCCARTESIANPOINT((-94.000271486691901,20.4062195273364,69.999404926435105));
#1933=IFCCARTESIANPOINT((-94.000199218532103,73.349998519050104,69.999398773565204));
#1934=IFCPOLYLOOP((#1910,#1911,#1912,#1913,#1914,#1915,#1916,#1917,#1918,#1919,#1920,#1921,#1922,#1923,#1924,#1925,#1926,#1927,#1928,#1929,#1930,#1931,#1932,#1933));
#1935=IFCFACEBOUND(#1934,.T.);
#1936=IFCCARTESIANPOINT((-94.001959772067295,-340.00047224104497,-202.49859590974299));
#1937=IFCCARTESIANPOINT((-94.001980323334905,-349.56755805016098,-204.401607596959));
#1938=IFCCARTESIANPOINT((-94.0020127111422,-357.67814177066799,-209.82092638005599));
#1939=IFCCARTESIANPOINT((-94.002052004738999,-363.09746055374097,-217.931510100541));
#1940=IFCCARTESIANPOINT((-94.002092222031706,-365.00047224090798,-227.49859590960099));
#1941=IFCCARTESIANPOINT((-94.002127240301903,-363.09746055363797,-237.065681718657));
#1942=IFCCARTESIANPOINT((-94.002151728335306,-357.67814177047501,-245.17626543912399));
#1943=IFCCARTESIANPOINT((-94.002161958050905,-349.56755804990797,-250.59558422218799));
#1944=IFCCARTESIANPOINT((-94.002156372067205,-340.00047224077002,-252.49859590937899));
#1945=IFCCARTESIANPOINT((-94.002135820799595,-330.43338643165401,-250.595584222159));
#1946=IFCCARTESIANPOINT((-94.0021034329923,-322.32280271114701,-245.17626543906599));
#1947=IFCCARTESIANPOINT((-94.002064139395301,-316.90348392807198,-237.065681718581));
#1948=IFCCARTESIANPOINT((-94.002023922102794,-315.00047224090702,-227.49859590951701));
#1949=IFCCARTESIANPOINT((-94.001988903832398,-316.903483928176,-217.931510100465));
#1950=IFCCARTESIANPOINT((-94.001964415799193,-322.322802711338,-209.82092637999801));
#1951=IFCCARTESIANPOINT((-94.001954186083594,-330.43338643190498,-204.40160759693001));
#1952=IFCPOLYLOOP((#1936,#1937,#1938,#1939,#1940,#1941,#1942,#1943,#1944,#1945,#1946,#1947,#1948,#1949,#1950,#1951));
#1953=IFCFACEBOUND(#1952,.T.);
#1954=IFCCARTESIANPOINT((-94.000170741881405,-340.00048607457597,252.50140401124699));
#1955=IFCCARTESIANPOINT((-94.000191293148902,-349.56757188369397,250.598392324027));
#1956=IFCCARTESIANPOINT((-94.000223680956196,-357.678155604202,245.17907354093401));
#1957=IFCCARTESIANPOINT((-94.000262974553394,-363.09747438727601,237.068489820449));
#1958=IFCCARTESIANPOINT((-94.000303191845902,-365.00048607444103,227.50140401138901));
#1959=IFCCARTESIANPOINT((-94.000338210116098,-363.09747438717,217.934318202333));
#1960=IFCCARTESIANPOINT((-94.000362698149502,-357.678155604008,209.823734481863));
#1961=IFCCARTESIANPOINT((-94.000372927865101,-349.56757188344301,204.404415698798));
#1962=IFCCARTESIANPOINT((-94.0003673418814,-340.000486074305,202.50140401161099));
#1963=IFCCARTESIANPOINT((-94.000346790613804,-330.433400265187,204.404415698831));
#1964=IFCCARTESIANPOINT((-94.000314402806495,-322.32281654467801,209.82373448192101));
#1965=IFCCARTESIANPOINT((-94.000275109209696,-316.90349776160502,217.934318202409));
#1966=IFCCARTESIANPOINT((-94.000234891917003,-315.00048607443898,227.501404011473));
#1967=IFCCARTESIANPOINT((-94.000199873646807,-316.90349776171001,237.06848982052199));
#1968=IFCCARTESIANPOINT((-94.000175385613403,-322.32281654487298,245.17907354099199));
#1969=IFCCARTESIANPOINT((-94.000165155897804,-330.43340026544001,250.59839232406));
#1970=IFCPOLYLOOP((#1954,#1955,#1956,#1957,#1958,#1959,#1960,#1961,#1962,#1963,#1964,#1965,#1966,#1967,#1968,#1969));
#1971=IFCFACEBOUND(#1970,.T.);
#1972=IFCCARTESIANPOINT((-94.001030959915596,339.99952765453997,-202.49857721603999));
#1973=IFCCARTESIANPOINT((-94.001051511183306,330.432441845423,-204.401588903256));
#1974=IFCCARTESIANPOINT((-94.001083898990601,322.32185812491701,-209.82090768635001));
#1975=IFCCARTESIANPOINT((-94.001123192587599,316.90253934184102,-217.93149140683801));
#1976=IFCCARTESIANPOINT((-94.001163409880306,314.999527654676,-227.49857721589399));
#1977=IFCCARTESIANPOINT((-94.001198428150502,316.90253934194499,-237.06566302495));
#1978=IFCCARTESIANPOINT((-94.001222916183906,322.32185812510897,-245.176246745421));
#1979=IFCCARTESIANPOINT((-94.001233145899505,330.43244184567402,-250.595565528485));
#1980=IFCCARTESIANPOINT((-94.001227559915606,339.99952765481402,-252.49857721567199));
#1981=IFCCARTESIANPOINT((-94.001207008648194,349.56661346393003,-250.595565528452));
#1982=IFCCARTESIANPOINT((-94.001174620840899,357.67719718443698,-245.17624674536299));
#1983=IFCCARTESIANPOINT((-94.001135327243901,363.096515967512,-237.065663024874));
#1984=IFCCARTESIANPOINT((-94.001095109951194,364.99952765467799,-227.49857721581401));
#1985=IFCCARTESIANPOINT((-94.001060091680998,363.096515967409,-217.93149140676201));
#1986=IFCCARTESIANPOINT((-94.001035603647594,357.67719718424502,-209.82090768629101));
#1987=IFCCARTESIANPOINT((-94.001025373932194,349.566613463679,-204.401588903223));
#1988=IFCPOLYLOOP((#1972,#1973,#1974,#1975,#1976,#1977,#1978,#1979,#1980,#1981,#1982,#1983,#1984,#1985,#1986,#1987));
#1989=IFCFACEBOUND(#1988,.T.);
#1990=IFCCARTESIANPOINT((-93.999241929730005,339.99951382101602,252.501422704954));
#1991=IFCCARTESIANPOINT((-93.999262480997501,330.43242801189803,250.59841101773401));
#1992=IFCCARTESIANPOINT((-93.999294868804796,322.32184429138903,245.17909223464099));
#1993=IFCCARTESIANPOINT((-93.999334162401695,316.90252550831599,237.068508514152));
#1994=IFCCARTESIANPOINT((-93.999374379694203,314.99951382115103,227.50142270509201));
#1995=IFCCARTESIANPOINT((-93.999409397964399,316.902525508422,217.93433689604001));
#1996=IFCCARTESIANPOINT((-93.999433885997902,322.321844291584,209.82375317556901));
#1997=IFCCARTESIANPOINT((-93.999444115713501,330.43242801214899,204.40443439250501));
#1998=IFCCARTESIANPOINT((-93.99943852973,339.999513821287,202.50142270531799));
#1999=IFCCARTESIANPOINT((-93.999417978462404,349.566599630403,204.40443439253801));
#2000=IFCCARTESIANPOINT((-93.999385590654995,357.67718335091399,209.82375317562801));
#2001=IFCCARTESIANPOINT((-93.999346297058096,363.09650213398697,217.934336896113));
#2002=IFCCARTESIANPOINT((-93.999306079765304,364.99951382115103,227.501422705176));
#2003=IFCCARTESIANPOINT((-93.999271061495193,363.09650213388198,237.06850851422899));
#2004=IFCCARTESIANPOINT((-93.999246573461704,357.67718335071902,245.179092234699));
#2005=IFCCARTESIANPOINT((-93.999236343746105,349.56659963015198,250.598411017763));
#2006=IFCPOLYLOOP((#1990,#1991,#1992,#1993,#1994,#1995,#1996,#1997,#1998,#1999,#2000,#2001,#2002,#2003,#2004,#2005));
#2007=IFCFACEBOUND(#2006,.T.);
#2008=IFCFACE((#1909,#1935,#1953,#1971,#1989,#2007));
#2009=IFCCARTESIANPOINT((-243.99924657217201,357.67738825091499,245.179682034661));
#2010=IFCCARTESIANPOINT((-243.99927106020601,363.09670703407897,237.06909831419401));
#2011=IFCPOLYLOOP((#2009,#2004,#2003,#2010));
#2012=IFCFACEOUTERBOUND(#2011,.T.);
#2013=IFCFACE((#2012));
#2014=IFCCARTESIANPOINT((-243.99923634245599,349.56680453035,250.59900081772901));
#2015=IFCPOLYLOOP((#2014,#2005,#2004,#2009));
#2016=IFCFACEOUTERBOUND(#2015,.T.);
#2017=IFCFACE((#2016));
#2018=IFCCARTESIANPOINT((-243.99924192844,339.99971872121199,252.50201250492));
#2019=IFCPOLYLOOP((#2018,#1990,#2005,#2014));
#2020=IFCFACEOUTERBOUND(#2019,.T.);
#2021=IFCFACE((#2020));
#2022=IFCCARTESIANPOINT((-243.99926247970799,330.43263291209399,250.59900081769999));
#2023=IFCPOLYLOOP((#2022,#1991,#1990,#2018));
#2024=IFCFACEOUTERBOUND(#2023,.T.);
#2025=IFCFACE((#2024));
#2026=IFCCARTESIANPOINT((-243.999294867515,322.32204919158698,245.179682034606));
#2027=IFCPOLYLOOP((#2026,#1992,#1991,#2022));
#2028=IFCFACEOUTERBOUND(#2027,.T.);
#2029=IFCFACE((#2028));
#2030=IFCCARTESIANPOINT((-243.99933416111199,316.90273040851201,237.06909831411801));
#2031=IFCPOLYLOOP((#2030,#1993,#1992,#2026));
#2032=IFCFACEOUTERBOUND(#2031,.T.);
#2033=IFCFACE((#2032));
#2034=IFCCARTESIANPOINT((-243.99937437840501,314.99971872134699,227.50201250505799));
#2035=IFCPOLYLOOP((#2034,#1994,#1993,#2030));
#2036=IFCFACEOUTERBOUND(#2035,.T.);
#2037=IFCFACE((#2036));
#2038=IFCCARTESIANPOINT((-243.99940939667499,316.90273040861803,217.93492669600201));
#2039=IFCPOLYLOOP((#2038,#1995,#1994,#2034));
#2040=IFCFACEOUTERBOUND(#2039,.T.);
#2041=IFCFACE((#2040));
#2042=IFCCARTESIANPOINT((-243.999433884708,322.32204919178002,209.82434297553499));
#2043=IFCPOLYLOOP((#2042,#1996,#1995,#2038));
#2044=IFCFACEOUTERBOUND(#2043,.T.);
#2045=IFCFACE((#2044));
#2046=IFCCARTESIANPOINT((-243.99944411442399,330.43263291234501,204.40502419247099));
#2047=IFCPOLYLOOP((#2046,#1997,#1996,#2042));
#2048=IFCFACEOUTERBOUND(#2047,.T.);
#2049=IFCFACE((#2048));
#2050=IFCCARTESIANPOINT((-243.99943852844001,339.99971872148501,202.50201250528301));
#2051=IFCPOLYLOOP((#2050,#1998,#1997,#2046));
#2052=IFCFACEOUTERBOUND(#2051,.T.);
#2053=IFCFACE((#2052));
#2054=IFCCARTESIANPOINT((-243.99941797717301,349.56680453060102,204.40502419250001));
#2055=IFCPOLYLOOP((#2054,#1999,#1998,#2050));
#2056=IFCFACEOUTERBOUND(#2055,.T.);
#2057=IFCFACE((#2056));
#2058=IFCCARTESIANPOINT((-243.999385589365,357.67738825111002,209.824342975593));
#2059=IFCPOLYLOOP((#2058,#2000,#1999,#2054));
#2060=IFCFACEOUTERBOUND(#2059,.T.);
#2061=IFCFACE((#2060));
#2062=IFCCARTESIANPOINT((-243.99934629576799,363.096707034183,217.93492669607801));
#2063=IFCPOLYLOOP((#2062,#2001,#2000,#2058));
#2064=IFCFACEOUTERBOUND(#2063,.T.);
#2065=IFCFACE((#2064));
#2066=IFCCARTESIANPOINT((-243.999306078476,364.99971872134802,227.50201250514101));
#2067=IFCPOLYLOOP((#2066,#2002,#2001,#2062));
#2068=IFCFACEOUTERBOUND(#2067,.T.);
#2069=IFCFACE((#2068));
#2070=IFCPOLYLOOP((#2010,#2003,#2002,#2066));
#2071=IFCFACEOUTERBOUND(#2070,.T.);
#2072=IFCFACE((#2071));
#2073=IFCPOLYLOOP((#2009,#2010,#2066,#2062,#2058,#2054,#2050,#2046,#2042,#2038,#2034,#2030,#2026,#2022,#2018,#2014));
#2074=IFCFACEOUTERBOUND(#2073,.T.);
#2075=IFCFACE((#2074));
#2076=IFCCARTESIANPOINT((-244.001035602358,357.67740208444201,-209.820317886326));
#2077=IFCCARTESIANPOINT((-244.001060090392,363.09672086760497,-217.930901606796));
#2078=IFCPOLYLOOP((#2076,#1986,#1985,#2077));
#2079=IFCFACEOUTERBOUND(#2078,.T.);
#2080=IFCFACE((#2079));
#2081=IFCCARTESIANPOINT((-244.001025372643,349.56681836387497,-204.40099910325799));
#2082=IFCPOLYLOOP((#2081,#1987,#1986,#2076));
#2083=IFCFACEOUTERBOUND(#2082,.T.);
#2084=IFCFACE((#2083));
#2085=IFCCARTESIANPOINT((-244.00103095862599,339.99973255473702,-202.49798741607401));
#2086=IFCPOLYLOOP((#2085,#1972,#1987,#2081));
#2087=IFCFACEOUTERBOUND(#2086,.T.);
#2088=IFCFACE((#2087));
#2089=IFCCARTESIANPOINT((-244.00105150989401,330.43264674562101,-204.40099910329101));
#2090=IFCPOLYLOOP((#2089,#1973,#1972,#2085));
#2091=IFCFACEOUTERBOUND(#2090,.T.);
#2092=IFCFACE((#2091));
#2093=IFCCARTESIANPOINT((-244.00108389770099,322.32206302511298,-209.820317886384));
#2094=IFCPOLYLOOP((#2093,#1974,#1973,#2089));
#2095=IFCFACEOUTERBOUND(#2094,.T.);
#2096=IFCFACE((#2095));
#2097=IFCCARTESIANPOINT((-244.00112319129801,316.90274424203898,-217.93090160687299));
#2098=IFCPOLYLOOP((#2097,#1975,#1974,#2093));
#2099=IFCFACEOUTERBOUND(#2098,.T.);
#2100=IFCFACE((#2099));
#2101=IFCCARTESIANPOINT((-244.001163408591,314.99973255487402,-227.497987415929));
#2102=IFCPOLYLOOP((#2101,#1976,#1975,#2097));
#2103=IFCFACEOUTERBOUND(#2102,.T.);
#2104=IFCFACE((#2103));
#2105=IFCCARTESIANPOINT((-244.00119842686101,316.902744242143,-237.06507322498501));
#2106=IFCPOLYLOOP((#2105,#1977,#1976,#2101));
#2107=IFCFACEOUTERBOUND(#2106,.T.);
#2108=IFCFACE((#2107));
#2109=IFCCARTESIANPOINT((-244.00122291489399,322.322063025305,-245.17565694545601));
#2110=IFCPOLYLOOP((#2109,#1978,#1977,#2105));
#2111=IFCFACEOUTERBOUND(#2110,.T.);
#2112=IFCFACE((#2111));
#2113=IFCCARTESIANPOINT((-244.00123314461001,330.43264674587198,-250.59497572852001));
#2114=IFCPOLYLOOP((#2113,#1979,#1978,#2109));
#2115=IFCFACEOUTERBOUND(#2114,.T.);
#2116=IFCFACE((#2115));
#2117=IFCCARTESIANPOINT((-244.001227558626,339.99973255500998,-252.497987415707));
#2118=IFCPOLYLOOP((#2117,#1980,#1979,#2113));
#2119=IFCFACEOUTERBOUND(#2118,.T.);
#2120=IFCFACE((#2119));
#2121=IFCCARTESIANPOINT((-244.001207007358,349.56681836412599,-250.59497572848699));
#2122=IFCPOLYLOOP((#2121,#1981,#1980,#2117));
#2123=IFCFACEOUTERBOUND(#2122,.T.);
#2124=IFCFACE((#2123));
#2125=IFCCARTESIANPOINT((-244.00117461955099,357.67740208463499,-245.17565694539701));
#2126=IFCPOLYLOOP((#2125,#1982,#1981,#2121));
#2127=IFCFACEOUTERBOUND(#2126,.T.);
#2128=IFCFACE((#2127));
#2129=IFCCARTESIANPOINT((-244.00113532595401,363.09672086770797,-237.06507322490901));
#2130=IFCPOLYLOOP((#2129,#1983,#1982,#2125));
#2131=IFCFACEOUTERBOUND(#2130,.T.);
#2132=IFCFACE((#2131));
#2133=IFCCARTESIANPOINT((-244.00109510866201,364.99973255487402,-227.497987415849));
#2134=IFCPOLYLOOP((#2133,#1984,#1983,#2129));
#2135=IFCFACEOUTERBOUND(#2134,.T.);
#2136=IFCFACE((#2135));
#2137=IFCPOLYLOOP((#2077,#1985,#1984,#2133));
#2138=IFCFACEOUTERBOUND(#2137,.T.);
#2139=IFCFACE((#2138));
#2140=IFCPOLYLOOP((#2076,#2077,#2133,#2129,#2125,#2121,#2117,#2113,#2109,#2105,#2101,#2097,#2093,#2089,#2085,#2081));
#2141=IFCFACEOUTERBOUND(#2140,.T.);
#2142=IFCFACE((#2141));
#2143=IFCCARTESIANPOINT((-244.000175384324,-322.32261164467502,245.179663340958));
#2144=IFCCARTESIANPOINT((-244.000199872357,-316.903292861512,237.069079620487));
#2145=IFCPOLYLOOP((#2143,#1968,#1967,#2144));
#2146=IFCFACEOUTERBOUND(#2145,.T.);
#2147=IFCFACE((#2146));
#2148=IFCCARTESIANPOINT((-244.000165154608,-330.433195365242,250.59898212402501));
#2149=IFCPOLYLOOP((#2148,#1969,#1968,#2143));
#2150=IFCFACEOUTERBOUND(#2149,.T.);
#2151=IFCFACE((#2150));
#2152=IFCCARTESIANPOINT((-244.00017074059201,-340.00028117438001,252.501993811213));
#2153=IFCPOLYLOOP((#2152,#1954,#1969,#2148));
#2154=IFCFACEOUTERBOUND(#2153,.T.);
#2155=IFCFACE((#2154));
#2156=IFCCARTESIANPOINT((-244.00019129185901,-349.567366983498,250.59898212399301));
#2157=IFCPOLYLOOP((#2156,#1955,#1954,#2152));
#2158=IFCFACEOUTERBOUND(#2157,.T.);
#2159=IFCFACE((#2158));
#2160=IFCCARTESIANPOINT((-244.00022367966699,-357.67795070400501,245.179663340899));
#2161=IFCPOLYLOOP((#2160,#1956,#1955,#2156));
#2162=IFCFACEOUTERBOUND(#2161,.T.);
#2163=IFCFACE((#2162));
#2164=IFCCARTESIANPOINT((-244.000262973264,-363.09726948707799,237.06907962041399));
#2165=IFCPOLYLOOP((#2164,#1957,#1956,#2160));
#2166=IFCFACEOUTERBOUND(#2165,.T.);
#2167=IFCFACE((#2166));
#2168=IFCCARTESIANPOINT((-244.000303190556,-365.000281174245,227.50199381135499));
#2169=IFCPOLYLOOP((#2168,#1958,#1957,#2164));
#2170=IFCFACEOUTERBOUND(#2169,.T.);
#2171=IFCFACE((#2170));
#2172=IFCCARTESIANPOINT((-244.00033820882601,-363.09726948697403,217.93490800229799));
#2173=IFCPOLYLOOP((#2172,#1959,#1958,#2168));
#2174=IFCFACEOUTERBOUND(#2173,.T.);
#2175=IFCFACE((#2174));
#2176=IFCCARTESIANPOINT((-244.00036269686001,-357.67795070380998,209.82432428182801));
#2177=IFCPOLYLOOP((#2176,#1960,#1959,#2172));
#2178=IFCFACEOUTERBOUND(#2177,.T.);
#2179=IFCFACE((#2178));
#2180=IFCCARTESIANPOINT((-244.00037292657601,-349.56736698324698,204.40500549876401));
#2181=IFCPOLYLOOP((#2180,#1961,#1960,#2176));
#2182=IFCFACEOUTERBOUND(#2181,.T.);
#2183=IFCFACE((#2182));
#2184=IFCCARTESIANPOINT((-244.00036734059199,-340.00028117410699,202.50199381157699));
#2185=IFCPOLYLOOP((#2184,#1962,#1961,#2180));
#2186=IFCFACEOUTERBOUND(#2185,.T.);
#2187=IFCFACE((#2186));
#2188=IFCCARTESIANPOINT((-244.000346789324,-330.43319536499098,204.40500549879701));
#2189=IFCPOLYLOOP((#2188,#1963,#1962,#2184));
#2190=IFCFACEOUTERBOUND(#2189,.T.);
#2191=IFCFACE((#2190));
#2192=IFCCARTESIANPOINT((-244.00031440151699,-322.32261164448198,209.82432428188599));
#2193=IFCPOLYLOOP((#2192,#1964,#1963,#2188));
#2194=IFCFACEOUTERBOUND(#2193,.T.);
#2195=IFCFACE((#2194));
#2196=IFCCARTESIANPOINT((-244.00027510792,-316.90329286140701,217.93490800237501));
#2197=IFCPOLYLOOP((#2196,#1965,#1964,#2192));
#2198=IFCFACEOUTERBOUND(#2197,.T.);
#2199=IFCFACE((#2198));
#2200=IFCCARTESIANPOINT((-244.00023489062701,-315.00028117424301,227.501993811435));
#2201=IFCPOLYLOOP((#2200,#1966,#1965,#2196));
#2202=IFCFACEOUTERBOUND(#2201,.T.);
#2203=IFCFACE((#2202));
#2204=IFCPOLYLOOP((#2144,#1967,#1966,#2200));
#2205=IFCFACEOUTERBOUND(#2204,.T.);
#2206=IFCFACE((#2205));
#2207=IFCPOLYLOOP((#2143,#2144,#2200,#2196,#2192,#2188,#2184,#2180,#2176,#2172,#2168,#2164,#2160,#2156,#2152,#2148));
#2208=IFCFACEOUTERBOUND(#2207,.T.);
#2209=IFCFACE((#2208));
#2210=IFCCARTESIANPOINT((-244.00196441451001,-322.32259781114197,-209.820336580033));
#2211=IFCCARTESIANPOINT((-244.00198890254299,-316.90327902797998,-217.93092030049999));
#2212=IFCPOLYLOOP((#2210,#1950,#1949,#2211));
#2213=IFCFACEOUTERBOUND(#2212,.T.);
#2214=IFCFACE((#2213));
#2215=IFCCARTESIANPOINT((-244.00195418479399,-330.43318153170901,-204.40101779696499));
#2216=IFCPOLYLOOP((#2215,#1951,#1950,#2210));
#2217=IFCFACEOUTERBOUND(#2216,.T.);
#2218=IFCFACE((#2217));
#2219=IFCCARTESIANPOINT((-244.001959770778,-340.00026734084702,-202.498006109778));
#2220=IFCPOLYLOOP((#2219,#1936,#1951,#2215));
#2221=IFCFACEOUTERBOUND(#2220,.T.);
#2222=IFCFACE((#2221));
#2223=IFCCARTESIANPOINT((-244.001980322045,-349.56735314996303,-204.40101779699401));
#2224=IFCPOLYLOOP((#2223,#1937,#1936,#2219));
#2225=IFCFACEOUTERBOUND(#2224,.T.);
#2226=IFCFACE((#2225));
#2227=IFCCARTESIANPOINT((-244.00201270985301,-357.67793687047202,-209.82033658009101));
#2228=IFCPOLYLOOP((#2227,#1938,#1937,#2223));
#2229=IFCFACEOUTERBOUND(#2228,.T.);
#2230=IFCFACE((#2229));
#2231=IFCCARTESIANPOINT((-244.00205200344899,-363.09725565354501,-217.93092030057599));
#2232=IFCPOLYLOOP((#2231,#1939,#1938,#2227));
#2233=IFCFACEOUTERBOUND(#2232,.T.);
#2234=IFCFACE((#2233));
#2235=IFCCARTESIANPOINT((-244.00209222074201,-365.00026734071099,-227.49800610963601));
#2236=IFCPOLYLOOP((#2235,#1940,#1939,#2231));
#2237=IFCFACEOUTERBOUND(#2236,.T.);
#2238=IFCFACE((#2237));
#2239=IFCCARTESIANPOINT((-244.002127239012,-363.09725565344201,-237.06509191869199));
#2240=IFCPOLYLOOP((#2239,#1941,#1940,#2235));
#2241=IFCFACEOUTERBOUND(#2240,.T.);
#2242=IFCFACE((#2241));
#2243=IFCCARTESIANPOINT((-244.002151727046,-357.67793687027898,-245.17567563915901));
#2244=IFCPOLYLOOP((#2243,#1942,#1941,#2239));
#2245=IFCFACEOUTERBOUND(#2244,.T.);
#2246=IFCFACE((#2245));
#2247=IFCCARTESIANPOINT((-244.002161956761,-349.56735314971201,-250.59499442222301));
#2248=IFCPOLYLOOP((#2247,#1943,#1942,#2243));
#2249=IFCFACEOUTERBOUND(#2248,.T.);
#2250=IFCFACE((#2249));
#2251=IFCCARTESIANPOINT((-244.00215637077801,-340.000267340574,-252.49800610941401));
#2252=IFCPOLYLOOP((#2251,#1944,#1943,#2247));
#2253=IFCFACEOUTERBOUND(#2252,.T.);
#2254=IFCFACE((#2253));
#2255=IFCCARTESIANPOINT((-244.00213581950999,-330.43318153145799,-250.59499442219399));
#2256=IFCPOLYLOOP((#2255,#1945,#1944,#2251));
#2257=IFCFACEOUTERBOUND(#2256,.T.);
#2258=IFCFACE((#2257));
#2259=IFCCARTESIANPOINT((-244.00210343170301,-322.32259781094899,-245.175675639101));
#2260=IFCPOLYLOOP((#2259,#1946,#1945,#2255));
#2261=IFCFACEOUTERBOUND(#2260,.T.);
#2262=IFCFACE((#2261));
#2263=IFCCARTESIANPOINT((-244.00206413810599,-316.90327902787601,-237.06509191861599));
#2264=IFCPOLYLOOP((#2263,#1947,#1946,#2259));
#2265=IFCFACEOUTERBOUND(#2264,.T.);
#2266=IFCFACE((#2265));
#2267=IFCCARTESIANPOINT((-244.002023920813,-315.00026734071099,-227.49800610955199));
#2268=IFCPOLYLOOP((#2267,#1948,#1947,#2263));
#2269=IFCFACEOUTERBOUND(#2268,.T.);
#2270=IFCFACE((#2269));
#2271=IFCPOLYLOOP((#2211,#1949,#1948,#2267));
#2272=IFCFACEOUTERBOUND(#2271,.T.);
#2273=IFCFACE((#2272));
#2274=IFCPOLYLOOP((#2210,#2211,#2267,#2263,#2259,#2255,#2251,#2247,#2243,#2239,#2235,#2231,#2227,#2223,#2219,#2215));
#2275=IFCFACEOUTERBOUND(#2274,.T.);
#2276=IFCFACE((#2275));
#2277=IFCCARTESIANPOINT((-96.000271486674805,20.406222257339302,69.999412790432004));
#2278=IFCCARTESIANPOINT((-96.000468080877894,20.406216447025098,20.000889078623));
#2279=IFCPOLYLOOP((#2277,#1932,#1931,#2278));
#2280=IFCFACEOUTERBOUND(#2279,.T.);
#2281=IFCFACE((#2280));
#2282=IFCCARTESIANPOINT((-96.000199218514993,73.350001249053093,69.999406637565698));
#2283=IFCPOLYLOOP((#2282,#1933,#1932,#2277));
#2284=IFCFACEOUTERBOUND(#2283,.T.);
#2285=IFCFACE((#2284));
#2286=IFCCARTESIANPOINT((-95.999835772619505,0.40623594166390797,187.75475569006099));
#2287=IFCPOLYLOOP((#2286,#1910,#1933,#2282));
#2288=IFCFACEOUTERBOUND(#2287,.T.);
#2289=IFCFACE((#2288));
#2290=IFCCARTESIANPOINT((-96.000398354754495,-72.537552919680806,69.999423591885702));
#2291=IFCPOLYLOOP((#2290,#1911,#1910,#2286));
#2292=IFCFACEOUTERBOUND(#2291,.T.);
#2293=IFCFACE((#2292));
#2294=IFCCARTESIANPOINT((-96.000326086597397,-19.593775949169899,69.999417439012205));
#2295=IFCPOLYLOOP((#2294,#1912,#1911,#2290));
#2296=IFCFACEOUTERBOUND(#2295,.T.);
#2297=IFCFACE((#2296));
#2298=IFCCARTESIANPOINT((-96.000522684128796,-19.594099104833699,20.000157490696399));
#2299=IFCPOLYLOOP((#2298,#1913,#1912,#2294));
#2300=IFCFACEOUTERBOUND(#2299,.T.);
#2301=IFCFACE((#2300));
#2302=IFCCARTESIANPOINT((-96.000734461108294,-174.744414656521,20.000916068373002));
#2303=IFCPOLYLOOP((#2302,#1914,#1913,#2298));
#2304=IFCFACEOUTERBOUND(#2303,.T.);
#2305=IFCFACE((#2304));
#2306=IFCCARTESIANPOINT((-96.000526286175997,-174.74440850394399,72.9446912449894));
#2307=IFCPOLYLOOP((#2306,#1915,#1914,#2302));
#2308=IFCFACEOUTERBOUND(#2307,.T.);
#2309=IFCFACE((#2308));
#2310=IFCCARTESIANPOINT((-96.000973836903299,-292.49974229813802,0.00093166079386719503));
#2311=IFCPOLYLOOP((#2310,#1916,#1915,#2306));
#2312=IFCFACEOUTERBOUND(#2311,.T.);
#2313=IFCFACE((#2312));
#2314=IFCCARTESIANPOINT((-96.001099916011299,-174.74441019871301,-72.942855293273198));
#2315=IFCPOLYLOOP((#2314,#1917,#1916,#2310));
#2316=IFCFACEOUTERBOUND(#2315,.T.);
#2317=IFCFACE((#2316));
#2318=IFCCARTESIANPOINT((-96.000891741078902,-174.74440404612301,-19.9990801166132));
#2319=IFCPOLYLOOP((#2318,#1918,#1917,#2314));
#2320=IFCFACEOUTERBOUND(#2319,.T.);
#2321=IFCFACE((#2320));
#2322=IFCCARTESIANPOINT((-96.000679960815404,-19.593803460167699,-19.9991024577903));
#2323=IFCPOLYLOOP((#2322,#1919,#1918,#2318));
#2324=IFCFACEOUTERBOUND(#2323,.T.);
#2325=IFCFACE((#2324));
#2326=IFCCARTESIANPOINT((-96.000876563313298,-19.593809270722002,-69.999735697179901));
#2327=IFCPOLYLOOP((#2326,#1920,#1919,#2322));
#2328=IFCFACEOUTERBOUND(#2327,.T.);
#2329=IFCFACE((#2328));
#2330=IFCCARTESIANPOINT((-96.000948831452007,-72.537573003643004,-69.9997295443209));
#2331=IFCPOLYLOOP((#2330,#1921,#1920,#2326));
#2332=IFCFACEOUTERBOUND(#2331,.T.);
#2333=IFCFACE((#2332));
#2334=IFCCARTESIANPOINT((-96.001312277294105,0.406209469883834,-187.75507096742101));
#2335=IFCPOLYLOOP((#2334,#1922,#1921,#2330));
#2336=IFCFACEOUTERBOUND(#2335,.T.);
#2337=IFCFACE((#2336));
#2338=IFCCARTESIANPOINT((-96.000749695222297,73.349984979782704,-69.999750313352706));
#2339=IFCPOLYLOOP((#2338,#1923,#1922,#2334));
#2340=IFCFACEOUTERBOUND(#2339,.T.);
#2341=IFCFACE((#2340));
#2342=IFCCARTESIANPOINT((-96.000821963382094,20.406205988070699,-69.999744160475501));
#2343=IFCPOLYLOOP((#2342,#1924,#1923,#2338));
#2344=IFCFACEOUTERBOUND(#2343,.T.);
#2345=IFCFACE((#2344));
#2346=IFCCARTESIANPOINT((-96.000625360909893,20.406211798643199,-19.9991174431525));
#2347=IFCPOLYLOOP((#2346,#1925,#1924,#2342));
#2348=IFCFACEOUTERBOUND(#2347,.T.);
#2349=IFCFACE((#2348));
#2350=IFCCARTESIANPOINT((-96.000414689135098,174.74473169613299,-19.9991397693484));
#2351=IFCPOLYLOOP((#2350,#1926,#1925,#2346));
#2352=IFCFACEOUTERBOUND(#2351,.T.);
#2353=IFCFACE((#2352));
#2354=IFCCARTESIANPOINT((-96.000622864026994,174.744725543551,-72.942904609189995));
#2355=IFCPOLYLOOP((#2354,#1927,#1926,#2350));
#2356=IFCFACEOUTERBOUND(#2355,.T.);
#2357=IFCFACE((#2356));
#2358=IFCCARTESIANPOINT((-96.000175313226194,292.50007459652102,0.00086832645683898601));
#2359=IFCPOLYLOOP((#2358,#1928,#1927,#2354));
#2360=IFCFACEOUTERBOUND(#2359,.T.);
#2361=IFCFACE((#2360));
#2362=IFCCARTESIANPOINT((-96.000049234141002,174.74474249709999,72.944649558474296));
#2363=IFCPOLYLOOP((#2362,#1929,#1928,#2358));
#2364=IFCFACEOUTERBOUND(#2363,.T.);
#2365=IFCFACE((#2364));
#2366=IFCCARTESIANPOINT((-96.000257409103099,174.74473634452099,20.000866752456201));
#2367=IFCPOLYLOOP((#2366,#1930,#1929,#2362));
#2368=IFCFACEOUTERBOUND(#2367,.T.);
#2369=IFCFACE((#2368));
#2370=IFCPOLYLOOP((#2278,#1931,#1930,#2366));
#2371=IFCFACEOUTERBOUND(#2370,.T.);
#2372=IFCFACE((#2371));
#2373=IFCPOLYLOOP((#2314,#2310,#2306,#2302,#2298,#2294,#2290,#2286,#2282,#2277,#2278,#2366,#2362,#2358,#2354,#2350,#2346,#2342,#2338,#2334,#2330,#2326,#2322,#2318));
#2374=IFCFACEOUTERBOUND(#2373,.T.);
#2375=IFCFACE((#2374));
#2376=IFCCARTESIANPOINT((-34.9999921040232,-232.573875869944,84.650123092291295));
#2377=IFCCARTESIANPOINT((-34.999900244498299,-214.341239662177,123.750137619179));
#2378=IFCCARTESIANPOINT((-34.999811415984098,-189.595951897552,159.09007101661001));
#2379=IFCCARTESIANPOINT((-34.999728317491197,-159.08988562308099,189.596137291177));
#2380=IFCCARTESIANPOINT((-34.999653473924397,-123.7499522257,214.34142505594701));
#2381=IFCCARTESIANPOINT((-34.999589159368,-84.649937698817695,232.574061263891));
#2382=IFCCARTESIANPOINT((-34.9995373279869,-42.9778761982707,243.74005649000199));
#2383=IFCCARTESIANPOINT((-34.999499554651898,4.7774323320481899E-05,247.50013761960099));
#2384=IFCCARTESIANPOINT((-34.999476987086403,42.977971746939097,243.74005649025301));
#2385=IFCCARTESIANPOINT((-34.999470310994603,84.6500332475498,232.574061264379));
#2386=IFCCARTESIANPOINT((-34.999479729225897,123.750047774536,214.34142505666));
#2387=IFCCARTESIANPOINT((-34.999504955612103,159.08998117205701,189.596137292094));
#2388=IFCCARTESIANPOINT((-34.999545223662601,189.59604744670301,159.09007101770499));
#2389=IFCCARTESIANPOINT((-34.999599309852798,214.34133521152799,123.750137620413));
#2390=IFCCARTESIANPOINT((-34.999665570801199,232.573971419522,84.6501230936301));
#2391=IFCCARTESIANPOINT((-34.999741993202399,243.739966645659,42.978061593192301));
#2392=IFCCARTESIANPOINT((-34.999826255000499,247.50004777526601,0.000137620703753782));
#2393=IFCCARTESIANPOINT((-34.999915795943302,243.73996664590399,-42.977786351799303));
#2394=IFCCARTESIANPOINT((-35.000007895374701,232.57397142000301,-84.649847852306294));
#2395=IFCCARTESIANPOINT((-35.0000997548998,214.34133521223501,-123.749862379194));
#2396=IFCCARTESIANPOINT((-35.000188583414001,189.596047447611,-159.08979577662799));
#2397=IFCCARTESIANPOINT((-35.000271681907002,159.089981173138,-189.59586205119899));
#2398=IFCCARTESIANPOINT((-35.000346525473603,123.750047775759,-214.341149815958));
#2399=IFCCARTESIANPOINT((-35.000410840030298,84.6500332488758,-232.57378602391));
#2400=IFCCARTESIANPOINT((-35.000462671411199,42.977971748330702,-243.73978125002));
#2401=IFCCARTESIANPOINT((-35.000500444746002,4.7775734856259098E-05,-247.49986237961599));
#2402=IFCCARTESIANPOINT((-35.000523012311803,-42.977876196880999,-243.73978125026801));
#2403=IFCCARTESIANPOINT((-35.000529688403702,-84.649937697491595,-232.57378602439701));
#2404=IFCCARTESIANPOINT((-35.000520270172302,-123.74995222447799,-214.34114981667199));
#2405=IFCCARTESIANPOINT((-35.000495043786003,-159.08988562200099,-189.59586205211599));
#2406=IFCCARTESIANPOINT((-35.000454775735498,-189.595951896645,-159.089795777723));
#2407=IFCCARTESIANPOINT((-35.000400689545401,-214.34123966146799,-123.749862380428));
#2408=IFCCARTESIANPOINT((-35.000334428596901,-232.573875869462,-84.649847853648694));
#2409=IFCCARTESIANPOINT((-35.0002580061957,-243.73987109559999,-42.9777863532072));
#2410=IFCCARTESIANPOINT((-35.000173744397699,-247.49995222520599,0.00013761927766609));
#2411=IFCCARTESIANPOINT((-35.000084203454698,-243.73987109584601,42.978061591787998));
#2412=IFCPOLYLOOP((#2376,#2377,#2378,#2379,#2380,#2381,#2382,#2383,#2384,#2385,#2386,#2387,#2388,#2389,#2390,#2391,#2392,#2393,#2394,#2395,#2396,#2397,#2398,#2399,#2400,#2401,#2402,#2403,#2404,#2405,#2406,#2407,#2408,#2409,#2410,#2411));
#2413=IFCFACEOUTERBOUND(#2412,.T.);
#2414=IFCPOLYLOOP((#1532,#1539,#1544,#1549,#1554,#1559,#1564,#1569,#1574,#1579,#1584,#1589,#1594,#1599,#1604,#1609,#1614,#1619,#1624,#1629,#1634,#1639,#1644,#1649,#1654,#1659,#1664,#1669,#1674,#1679,#1684,#1533));
#2415=IFCFACEBOUND(#2414,.T.);
#2416=IFCFACE((#2413,#2415));
#2417=IFCCARTESIANPOINT((-0.00025800601929404398,-243.73989566563799,-42.977857123205503));
#2418=IFCCARTESIANPOINT((-0.00017374422145621801,-247.499976795241,6.6849279392045005E-05));
#2419=IFCPOLYLOOP((#2409,#2417,#2418,#2410));
#2420=IFCFACEOUTERBOUND(#2419,.T.);
#2421=IFCFACE((#2420));
#2422=IFCCARTESIANPOINT((0.00050044552426697897,2.3204287572298199E-05,247.50006684959999));
#2423=IFCCARTESIANPOINT((0.00046267218908724301,-42.977900768308203,243.73998572000301));
#2424=IFCCARTESIANPOINT((0.00041084080839937098,-84.649962268855205,232.57399049389301));
#2425=IFCCARTESIANPOINT((0.00034652625186026902,-123.749976795736,214.341354285949));
#2426=IFCCARTESIANPOINT((0.000271682685024643,-159.08991019311901,189.59606652117901));
#2427=IFCCARTESIANPOINT((0.00018858419184653,-189.595976467588,159.090000246611));
#2428=IFCCARTESIANPOINT((9.9755678093060905E-05,-214.34126423221301,123.750066849181));
#2429=IFCCARTESIANPOINT((7.8961527378851298E-06,-232.57390043998001,84.650052322289397));
#2430=IFCCARTESIANPOINT((-8.42032786749769E-05,-243.73989566588401,42.977990821789703));
#2431=IFCCARTESIANPOINT((-0.00033442842050135401,-232.57390043949999,-84.649918623646997));
#2432=IFCCARTESIANPOINT((-0.00040068936891657402,-214.34126423150499,-123.74993315043));
#2433=IFCCARTESIANPOINT((-0.00045477555909201301,-189.59597646668001,-159.08986654772201));
#2434=IFCCARTESIANPOINT((-0.00049504360958962902,-159.08991019203901,-189.59593282211401));
#2435=IFCCARTESIANPOINT((-0.00052026999605914203,-123.749976794516,-214.34122058667));
#2436=IFCCARTESIANPOINT((-0.00052968822751609001,-84.649962267529204,-232.573856794395));
#2437=IFCCARTESIANPOINT((-0.00052301213554528702,-42.977900766918502,-243.739852020266));
#2438=IFCCARTESIANPOINT((-0.00050044456997966303,2.32056972890859E-05,-247.499933149615));
#2439=IFCCARTESIANPOINT((-0.00046267123479992701,42.9779471782931,-243.73985202001899));
#2440=IFCCARTESIANPOINT((-0.00041083985411205498,84.650008678840095,-232.57385679390799));
#2441=IFCCARTESIANPOINT((-0.00034652529757295302,123.75002320572101,-214.34122058595699));
#2442=IFCCARTESIANPOINT((-0.00027168173073732798,159.08995660310001,-189.59593282119701));
#2443=IFCCARTESIANPOINT((-0.00018858323755921401,189.59602287757301,-159.08986654662701));
#2444=IFCCARTESIANPOINT((-9.9754723805745002E-05,214.34131064219801,-123.749933149193));
#2445=IFCCARTESIANPOINT((-7.8951984505692996E-06,232.57394684996501,-84.649918622304497));
#2446=IFCCARTESIANPOINT((8.4204232962292695E-05,243.73994207586799,-42.977857121797598));
#2447=IFCCARTESIANPOINT((0.00017374517574353401,247.50002320522799,6.6850705479737398E-05));
#2448=IFCCARTESIANPOINT((0.000258006973808733,243.73994207562299,42.977990823193998));
#2449=IFCCARTESIANPOINT((0.00033442937501604298,232.573946849485,84.650052323631797));
#2450=IFCCARTESIANPOINT((0.00040069032343126299,214.34131064149,123.750066850414));
#2451=IFCCARTESIANPOINT((0.00045477651337932901,189.59602287666499,159.090000247706));
#2452=IFCCARTESIANPOINT((0.00049504456387694496,159.089956602022,189.59606652209499));
#2453=IFCCARTESIANPOINT((0.000520270950573831,123.7500232045,214.341354286658));
#2454=IFCCARTESIANPOINT((0.00052968918180340595,84.650008677512204,232.57399049438399));
#2455=IFCCARTESIANPOINT((0.00052301308983260198,42.977947176903399,243.73998572025101));
#2456=IFCPOLYLOOP((#2422,#2423,#2424,#2425,#2426,#2427,#2428,#2429,#2430,#2418,#2417,#2431,#2432,#2433,#2434,#2435,#2436,#2437,#2438,#2439,#2440,#2441,#2442,#2443,#2444,#2445,#2446,#2447,#2448,#2449,#2450,#2451,#2452,#2453,#2454,#2455));
#2457=IFCFACEBOUND(#2456,.T.);
#2458=IFCCARTESIANPOINT((-0.0018752137486899301,-243.491378017263,-214.49999999758401));
#2459=IFCCARTESIANPOINT((-0.00193883541646755,-255.499999988551,-226.508621968867));
#2460=IFCCARTESIANPOINT((-0.0020056116131854699,-255.499999988459,-243.49137802604301));
#2461=IFCCARTESIANPOINT((-0.0020364257486562599,-243.49137801703901,-255.49999999728999));
#2462=IFCCARTESIANPOINT((-0.0020132273205035701,-226.50862195974301,-255.499999997261));
#2463=IFCCARTESIANPOINT((-0.00194960565272595,-214.49999998845701,-243.491378025974));
#2464=IFCCARTESIANPOINT((-0.0018828294557806701,-214.49999998854901,-226.508621968802));
#2465=IFCCARTESIANPOINT((-0.00185201532030987,-226.508621959967,-214.499999997559));
#2466=IFCPOLYLOOP((#2458,#2459,#2460,#2461,#2462,#2463,#2464,#2465));
#2467=IFCFACEBOUND(#2466,.T.);
#2468=IFCCARTESIANPOINT((-2.71739372692537E-05,-243.49613118268101,255.501602109591));
#2469=IFCCARTESIANPOINT((-9.0795604819504701E-05,-255.50475315396801,243.49298013830801));
#2470=IFCCARTESIANPOINT((-0.00015757180176478901,-255.50475315387499,226.51022408113599));
#2471=IFCCARTESIANPOINT((-0.00018838593723558,-243.49613118245699,214.50160210988901));
#2472=IFCCARTESIANPOINT((-0.000165187508855524,-226.51337512516,214.501602109918));
#2473=IFCCARTESIANPOINT((-0.0001015658410779,-214.504753153873,226.51022408120099));
#2474=IFCCARTESIANPOINT((-3.4789644359989297E-05,-214.50475315396599,243.49298013837699));
#2475=IFCCARTESIANPOINT((-3.9755088891979497E-06,-226.51337512538299,255.50160210961999));
#2476=IFCPOLYLOOP((#2468,#2469,#2470,#2471,#2472,#2473,#2474,#2475));
#2477=IFCFACEBOUND(#2476,.T.);
#2478=IFCCARTESIANPOINT((0.000614381888908611,226.508621980192,255.501602110362));
#2479=IFCCARTESIANPOINT((0.00055076022135835999,214.50000000890401,243.49298013907901));
#2480=IFCCARTESIANPOINT((0.00048398402441307602,214.50000000899701,226.51022408190701));
#2481=IFCCARTESIANPOINT((0.000453169888942284,226.508621980416,214.50160211066));
#2482=IFCCARTESIANPOINT((0.00047636831732234003,243.491378037712,214.50160211068601));
#2483=IFCCARTESIANPOINT((0.00053998998509996498,255.500000008999,226.51022408197201));
#2484=IFCCARTESIANPOINT((0.000606766181817875,255.500000008906,243.49298013914799));
#2485=IFCCARTESIANPOINT((0.00063758031728866605,243.491378037488,255.50160211039099));
#2486=IFCPOLYLOOP((#2478,#2479,#2480,#2481,#2482,#2483,#2484,#2485));
#2487=IFCFACEBOUND(#2486,.T.);
#2488=IFCCARTESIANPOINT((-0.0012336644106198901,226.50862198275701,-214.499999996817));
#2489=IFCCARTESIANPOINT((-0.00129728607839752,214.50000001146901,-226.50862196809601));
#2490=IFCCARTESIANPOINT((-0.0013640622751154301,214.50000001156101,-243.49137802527201));
#2491=IFCCARTESIANPOINT((-0.0013948764105862199,226.508621982981,-255.499999996518));
#2492=IFCCARTESIANPOINT((-0.0013716779822061701,243.49137804027899,-255.49999999648901));
#2493=IFCCARTESIANPOINT((-0.00130805631465591,255.500000011563,-243.49137802520301));
#2494=IFCCARTESIANPOINT((-0.0012412801177106301,255.500000011471,-226.50862196803101));
#2495=IFCCARTESIANPOINT((-0.00121046598223984,243.491378040055,-214.49999999678801));
#2496=IFCPOLYLOOP((#2488,#2489,#2490,#2491,#2492,#2493,#2494,#2495));
#2497=IFCFACEBOUND(#2496,.T.);
#2498=IFCFACE((#1219,#2457,#2467,#2477,#2487,#2497));
#2499=IFCCARTESIANPOINT((-4.0012412800833799,255.500005475476,-226.508606240033));
#2500=IFCCARTESIANPOINT((-4.0013080562803198,255.500005475569,-243.49136229720901));
#2501=IFCPOLYLOOP((#2499,#2494,#2493,#2500));
#2502=IFCFACEOUTERBOUND(#2501,.T.);
#2503=IFCFACE((#2502));
#2504=IFCCARTESIANPOINT((-4.00121046594791,243.491383504059,-214.49998426879));
#2505=IFCPOLYLOOP((#2504,#2495,#2494,#2499));
#2506=IFCFACEOUTERBOUND(#2505,.T.);
#2507=IFCFACE((#2506));
#2508=IFCCARTESIANPOINT((-4.00123366437629,226.508627446763,-214.49998426881899));
#2509=IFCPOLYLOOP((#2508,#2488,#2495,#2504));
#2510=IFCFACEOUTERBOUND(#2509,.T.);
#2511=IFCFACE((#2510));
#2512=IFCCARTESIANPOINT((-4.0012972860440597,214.50000547547501,-226.508606240099));
#2513=IFCPOLYLOOP((#2512,#2489,#2488,#2508));
#2514=IFCFACEOUTERBOUND(#2513,.T.);
#2515=IFCFACE((#2514));
#2516=IFCCARTESIANPOINT((-4.0013640622407802,214.50000547556701,-243.491362297271));
#2517=IFCPOLYLOOP((#2516,#2490,#2489,#2512));
#2518=IFCFACEOUTERBOUND(#2517,.T.);
#2519=IFCFACE((#2518));
#2520=IFCCARTESIANPOINT((-4.0013948763762501,226.50862744698699,-255.49998426852099));
#2521=IFCPOLYLOOP((#2520,#2491,#2490,#2516));
#2522=IFCFACEOUTERBOUND(#2521,.T.);
#2523=IFCFACE((#2522));
#2524=IFCCARTESIANPOINT((-4.0013716779478701,243.49138350428299,-255.499984268492));
#2525=IFCPOLYLOOP((#2524,#2492,#2491,#2520));
#2526=IFCFACEOUTERBOUND(#2525,.T.);
#2527=IFCFACE((#2526));
#2528=IFCPOLYLOOP((#2500,#2493,#2492,#2524));
#2529=IFCFACEOUTERBOUND(#2528,.T.);
#2530=IFCFACE((#2529));
#2531=IFCPOLYLOOP((#2520,#2516,#2512,#2508,#2504,#2499,#2500,#2524));
#2532=IFCFACEOUTERBOUND(#2531,.T.);
#2533=IFCCARTESIANPOINT((-4.0013813111620502,235.000005476681,-254.99998427000901));
#2534=IFCCARTESIANPOINT((-4.0013183313726604,252.32051355231499,-244.99998427005301));
#2535=IFCCARTESIANPOINT((-4.0012396913727999,252.32051355220599,-224.99998427020199));
#2536=IFCCARTESIANPOINT((-4.0012240311621099,235.00000547646201,-214.99998427029999));
#2537=IFCCARTESIANPOINT((-4.0012870109514997,217.67949740082599,-224.99998427025599));
#2538=IFCCARTESIANPOINT((-4.0013656509515796,217.67949740093499,-244.99998427011101));
#2539=IFCPOLYLOOP((#2533,#2534,#2535,#2536,#2537,#2538));
#2540=IFCFACEBOUND(#2539,.T.);
#2541=IFCFACE((#2532,#2540));
#2542=IFCCARTESIANPOINT((-18.001224031041598,235.00002460047801,-214.99992922230001));
#2543=IFCCARTESIANPOINT((-18.001287010831,217.679516524842,-224.99992922225599));
#2544=IFCPOLYLOOP((#2542,#2543,#2537,#2536));
#2545=IFCFACEOUTERBOUND(#2544,.T.);
#2546=IFCFACE((#2545));
#2547=IFCCARTESIANPOINT((-18.001365650831101,217.679516524951,-244.99992922211101));
#2548=IFCPOLYLOOP((#2543,#2547,#2538,#2537));
#2549=IFCFACEOUTERBOUND(#2548,.T.);
#2550=IFCFACE((#2549));
#2551=IFCCARTESIANPOINT((-18.001381311041499,235.000024600697,-254.999929222009));
#2552=IFCPOLYLOOP((#2547,#2551,#2533,#2538));
#2553=IFCFACEOUTERBOUND(#2552,.T.);
#2554=IFCFACE((#2553));
#2555=IFCCARTESIANPOINT((-18.0013183312522,252.32053267633299,-244.999929222053));
#2556=IFCPOLYLOOP((#2551,#2555,#2534,#2533));
#2557=IFCFACEOUTERBOUND(#2556,.T.);
#2558=IFCFACE((#2557));
#2559=IFCCARTESIANPOINT((-18.001239691252302,252.32053267622399,-224.99992922220201));
#2560=IFCPOLYLOOP((#2555,#2559,#2535,#2534));
#2561=IFCFACEOUTERBOUND(#2560,.T.);
#2562=IFCFACE((#2561));
#2563=IFCPOLYLOOP((#2559,#2542,#2536,#2535));
#2564=IFCFACEOUTERBOUND(#2563,.T.);
#2565=IFCFACE((#2564));
#2566=IFCPOLYLOOP((#2542,#2559,#2555,#2551,#2547,#2543));
#2567=IFCFACEOUTERBOUND(#2566,.T.);
#2568=IFCFACE((#2567));
#2569=IFCCARTESIANPOINT((-3.99939323378385,255.50000547291199,243.49299586714201));
#2570=IFCCARTESIANPOINT((-3.9994600099805702,255.50000547300399,226.51023980996999));
#2571=IFCPOLYLOOP((#2569,#2484,#2483,#2570));
#2572=IFCFACEOUTERBOUND(#2571,.T.);
#2573=IFCFACE((#2572));
#2574=IFCCARTESIANPOINT((-3.9993624196483801,243.491383501494,255.50161783838499));
#2575=IFCPOLYLOOP((#2574,#2485,#2484,#2569));
#2576=IFCFACEOUTERBOUND(#2575,.T.);
#2577=IFCFACE((#2576));
#2578=IFCCARTESIANPOINT((-3.9993856180767602,226.50862744419601,255.50161783835901));
#2579=IFCPOLYLOOP((#2578,#2478,#2485,#2574));
#2580=IFCFACEOUTERBOUND(#2579,.T.);
#2581=IFCFACE((#2580));
#2582=IFCCARTESIANPOINT((-3.99944923974431,214.50000547291,243.49299586708));
#2583=IFCPOLYLOOP((#2582,#2479,#2478,#2578));
#2584=IFCFACEOUTERBOUND(#2583,.T.);
#2585=IFCFACE((#2584));
#2586=IFCCARTESIANPOINT((-3.9995160159412499,214.500005473003,226.51023980990399));
#2587=IFCPOLYLOOP((#2586,#2480,#2479,#2582));
#2588=IFCFACEOUTERBOUND(#2587,.T.);
#2589=IFCFACE((#2588));
#2590=IFCCARTESIANPOINT((-3.9995468300767198,226.50862744442,214.50161783865801));
#2591=IFCPOLYLOOP((#2590,#2481,#2480,#2586));
#2592=IFCFACEOUTERBOUND(#2591,.T.);
#2593=IFCFACE((#2592));
#2594=IFCCARTESIANPOINT((-3.9995236316483398,243.49138350171799,214.50161783868299));
#2595=IFCPOLYLOOP((#2594,#2482,#2481,#2590));
#2596=IFCFACEOUTERBOUND(#2595,.T.);
#2597=IFCFACE((#2596));
#2598=IFCPOLYLOOP((#2570,#2483,#2482,#2594));
#2599=IFCFACEOUTERBOUND(#2598,.T.);
#2600=IFCFACE((#2599));
#2601=IFCPOLYLOOP((#2590,#2586,#2582,#2578,#2574,#2569,#2570,#2594));
#2602=IFCFACEOUTERBOUND(#2601,.T.);
#2603=IFCCARTESIANPOINT((-3.9995332648625199,235.000005474114,215.00161783716601));
#2604=IFCCARTESIANPOINT((-3.9994702850731301,252.32051354974999,225.00161783712201));
#2605=IFCCARTESIANPOINT((-3.9993916450730498,252.32051354964099,245.00161783698101));
#2606=IFCCARTESIANPOINT((-3.9993759848625801,235.00000547389601,255.001617836875));
#2607=IFCCARTESIANPOINT((-3.9994389646519699,217.67949739826099,245.00161783692201));
#2608=IFCCARTESIANPOINT((-3.9995176046518299,217.67949739837101,225.00161783706801));
#2609=IFCPOLYLOOP((#2603,#2604,#2605,#2606,#2607,#2608));
#2610=IFCFACEBOUND(#2609,.T.);
#2611=IFCFACE((#2602,#2610));
#2612=IFCCARTESIANPOINT((-17.999375984742102,235.00002459791401,255.00167288487501));
#2613=IFCCARTESIANPOINT((-17.9994389645315,217.679516522277,245.00167288492199));
#2614=IFCPOLYLOOP((#2612,#2613,#2607,#2606));
#2615=IFCFACEOUTERBOUND(#2614,.T.);
#2616=IFCFACE((#2615));
#2617=IFCCARTESIANPOINT((-17.999517604531501,217.67951652238699,225.00167288506799));
#2618=IFCPOLYLOOP((#2613,#2617,#2608,#2607));
#2619=IFCFACEOUTERBOUND(#2618,.T.);
#2620=IFCFACE((#2619));
#2621=IFCCARTESIANPOINT((-17.999533264741999,235.000024598132,215.00167288516599));
#2622=IFCPOLYLOOP((#2617,#2621,#2603,#2608));
#2623=IFCFACEOUTERBOUND(#2622,.T.);
#2624=IFCFACE((#2623));
#2625=IFCCARTESIANPOINT((-17.999470284952601,252.320532673766,225.00167288512199));
#2626=IFCPOLYLOOP((#2621,#2625,#2604,#2603));
#2627=IFCFACEOUTERBOUND(#2626,.T.);
#2628=IFCFACE((#2627));
#2629=IFCCARTESIANPOINT((-17.9993916449525,252.320532673657,245.00167288498099));
#2630=IFCPOLYLOOP((#2625,#2629,#2605,#2604));
#2631=IFCFACEOUTERBOUND(#2630,.T.);
#2632=IFCFACE((#2631));
#2633=IFCPOLYLOOP((#2629,#2612,#2606,#2605));
#2634=IFCFACEOUTERBOUND(#2633,.T.);
#2635=IFCFACE((#2634));
#2636=IFCPOLYLOOP((#2612,#2629,#2625,#2621,#2617,#2613));
#2637=IFCFACEOUTERBOUND(#2636,.T.);
#2638=IFCFACE((#2637));
#2639=IFCCARTESIANPOINT((-4.0000347896100301,-214.50474768996,243.492995866374));
#2640=IFCCARTESIANPOINT((-4.00010156580674,-214.504747689867,226.51023980919899));
#2641=IFCPOLYLOOP((#2639,#2474,#2473,#2640));
#2642=IFCFACEOUTERBOUND(#2641,.T.);
#2643=IFCFACE((#2642));
#2644=IFCCARTESIANPOINT((-4.0000039754745602,-226.51336966137799,255.501617837617));
#2645=IFCPOLYLOOP((#2644,#2475,#2474,#2639));
#2646=IFCFACEOUTERBOUND(#2645,.T.);
#2647=IFCFACE((#2646));
#2648=IFCCARTESIANPOINT((-4.0000271739029403,-243.49612571867499,255.50161783758799));
#2649=IFCPOLYLOOP((#2648,#2468,#2475,#2644));
#2650=IFCFACEOUTERBOUND(#2649,.T.);
#2651=IFCFACE((#2650));
#2652=IFCCARTESIANPOINT((-4.0000907955704896,-255.50474768996199,243.492995866309));
#2653=IFCPOLYLOOP((#2652,#2469,#2468,#2648));
#2654=IFCFACEOUTERBOUND(#2653,.T.);
#2655=IFCFACE((#2654));
#2656=IFCCARTESIANPOINT((-4.0001575717674296,-255.50474768986899,226.510239809137));
#2657=IFCPOLYLOOP((#2656,#2470,#2469,#2652));
#2658=IFCFACEOUTERBOUND(#2657,.T.);
#2659=IFCFACE((#2658));
#2660=IFCCARTESIANPOINT((-4.0001883859029004,-243.496125718451,214.50161783788599));
#2661=IFCPOLYLOOP((#2660,#2471,#2470,#2656));
#2662=IFCFACEOUTERBOUND(#2661,.T.);
#2663=IFCFACE((#2662));
#2664=IFCCARTESIANPOINT((-4.0001651874745203,-226.513369661154,214.50161783791199));
#2665=IFCPOLYLOOP((#2664,#2472,#2471,#2660));
#2666=IFCFACEOUTERBOUND(#2665,.T.);
#2667=IFCFACE((#2666));
#2668=IFCPOLYLOOP((#2640,#2473,#2472,#2664));
#2669=IFCFACEOUTERBOUND(#2668,.T.);
#2670=IFCFACE((#2669));
#2671=IFCPOLYLOOP((#2660,#2656,#2652,#2648,#2644,#2639,#2640,#2664));
#2672=IFCFACEOUTERBOUND(#2671,.T.);
#2673=IFCCARTESIANPOINT((-4.0001748206886996,-235.00474768875901,215.00161783639899));
#2674=IFCCARTESIANPOINT((-4.0001118408993097,-217.684239613123,225.001617836355));
#2675=IFCCARTESIANPOINT((-4.0000332008992201,-217.68423961323199,245.00161783620899));
#2676=IFCCARTESIANPOINT((-4.0000175406887601,-235.004747688978,255.00161783610699));
#2677=IFCCARTESIANPOINT((-4.00008052047815,-252.325255764612,245.00161783615499));
#2678=IFCCARTESIANPOINT((-4.0001591604780096,-252.325255764503,225.00161783629699));
#2679=IFCPOLYLOOP((#2673,#2674,#2675,#2676,#2677,#2678));
#2680=IFCFACEBOUND(#2679,.T.);
#2681=IFCFACE((#2672,#2680));
#2682=IFCCARTESIANPOINT((-18.000017540568301,-235.00472856496,255.00167288410699));
#2683=IFCCARTESIANPOINT((-18.000080520357599,-252.325236640594,245.001672884155));
#2684=IFCPOLYLOOP((#2682,#2683,#2677,#2676));
#2685=IFCFACEOUTERBOUND(#2684,.T.);
#2686=IFCFACE((#2685));
#2687=IFCCARTESIANPOINT((-18.0001591603577,-252.325236640485,225.00167288429699));
#2688=IFCPOLYLOOP((#2683,#2687,#2678,#2677));
#2689=IFCFACEOUTERBOUND(#2688,.T.);
#2690=IFCFACE((#2689));
#2691=IFCCARTESIANPOINT((-18.000174820568201,-235.004728564743,215.001672884398));
#2692=IFCPOLYLOOP((#2687,#2691,#2673,#2678));
#2693=IFCFACEOUTERBOUND(#2692,.T.);
#2694=IFCFACE((#2693));
#2695=IFCCARTESIANPOINT((-18.000111840778601,-217.68422048910699,225.001672884355));
#2696=IFCPOLYLOOP((#2691,#2695,#2674,#2673));
#2697=IFCFACEOUTERBOUND(#2696,.T.);
#2698=IFCFACE((#2697));
#2699=IFCCARTESIANPOINT((-18.000033200778699,-217.68422048921599,245.001672884209));
#2700=IFCPOLYLOOP((#2695,#2699,#2675,#2674));
#2701=IFCFACEOUTERBOUND(#2700,.T.);
#2702=IFCFACE((#2701));
#2703=IFCPOLYLOOP((#2699,#2682,#2676,#2675));
#2704=IFCFACEOUTERBOUND(#2703,.T.);
#2705=IFCFACE((#2704));
#2706=IFCPOLYLOOP((#2682,#2699,#2695,#2691,#2687,#2683));
#2707=IFCFACEOUTERBOUND(#2706,.T.);
#2708=IFCFACE((#2707));
#2709=IFCCARTESIANPOINT((-4.0018828294214499,-214.49999452454401,-226.50860624080499));
#2710=IFCCARTESIANPOINT((-4.0019496056183899,-214.49999452445101,-243.49136229797699));
#2711=IFCPOLYLOOP((#2709,#2464,#2463,#2710));
#2712=IFCFACEOUTERBOUND(#2711,.T.);
#2713=IFCFACE((#2712));
#2714=IFCCARTESIANPOINT((-4.00185201528598,-226.50861649596101,-214.49998426956199));
#2715=IFCPOLYLOOP((#2714,#2465,#2464,#2709));
#2716=IFCFACEOUTERBOUND(#2715,.T.);
#2717=IFCFACE((#2716));
#2718=IFCCARTESIANPOINT((-4.0018752137143601,-243.491372553259,-214.49998426959101));
#2719=IFCPOLYLOOP((#2718,#2458,#2465,#2714));
#2720=IFCFACEOUTERBOUND(#2719,.T.);
#2721=IFCFACE((#2720));
#2722=IFCCARTESIANPOINT((-4.0019388353821297,-255.499994524545,-226.50860624086999));
#2723=IFCPOLYLOOP((#2722,#2459,#2458,#2718));
#2724=IFCFACEOUTERBOUND(#2723,.T.);
#2725=IFCFACE((#2724));
#2726=IFCCARTESIANPOINT((-4.0020056115788503,-255.499994524453,-243.49136229804199));
#2727=IFCPOLYLOOP((#2726,#2460,#2459,#2722));
#2728=IFCFACEOUTERBOUND(#2727,.T.);
#2729=IFCFACE((#2728));
#2730=IFCCARTESIANPOINT((-4.0020364257143202,-243.49137255303501,-255.49998426929201));
#2731=IFCPOLYLOOP((#2730,#2461,#2460,#2726));
#2732=IFCFACEOUTERBOUND(#2731,.T.);
#2733=IFCFACE((#2732));
#2734=IFCCARTESIANPOINT((-4.0020132272859401,-226.50861649573699,-255.499984269263));
#2735=IFCPOLYLOOP((#2734,#2462,#2461,#2730));
#2736=IFCFACEOUTERBOUND(#2735,.T.);
#2737=IFCFACE((#2736));
#2738=IFCPOLYLOOP((#2710,#2463,#2462,#2734));
#2739=IFCFACEOUTERBOUND(#2738,.T.);
#2740=IFCFACE((#2739));
#2741=IFCPOLYLOOP((#2730,#2726,#2722,#2718,#2714,#2709,#2710,#2734));
#2742=IFCFACEOUTERBOUND(#2741,.T.);
#2743=IFCCARTESIANPOINT((-4.0020228605001202,-234.99999452334299,-254.99998427078));
#2744=IFCCARTESIANPOINT((-4.0019598807107304,-217.67948644770701,-244.999984270824));
#2745=IFCCARTESIANPOINT((-4.0018812407108699,-217.679486447816,-224.99998427096901));
#2746=IFCCARTESIANPOINT((-4.0018655805001799,-234.99999452356101,-214.99998427107101));
#2747=IFCCARTESIANPOINT((-4.0019285602897998,-252.32050259919399,-224.99998427102801));
#2748=IFCCARTESIANPOINT((-4.0020072002896496,-252.32050259908499,-244.99998427088201));
#2749=IFCPOLYLOOP((#2743,#2744,#2745,#2746,#2747,#2748));
#2750=IFCFACEBOUND(#2749,.T.);
#2751=IFCFACE((#2742,#2750));
#2752=IFCCARTESIANPOINT((-18.0018655803797,-234.99997539954299,-214.99992922307101));
#2753=IFCCARTESIANPOINT((-18.001928560169102,-252.32048347517801,-224.999929223028));
#2754=IFCPOLYLOOP((#2752,#2753,#2747,#2746));
#2755=IFCFACEOUTERBOUND(#2754,.T.);
#2756=IFCFACE((#2755));
#2757=IFCCARTESIANPOINT((-18.0020072001691,-252.32048347506901,-244.999929222882));
#2758=IFCPOLYLOOP((#2753,#2757,#2748,#2747));
#2759=IFCFACEOUTERBOUND(#2758,.T.);
#2760=IFCFACE((#2759));
#2761=IFCCARTESIANPOINT((-18.002022860379601,-234.999975399325,-254.99992922278));
#2762=IFCPOLYLOOP((#2757,#2761,#2743,#2748));
#2763=IFCFACEOUTERBOUND(#2762,.T.);
#2764=IFCFACE((#2763));
#2765=IFCCARTESIANPOINT((-18.001959880590199,-217.679467323691,-244.99992922282399));
#2766=IFCPOLYLOOP((#2761,#2765,#2744,#2743));
#2767=IFCFACEOUTERBOUND(#2766,.T.);
#2768=IFCFACE((#2767));
#2769=IFCCARTESIANPOINT((-18.0018812405904,-217.6794673238,-224.99992922297));
#2770=IFCPOLYLOOP((#2765,#2769,#2745,#2744));
#2771=IFCFACEOUTERBOUND(#2770,.T.);
#2772=IFCFACE((#2771));
#2773=IFCPOLYLOOP((#2769,#2752,#2746,#2745));
#2774=IFCFACEOUTERBOUND(#2773,.T.);
#2775=IFCFACE((#2774));
#2776=IFCPOLYLOOP((#2752,#2769,#2765,#2761,#2757,#2753));
#2777=IFCFACEOUTERBOUND(#2776,.T.);
#2778=IFCFACE((#2777));
#2779=IFCPOLYLOOP((#2385,#2454,#2453,#2386));
#2780=IFCFACEOUTERBOUND(#2779,.T.);
#2781=IFCFACE((#2780));
#2782=IFCPOLYLOOP((#2384,#2455,#2454,#2385));
#2783=IFCFACEOUTERBOUND(#2782,.T.);
#2784=IFCFACE((#2783));
#2785=IFCPOLYLOOP((#2383,#2422,#2455,#2384));
#2786=IFCFACEOUTERBOUND(#2785,.T.);
#2787=IFCFACE((#2786));
#2788=IFCPOLYLOOP((#2382,#2423,#2422,#2383));
#2789=IFCFACEOUTERBOUND(#2788,.T.);
#2790=IFCFACE((#2789));
#2791=IFCPOLYLOOP((#2381,#2424,#2423,#2382));
#2792=IFCFACEOUTERBOUND(#2791,.T.);
#2793=IFCFACE((#2792));
#2794=IFCPOLYLOOP((#2380,#2425,#2424,#2381));
#2795=IFCFACEOUTERBOUND(#2794,.T.);
#2796=IFCFACE((#2795));
#2797=IFCPOLYLOOP((#2379,#2426,#2425,#2380));
#2798=IFCFACEOUTERBOUND(#2797,.T.);
#2799=IFCFACE((#2798));
#2800=IFCPOLYLOOP((#2378,#2427,#2426,#2379));
#2801=IFCFACEOUTERBOUND(#2800,.T.);
#2802=IFCFACE((#2801));
#2803=IFCPOLYLOOP((#2377,#2428,#2427,#2378));
#2804=IFCFACEOUTERBOUND(#2803,.T.);
#2805=IFCFACE((#2804));
#2806=IFCPOLYLOOP((#2376,#2429,#2428,#2377));
#2807=IFCFACEOUTERBOUND(#2806,.T.);
#2808=IFCFACE((#2807));
#2809=IFCPOLYLOOP((#2411,#2430,#2429,#2376));
#2810=IFCFACEOUTERBOUND(#2809,.T.);
#2811=IFCFACE((#2810));
#2812=IFCPOLYLOOP((#2410,#2418,#2430,#2411));
#2813=IFCFACEOUTERBOUND(#2812,.T.);
#2814=IFCFACE((#2813));
#2815=IFCPOLYLOOP((#2386,#2453,#2452,#2387));
#2816=IFCFACEOUTERBOUND(#2815,.T.);
#2817=IFCFACE((#2816));
#2818=IFCPOLYLOOP((#2387,#2452,#2451,#2388));
#2819=IFCFACEOUTERBOUND(#2818,.T.);
#2820=IFCFACE((#2819));
#2821=IFCPOLYLOOP((#2388,#2451,#2450,#2389));
#2822=IFCFACEOUTERBOUND(#2821,.T.);
#2823=IFCFACE((#2822));
#2824=IFCPOLYLOOP((#2389,#2450,#2449,#2390));
#2825=IFCFACEOUTERBOUND(#2824,.T.);
#2826=IFCFACE((#2825));
#2827=IFCPOLYLOOP((#2390,#2449,#2448,#2391));
#2828=IFCFACEOUTERBOUND(#2827,.T.);
#2829=IFCFACE((#2828));
#2830=IFCPOLYLOOP((#2391,#2448,#2447,#2392));
#2831=IFCFACEOUTERBOUND(#2830,.T.);
#2832=IFCFACE((#2831));
#2833=IFCPOLYLOOP((#2392,#2447,#2446,#2393));
#2834=IFCFACEOUTERBOUND(#2833,.T.);
#2835=IFCFACE((#2834));
#2836=IFCPOLYLOOP((#2393,#2446,#2445,#2394));
#2837=IFCFACEOUTERBOUND(#2836,.T.);
#2838=IFCFACE((#2837));
#2839=IFCPOLYLOOP((#2394,#2445,#2444,#2395));
#2840=IFCFACEOUTERBOUND(#2839,.T.);
#2841=IFCFACE((#2840));
#2842=IFCPOLYLOOP((#2395,#2444,#2443,#2396));
#2843=IFCFACEOUTERBOUND(#2842,.T.);
#2844=IFCFACE((#2843));
#2845=IFCPOLYLOOP((#2396,#2443,#2442,#2397));
#2846=IFCFACEOUTERBOUND(#2845,.T.);
#2847=IFCFACE((#2846));
#2848=IFCPOLYLOOP((#2397,#2442,#2441,#2398));
#2849=IFCFACEOUTERBOUND(#2848,.T.);
#2850=IFCFACE((#2849));
#2851=IFCPOLYLOOP((#2398,#2441,#2440,#2399));
#2852=IFCFACEOUTERBOUND(#2851,.T.);
#2853=IFCFACE((#2852));
#2854=IFCPOLYLOOP((#2399,#2440,#2439,#2400));
#2855=IFCFACEOUTERBOUND(#2854,.T.);
#2856=IFCFACE((#2855));
#2857=IFCPOLYLOOP((#2400,#2439,#2438,#2401));
#2858=IFCFACEOUTERBOUND(#2857,.T.);
#2859=IFCFACE((#2858));
#2860=IFCPOLYLOOP((#2401,#2438,#2437,#2402));
#2861=IFCFACEOUTERBOUND(#2860,.T.);
#2862=IFCFACE((#2861));
#2863=IFCPOLYLOOP((#2402,#2437,#2436,#2403));
#2864=IFCFACEOUTERBOUND(#2863,.T.);
#2865=IFCFACE((#2864));
#2866=IFCPOLYLOOP((#2403,#2436,#2435,#2404));
#2867=IFCFACEOUTERBOUND(#2866,.T.);
#2868=IFCFACE((#2867));
#2869=IFCPOLYLOOP((#2404,#2435,#2434,#2405));
#2870=IFCFACEOUTERBOUND(#2869,.T.);
#2871=IFCFACE((#2870));
#2872=IFCPOLYLOOP((#2405,#2434,#2433,#2406));
#2873=IFCFACEOUTERBOUND(#2872,.T.);
#2874=IFCFACE((#2873));
#2875=IFCPOLYLOOP((#2406,#2433,#2432,#2407));
#2876=IFCFACEOUTERBOUND(#2875,.T.);
#2877=IFCFACE((#2876));
#2878=IFCPOLYLOOP((#2407,#2432,#2431,#2408));
#2879=IFCFACEOUTERBOUND(#2878,.T.);
#2880=IFCFACE((#2879));
#2881=IFCPOLYLOOP((#2408,#2431,#2417,#2409));
#2882=IFCFACEOUTERBOUND(#2881,.T.);
#2883=IFCFACE((#2882));
#2884=IFCCARTESIANPOINT((17.000000000334499,295.,295.000000000618));
#2885=IFCCARTESIANPOINT((17.000000000216001,295.,-294.99999999965098));
#2886=IFCPOLYLOOP((#1211,#2884,#2885,#1207));
#2887=IFCFACEOUTERBOUND(#2886,.T.);
#2888=IFCFACE((#2887));
#2889=IFCCARTESIANPOINT((17.000000000311001,-295.000000000027,-295.000000000618));
#2890=IFCCARTESIANPOINT((17.0000000004291,-295.000000000027,294.999999999647));
#2891=IFCPOLYLOOP((#2889,#2885,#2884,#2890));
#2892=IFCFACEOUTERBOUND(#2891,.T.);
#2893=IFCCARTESIANPOINT((16.999995444226201,-235.00475876206701,260.00155523557601));
#2894=IFCCARTESIANPOINT((16.999999299617699,-225.437672952925,258.09854354839302));
#2895=IFCCARTESIANPOINT((16.999988618984599,-217.32708923235799,252.67922476532499));
#2896=IFCCARTESIANPOINT((16.9999650283569,-211.90777044919599,244.568641044858));
#2897=IFCCARTESIANPOINT((16.9999321191933,-210.00475876192999,235.001555235795));
#2898=IFCCARTESIANPOINT((16.999894901615999,-211.90777044909899,225.43446942672));
#2899=IFCCARTESIANPOINT((16.999859041663701,-217.32708923217999,217.323885706217));
#2900=IFCCARTESIANPOINT((16.999829998688899,-225.43767295269001,211.90456692311301));
#2901=IFCCARTESIANPOINT((16.999812194221501,-235.00475876181,210.00155523588501));
#2902=IFCCARTESIANPOINT((16.99980833883,-244.571844570954,211.90456692306901));
#2903=IFCCARTESIANPOINT((16.9998190194631,-252.68242829151899,217.32388570613));
#2904=IFCCARTESIANPOINT((16.999842610090798,-258.10174707468099,225.4344694266));
#2905=IFCCARTESIANPOINT((16.999875519254399,-260.00475876194798,235.001555235664));
#2906=IFCCARTESIANPOINT((16.9999127368317,-258.10174707477699,244.56864104474201));
#2907=IFCCARTESIANPOINT((16.999948596784201,-252.68242829169901,252.67922476523401));
#2908=IFCCARTESIANPOINT((16.9999776397588,-244.57184457118601,258.09854354834499));
#2909=IFCPOLYLOOP((#2893,#2894,#2895,#2896,#2897,#2898,#2899,#2900,#2901,#2902,#2903,#2904,#2905,#2906,#2907,#2908));
#2910=IFCFACEBOUND(#2909,.T.);
#2911=IFCCARTESIANPOINT((16.998147404414599,-235.00000559664801,-210.000046871606));
#2912=IFCCARTESIANPOINT((16.998151259806299,-225.43291978750901,-211.903058558786));
#2913=IFCCARTESIANPOINT((16.998140579173199,-217.322336066942,-217.32237734185));
#2914=IFCCARTESIANPOINT((16.998116988545501,-211.90301728377901,-225.43296106232401));
#2915=IFCCARTESIANPOINT((16.998084079381901,-210.000005596514,-235.000046871384));
#2916=IFCCARTESIANPOINT((16.9980468618046,-211.903017283683,-244.567132680459));
#2917=IFCCARTESIANPOINT((16.998011001852099,-217.322336066763,-252.67771640095799));
#2918=IFCCARTESIANPOINT((16.997981958877499,-225.43291978727399,-258.09703518406201));
#2919=IFCCARTESIANPOINT((16.9979641544098,-235.000005596394,-260.00004687129001));
#2920=IFCCARTESIANPOINT((16.997960299018601,-244.567091405535,-258.09703518410998));
#2921=IFCCARTESIANPOINT((16.997970979651701,-252.677675126102,-252.677716401049));
#2922=IFCCARTESIANPOINT((16.997994570279399,-258.09699390926301,-244.56713268057501));
#2923=IFCCARTESIANPOINT((16.998027479443,-260.00000559653199,-235.00004687151201));
#2924=IFCCARTESIANPOINT((16.9980646970203,-258.09699390935901,-225.432961062441));
#2925=IFCCARTESIANPOINT((16.998100556972499,-252.677675126282,-217.32237734194101));
#2926=IFCCARTESIANPOINT((16.998129599947099,-244.56709140576999,-211.90305855883699));
#2927=IFCPOLYLOOP((#2911,#2912,#2913,#2914,#2915,#2916,#2917,#2918,#2919,#2920,#2921,#2922,#2923,#2924,#2925,#2926));
#2928=IFCFACEBOUND(#2927,.T.);
#2929=IFCCARTESIANPOINT((16.998788953752602,234.99999440337299,-210.00004687083501));
#2930=IFCCARTESIANPOINT((16.998792809144302,244.56708021251299,-211.90305855801901));
#2931=IFCCARTESIANPOINT((16.998782128511301,252.67766393307801,-217.32237734108301));
#2932=IFCCARTESIANPOINT((16.9987585378835,258.09698271624302,-225.43296106155299));
#2933=IFCCARTESIANPOINT((16.998725628719999,259.99999440350803,-235.00004687061301));
#2934=IFCCARTESIANPOINT((16.998688411142702,258.09698271633903,-244.56713267968701));
#2935=IFCCARTESIANPOINT((16.998652551190201,252.677663933258,-252.67771640018699));
#2936=IFCCARTESIANPOINT((16.998623508215601,244.56708021274801,-258.09703518329502));
#2937=IFCCARTESIANPOINT((16.998605703747899,234.99999440362799,-260.000046870522));
#2938=IFCCARTESIANPOINT((16.998601848356699,225.43290859448501,-258.09703518333799));
#2939=IFCCARTESIANPOINT((16.9986125289897,217.32232487392,-252.677716400278));
#2940=IFCCARTESIANPOINT((16.998636119617501,211.903006090757,-244.567132679807));
#2941=IFCCARTESIANPOINT((16.998669028780999,209.99999440349001,-235.000046870744));
#2942=IFCCARTESIANPOINT((16.998706246358299,211.90300609066099,-225.43296106167));
#2943=IFCCARTESIANPOINT((16.998742106310601,217.32232487373901,-217.32237734117001));
#2944=IFCCARTESIANPOINT((16.998771149285201,225.43290859425201,-211.90305855806599));
#2945=IFCPOLYLOOP((#2929,#2930,#2931,#2932,#2933,#2934,#2935,#2936,#2937,#2938,#2939,#2940,#2941,#2942,#2943,#2944));
#2946=IFCFACEBOUND(#2945,.T.);
#2947=IFCCARTESIANPOINT((17.0006370000524,234.99999440080899,260.00155523634402));
#2948=IFCCARTESIANPOINT((17.000640855443901,244.56708020994799,258.09854354916399));
#2949=IFCCARTESIANPOINT((17.000630174810802,252.677663930514,252.67922476609601));
#2950=IFCCARTESIANPOINT((17.0006065841831,258.09698271367802,244.56864104562601));
#2951=IFCCARTESIANPOINT((17.000573675019499,259.99999440094302,235.00155523656201));
#2952=IFCCARTESIANPOINT((17.000536457442202,258.09698271377403,225.434469427491));
#2953=IFCCARTESIANPOINT((17.000500597489701,252.67766393069201,217.32388570698799));
#2954=IFCCARTESIANPOINT((17.000471554515102,244.56708021018301,211.904566923884));
#2955=IFCCARTESIANPOINT((17.000453750047701,234.99999440106299,210.001555236657));
#2956=IFCCARTESIANPOINT((17.000449894656199,225.43290859192001,211.904566923837));
#2957=IFCCARTESIANPOINT((17.000460575289001,217.32232487135499,217.32388570689699));
#2958=IFCCARTESIANPOINT((17.000484165917001,211.903006088192,225.434469427371));
#2959=IFCCARTESIANPOINT((17.000517075080602,209.99999440092299,235.001555236435));
#2960=IFCCARTESIANPOINT((17.000554292657899,211.90300608809599,244.568641045513));
#2961=IFCCARTESIANPOINT((17.000590152610101,217.322324871175,252.67922476600501));
#2962=IFCCARTESIANPOINT((17.0006191955849,225.43290859168499,258.098543549113));
#2963=IFCPOLYLOOP((#2947,#2948,#2949,#2950,#2951,#2952,#2953,#2954,#2955,#2956,#2957,#2958,#2959,#2960,#2961,#2962));
#2964=IFCFACEBOUND(#2963,.T.);
#2965=IFCFACE((#2892,#2910,#2928,#2946,#2964));
#2966=IFCCARTESIANPOINT((167.00059015153499,217.32215507129001,252.67867501602399));
#2967=IFCCARTESIANPOINT((167.000554291583,211.90283628820899,244.568091295529));
#2968=IFCPOLYLOOP((#2966,#2961,#2960,#2967));
#2969=IFCFACEOUTERBOUND(#2968,.T.);
#2970=IFCFACE((#2969));
#2971=IFCCARTESIANPOINT((167.00061919450999,225.43273879180001,258.09799379913602));
#2972=IFCPOLYLOOP((#2971,#2962,#2961,#2966));
#2973=IFCFACEOUTERBOUND(#2972,.T.);
#2974=IFCFACE((#2973));
#2975=IFCCARTESIANPOINT((167.000636998978,234.99982460092201,260.00100548636698));
#2976=IFCPOLYLOOP((#2975,#2947,#2962,#2971));
#2977=IFCFACEOUTERBOUND(#2976,.T.);
#2978=IFCFACE((#2977));
#2979=IFCCARTESIANPOINT((167.00064085436901,244.56691041006201,258.09799379918297));
#2980=IFCPOLYLOOP((#2979,#2948,#2947,#2975));
#2981=IFCFACEOUTERBOUND(#2980,.T.);
#2982=IFCFACE((#2981));
#2983=IFCCARTESIANPOINT((167.000630173736,252.67749413062799,252.67867501611499));
#2984=IFCPOLYLOOP((#2983,#2949,#2948,#2979));
#2985=IFCFACEOUTERBOUND(#2984,.T.);
#2986=IFCFACE((#2985));
#2987=IFCCARTESIANPOINT((167.00060658310801,258.09681291379098,244.568091295649));
#2988=IFCPOLYLOOP((#2987,#2950,#2949,#2983));
#2989=IFCFACEOUTERBOUND(#2988,.T.);
#2990=IFCFACE((#2989));
#2991=IFCCARTESIANPOINT((167.00057367394501,259.99982460105798,235.001005486585));
#2992=IFCPOLYLOOP((#2991,#2951,#2950,#2987));
#2993=IFCFACEOUTERBOUND(#2992,.T.);
#2994=IFCFACE((#2993));
#2995=IFCCARTESIANPOINT((167.000536456368,258.09681291388699,225.433919677511));
#2996=IFCPOLYLOOP((#2995,#2952,#2951,#2991));
#2997=IFCFACEOUTERBOUND(#2996,.T.);
#2998=IFCFACE((#2997));
#2999=IFCCARTESIANPOINT((167.00050059641501,252.67749413080699,217.32333595701101));
#3000=IFCPOLYLOOP((#2999,#2953,#2952,#2995));
#3001=IFCFACEOUTERBOUND(#3000,.T.);
#3002=IFCFACE((#3001));
#3003=IFCCARTESIANPOINT((167.00047155344001,244.56691041029799,211.90401717390299));
#3004=IFCPOLYLOOP((#3003,#2954,#2953,#2999));
#3005=IFCFACEOUTERBOUND(#3004,.T.);
#3006=IFCFACE((#3005));
#3007=IFCCARTESIANPOINT((167.000453748973,234.99982460117801,210.00100548667299));
#3008=IFCPOLYLOOP((#3007,#2955,#2954,#3003));
#3009=IFCFACEOUTERBOUND(#3008,.T.);
#3010=IFCFACE((#3009));
#3011=IFCCARTESIANPOINT((167.00044989358199,225.432738792035,211.904017173856));
#3012=IFCPOLYLOOP((#3011,#2956,#2955,#3007));
#3013=IFCFACEOUTERBOUND(#3012,.T.);
#3014=IFCFACE((#3013));
#3015=IFCCARTESIANPOINT((167.000460574214,217.32215507146799,217.32333595692));
#3016=IFCPOLYLOOP((#3015,#2957,#2956,#3011));
#3017=IFCFACEOUTERBOUND(#3016,.T.);
#3018=IFCFACE((#3017));
#3019=IFCCARTESIANPOINT((167.00048416484199,211.902836288305,225.433919677391));
#3020=IFCPOLYLOOP((#3019,#2958,#2957,#3015));
#3021=IFCFACEOUTERBOUND(#3020,.T.);
#3022=IFCFACE((#3021));
#3023=IFCCARTESIANPOINT((167.00051707400601,209.99982460103999,235.00100548645401));
#3024=IFCPOLYLOOP((#3023,#2959,#2958,#3019));
#3025=IFCFACEOUTERBOUND(#3024,.T.);
#3026=IFCFACE((#3025));
#3027=IFCPOLYLOOP((#2967,#2960,#2959,#3023));
#3028=IFCFACEOUTERBOUND(#3027,.T.);
#3029=IFCFACE((#3028));
#3030=IFCPOLYLOOP((#2966,#2967,#3023,#3019,#3015,#3011,#3007,#3003,#2999,#2995,#2991,#2987,#2983,#2979,#2975,#2971));
#3031=IFCFACEOUTERBOUND(#3030,.T.);
#3032=IFCFACE((#3031));
#3033=IFCCARTESIANPOINT((166.998742105236,217.32215507385399,-217.322927091151));
#3034=IFCCARTESIANPOINT((166.99870624528299,211.90283629077601,-225.433510811654));
#3035=IFCPOLYLOOP((#3033,#2943,#2942,#3034));
#3036=IFCFACEOUTERBOUND(#3035,.T.);
#3037=IFCFACE((#3036));
#3038=IFCCARTESIANPOINT((166.99877114821101,225.43273879436501,-211.90360830804599));
#3039=IFCPOLYLOOP((#3038,#2944,#2943,#3033));
#3040=IFCFACEOUTERBOUND(#3039,.T.);
#3041=IFCFACE((#3040));
#3042=IFCCARTESIANPOINT((166.99878895267801,234.99982460348701,-210.000596620815));
#3043=IFCPOLYLOOP((#3042,#2929,#2944,#3038));
#3044=IFCFACEOUTERBOUND(#3043,.T.);
#3045=IFCFACE((#3044));
#3046=IFCCARTESIANPOINT((166.998792808069,244.566910412628,-211.903608307995));
#3047=IFCPOLYLOOP((#3046,#2930,#2929,#3042));
#3048=IFCFACEOUTERBOUND(#3047,.T.);
#3049=IFCFACE((#3048));
#3050=IFCCARTESIANPOINT((166.99878212743599,252.67749413319501,-217.32292709106));
#3051=IFCPOLYLOOP((#3050,#2931,#2930,#3046));
#3052=IFCFACEOUTERBOUND(#3051,.T.);
#3053=IFCFACE((#3052));
#3054=IFCCARTESIANPOINT((166.99875853680899,258.09681291635798,-225.43351081153401));
#3055=IFCPOLYLOOP((#3054,#2932,#2931,#3050));
#3056=IFCFACEOUTERBOUND(#3055,.T.);
#3057=IFCFACE((#3056));
#3058=IFCCARTESIANPOINT((166.998725627645,259.99982460362298,-235.000596620594));
#3059=IFCPOLYLOOP((#3058,#2933,#2932,#3054));
#3060=IFCFACEOUTERBOUND(#3059,.T.);
#3061=IFCFACE((#3060));
#3062=IFCCARTESIANPOINT((166.99868841006801,258.09681291645398,-244.56768242966399));
#3063=IFCPOLYLOOP((#3062,#2934,#2933,#3058));
#3064=IFCFACEOUTERBOUND(#3063,.T.);
#3065=IFCFACE((#3064));
#3066=IFCCARTESIANPOINT((166.99865255011599,252.67749413337199,-252.67826615016699));
#3067=IFCPOLYLOOP((#3066,#2935,#2934,#3062));
#3068=IFCFACEOUTERBOUND(#3067,.T.);
#3069=IFCFACE((#3068));
#3070=IFCCARTESIANPOINT((166.99862350714099,244.566910412863,-258.097584933272));
#3071=IFCPOLYLOOP((#3070,#2936,#2935,#3066));
#3072=IFCFACEOUTERBOUND(#3071,.T.);
#3073=IFCFACE((#3072));
#3074=IFCCARTESIANPOINT((166.99860570267299,234.99982460374301,-260.00059662050302));
#3075=IFCPOLYLOOP((#3074,#2937,#2936,#3070));
#3076=IFCFACEOUTERBOUND(#3075,.T.);
#3077=IFCFACE((#3076));
#3078=IFCCARTESIANPOINT((166.998601847282,225.4327387946,-258.09758493332299));
#3079=IFCPOLYLOOP((#3078,#2938,#2937,#3074));
#3080=IFCFACEOUTERBOUND(#3079,.T.);
#3081=IFCFACE((#3080));
#3082=IFCCARTESIANPOINT((166.99861252791499,217.32215507403501,-252.678266150258));
#3083=IFCPOLYLOOP((#3082,#2939,#2938,#3078));
#3084=IFCFACEOUTERBOUND(#3083,.T.);
#3085=IFCFACE((#3084));
#3086=IFCCARTESIANPOINT((166.998636118543,211.90283629087,-244.56768242978401));
#3087=IFCPOLYLOOP((#3086,#2940,#2939,#3082));
#3088=IFCFACEOUTERBOUND(#3087,.T.);
#3089=IFCFACE((#3088));
#3090=IFCCARTESIANPOINT((166.998669027706,209.99982460360499,-235.00059662072101));
#3091=IFCPOLYLOOP((#3090,#2941,#2940,#3086));
#3092=IFCFACEOUTERBOUND(#3091,.T.);
#3093=IFCFACE((#3092));
#3094=IFCPOLYLOOP((#3034,#2942,#2941,#3090));
#3095=IFCFACEOUTERBOUND(#3094,.T.);
#3096=IFCFACE((#3095));
#3097=IFCPOLYLOOP((#3033,#3034,#3090,#3086,#3082,#3078,#3074,#3070,#3066,#3062,#3058,#3054,#3050,#3046,#3042,#3038));
#3098=IFCFACEOUTERBOUND(#3097,.T.);
#3099=IFCFACE((#3098));
#3100=IFCCARTESIANPOINT((166.99810055589799,-252.67784492616701,-217.322927091922));
#3101=IFCCARTESIANPOINT((166.998064695945,-258.09716370924599,-225.433510812425));
#3102=IFCPOLYLOOP((#3100,#2925,#2924,#3101));
#3103=IFCFACEOUTERBOUND(#3102,.T.);
#3104=IFCFACE((#3103));
#3105=IFCCARTESIANPOINT((166.99812959887299,-244.567261205655,-211.90360830881801));
#3106=IFCPOLYLOOP((#3105,#2926,#2925,#3100));
#3107=IFCFACEOUTERBOUND(#3106,.T.);
#3108=IFCFACE((#3107));
#3109=IFCCARTESIANPOINT((166.99814740334,-235.00017539653501,-210.00059662158699));
#3110=IFCPOLYLOOP((#3109,#2911,#2926,#3105));
#3111=IFCFACEOUTERBOUND(#3110,.T.);
#3112=IFCFACE((#3111));
#3113=IFCCARTESIANPOINT((166.99815125873101,-225.43308958739499,-211.90360830876699));
#3114=IFCPOLYLOOP((#3113,#2912,#2911,#3109));
#3115=IFCFACEOUTERBOUND(#3114,.T.);
#3116=IFCFACE((#3115));
#3117=IFCCARTESIANPOINT((166.998140578098,-217.32250586682699,-217.32292709183099));
#3118=IFCPOLYLOOP((#3117,#2913,#2912,#3113));
#3119=IFCFACEOUTERBOUND(#3118,.T.);
#3120=IFCFACE((#3119));
#3121=IFCCARTESIANPOINT((166.99811698747101,-211.90318708366601,-225.433510812305));
#3122=IFCPOLYLOOP((#3121,#2914,#2913,#3117));
#3123=IFCFACEOUTERBOUND(#3122,.T.);
#3124=IFCFACE((#3123));
#3125=IFCCARTESIANPOINT((166.99808407830699,-210.00017539639899,-235.00059662136499));
#3126=IFCPOLYLOOP((#3125,#2915,#2914,#3121));
#3127=IFCFACEOUTERBOUND(#3126,.T.);
#3128=IFCFACE((#3127));
#3129=IFCCARTESIANPOINT((166.99804686073,-211.90318708357,-244.56768243043601));
#3130=IFCPOLYLOOP((#3129,#2916,#2915,#3125));
#3131=IFCFACEOUTERBOUND(#3130,.T.);
#3132=IFCFACE((#3131));
#3133=IFCCARTESIANPOINT((166.99801100077801,-217.32250586664799,-252.67826615093901));
#3134=IFCPOLYLOOP((#3133,#2917,#2916,#3129));
#3135=IFCFACEOUTERBOUND(#3134,.T.);
#3136=IFCFACE((#3135));
#3137=IFCCARTESIANPOINT((166.99798195780301,-225.433089587159,-258.09758493404303));
#3138=IFCPOLYLOOP((#3137,#2918,#2917,#3133));
#3139=IFCFACEOUTERBOUND(#3138,.T.);
#3140=IFCFACE((#3139));
#3141=IFCCARTESIANPOINT((166.997964153335,-235.00017539627899,-260.00059662127398));
#3142=IFCPOLYLOOP((#3141,#2919,#2918,#3137));
#3143=IFCFACEOUTERBOUND(#3142,.T.);
#3144=IFCFACE((#3143));
#3145=IFCCARTESIANPOINT((166.99796029794399,-244.56726120542001,-258.09758493409402));
#3146=IFCPOLYLOOP((#3145,#2920,#2919,#3141));
#3147=IFCFACEOUTERBOUND(#3146,.T.);
#3148=IFCFACE((#3147));
#3149=IFCCARTESIANPOINT((166.997970978577,-252.67784492598901,-252.67826615102999));
#3150=IFCPOLYLOOP((#3149,#2921,#2920,#3145));
#3151=IFCFACEOUTERBOUND(#3150,.T.);
#3152=IFCFACE((#3151));
#3153=IFCCARTESIANPOINT((166.99799456920499,-258.09716370914998,-244.567682430556));
#3154=IFCPOLYLOOP((#3153,#2922,#2921,#3149));
#3155=IFCFACEOUTERBOUND(#3154,.T.);
#3156=IFCFACE((#3155));
#3157=IFCCARTESIANPOINT((166.99802747836799,-260.00017539641499,-235.00059662149201));
#3158=IFCPOLYLOOP((#3157,#2923,#2922,#3153));
#3159=IFCFACEOUTERBOUND(#3158,.T.);
#3160=IFCFACE((#3159));
#3161=IFCPOLYLOOP((#3101,#2924,#2923,#3157));
#3162=IFCFACEOUTERBOUND(#3161,.T.);
#3163=IFCFACE((#3162));
#3164=IFCPOLYLOOP((#3100,#3101,#3157,#3153,#3149,#3145,#3141,#3137,#3133,#3129,#3125,#3121,#3117,#3113,#3109,#3105));
#3165=IFCFACEOUTERBOUND(#3164,.T.);
#3166=IFCFACE((#3165));
#3167=IFCCARTESIANPOINT((166.99994859570899,-252.68259809158599,252.678675015257));
#3168=IFCCARTESIANPOINT((166.99991273575699,-258.10191687466198,244.56809129475701));
#3169=IFCPOLYLOOP((#3167,#2907,#2906,#3168));
#3170=IFCFACEOUTERBOUND(#3169,.T.);
#3171=IFCFACE((#3170));
#3172=IFCCARTESIANPOINT((166.99997763868399,-244.57201437107099,258.097993798365));
#3173=IFCPOLYLOOP((#3172,#2908,#2907,#3167));
#3174=IFCFACEOUTERBOUND(#3173,.T.);
#3175=IFCFACE((#3174));
#3176=IFCCARTESIANPOINT((166.99999544315099,-235.004928561952,260.00100548559601));
#3177=IFCPOLYLOOP((#3176,#2893,#2908,#3172));
#3178=IFCFACEOUTERBOUND(#3177,.T.);
#3179=IFCFACE((#3178));
#3180=IFCCARTESIANPOINT((166.999999298543,-225.437842752812,258.09799379841201));
#3181=IFCPOLYLOOP((#3180,#2894,#2893,#3176));
#3182=IFCFACEOUTERBOUND(#3181,.T.);
#3183=IFCFACE((#3182));
#3184=IFCCARTESIANPOINT((166.99998861790999,-217.32725903224301,252.67867501534801));
#3185=IFCPOLYLOOP((#3184,#2895,#2894,#3180));
#3186=IFCFACEOUTERBOUND(#3185,.T.);
#3187=IFCFACE((#3186));
#3188=IFCCARTESIANPOINT((166.999965027282,-211.907940249082,244.56809129487701));
#3189=IFCPOLYLOOP((#3188,#2896,#2895,#3184));
#3190=IFCFACEOUTERBOUND(#3189,.T.);
#3191=IFCFACE((#3190));
#3192=IFCCARTESIANPOINT((166.99993211811901,-210.00492856181501,235.00100548581401));
#3193=IFCPOLYLOOP((#3192,#2897,#2896,#3188));
#3194=IFCFACEOUTERBOUND(#3193,.T.);
#3195=IFCFACE((#3194));
#3196=IFCCARTESIANPOINT((166.99989490054099,-211.90794024898599,225.43391967674));
#3197=IFCPOLYLOOP((#3196,#2898,#2897,#3192));
#3198=IFCFACEOUTERBOUND(#3197,.T.);
#3199=IFCFACE((#3198));
#3200=IFCCARTESIANPOINT((166.999859040589,-217.327259032065,217.32333595623999));
#3201=IFCPOLYLOOP((#3200,#2899,#2898,#3196));
#3202=IFCFACEOUTERBOUND(#3201,.T.);
#3203=IFCFACE((#3202));
#3204=IFCCARTESIANPOINT((166.999829997614,-225.43784275257499,211.904017173136));
#3205=IFCPOLYLOOP((#3204,#2900,#2899,#3200));
#3206=IFCFACEOUTERBOUND(#3205,.T.);
#3207=IFCFACE((#3206));
#3208=IFCCARTESIANPOINT((166.99981219314699,-235.004928561697,210.00100548590501));
#3209=IFCPOLYLOOP((#3208,#2901,#2900,#3204));
#3210=IFCFACEOUTERBOUND(#3209,.T.);
#3211=IFCFACE((#3210));
#3212=IFCCARTESIANPOINT((166.99980833775501,-244.572014370837,211.90401717308501));
#3213=IFCPOLYLOOP((#3212,#2902,#2901,#3208));
#3214=IFCFACEOUTERBOUND(#3213,.T.);
#3215=IFCFACE((#3214));
#3216=IFCCARTESIANPOINT((166.999819018388,-252.682598091405,217.32333595614901));
#3217=IFCPOLYLOOP((#3216,#2903,#2902,#3212));
#3218=IFCFACEOUTERBOUND(#3217,.T.);
#3219=IFCFACE((#3218));
#3220=IFCCARTESIANPOINT((166.99984260901601,-258.10191687456597,225.43391967662299));
#3221=IFCPOLYLOOP((#3220,#2904,#2903,#3216));
#3222=IFCFACEOUTERBOUND(#3221,.T.);
#3223=IFCFACE((#3222));
#3224=IFCCARTESIANPOINT((166.99987551817901,-260.004928561832,235.00100548568301));
#3225=IFCPOLYLOOP((#3224,#2905,#2904,#3220));
#3226=IFCFACEOUTERBOUND(#3225,.T.);
#3227=IFCFACE((#3226));
#3228=IFCPOLYLOOP((#3168,#2906,#2905,#3224));
#3229=IFCFACEOUTERBOUND(#3228,.T.);
#3230=IFCFACE((#3229));
#3231=IFCPOLYLOOP((#3167,#3168,#3224,#3220,#3216,#3212,#3208,#3204,#3200,#3196,#3192,#3188,#3184,#3180,#3176,#3172));
#3232=IFCFACEOUTERBOUND(#3231,.T.);
#3233=IFCFACE((#3232));
#3234=IFCPOLYLOOP((#1207,#2885,#2889,#1202));
#3235=IFCFACEOUTERBOUND(#3234,.T.);
#3236=IFCFACE((#3235));
#3237=IFCPOLYLOOP((#1202,#2889,#2890,#1203));
#3238=IFCFACEOUTERBOUND(#3237,.T.);
#3239=IFCFACE((#3238));
#3240=IFCPOLYLOOP((#1203,#2890,#2884,#1211));
#3241=IFCFACEOUTERBOUND(#3240,.T.);
#3242=IFCFACE((#3241));
#3243=IFCCLOSEDSHELL((#1537,#1542,#1547,#1552,#1557,#1562,#1567,#1572,#1577,#1582,#1587,#1592,#1597,#1602,#1607,#1612,#1617,#1622,#1627,#1632,#1637,#1642,#1647,#1652,#1657,#1662,#1667,#1672,#1677,#1682,#1687,#1690,#1739,#1750,#1755,#1759,#1763,#1767,#1771,#1774,#1777,#1788,#1793,#1797,#1801,#1805,#1809,#1812,#1815,#1826,#1831,#1835,#1839,#1843,#1847,#1850,#1853,#1864,#1869,#1873,#1877,#1881,#1885,#1888,#1891,#1896,#1900,#1904,#1907,#2008,#2013,#2017,#2021,#2025,#2029,#2033,#2037,#2041,#2045,#2049,#2053,#2057,#2061,#2065,#2069,#2072,#2075,#2080,#2084,#2088,#2092,#2096,#2100,#2104,#2108,#2112,#2116,#2120,#2124,#2128,#2132,#2136,#2139,#2142,#2147,#2151,#2155,#2159,#2163,#2167,#2171,#2175,#2179,#2183,#2187,#2191,#2195,#2199,#2203,#2206,#2209,#2214,#2218,#2222,#2226,#2230,#2234,#2238,#2242,#2246,#2250,#2254,#2258,#2262,#2266,#2270,#2273,#2276,#2281,#2285,#2289,#2293,#2297,#2301,#2305,#2309,#2313,#2317,#2321,#2325,#2329,#2333,#2337,#2341,#2345,#2349,#2353,#2357,#2361,#2365,#2369,#2372,#2375,#2416,#2421,#2498,#2503,#2507,#2511,#2515,#2519,#2523,#2527,#2530,#2541,#2546,#2550,#2554,#2558,#2562,#2565,#2568,#2573,#2577,#2581,#2585,#2589,#2593,#2597,#2600,#2611,#2616,#2620,#2624,#2628,#2632,#2635,#2638,#2643,#2647,#2651,#2655,#2659,#2663,#2667,#2670,#2681,#2686,#2690,#2694,#2698,#2702,#2705,#2708,#2713,#2717,#2721,#2725,#2729,#2733,#2737,#2740,#2751,#2756,#2760,#2764,#2768,#2772,#2775,#2778,#2781,#2784,#2787,#2790,#2793,#2796,#2799,#2802,#2805,#2808,#2811,#2814,#2817,#2820,#2823,#2826,#2829,#2832,#2835,#2838,#2841,#2844,#2847,#2850,#2853,#2856,#2859,#2862,#2865,#2868,#2871,#2874,#2877,#2880,#2883,#2888,#2965,#2970,#2974,#2978,#2982,#2986,#2990,#2994,#2998,#3002,#3006,#3010,#3014,#3018,#3022,#3026,#3029,#3032,#3037,#3041,#3045,#3049,#3053,#3057,#3061,#3065,#3069,#3073,#3077,#3081,#3085,#3089,#3093,#3096,#3099,#3104,#3108,#3112,#3116,#3120,#3124,#3128,#3132,#3136,#3140,#3144,#3148,#3152,#3156,#3160,#3163,#3166,#3171,#3175,#3179,#3183,#3187,#3191,#3195,#3199,#3203,#3207,#3211,#3215,#3219,#3223,#3227,#3230,#3233,#3236,#3239,#3242));
#3244=IFCFACETEDBREP(#3243);
#3245=IFCSTYLEDITEM(#3244,(#1530),$);
#3246=IFCSHAPEREPRESENTATION(#12,'Body','Brep',(#3244));
#3247=IFCPRODUCTDEFINITIONSHAPE($,$,(#3246));
#3248=IFCCARTESIANPOINT((14335.8271100495,30764.996059967401,1244.99615294009));
#3249=IFCDIRECTION((0.,0.99999999999226996,3.9320000403222401E-06));
#3250=IFCDIRECTION((-1.36500003621787E-06,3.9320000402074502E-06,-0.99999999999133804));
#3251=IFCAXIS2PLACEMENT3D(#3248,#3249,#3250);
#3252=IFCLOCALPLACEMENT(#42,#3251);
#3253=IFCBUILDINGELEMENTPROXY('1nl4K8GUj1KgaPSOmniLrS',#44,'Lager','__Lager',$,#3252,#3247,'ID71bc4508-41eb-4152-a919-718c31b15d5c',.ELEMENT.);
#3254=IFCBUILDINGELEMENTPROXYTYPE('3M$uZ044T4d8wjBmHdfVn_',#5,'__Lager',$,$,$,$,$,$,.NOTDEFINED.);
#3265=IFCPROPERTYSINGLEVALUE('Pour Area',$,IFCAREAMEASURE(1.7),$);
#3266=IFCPROPERTYSINGLEVALUE('Pour Area PGZ',$,IFCAREAMEASURE(0.69999999999999996),$);
#3267=IFCPROPERTYSINGLEVALUE('Pour Area NGZ',$,IFCAREAMEASURE(0.69999999999999996),$);
#3268=IFCPROPERTYSINGLEVALUE('Pour Area PGX',$,IFCAREAMEASURE(0.10000000000000001),$);
#3269=IFCPROPERTYSINGLEVALUE('Pour Area NXG',$,IFCAREAMEASURE(0.10000000000000001),$);
#3270=IFCPROPERTYSINGLEVALUE('Pour Area PGY',$,IFCAREAMEASURE(0.10000000000000001),$);
#3271=IFCPROPERTYSINGLEVALUE('Pour Area NGY',$,IFCAREAMEASURE(0.10000000000000001),$);
#3272=IFCPROPERTYSINGLEVALUE('Pour GUID',$,IFCLABEL('71bc4508-41eb-4152-a919-718c31b15d5c'),$);
#3273=IFCPROPERTYSINGLEVALUE('Pour Material',$,IFCLABEL('Misc_Undefined'),$);
#3274=IFCPROPERTYSINGLEVALUE('Pour Top Level',$,IFCLABEL(' +1.489'),$);
#3275=IFCPROPERTYSINGLEVALUE('Pour Bottom Level',$,IFCLABEL(' +1.078'),$);
#3276=IFCPROPERTYSINGLEVALUE('Pour Volume',$,IFCVOLUMEMEASURE(0.029000000000000001),$);
#3277=IFCPROPERTYSINGLEVALUE('Pour Weight',$,IFCMASSMEASURE(0.),$);
#3278=IFCPROPERTYSINGLEVALUE('Pour Weight Net',$,IFCMASSMEASURE(0.),$);
#3279=IFCPROPERTYSINGLEVALUE('Pour Break GUID',$,IFCLABEL('71bc4508-41eb-4152-a919-718c31b15d5c'),$);
#3280=IFCPROPERTYSET('0RW7UDz6n3HBpzi3WiRggE',#5,'Pours',$,(#254,#255,#256,#257,#258,#259,#260,#261,#262,#263,#264,#265,#266,#267,#268,#269,#270,#271,#272,#273,#274,#275,#276,#277,#278,#279,#280,#281,#282,#283,#284,#285,#286,#287,#3265,#3266,#3267,#3268,#3269,#3270,#3271,#295,#3272,#297,#3273,#3274,#3275,#3276,#3277,#3278,#3279,#305,#306,#307));
#3281=IFCCARTESIANPOINT((7.3778210207819897E-09,10.0000000039661,-99.999999998144602));
#3282=IFCCARTESIANPOINT((-1019.99999999262,10.000000003498799,-99.999999998606697));
#3283=IFCCARTESIANPOINT((-1019.9999999927099,10.0000000031346,100.000000001393));
#3284=IFCCARTESIANPOINT((7.2868715506047002E-09,10.000000003602301,100.000000001855));
#3285=IFCCARTESIANPOINT((1020.00000000747,10.0000000042516,100.000000002299));
#3286=IFCCARTESIANPOINT((1020.0000000072,10.0000000042516,-99.999999997700797));
#3287=IFCPOLYLOOP((#3281,#3282,#3283,#3284,#3285,#3286));
#3288=IFCFACEOUTERBOUND(#3287,.T.);
#3289=IFCFACE((#3288));
#3290=IFCCARTESIANPOINT((7.2959664976224303E-09,-9.9999999963977206,100.000000001819));
#3291=IFCCARTESIANPOINT((-999.99999999270403,-9.9999999968562392,100.000000001364));
#3292=IFCCARTESIANPOINT((-999.99999999261297,-9.9999999964920008,-99.999999998635801));
#3293=IFCCARTESIANPOINT((7.3869159677997198E-09,-9.9999999960339192,-99.999999998180996));
#3294=IFCCARTESIANPOINT((1000.00000000721,-9.9999999957575199,-99.999999997708102));
#3295=IFCCARTESIANPOINT((1000.00000000748,-9.9999999957575199,100.000000002292));
#3296=IFCPOLYLOOP((#3290,#3291,#3292,#3293,#3294,#3295));
#3297=IFCFACEOUTERBOUND(#3296,.T.);
#3298=IFCFACE((#3297));
#3299=IFCCARTESIANPOINT((1020.00000000834,-2319.99999999593,99.9999999980719));
#3300=IFCCARTESIANPOINT((1020.00000000843,-2319.9999999955699,-100.000000001928));
#3301=IFCPOLYLOOP((#3286,#3285,#3299,#3300));
#3302=IFCFACEOUTERBOUND(#3301,.T.);
#3303=IFCFACE((#3302));
#3304=IFCCARTESIANPOINT((1000.00000000842,-2299.9999999955699,-100.000000001899));
#3305=IFCCARTESIANPOINT((1000.0000000083299,-2299.99999999594,99.999999998101003));
#3306=IFCPOLYLOOP((#3295,#3294,#3304,#3305));
#3307=IFCFACEOUTERBOUND(#3306,.T.);
#3308=IFCFACE((#3307));
#3309=IFCCARTESIANPOINT((52.030124570728702,-2319.9999999963702,99.999999997631704));
#3310=IFCCARTESIANPOINT((52.030124570819702,-2319.99999999601,-100.000000002368));
#3311=IFCPOLYLOOP((#3300,#3299,#3309,#3310));
#3312=IFCFACEOUTERBOUND(#3311,.T.);
#3313=IFCFACE((#3312));
#3314=IFCCARTESIANPOINT((63.570599229134999,-2299.999999996,-100.000000002325));
#3315=IFCCARTESIANPOINT((63.570599229044099,-2299.9999999963702,99.999999997675303));
#3316=IFCPOLYLOOP((#3305,#3304,#3314,#3315));
#3317=IFCFACEOUTERBOUND(#3316,.T.);
#3318=IFCFACE((#3317));
#3319=IFCCARTESIANPOINT((9.9998282152409992,-2247.2836795790299,99.999999997748105));
#3320=IFCCARTESIANPOINT((9.9998282153264899,-2247.2836795786602,-100.00000000225199));
#3321=IFCPOLYLOOP((#3310,#3309,#3319,#3320));
#3322=IFCFACEOUTERBOUND(#3321,.T.);
#3323=IFCFACE((#3322));
#3324=IFCCARTESIANPOINT((-9.9998281985717803,-2172.7163204133999,-100.000000002128));
#3325=IFCCARTESIANPOINT((-9.99982819865909,-2172.7163204137701,99.999999997871797));
#3326=IFCPOLYLOOP((#3315,#3314,#3324,#3325));
#3327=IFCFACEOUTERBOUND(#3326,.T.);
#3328=IFCFACE((#3327));
#3329=IFCCARTESIANPOINT((9.9989066512334794,-2447.28755581924,99.999999997384293));
#3330=IFCCARTESIANPOINT((9.9989066513244307,-2447.2875558188898,-100.00000000261601));
#3331=IFCPOLYLOOP((#3320,#3319,#3329,#3330));
#3332=IFCFACEOUTERBOUND(#3331,.T.);
#3333=IFCFACE((#3332));
#3334=IFCCARTESIANPOINT((-10.000749762575699,-2372.72019665362,-100.000000002492));
#3335=IFCCARTESIANPOINT((-10.000749762666601,-2372.7201966539801,99.999999997507999));
#3336=IFCPOLYLOOP((#3325,#3324,#3334,#3335));
#3337=IFCFACEOUTERBOUND(#3336,.T.);
#3338=IFCFACE((#3337));
#3339=IFCCARTESIANPOINT((-63.573761257343001,-2319.9999999964298,99.999999997580701));
#3340=IFCCARTESIANPOINT((-63.573761257253899,-2319.9999999960601,-100.000000002419));
#3341=IFCPOLYLOOP((#3330,#3329,#3339,#3340));
#3342=IFCFACEOUTERBOUND(#3341,.T.);
#3343=IFCFACE((#3342));
#3344=IFCCARTESIANPOINT((-52.0332865989403,-2299.9999999960601,-100.000000002376));
#3345=IFCCARTESIANPOINT((-52.033286599029502,-2299.9999999964198,99.9999999976244));
#3346=IFCPOLYLOOP((#3335,#3334,#3344,#3345));
#3347=IFCFACEOUTERBOUND(#3346,.T.);
#3348=IFCFACE((#3347));
#3349=IFCCARTESIANPOINT((-1019.99999999166,-2319.99999999686,99.999999997147796));
#3350=IFCCARTESIANPOINT((-1019.99999999157,-2319.9999999964998,-100.000000002852));
#3351=IFCPOLYLOOP((#3340,#3339,#3349,#3350));
#3352=IFCFACEOUTERBOUND(#3351,.T.);
#3353=IFCFACE((#3352));
#3354=IFCCARTESIANPOINT((-999.99999999158001,-2299.9999999964898,-100.000000002809));
#3355=IFCCARTESIANPOINT((-999.99999999167096,-2299.99999999686,99.999999997191495));
#3356=IFCPOLYLOOP((#3345,#3344,#3354,#3355));
#3357=IFCFACEOUTERBOUND(#3356,.T.);
#3358=IFCFACE((#3357));
#3359=IFCPOLYLOOP((#3350,#3349,#3283,#3282));
#3360=IFCFACEOUTERBOUND(#3359,.T.);
#3361=IFCFACE((#3360));
#3362=IFCPOLYLOOP((#3355,#3354,#3292,#3291));
#3363=IFCFACEOUTERBOUND(#3362,.T.);
#3364=IFCFACE((#3363));
#3365=IFCPOLYLOOP((#3283,#3349,#3339,#3329,#3319,#3309,#3299,#3285,#3284));
#3366=IFCFACEOUTERBOUND(#3365,.T.);
#3367=IFCPOLYLOOP((#3295,#3305,#3315,#3325,#3335,#3345,#3355,#3291,#3290));
#3368=IFCFACEBOUND(#3367,.T.);
#3369=IFCFACE((#3366,#3368));
#3370=IFCPOLYLOOP((#3286,#3300,#3310,#3320,#3330,#3340,#3350,#3282,#3281));
#3371=IFCFACEOUTERBOUND(#3370,.T.);
#3372=IFCPOLYLOOP((#3292,#3354,#3344,#3334,#3324,#3314,#3304,#3294,#3293));
#3373=IFCFACEBOUND(#3372,.T.);
#3374=IFCFACE((#3371,#3373));
#3375=IFCCLOSEDSHELL((#3289,#3298,#3303,#3308,#3313,#3318,#3323,#3328,#3333,#3338,#3343,#3348,#3353,#3358,#3361,#3364,#3369,#3374));
#3376=IFCFACETEDBREP(#3375);
#3377=IFCSTYLEDITEM(#3376,(#511),$);
#3378=IFCSHAPEREPRESENTATION(#12,'Body','Brep',(#3376));
#3379=IFCPRODUCTDEFINITIONSHAPE($,$,(#3378));
#3380=IFCCARTESIANPOINT((14000.,31100.,-10.));
#3381=IFCDIRECTION((0.,-1.,0.));
#3382=IFCAXIS2PLACEMENT3D(#3380,#3381,#476);
#3383=IFCLOCALPLACEMENT(#42,#3382);
#3384=IFCBEAM('0mJZENtr56XR$hQw48OR3n',#44,'Ramme','PL200X20',$,#3383,#3379,'ID304e3397-df51-4685-bfeb-6ba10861b0f1');
#3385=IFCBEAMTYPE('1RiPrLpALB8O48xFjW3_wk',#5,'PL200X20',$,$,$,$,$,$,.NOTDEFINED.);
#3386=IFCPROPERTYSINGLEVALUE('Top elevation',$,IFCLABEL(' +2.437'),$);
#3387=IFCPROPERTYSINGLEVALUE('Bottom elevation',$,IFCLABEL(' -0.020'),$);
#3388=IFCPROPERTYSET('0ay4Ks8I9CaQzYBreD5Jvr',#5,'Tekla Common','Common Properties to Shared building elements',(#588,#239,#240,#241,#3386,#3387));
#3389=IFCPROPERTYSINGLEVALUE('Length',$,IFCLENGTHMEASURE(8975.3999999999996),$);
#3390=IFCPROPERTYSINGLEVALUE('Width',$,IFCLENGTHMEASURE(20.),$);
#3391=IFCPROPERTYSINGLEVALUE('Net surface area',$,IFCAREAMEASURE(3.9489999999999998),$);
#3392=IFCPROPERTYSINGLEVALUE('Volume',$,IFCVOLUMEMEASURE(0.035999999999999997),$);
#3393=IFCPROPERTYSET('2HK$srT0zEghwp$Mqpz3s$',#5,'Tekla Quantity','Quantity Properties to Shared building elements',(#3389,#3390,#247,#3391,#595,#250,#3392,#597));
#3394=IFCPROPERTYSINGLEVALUE('OuterSurfaceArea',$,IFCAREAMEASURE(3.8999999999999999),$);
#3395=IFCPROPERTYSET('2xmr5dOFr99xgIM2kGA2WF',#5,'BeamBaseQuantities',$,(#3389,#3394,#600,#601));
#3396=IFCPROPERTYSET('14RgY2H9v7Xu1Mj__H8sFS',#5,'Pset_BeamCommon','Definition from IAI: Properties common to the definition of all occurrences of IfcBeam.',(#497,#603,#604,#503,#504,#499));
#3397=IFCRELAGGREGATES('1TsBYIlo97L9oHQj7ZfQY1',#5,$,$,#36,(#38));
#3398=IFCRELAGGREGATES('28uIIk8$b7$gsQ1_OLoiBi',#5,$,$,#38,(#41));
#3399=IFCRELAGGREGATES('2UxnlRcwL7av1Ki1psF3PD',#5,$,$,#41,(#43));
#3400=IFCRELCONTAINEDINSPATIALSTRUCTURE('3YnGyzGfD3BQzFjxOaV4fK',#5,$,$,(#3384,#3253,#1522,#1512,#1502,#1481,#1230,#674,#586,#479,#236),#43);
#3403=IFCRELDEFINESBYPROPERTIES('1wyKQBqr90AQke52CaOxTf',#5,$,$,(#236),#308);
#3408=IFCRELDEFINESBYPROPERTIES('2cG$DARNvDPfjs2Gi3Zq_W',#5,$,$,(#586),#591);
#3409=IFCRELDEFINESBYPROPERTIES('1tcwFzAaL2lAAMSqrPR95t',#5,$,$,(#586),#598);
#3410=IFCRELDEFINESBYPROPERTIES('208asbYLT6HfhDcI6igb01',#5,$,$,(#586),#602);
#3411=IFCRELDEFINESBYPROPERTIES('11j4stc2HE6gghTHuBLkHy',#5,$,$,(#586),#605);
#3412=IFCRELDEFINESBYPROPERTIES('0Jo56glKD3PBGDh15KHxjw',#5,$,$,(#674),#677);
#3413=IFCRELDEFINESBYPROPERTIES('2iHI_NUnDC2edSm_gG9U0q',#5,$,$,(#674),#681);
#3414=IFCRELDEFINESBYPROPERTIES('0cg$QFxqv14e6pvI1CZvxs',#5,$,$,(#674),#683);
#3415=IFCRELDEFINESBYPROPERTIES('1fJkIXIMDD8RXiWx3mAyF6',#5,$,$,(#674),#684);
#3418=IFCRELDEFINESBYPROPERTIES('0RiGRn8DT7SuHYooghISYW',#5,$,$,(#1230),#1257);
#3419=IFCRELDEFINESBYPROPERTIES('2FXDxzwdXFH8jmJHIxaNdH',#5,$,$,(#1481),#1485);
#3420=IFCRELDEFINESBYPROPERTIES('1f1p6hMYf3Q9XjVVOVlQFt',#5,$,$,(#1481),#1492);
#3421=IFCRELDEFINESBYPROPERTIES('2gHMJI$ZLCCBeFAjfzOVt7',#5,$,$,(#1481),#1494);
#3422=IFCRELDEFINESBYPROPERTIES('3xJ6m7Nnf9YeKLvArlM8p2',#5,$,$,(#1481),#1496);
#3423=IFCRELDEFINESBYPROPERTIES('18aqNuUXL30fyEThKgNzyt',#5,$,$,(#1502),#1503);
#3424=IFCRELDEFINESBYPROPERTIES('0MWG6l5i92sAhux5tR$k_P',#5,$,$,(#1502),#1504);
#3425=IFCRELDEFINESBYPROPERTIES('3Mn86lU1v2lA$7q2YjK9$K',#5,$,$,(#1502),#1505);
#3426=IFCRELDEFINESBYPROPERTIES('32njFKvEzFyAqnCw9AVPRr',#5,$,$,(#1502),#1506);
#3427=IFCRELDEFINESBYPROPERTIES('3MEV3TbSH5mhdvzXKL2Wml',#5,$,$,(#1512),#1513);
#3428=IFCRELDEFINESBYPROPERTIES('1kiFI6Qyv0BwK$t_izj5_i',#5,$,$,(#1512),#1514);
#3429=IFCRELDEFINESBYPROPERTIES('3G6iAERhj7EwFHc_Einms$',#5,$,$,(#1512),#1515);
#3430=IFCRELDEFINESBYPROPERTIES('0hzgByVgL2zuZ8v_S_S8WV',#5,$,$,(#1512),#1516);
#3431=IFCRELDEFINESBYPROPERTIES('1y5L$$tKj35gLbFfhtfdzg',#5,$,$,(#1522),#1523);
#3432=IFCRELDEFINESBYPROPERTIES('1OzDYfwF9EXP2Hna3kZP2X',#5,$,$,(#1522),#1524);
#3433=IFCRELDEFINESBYPROPERTIES('1L1ZeqcLj64h8ISW_hw$9w',#5,$,$,(#1522),#1525);
#3434=IFCRELDEFINESBYPROPERTIES('0MtsCcEev9qvqiIsz5T6ah',#5,$,$,(#1522),#1526);
#3437=IFCRELDEFINESBYPROPERTIES('0QIE9omqv7ZvDxwnmlPFeG',#5,$,$,(#3253),#3280);
#3438=IFCRELDEFINESBYPROPERTIES('3nXvjFUSL8eQlY2o8o1464',#5,$,$,(#3384),#3388);
#3439=IFCRELDEFINESBYPROPERTIES('3gsuxObtr0IvLMdU5W59fl',#5,$,$,(#3384),#3393);
#3440=IFCRELDEFINESBYPROPERTIES('1Iwbd1Koz6IguHOup98o6M',#5,$,$,(#3384),#3395);
#3441=IFCRELDEFINESBYPROPERTIES('3UrtspRU53hPvIciUDltsv',#5,$,$,(#3384),#3396);
#3442=IFCRELDEFINESBYTYPE('3Vz9SRIK1Flwg79cbkJAFY',#5,$,$,(#236),#237);
#3443=IFCRELDEFINESBYTYPE('06gL3XPdnFp8_UFNij0uA0',#5,$,$,(#479),#480);
#3444=IFCRELDEFINESBYTYPE('3TFMZkEXjCPvmrtN2frJ$j',#5,$,$,(#674,#586),#587);
#3445=IFCRELDEFINESBYTYPE('29kXcjTbT7nvJJC7FM75hj',#5,$,$,(#1230),#1231);
#3446=IFCRELDEFINESBYTYPE('10vGyoAMf1WA8A5b5hELCT',#5,$,$,(#1522,#1512,#1502,#1481),#1482);
#3447=IFCRELDEFINESBYTYPE('0HtkVpmCHCvOkAsKQHSgkt',#5,$,$,(#3253),#3254);
#3448=IFCRELDEFINESBYTYPE('3k7DDVKF1F78GJSJz$KSDH',#5,$,$,(#3384),#3385);
#3449=IFCRELASSOCIATESMATERIAL('1LaqtImMj5YxXY4ZfEzhGR',#5,$,$,(#1230,#479,#236),#309);
#3450=IFCRELASSOCIATESMATERIAL('1fdA9B1sP9zQ0fQc8sjcap',#5,$,$,(#3384,#3253,#1522,#1512,#1502,#1481,#674,#586),#606);
#3451=IFCPRESENTATIONLAYERASSIGNMENT('Landkar',$,(#231),$);
#3452=IFCPRESENTATIONLAYERASSIGNMENT('Fundament',$,(#473),$);
#3453=IFCPRESENTATIONLAYERASSIGNMENT('Ramme',$,(#581,#669,#3378),$);
#3454=IFCPRESENTATIONLAYERASSIGNMENT('M\X2\00F8\X0\rtel',$,(#1224),$);
#3455=IFCPRESENTATIONLAYERASSIGNMENT('Midlertidig_st\X2\00E5\X0\lr\X2\00F8\X0\r',$,(#1476,#1497,#1507,#1517),$);
#3456=IFCPRESENTATIONLAYERASSIGNMENT('Lager',$,(#3246),$);
#3457=IFCOWNERHISTORY(#3,#4,.READWRITE.,.ADDED.,1789134012,#3,#4,1789134012);
#3458=IFCPROPERTYSET('3cnRaPNSj5b8dGSaewe9t5',#3457,'BIM_Tverrfaglig',$,(#3461,#3462,#3463,#3464,#3465));
#3459=IFCOWNERHISTORY(#3,#4,.READWRITE.,.ADDED.,1789134012,#3,#4,1789134012);
#3460=IFCRELDEFINESBYPROPERTIES('10kgVPfwX7RAEFhJlCApjG',#3459,$,$,(#236),#3458);
#3461=IFCPROPERTYSINGLEVALUE('BIM.04 - MMI',$,IFCTEXT('350'),$);
#3462=IFCPROPERTYSINGLEVALUE('BIM.05 - Elementnavn',$,IFCTEXT('Landkar'),$);
#3463=IFCPROPERTYSINGLEVALUE('BIM.06 - Fag',$,IFCTEXT('KON'),$);
#3464=IFCPROPERTYSINGLEVALUE('BIM.07 - Revisjon',$,IFCTEXT('A'),$);
#3465=IFCPROPERTYSINGLEVALUE('BIM.08 - Revisjonsdato',$,IFCTEXT('2023-01-16'),$);
#3466=IFCOWNERHISTORY(#3,#4,.READWRITE.,.ADDED.,1789134012,#3,#4,1789134012);
#3467=IFCPROPERTYSET('0CJMkUwv54bxDHT6CiwJMq',#3466,'KON_Felles',$,(#3470,#3471,#3472,#3473,#3474,#3475,#3476,#3477,#3478,#3479,#3480,#3481));
#3468=IFCOWNERHISTORY(#3,#4,.READWRITE.,.ADDED.,1789134012,#3,#4,1789134012);
#3469=IFCRELDEFINESBYPROPERTIES('2oX27DfP59D97X9iRFLq9t',#3468,$,$,(#236),#3467);
#3470=IFCPROPERTYSINGLEVALUE('KON.01 - Konstruksjonsnummer',$,IFCTEXT('K100'),$);
#3471=IFCPROPERTYSINGLEVALUE('KON.03 - Akse',$,IFCTEXT('01'),$);
#3472=IFCPROPERTYSINGLEVALUE('KON.10 - Konstruksjonsinndeling',$,IFCTEXT('Underbygning'),$);
#3473=IFCPROPERTYSINGLEVALUE('KON.11 - Konstruksjonsdel',$,IFCTEXT('Landkar'),$);
#3474=IFCPROPERTYSINGLEVALUE('KON.13 - Elementnavn',$,IFCTEXT('Landkar'),$);
#3475=IFCPROPERTYSINGLEVALUE('KON.20 - Produksjonsenhet',$,IFCTEXT('PLD-1002'),$);
#3476=IFCPROPERTYSINGLEVALUE('KON.30 - Plasseringsprioritet',$,IFCTEXT('2 - Viker for 1'),$);
#3477=IFCPROPERTYSINGLEVALUE('KON.31 - Plasseringsmerknad',$,IFCTEXT('Ikke angitt'),$);
#3478=IFCPROPERTYSINGLEVALUE('KON.40 - Materialtype',$,IFCTEXT('Betong'),$);
#3479=IFCPROPERTYSINGLEVALUE('KON.41 - Materialspesifikasjon',$,IFCTEXT('B45 SV-Standard'),$);
#3480=IFCPROPERTYSINGLEVALUE('KON.51 - Produksjonsmerknad 1',$,IFCTEXT('Ikke angitt'),$);
#3481=IFCPROPERTYSINGLEVALUE('KON.53 - Utf\X2\00F8\X0\relsesmerknad 1',$,IFCTEXT('Ikke angitt'),$);
#3482=IFCOWNERHISTORY(#3,#4,.READWRITE.,.ADDED.,1789134012,#3,#4,1789134012);
#3483=IFCPROPERTYSET('1UEKMuJAf5JfCLcS4wKnn_',#3482,'KON_Betong',$,(#3486,#3487,#3488,#3489,#3490,#3491,#3492,#3493));
#3484=IFCOWNERHISTORY(#3,#4,.READWRITE.,.ADDED.,1789134012,#3,#4,1789134012);
#3485=IFCRELDEFINESBYPROPERTIES('2_PiyxyJH9d8cZo77yBkvi',#3484,$,$,(#236),#3483);
#3486=IFCPROPERTYSINGLEVALUE('BET.01 - Utf\X2\00F8\X0\relsesklasse',$,IFCTEXT('2'),$);
#3487=IFCPROPERTYSINGLEVALUE('BET.02 - N\X2\00F8\X0\yaktighetsklasse',$,IFCTEXT('B'),$);
#3488=IFCPROPERTYSINGLEVALUE('BET.04 - Materialspesifikasjon (dup)',$,IFCTEXT('B45 SV-Standard'),$);
#3489=IFCPROPERTYSINGLEVALUE('BET.10 - Produksjonsmetode',$,IFCTEXT('Plasst\X2\00F8\X0\pt'),$);
#3490=IFCPROPERTYSINGLEVALUE('BET.11 - Forskaling',$,IFCTEXT('St\X2\00E5\X0\ende bord'),$);
#3491=IFCPROPERTYSINGLEVALUE('BET.21 - Overdekning hovedarmering',$,IFCTEXT('UK, NS og FS: 75mm \X2\00B1\X0\15mm, OK: 65mm \X2\00B1\X0\15mm'),$);
#3492=IFCPROPERTYSINGLEVALUE('BET.30 - Diameter monteringsstenger',$,IFCTEXT('12 mm'),$);
#3493=IFCPROPERTYSINGLEVALUE('BET.31 - Overdekning monteringsstenger',$,IFCTEXT('UK, NS og FS: 60mm \X2\00B1\X0\5mm, OK: 50mm \X2\00B1\X0\5mm'),$);
#3494=IFCOWNERHISTORY(#3,#4,.READWRITE.,.ADDED.,1789134012,#3,#4,1789134012);
#3495=IFCPROPERTYSET('0xbYNszCT7ivEb7WgIGIju',#3494,'BIM_Tverrfaglig',$,(#3498,#3499,#3500,#3501,#3502));
#3496=IFCOWNERHISTORY(#3,#4,.READWRITE.,.ADDED.,1789134012,#3,#4,1789134012);
#3497=IFCRELDEFINESBYPROPERTIES('3l35ifieT6yfh84REL_$UO',#3496,$,$,(#1230),#3495);
#3498=IFCPROPERTYSINGLEVALUE('BIM.04 - MMI',$,IFCTEXT('350'),$);
#3499=IFCPROPERTYSINGLEVALUE('BIM.05 - Elementnavn',$,IFCTEXT('M\X2\00F8\X0\rtel'),$);
#3500=IFCPROPERTYSINGLEVALUE('BIM.06 - Fag',$,IFCTEXT('KON'),$);
#3501=IFCPROPERTYSINGLEVALUE('BIM.07 - Revisjon',$,IFCTEXT('A'),$);
#3502=IFCPROPERTYSINGLEVALUE('BIM.08 - Revisjonsdato',$,IFCTEXT('2023-01-16'),$);
#3503=IFCOWNERHISTORY(#3,#4,.READWRITE.,.ADDED.,1789134012,#3,#4,1789134012);
#3504=IFCPROPERTYSET('0LybSqOIz7juMo$qAX1oVv',#3503,'KON_Felles',$,(#3507,#3508,#3509,#3510,#3511,#3512,#3513,#3514,#3515,#3516,#3517,#3518));
#3505=IFCOWNERHISTORY(#3,#4,.READWRITE.,.ADDED.,1789134012,#3,#4,1789134012);
#3506=IFCRELDEFINESBYPROPERTIES('3YLEt9W8XFPxCRqdCji01d',#3505,$,$,(#1230),#3504);
#3507=IFCPROPERTYSINGLEVALUE('KON.01 - Konstruksjonsnummer',$,IFCTEXT('K100'),$);
#3508=IFCPROPERTYSINGLEVALUE('KON.03 - Akse',$,IFCTEXT('01'),$);
#3509=IFCPROPERTYSINGLEVALUE('KON.10 - Konstruksjonsinndeling',$,IFCTEXT('Bru'),$);
#3510=IFCPROPERTYSINGLEVALUE('KON.11 - Konstruksjonsdel',$,IFCTEXT('Lagerunderst\X2\00F8\X0\p'),$);
#3511=IFCPROPERTYSINGLEVALUE('KON.13 - Elementnavn',$,IFCTEXT('M\X2\00F8\X0\rtel'),$);
#3512=IFCPROPERTYSINGLEVALUE('KON.20 - Produksjonsenhet',$,IFCTEXT('PLD-1002'),$);
#3513=IFCPROPERTYSINGLEVALUE('KON.30 - Plasseringsprioritet',$,IFCTEXT('2 - Viker for 1'),$);
#3514=IFCPROPERTYSINGLEVALUE('KON.31 - Plasseringsmerknad',$,IFCTEXT('Ikke angitt'),$);
#3515=IFCPROPERTYSINGLEVALUE('KON.40 - Materialtype',$,IFCTEXT('M\X2\00F8\X0\rtel'),$);
#3516=IFCPROPERTYSINGLEVALUE('KON.41 - Materialspesifikasjon',$,IFCTEXT('Ikke angitt'),$);
#3517=IFCPROPERTYSINGLEVALUE('KON.51 - Produksjonsmerknad 1',$,IFCTEXT('Ikke angitt'),$);
#3518=IFCPROPERTYSINGLEVALUE('KON.53 - Utf\X2\00F8\X0\relsesmerknad 1',$,IFCTEXT('Ikke angitt'),$);
#3519=IFCOWNERHISTORY(#3,#4,.READWRITE.,.ADDED.,1789134012,#3,#4,1789134012);
#3520=IFCPROPERTYSET('0psGDZUZfA_gaKzGRy1BxD',#3519,'BIM_Tverrfaglig',$,(#3523,#3524,#3525,#3526,#3527));
#3521=IFCOWNERHISTORY(#3,#4,.READWRITE.,.ADDED.,1789134012,#3,#4,1789134012);
#3522=IFCRELDEFINESBYPROPERTIES('3GIz2rjrv8HA7Hxg4pnxw3',#3521,$,$,(#3253),#3520);
#3523=IFCPROPERTYSINGLEVALUE('BIM.04 - MMI',$,IFCTEXT('350'),$);
#3524=IFCPROPERTYSINGLEVALUE('BIM.05 - Elementnavn',$,IFCTEXT('Lager'),$);
#3525=IFCPROPERTYSINGLEVALUE('BIM.06 - Fag',$,IFCTEXT('KON'),$);
#3526=IFCPROPERTYSINGLEVALUE('BIM.07 - Revisjon',$,IFCTEXT('A'),$);
#3527=IFCPROPERTYSINGLEVALUE('BIM.08 - Revisjonsdato',$,IFCTEXT('2023-01-16'),$);
#3528=IFCOWNERHISTORY(#3,#4,.READWRITE.,.ADDED.,1789134012,#3,#4,1789134012);
#3529=IFCPROPERTYSET('0mCZHYnxb5FBEWHPpQytWA',#3528,'KON_Felles',$,(#3532,#3533,#3534,#3535,#3536,#3537,#3538,#3539,#3540,#3541,#3542,#3543));
#3530=IFCOWNERHISTORY(#3,#4,.READWRITE.,.ADDED.,1789134012,#3,#4,1789134012);
#3531=IFCRELDEFINESBYPROPERTIES('3B$9EdVBrAK8_Ig7f7xid5',#3530,$,$,(#3253),#3529);
#3532=IFCPROPERTYSINGLEVALUE('KON.01 - Konstruksjonsnummer',$,IFCTEXT('K100'),$);
#3533=IFCPROPERTYSINGLEVALUE('KON.03 - Akse',$,IFCTEXT('01'),$);
#3534=IFCPROPERTYSINGLEVALUE('KON.10 - Konstruksjonsinndeling',$,IFCTEXT('Bru'),$);
#3535=IFCPROPERTYSINGLEVALUE('KON.11 - Konstruksjonsdel',$,IFCTEXT('Lager'),$);
#3536=IFCPROPERTYSINGLEVALUE('KON.13 - Elementnavn',$,IFCTEXT('Lager'),$);
#3537=IFCPROPERTYSINGLEVALUE('KON.20 - Produksjonsenhet',$,IFCTEXT('PLD-1002'),$);
#3538=IFCPROPERTYSINGLEVALUE('KON.30 - Plasseringsprioritet',$,IFCTEXT('2 - Viker for 1'),$);
#3539=IFCPROPERTYSINGLEVALUE('KON.31 - Plasseringsmerknad',$,IFCTEXT('Ikke angitt'),$);
#3540=IFCPROPERTYSINGLEVALUE('KON.40 - Materialtype',$,IFCTEXT('St\X2\00E5\X0\l/gummi'),$);
#3541=IFCPROPERTYSINGLEVALUE('KON.41 - Materialspesifikasjon',$,IFCTEXT('Ikke angitt'),$);
#3542=IFCPROPERTYSINGLEVALUE('KON.51 - Produksjonsmerknad 1',$,IFCTEXT('Ikke angitt'),$);
#3543=IFCPROPERTYSINGLEVALUE('KON.53 - Utf\X2\00F8\X0\relsesmerknad 1',$,IFCTEXT('Ikke angitt'),$);
#3544=IFCOWNERHISTORY(#3,#4,.READWRITE.,.ADDED.,1789134012,#3,#4,1789134012);
#3545=IFCPROPERTYSET('0kDmZ_ohb4sgZtQV8VFDL5',#3544,'KON_Lager',$,(#3548,#3549,#3550,#3551,#3552,#3553,#3554,#3555,#3556,#3557,#3558,#3559,#3560,#3561,#3562,#3563));
#3546=IFCOWNERHISTORY(#3,#4,.READWRITE.,.ADDED.,1789134012,#3,#4,1789134012);
#3547=IFCRELDEFINESBYPROPERTIES('3MrA0mHgv3sQg$bs2rtzTj',#3546,$,$,(#3253),#3545);
#3548=IFCPROPERTYSINGLEVALUE('LGR.01 - Lager-ID',$,IFCTEXT('Lager'),$);
#3549=IFCPROPERTYSINGLEVALUE('LGR.02 - Type',$,IFCTEXT('Ikke angitt'),$);
#3550=IFCPROPERTYSINGLEVALUE('LGR.03 - Funksjon',$,IFCTEXT('Brolager'),$);
#3551=IFCPROPERTYSINGLEVALUE('LGR.10 - Bevegelse prim\X2\00E6\X0\rretning lager',$,IFCTEXT('Ikke angitt'),$);
#3552=IFCPROPERTYSINGLEVALUE('LGR.11 - Bevegelse sekund\X2\00E6\X0\rretning lager',$,IFCTEXT('Ikke angitt'),$);
#3553=IFCPROPERTYSINGLEVALUE('LGR.12 - Tippvinkel [%]',$,IFCREAL(0.),$);
#3554=IFCPROPERTYSINGLEVALUE('LGR.13 - Monteringsvinkel  [%]',$,IFCREAL(0.),$);
#3555=IFCPROPERTYSINGLEVALUE('LGR.14 - Forinnstilling',$,IFCTEXT('Ikke angitt'),$);
#3556=IFCPROPERTYSINGLEVALUE('LGR.20 - ULS Vertikallast, Vmax [kN]',$,IFCREAL(0.),$);
#3557=IFCPROPERTYSINGLEVALUE('LGR.21 - ULS Horisontallast, Hmax1 [kN]',$,IFCREAL(0.),$);
#3558=IFCPROPERTYSINGLEVALUE('LGR.22 - ULS Vertikallast for maksimal horisontallast, Vtilh1 [kN]',$,IFCREAL(0.),$);
#3559=IFCPROPERTYSINGLEVALUE('LGR.23 - ULS Verikallast, Vmin2 [kN]',$,IFCREAL(0.),$);
#3560=IFCPROPERTYSINGLEVALUE('LGR.24 - ULS Horisontallast for minimal vertikallast, Htilh2 [kN]',$,IFCREAL(0.),$);
#3561=IFCPROPERTYSINGLEVALUE('LGR.50 - Jekkelast uten trafikklast [kN]',$,IFCREAL(0.),$);
#3562=IFCPROPERTYSINGLEVALUE('LGR.51 - Jekkelast med trafikklast [kN]',$,IFCREAL(0.),$);
#3563=IFCPROPERTYSINGLEVALUE('LGR.52 - Maksimal oppjekking',$,IFCLENGTHMEASURE(0.),$);
#3564=IFCOWNERHISTORY(#3,#4,.READWRITE.,.ADDED.,1789134012,#3,#4,1789134012);
#3565=IFCPROPERTYSET('3HJOJOljf07hqTYeYbnXza',#3564,'BIM_Tverrfaglig',$,(#3568,#3569,#3570,#3571,#3572));
#3566=IFCOWNERHISTORY(#3,#4,.READWRITE.,.ADDED.,1789134012,#3,#4,1789134012);
#3567=IFCRELDEFINESBYPROPERTIES('3vdKQXbwD2$eurUImiOtRF',#3566,$,$,(#479),#3565);
#3568=IFCPROPERTYSINGLEVALUE('BIM.04 - MMI',$,IFCTEXT('350'),$);
#3569=IFCPROPERTYSINGLEVALUE('BIM.05 - Elementnavn',$,IFCTEXT('Fundament'),$);
#3570=IFCPROPERTYSINGLEVALUE('BIM.06 - Fag',$,IFCTEXT('KON'),$);
#3571=IFCPROPERTYSINGLEVALUE('BIM.07 - Revisjon',$,IFCTEXT('A'),$);
#3572=IFCPROPERTYSINGLEVALUE('BIM.08 - Revisjonsdato',$,IFCTEXT('2023-01-16'),$);
#3573=IFCOWNERHISTORY(#3,#4,.READWRITE.,.ADDED.,1789134012,#3,#4,1789134012);
#3574=IFCPROPERTYSET('02c4SFZgPAlhEugqKjk40d',#3573,'KON_Felles',$,(#3577,#3578,#3579,#3580,#3581,#3582,#3583,#3584,#3585,#3586,#3587,#3588));
#3575=IFCOWNERHISTORY(#3,#4,.READWRITE.,.ADDED.,1789134012,#3,#4,1789134012);
#3576=IFCRELDEFINESBYPROPERTIES('3Rkia$vmD7jebS9ohxewE2',#3575,$,$,(#479),#3574);
#3577=IFCPROPERTYSINGLEVALUE('KON.01 - Konstruksjonsnummer',$,IFCTEXT('K100'),$);
#3578=IFCPROPERTYSINGLEVALUE('KON.03 - Akse',$,IFCTEXT('01'),$);
#3579=IFCPROPERTYSINGLEVALUE('KON.10 - Konstruksjonsinndeling',$,IFCTEXT('Underbygning'),$);
#3580=IFCPROPERTYSINGLEVALUE('KON.11 - Konstruksjonsdel',$,IFCTEXT('Fundament'),$);
#3581=IFCPROPERTYSINGLEVALUE('KON.13 - Elementnavn',$,IFCTEXT('Fundament'),$);
#3582=IFCPROPERTYSINGLEVALUE('KON.20 - Produksjonsenhet',$,IFCTEXT('PLD-1002'),$);
#3583=IFCPROPERTYSINGLEVALUE('KON.30 - Plasseringsprioritet',$,IFCTEXT('2 - Viker for 1'),$);
#3584=IFCPROPERTYSINGLEVALUE('KON.31 - Plasseringsmerknad',$,IFCTEXT('Ikke angitt'),$);
#3585=IFCPROPERTYSINGLEVALUE('KON.40 - Materialtype',$,IFCTEXT('Betong'),$);
#3586=IFCPROPERTYSINGLEVALUE('KON.41 - Materialspesifikasjon',$,IFCTEXT('B45 SV-Standard'),$);
#3587=IFCPROPERTYSINGLEVALUE('KON.51 - Produksjonsmerknad 1',$,IFCTEXT('Ikke angitt'),$);
#3588=IFCPROPERTYSINGLEVALUE('KON.53 - Utf\X2\00F8\X0\relsesmerknad 1',$,IFCTEXT('Ikke angitt'),$);
#3589=IFCOWNERHISTORY(#3,#4,.READWRITE.,.ADDED.,1789134012,#3,#4,1789134012);
#3590=IFCPROPERTYSET('2AFZMl4Qn5kvp6i1G7WF8_',#3589,'KON_Betong',$,(#3593,#3594,#3595,#3596,#3597,#3598,#3599,#3600));
#3591=IFCOWNERHISTORY(#3,#4,.READWRITE.,.ADDED.,1789134012,#3,#4,1789134012);
#3592=IFCRELDEFINESBYPROPERTIES('1QoGsYUDn6c9HQROo10FXE',#3591,$,$,(#479),#3590);
#3593=IFCPROPERTYSINGLEVALUE('BET.01 - Utf\X2\00F8\X0\relsesklasse',$,IFCTEXT('2'),$);
#3594=IFCPROPERTYSINGLEVALUE('BET.02 - N\X2\00F8\X0\yaktighetsklasse',$,IFCTEXT('B'),$);
#3595=IFCPROPERTYSINGLEVALUE('BET.04 - Materialspesifikasjon (dup)',$,IFCTEXT('B45 SV-Standard'),$);
#3596=IFCPROPERTYSINGLEVALUE('BET.10 - Produksjonsmetode',$,IFCTEXT('Plasst\X2\00F8\X0\pt'),$);
#3597=IFCPROPERTYSINGLEVALUE('BET.11 - Forskaling',$,IFCTEXT('St\X2\00E5\X0\ende bord'),$);
#3598=IFCPROPERTYSINGLEVALUE('BET.21 - Overdekning hovedarmering',$,IFCTEXT('UK, NS og FS: 75mm \X2\00B1\X0\15mm, OK: 65mm \X2\00B1\X0\15mm'),$);
#3599=IFCPROPERTYSINGLEVALUE('BET.30 - Diameter monteringsstenger',$,IFCTEXT('12 mm'),$);
#3600=IFCPROPERTYSINGLEVALUE('BET.31 - Overdekning monteringsstenger',$,IFCTEXT('UK, NS og FS: 60mm \X2\00B1\X0\5mm, OK: 50mm \X2\00B1\X0\5mm'),$);
ENDSEC;
END-ISO-10303-21;
