ISO-10303-21;
HEADER;
FILE_DESCRIPTION(('ViewDefinition[CoordinationView_V2.0]', 'ExchangeRequirement[Structural, SurfaceGeometry]', 'Option [GridExport:Off]', 'Option [Assemblies:Off]', 'Option [Bolts:On]', 'Option [Rebars:On]', 'Option [PourObjects:Off]', 'Option [Welds:Off]', 'Option [SurfaceTreatments:Off]', 'Option [LocationBy:0]', 'Option [ViewColors:On]', 'Option [SectionedSpine:Off]', 'Option [PropertySets:On]', 'Option [Export all:Off]'),'2;1');
FILE_NAME('SNACKS_Detalj_Lager.ifc','2026-08-28T11:57:29',('SWECO\\NOULVE'),('Structural Designer'),'IFC Parser','Tekla Structures 2025 Service Pack 7, IFC Export Version: 4.0.0.0 Feb 24 2026','');
FILE_SCHEMA(('IFC2X3'));
ENDSEC;

DATA;
#1= IFCPERSON('SWECO\\NOULVE','Undefined',$,$,$,$,$,$);
#2= IFCORGANIZATION($,'Trimble Solutions Corporation',$,$,$);
#3= IFCPERSONANDORGANIZATION(#1,#2,$);
#4= IFCAPPLICATION(#2,'2025 Service Pack 7','Tekla Structures','Multi material modeling');
#5= IFCOWNERHISTORY(#3,#4,$,.NOCHANGE.,$,$,$,1787911049);
#6= IFCCARTESIANPOINT((0.,0.,0.));
#7= IFCDIRECTION((1.,0.,0.));
#8= IFCDIRECTION((0.,1.,0.));
#9= IFCDIRECTION((0.,0.,1.));
#10= IFCAXIS2PLACEMENT3D(#6,#9,#7);
#11= IFCGEOMETRICREPRESENTATIONCONTEXT($,'Model',3,1.E-05,#10,$);
#12= IFCGEOMETRICREPRESENTATIONSUBCONTEXT('Body','Model',*,*,*,*,#11,$,.MODEL_VIEW.,$);
#13= IFCGEOMETRICREPRESENTATIONSUBCONTEXT('Axis','Model',*,*,*,*,#11,$,.GRAPH_VIEW.,$);
#14= IFCSIUNIT(*,.LENGTHUNIT.,.MILLI.,.METRE.);
#15= IFCMEASUREWITHUNIT(IFCRATIOMEASURE(304.8),#14);
#16= IFCDIMENSIONALEXPONENTS(1,0,0,0,0,0,0);
#17= IFCCONVERSIONBASEDUNIT(#16,.LENGTHUNIT.,'FOOT',#15);
#18= IFCSIUNIT(*,.AREAUNIT.,$,.SQUARE_METRE.);
#19= IFCMEASUREWITHUNIT(IFCRATIOMEASURE(0.09290304),#18);
#20= IFCDIMENSIONALEXPONENTS(2,0,0,0,0,0,0);
#21= IFCCONVERSIONBASEDUNIT(#20,.AREAUNIT.,'SQUARE FOOT',#19);
#22= IFCSIUNIT(*,.VOLUMEUNIT.,$,.CUBIC_METRE.);
#23= IFCMEASUREWITHUNIT(IFCRATIOMEASURE(0.028316846592),#22);
#24= IFCDIMENSIONALEXPONENTS(3,0,0,0,0,0,0);
#25= IFCCONVERSIONBASEDUNIT(#24,.VOLUMEUNIT.,'CUBIC FOOT',#23);
#26= IFCSIUNIT(*,.MASSUNIT.,.KILO.,.GRAM.);
#27= IFCSIUNIT(*,.TIMEUNIT.,$,.SECOND.);
#28= IFCSIUNIT(*,.PLANEANGLEUNIT.,$,.RADIAN.);
#29= IFCMEASUREWITHUNIT(IFCRATIOMEASURE(0.0174532925199433),#28);
#30= IFCDIMENSIONALEXPONENTS(0,0,0,0,0,0,0);
#31= IFCCONVERSIONBASEDUNIT(#30,.PLANEANGLEUNIT.,'DEGREE',#29);
#32= IFCSIUNIT(*,.SOLIDANGLEUNIT.,$,.STERADIAN.);
#33= IFCSIUNIT(*,.THERMODYNAMICTEMPERATUREUNIT.,$,.DEGREE_CELSIUS.);
#34= IFCSIUNIT(*,.LUMINOUSINTENSITYUNIT.,$,.LUMEN.);
#35= IFCUNITASSIGNMENT((#14,#18,#22,#26,#27,#28,#32,#33,#34));
#36= IFCPROJECT('2YG0JLJLPAvRd9NM8hMiC$',#5,'Trimble',$,$,$,$,(#11),#35);
#37= IFCLOCALPLACEMENT($,#10);
#38= IFCSITE('0cHbuZ7tTAAARUvYnq2GoH',#5,'Undefined',$,$,#37,$,$,.ELEMENT.,$,$,$,$,$);
#39= IFCPOSTALADDRESS($,' ',$,' ',$,' ',' ',' ',' ',' ');
#40= IFCLOCALPLACEMENT(#37,#10);
#41= IFCBUILDING('2cH2Ye1ODFPROjgJsPA4pC',#5,'Undefined',$,$,#40,$,$,.ELEMENT.,$,$,#39);
#42= IFCLOCALPLACEMENT(#40,#10);
#43= IFCBUILDINGSTOREY('09Zmb6wqH33AoobR5q1mOS',#5,'Undefined',$,$,#42,$,$,.ELEMENT.,0.);
#44= IFCOWNERHISTORY(#3,#4,$,.NOCHANGE.,$,$,$,1787914800);
#45= IFCCOLOURRGB('Unnamed',0.823529411764706,0.823529411764706,0.823529411764706);
#46= IFCSURFACESTYLERENDERING(#45,0.4,$,$,$,$,IFCNORMALISEDRATIOMEASURE(0.00390625),IFCSPECULAREXPONENT(10.),.NOTDEFINED.);
#47= IFCSURFACESTYLE('CONCRETE/B45_SV_Standard',.POSITIVE.,(#46));
#48= IFCPRESENTATIONSTYLEASSIGNMENT((#47));
#49= IFCCARTESIANPOINT((1587.5,451.,-75.));
#50= IFCCARTESIANPOINT((1623.5,415.,-39.));
#51= IFCCARTESIANPOINT((1623.5,415.,-100.000000002176));
#52= IFCCARTESIANPOINT((1587.5,451.,-100.000000002219));
#53= IFCPOLYLOOP((#49,#50,#51,#52));
#54= IFCFACEOUTERBOUND(#53,.T.);
#55= IFCFACE((#54));
#56= IFCCARTESIANPOINT((812.499999999996,451.,-75.));
#57= IFCCARTESIANPOINT((776.499999999996,415.,-39.));
#58= IFCPOLYLOOP((#56,#57,#50,#49));
#59= IFCFACEOUTERBOUND(#58,.T.);
#60= IFCFACE((#59));
#61= IFCCARTESIANPOINT((812.499999999996,451.,-100.00000000175));
#62= IFCCARTESIANPOINT((776.499999999996,415.,-100.000000001663));
#63= IFCPOLYLOOP((#61,#62,#57,#56));
#64= IFCFACEOUTERBOUND(#63,.T.);
#65= IFCFACE((#64));
#66= IFCCARTESIANPOINT((836.496186073122,451.,-100.000000001764));
#67= IFCCARTESIANPOINT((836.49618603716,415.,-100.000000001699));
#68= IFCPOLYLOOP((#61,#66,#67,#62));
#69= IFCFACEOUTERBOUND(#68,.T.);
#70= IFCFACE((#69));
#71= IFCCARTESIANPOINT((883.511352068452,451.00314817257,-100.000000001794));
#72= IFCCARTESIANPOINT((1516.49618968767,451.,-100.000000002176));
#73= IFCCARTESIANPOINT((1516.49618965171,415.,-100.00000000211));
#74= IFCCARTESIANPOINT((883.511352032432,415.,-100.000000001728));
#75= IFCPOLYLOOP((#71,#72,#73,#74));
#76= IFCFACEOUTERBOUND(#75,.T.);
#77= IFCFACE((#76));
#78= IFCCARTESIANPOINT((1563.51134820989,414.989863236881,-100.));
#79= IFCCARTESIANPOINT((1563.51134824635,451.003147560517,-100.000000002205));
#80= IFCPOLYLOOP((#51,#78,#79,#52));
#81= IFCFACEOUTERBOUND(#80,.T.);
#82= IFCFACE((#81));
#83= IFCCARTESIANPOINT((1549.57085477615,451.003147574437,-84.4059173173846));
#84= IFCCARTESIANPOINT((1540.00376896702,451.00314758399,-82.5029056301501));
#85= IFCCARTESIANPOINT((1530.43668315788,451.003147593543,-84.4059173173519));
#86= IFCCARTESIANPOINT((1522.32609943734,451.003147601642,-89.8252361004597));
#87= IFCCARTESIANPOINT((1516.90678065421,451.003147607054,-97.935819820992));
#88= IFCCARTESIANPOINT((883.100757383596,451.00314817298,-97.9358011273616));
#89= IFCCARTESIANPOINT((877.681438600473,451.003148178392,-89.8252174068111));
#90= IFCCARTESIANPOINT((869.570854879928,451.00314818649,-84.4058986236778));
#91= IFCCARTESIANPOINT((860.003769070792,451.003148196043,-82.5028869364432));
#92= IFCCARTESIANPOINT((850.436683261656,451.003148205597,-84.4058986236487));
#93= IFCCARTESIANPOINT((842.326099541111,451.003148213696,-89.8252174067529));
#94= IFCCARTESIANPOINT((836.906780757987,451.003148219107,-97.9358011272852));
#95= IFCCARTESIANPOINT((1563.10075727982,451.003147560927,-97.9358198210648));
#96= IFCCARTESIANPOINT((1557.6814384967,451.003147566338,-89.8252361005179));
#97= IFCPOLYLOOP((#83,#84,#85,#86,#87,#72,#71,#88,#89,#90,#91,#92,#93,#94,#66,#61,#56,#49,#52,#79,#95,#96));
#98= IFCFACEOUTERBOUND(#97,.T.);
#99= IFCFACE((#98));
#100= IFCCARTESIANPOINT((1700.00000000821,414.988562291106,-100.));
#101= IFCCARTESIANPOINT((1700.00000000821,0.,-100.));
#102= IFCCARTESIANPOINT((916.209331140406,0.,-100.));
#103= IFCCARTESIANPOINT((862.34679430408,-93.1801966575774,-100.));
#104= IFCCARTESIANPOINT((862.345872739985,106.823679582636,-100.));
#105= IFCCARTESIANPOINT((800.60544531234,-9.09494701772928E-13,-100.));
#106= IFCCARTESIANPOINT((0.,0.,-100.));
#107= IFCCARTESIANPOINT((3.45607986673713E-11,874.99999999788,-100.));
#108= IFCCARTESIANPOINT((499.99999999972,875.000000128079,-100.));
#109= IFCCARTESIANPOINT((500.000000117989,415.000000127949,-100.));
#110= IFCCARTESIANPOINT((836.49618592329,301.003148219507,-100.));
#111= IFCCARTESIANPOINT((883.511351917896,301.003148172561,-100.));
#112= IFCCARTESIANPOINT((1516.49618953792,301.003147607454,-100.));
#113= IFCCARTESIANPOINT((1563.51134809571,301.003147560507,-100.));
#114= IFCPOLYLOOP((#100,#101,#102,#103,#104,#105,#106,#107,#108,#109,#62,#67,#110,#111,#74,#73,#112,#113,#78,#51));
#115= IFCFACEOUTERBOUND(#114,.T.);
#116= IFCFACE((#115));
#117= IFCCARTESIANPOINT((1563.10075712963,301.003147560917,-97.9358198211048));
#118= IFCPOLYLOOP((#78,#113,#117,#95,#79));
#119= IFCFACEOUTERBOUND(#118,.T.);
#120= IFCFACE((#119));
#121= IFCCARTESIANPOINT((1557.68143834651,301.003147566328,-89.825236100558));
#122= IFCPOLYLOOP((#117,#121,#96,#95));
#123= IFCFACEOUTERBOUND(#122,.T.);
#124= IFCFACE((#123));
#125= IFCCARTESIANPOINT((1549.57085462596,301.003147574427,-84.4059173174246));
#126= IFCPOLYLOOP((#121,#125,#83,#96));
#127= IFCFACEOUTERBOUND(#126,.T.);
#128= IFCFACE((#127));
#129= IFCCARTESIANPOINT((1540.00376881683,301.00314758398,-82.5029056301901));
#130= IFCPOLYLOOP((#125,#129,#84,#83));
#131= IFCFACEOUTERBOUND(#130,.T.);
#132= IFCFACE((#131));
#133= IFCCARTESIANPOINT((1530.43668300769,301.003147593533,-84.4059173173919));
#134= IFCPOLYLOOP((#129,#133,#85,#84));
#135= IFCFACEOUTERBOUND(#134,.T.);
#136= IFCFACE((#135));
#137= IFCCARTESIANPOINT((1522.32609928714,301.003147601632,-89.8252361004998));
#138= IFCPOLYLOOP((#133,#137,#86,#85));
#139= IFCFACEOUTERBOUND(#138,.T.);
#140= IFCFACE((#139));
#141= IFCCARTESIANPOINT((1516.90678050402,301.003147607044,-97.9358198210321));
#142= IFCPOLYLOOP((#137,#141,#87,#86));
#143= IFCFACEOUTERBOUND(#142,.T.);
#144= IFCFACE((#143));
#145= IFCPOLYLOOP((#87,#141,#112,#73,#72));
#146= IFCFACEOUTERBOUND(#145,.T.);
#147= IFCFACE((#146));
#148= IFCPOLYLOOP((#141,#137,#133,#129,#125,#121,#117,#113,#112));
#149= IFCFACEOUTERBOUND(#148,.T.);
#150= IFCFACE((#149));
#151= IFCCARTESIANPOINT((883.100757233406,301.003148172971,-97.9358011274016));
#152= IFCPOLYLOOP((#74,#111,#151,#88,#71));
#153= IFCFACEOUTERBOUND(#152,.T.);
#154= IFCFACE((#153));
#155= IFCCARTESIANPOINT((877.681438450281,301.003148178382,-89.8252174068512));
#156= IFCPOLYLOOP((#151,#155,#89,#88));
#157= IFCFACEOUTERBOUND(#156,.T.);
#158= IFCFACE((#157));
#159= IFCCARTESIANPOINT((869.570854729738,301.00314818648,-84.4058986237178));
#160= IFCPOLYLOOP((#155,#159,#90,#89));
#161= IFCFACEOUTERBOUND(#160,.T.);
#162= IFCFACE((#161));
#163= IFCCARTESIANPOINT((860.003768920602,301.003148196033,-82.5028869364833));
#164= IFCPOLYLOOP((#159,#163,#91,#90));
#165= IFCFACEOUTERBOUND(#164,.T.);
#166= IFCFACE((#165));
#167= IFCCARTESIANPOINT((850.436683111464,301.003148205587,-84.4058986236887));
#168= IFCPOLYLOOP((#163,#167,#92,#91));
#169= IFCFACEOUTERBOUND(#168,.T.);
#170= IFCFACE((#169));
#171= IFCCARTESIANPOINT((842.326099390921,301.003148213686,-89.8252174067966));
#172= IFCPOLYLOOP((#167,#171,#93,#92));
#173= IFCFACEOUTERBOUND(#172,.T.);
#174= IFCFACE((#173));
#175= IFCCARTESIANPOINT((836.906780607795,301.003148219098,-97.9358011273252));
#176= IFCPOLYLOOP((#171,#175,#94,#93));
#177= IFCFACEOUTERBOUND(#176,.T.);
#178= IFCFACE((#177));
#179= IFCPOLYLOOP((#94,#175,#110,#67,#66));
#180= IFCFACEOUTERBOUND(#179,.T.);
#181= IFCFACE((#180));
#182= IFCPOLYLOOP((#175,#171,#167,#163,#159,#155,#151,#111,#110));
#183= IFCFACEOUTERBOUND(#182,.T.);
#184= IFCFACE((#183));
#185= IFCCARTESIANPOINT((500.000000117989,415.000000127949,100.));
#186= IFCCARTESIANPOINT((1700.00000000821,414.988562291106,100.));
#187= IFCPOLYLOOP((#57,#62,#109,#185,#186,#100,#51,#50));
#188= IFCFACEOUTERBOUND(#187,.T.);
#189= IFCFACE((#188));
#190= IFCCARTESIANPOINT((1700.00000000821,0.,100.));
#191= IFCPOLYLOOP((#100,#186,#190,#101));
#192= IFCFACEOUTERBOUND(#191,.T.);
#193= IFCFACE((#192));
#194= IFCCARTESIANPOINT((862.34679430408,-93.1801966575774,100.));
#195= IFCCARTESIANPOINT((916.209331140406,0.,100.));
#196= IFCCARTESIANPOINT((499.99999999972,875.000000128079,100.));
#197= IFCCARTESIANPOINT((3.45607986673713E-11,874.99999999788,100.));
#198= IFCCARTESIANPOINT((0.,0.,100.));
#199= IFCCARTESIANPOINT((800.60544531234,-9.09494701772928E-13,100.));
#200= IFCCARTESIANPOINT((862.345872739985,106.823679582636,100.));
#201= IFCPOLYLOOP((#194,#195,#190,#186,#185,#196,#197,#198,#199,#200));
#202= IFCFACEOUTERBOUND(#201,.T.);
#203= IFCFACE((#202));
#204= IFCPOLYLOOP((#105,#199,#198,#106));
#205= IFCFACEOUTERBOUND(#204,.T.);
#206= IFCFACE((#205));
#207= IFCPOLYLOOP((#104,#200,#199,#105));
#208= IFCFACEOUTERBOUND(#207,.T.);
#209= IFCFACE((#208));
#210= IFCPOLYLOOP((#103,#194,#200,#104));
#211= IFCFACEOUTERBOUND(#210,.T.);
#212= IFCFACE((#211));
#213= IFCPOLYLOOP((#102,#195,#194,#103));
#214= IFCFACEOUTERBOUND(#213,.T.);
#215= IFCFACE((#214));
#216= IFCPOLYLOOP((#101,#190,#195,#102));
#217= IFCFACEOUTERBOUND(#216,.T.);
#218= IFCFACE((#217));
#219= IFCPOLYLOOP((#106,#198,#197,#107));
#220= IFCFACEOUTERBOUND(#219,.T.);
#221= IFCFACE((#220));
#222= IFCPOLYLOOP((#107,#197,#196,#108));
#223= IFCFACEOUTERBOUND(#222,.T.);
#224= IFCFACE((#223));
#225= IFCPOLYLOOP((#108,#196,#185,#109));
#226= IFCFACEOUTERBOUND(#225,.T.);
#227= IFCFACE((#226));
#228= IFCCLOSEDSHELL((#55,#60,#65,#70,#77,#82,#99,#116,#120,#124,#128,#132,#136,#140,#144,#147,#150,#154,#158,#162,#166,#170,#174,#178,#181,#184,#189,#193,#203,#206,#209,#212,#215,#218,#221,#224,#227));
#229= IFCFACETEDBREP(#228);
#230= IFCSTYLEDITEM(#229,(#48),$);
#231= IFCSHAPEREPRESENTATION(#12,'Body','Brep',(#229));
#232= IFCPRODUCTDEFINITIONSHAPE($,$,(#231));
#233= IFCCARTESIANPOINT((13135.8239554669,31100.,1790.));
#234= IFCAXIS2PLACEMENT3D(#233,#8,#7);
#235= IFCLOCALPLACEMENT(#42,#234);
#236= IFCBUILDINGELEMENTPROXY('3KME1$9JLEPOILj_rxkeoL',#44,'Landkar','__Landkar__4',$,#235,#232,'IDd458e07f-2535-4e65-8495-b7ed7bba8c95',.ELEMENT.);
#237= IFCBUILDINGELEMENTPROXYTYPE('3nrKIU6ZLCWOWd2gF3fJ6V',#5,'__Landkar__4',$,$,$,$,$,$,.NOTDEFINED.);
#238= IFCPROPERTYSINGLEVALUE('Class',$,IFCLABEL('1'),$);
#239= IFCPROPERTYSINGLEVALUE('Phase',$,IFCINTEGER(1),$);
#240= IFCPROPERTYSINGLEVALUE('Preliminary mark',$,IFCLABEL(''),$);
#241= IFCPROPERTYSINGLEVALUE('Initial GUID',$,$,$);
#242= IFCPROPERTYSINGLEVALUE('Top elevation',$,IFCLABEL(' +1.883'),$);
#243= IFCPROPERTYSINGLEVALUE('Bottom elevation',$,IFCLABEL(' +0.915'),$);
#244= IFCPROPERTYSET('1PsRXZ7Z521PHYOgn6aOG6',#5,'Tekla Common','Common Properties to Shared building elements',(#238,#239,#240,#241,#242,#243));
#245= IFCPROPERTYSINGLEVALUE('Length',$,IFCLENGTHMEASURE(1700.),$);
#246= IFCPROPERTYSINGLEVALUE('Width',$,IFCLENGTHMEASURE(968.2),$);
#247= IFCPROPERTYSINGLEVALUE('Height',$,IFCLENGTHMEASURE(200.),$);
#248= IFCPROPERTYSINGLEVALUE('Net surface area',$,IFCAREAMEASURE(3.01),$);
#249= IFCPROPERTYSINGLEVALUE('Area per tons',$,IFCAREAMEASURE(6.67),$);
#250= IFCPROPERTYSINGLEVALUE('Gross footprint area',$,IFCAREAMEASURE(0.),$);
#251= IFCPROPERTYSINGLEVALUE('Volume',$,IFCVOLUMEMEASURE(0.188),$);
#252= IFCPROPERTYSINGLEVALUE('Weight',$,IFCMASSMEASURE(451.26),$);
#253= IFCPROPERTYSET('08Wv6roOn8EvaqHlskre8a',#5,'Tekla Quantity','Quantity Properties to Shared building elements',(#245,#246,#247,#248,#249,#250,#251,#252));
#254= IFCPROPERTYSINGLEVALUE('Pour Concrete Mixture',$,$,$);
#255= IFCPROPERTYSINGLEVALUE('Pour Comment',$,IFCLABEL(''),$);
#256= IFCPROPERTYSINGLEVALUE('Pour Number',$,$,$);
#257= IFCPROPERTYSINGLEVALUE('Pour Type',$,$,$);
#258= IFCPROPERTYSINGLEVALUE('Pour User Field1',$,$,$);
#259= IFCPROPERTYSINGLEVALUE('Pour User Field2',$,$,$);
#260= IFCPROPERTYSINGLEVALUE('Pour User Field3',$,$,$);
#261= IFCPROPERTYSINGLEVALUE('Pour User Field4',$,$,$);
#262= IFCPROPERTYSINGLEVALUE('Pour Formwork Checked By',$,$,$);
#263= IFCPROPERTYSINGLEVALUE('Pour Formwork Comment',$,$,$);
#264= IFCPROPERTYSINGLEVALUE('Pour Formwork Status',$,$,$);
#265= IFCPROPERTYSINGLEVALUE('Pour Formwork Check Date',$,$,$);
#266= IFCPROPERTYSINGLEVALUE('Pour Planned Start Form',$,$,$);
#267= IFCPROPERTYSINGLEVALUE('Pour Planned End Form',$,$,$);
#268= IFCPROPERTYSINGLEVALUE('Pour Actual Start Form',$,$,$);
#269= IFCPROPERTYSINGLEVALUE('Pour Actual End Form',$,$,$);
#270= IFCPROPERTYSINGLEVALUE('Pour Rebar CheckedBy',$,$,$);
#271= IFCPROPERTYSINGLEVALUE('Pour Rebar Comment',$,$,$);
#272= IFCPROPERTYSINGLEVALUE('Pour Rebar Release Number',$,$,$);
#273= IFCPROPERTYSINGLEVALUE('Pour Rebar Shipment Number',$,$,$);
#274= IFCPROPERTYSINGLEVALUE('Pour Rebar Status',$,$,$);
#275= IFCPROPERTYSINGLEVALUE('Pour Rebar Check Date',$,$,$);
#276= IFCPROPERTYSINGLEVALUE('Pour Planned Start Rebar',$,$,$);
#277= IFCPROPERTYSINGLEVALUE('Pour Planned End Rebar',$,$,$);
#278= IFCPROPERTYSINGLEVALUE('Pour Actual Start Rebar',$,$,$);
#279= IFCPROPERTYSINGLEVALUE('Pour Actual End Rebar',$,$,$);
#280= IFCPROPERTYSINGLEVALUE('Pour Checked By',$,$,$);
#281= IFCPROPERTYSINGLEVALUE('Pour Comment',$,$,$);
#282= IFCPROPERTYSINGLEVALUE('Pour Status',$,$,$);
#283= IFCPROPERTYSINGLEVALUE('Pour Check Date',$,$,$);
#284= IFCPROPERTYSINGLEVALUE('Pour Planned Start Date',$,$,$);
#285= IFCPROPERTYSINGLEVALUE('Pour Planned End Date',$,$,$);
#286= IFCPROPERTYSINGLEVALUE('Pour Actual Start Date',$,$,$);
#287= IFCPROPERTYSINGLEVALUE('Pour Actual End Date',$,$,$);
#288= IFCPROPERTYSINGLEVALUE('Pour Area',$,IFCAREAMEASURE(3.),$);
#289= IFCPROPERTYSINGLEVALUE('Pour Area PGZ',$,IFCAREAMEASURE(0.3),$);
#290= IFCPROPERTYSINGLEVALUE('Pour Area NGZ',$,IFCAREAMEASURE(0.3),$);
#291= IFCPROPERTYSINGLEVALUE('Pour Area PGX',$,IFCAREAMEASURE(0.2),$);
#292= IFCPROPERTYSINGLEVALUE('Pour Area NXG',$,IFCAREAMEASURE(0.2),$);
#293= IFCPROPERTYSINGLEVALUE('Pour Area PGY',$,IFCAREAMEASURE(0.9),$);
#294= IFCPROPERTYSINGLEVALUE('Pour Area NGY',$,IFCAREAMEASURE(1.),$);
#295= IFCPROPERTYSINGLEVALUE('Pour Content Type',$,IFCLABEL('PART'),$);
#296= IFCPROPERTYSINGLEVALUE('Pour GUID',$,IFCLABEL('d458e07f-2535-4e65-8495-b7ed7bba8c95'),$);
#297= IFCPROPERTYSINGLEVALUE('Pour ID',$,$,$);
#298= IFCPROPERTYSINGLEVALUE('Pour Material',$,IFCLABEL('B45_SV_Standard'),$);
#299= IFCPROPERTYSINGLEVALUE('Pour Top Level',$,IFCLABEL(' +1.883'),$);
#300= IFCPROPERTYSINGLEVALUE('Pour Bottom Level',$,IFCLABEL(' +0.915'),$);
#301= IFCPROPERTYSINGLEVALUE('Pour Volume',$,IFCVOLUMEMEASURE(0.188),$);
#302= IFCPROPERTYSINGLEVALUE('Pour Weight',$,IFCMASSMEASURE(451.3),$);
#303= IFCPROPERTYSINGLEVALUE('Pour Weight Net',$,IFCMASSMEASURE(451.3),$);
#304= IFCPROPERTYSINGLEVALUE('Pour Break GUID',$,IFCLABEL('d458e07f-2535-4e65-8495-b7ed7bba8c95'),$);
#305= IFCPROPERTYSINGLEVALUE('Pour Break ID',$,$,$);
#306= IFCPROPERTYSINGLEVALUE('Pour Break Type',$,$,$);
#307= IFCPROPERTYSINGLEVALUE('Pour Break Comment',$,IFCLABEL(''),$);
#308= IFCPROPERTYSET('1MUnwFc3PD9PsI3s4ytFx5',#5,'Pours',$,(#254,#255,#256,#257,#258,#259,#260,#261,#262,#263,#264,#265,#266,#267,#268,#269,#270,#271,#272,#273,#274,#275,#276,#277,#278,#279,#280,#281,#282,#283,#284,#285,#286,#287,#288,#289,#290,#291,#292,#293,#294,#295,#296,#297,#298,#299,#300,#301,#302,#303,#304,#305,#306,#307));
#309= IFCMATERIAL('CONCRETE/B45_SV_Standard');
#310= IFCCOLOURRGB('Unnamed',0.615686274509804,0.615686274509804,0.662745098039216);
#311= IFCSURFACESTYLERENDERING(#310,0.4,$,$,$,$,IFCNORMALISEDRATIOMEASURE(0.00390625),IFCSPECULAREXPONENT(10.),.NOTDEFINED.);
#312= IFCSURFACESTYLE('CONCRETE/B45_SV_Standard',.POSITIVE.,(#311));
#313= IFCPRESENTATIONSTYLEASSIGNMENT((#312));
#314= IFCCARTESIANPOINT((527.996842665954,-100.002277903535,684.99689797399));
#315= IFCCARTESIANPOINT((527.996846570793,-84.5514281847863,687.444072159233));
#316= IFCCARTESIANPOINT((527.996851042903,-70.6130152889127,694.546048255243));
#317= IFCCARTESIANPOINT((527.996855644522,-59.5514281847863,705.607635359365));
#318= IFCCARTESIANPOINT((527.996859925213,-52.4494520887783,719.546048255243));
#319= IFCCARTESIANPOINT((527.99686346595,-50.0022779035353,734.99689797399));
#320= IFCCARTESIANPOINT((527.996865920142,-52.4494520887783,750.447747692737));
#321= IFCCARTESIANPOINT((527.996867047556,-59.5514281847863,764.386160588614));
#322= IFCCARTESIANPOINT((527.996866737832,-70.6130152889127,775.447747692737));
#323= IFCCARTESIANPOINT((527.996865021289,-84.5514281847863,782.549723788747));
#324= IFCCARTESIANPOINT((527.996862065953,-100.002277903535,784.99689797399));
#325= IFCPOLYLOOP((#314,#315,#316,#317,#318,#319,#320,#321,#322,#323,#324));
#326= IFCFACEOUTERBOUND(#325,.T.);
#327= IFCFACE((#326));
#328= IFCCARTESIANPOINT((698.000000182106,-84.5514659255532,687.444039178505));
#329= IFCCARTESIANPOINT((698.000000181483,-100.,684.996864993262));
#330= IFCPOLYLOOP((#328,#315,#314,#329));
#331= IFCFACEOUTERBOUND(#330,.T.);
#332= IFCFACE((#331));
#333= IFCCARTESIANPOINT((698.000000183916,-70.6130530296759,694.546015274516));
#334= IFCPOLYLOOP((#333,#316,#315,#328));
#335= IFCFACEOUTERBOUND(#334,.T.);
#336= IFCFACE((#335));
#337= IFCCARTESIANPOINT((698.000000186734,-59.5514659255496,705.607602378641));
#338= IFCPOLYLOOP((#337,#317,#316,#333));
#339= IFCFACEOUTERBOUND(#338,.T.);
#340= IFCFACE((#339));
#341= IFCCARTESIANPOINT((698.000000190286,-52.4494898295379,719.546015274518));
#342= IFCPOLYLOOP((#341,#318,#317,#337));
#343= IFCFACEOUTERBOUND(#342,.T.);
#344= IFCFACE((#343));
#345= IFCCARTESIANPOINT((698.000000194223,-50.0023156442949,734.996864993265));
#346= IFCPOLYLOOP((#345,#319,#318,#341));
#347= IFCFACEOUTERBOUND(#346,.T.);
#348= IFCFACE((#347));
#349= IFCCARTESIANPOINT((698.00000019816,-52.4494898295379,750.447714712014));
#350= IFCPOLYLOOP((#349,#320,#319,#345));
#351= IFCFACEOUTERBOUND(#350,.T.);
#352= IFCFACE((#351));
#353= IFCCARTESIANPOINT((698.000000201712,-59.5514659255496,764.38612760789));
#354= IFCPOLYLOOP((#353,#321,#320,#349));
#355= IFCFACEOUTERBOUND(#354,.T.);
#356= IFCFACE((#355));
#357= IFCCARTESIANPOINT((698.00000020453,-70.6130530296723,775.447714712014));
#358= IFCPOLYLOOP((#357,#322,#321,#353));
#359= IFCFACEOUTERBOUND(#358,.T.);
#360= IFCFACE((#359));
#361= IFCCARTESIANPOINT((698.00000020634,-84.5514659255496,782.549690808024));
#362= IFCPOLYLOOP((#361,#323,#322,#357));
#363= IFCFACEOUTERBOUND(#362,.T.);
#364= IFCFACE((#363));
#365= IFCCARTESIANPOINT((698.000000206449,-100.002315644299,784.996864993265));
#366= IFCPOLYLOOP((#365,#324,#323,#361));
#367= IFCFACEOUTERBOUND(#366,.T.);
#368= IFCFACE((#367));
#369= IFCCARTESIANPOINT((527.996842665954,-100.002277903535,214.992144811138));
#370= IFCCARTESIANPOINT((527.996846570793,-84.5514281847863,217.439318996381));
#371= IFCCARTESIANPOINT((527.996851042903,-70.6130152889127,224.541295092391));
#372= IFCCARTESIANPOINT((527.996855644522,-59.5514281847863,235.602882196514));
#373= IFCCARTESIANPOINT((527.996859925213,-52.4494520887783,249.541295092391));
#374= IFCCARTESIANPOINT((527.99686346595,-50.0022779035353,264.992144811138));
#375= IFCCARTESIANPOINT((527.996865920142,-52.4494520887783,280.442994529885));
#376= IFCCARTESIANPOINT((527.996867047556,-59.5514281847863,294.381407425763));
#377= IFCCARTESIANPOINT((527.996866737832,-70.6130152889127,305.442994529885));
#378= IFCCARTESIANPOINT((527.996865021289,-84.5514281847863,312.544970625895));
#379= IFCCARTESIANPOINT((527.996862065953,-100.002277903535,314.992144811138));
#380= IFCPOLYLOOP((#369,#370,#371,#372,#373,#374,#375,#376,#377,#378,#379));
#381= IFCFACEOUTERBOUND(#380,.T.);
#382= IFCFACE((#381));
#383= IFCCARTESIANPOINT((698.000000062292,-84.5514659255532,217.439286015653));
#384= IFCCARTESIANPOINT((698.000000061721,-100.,214.99211183041));
#385= IFCPOLYLOOP((#383,#370,#369,#384));
#386= IFCFACEOUTERBOUND(#385,.T.);
#387= IFCFACE((#386));
#388= IFCCARTESIANPOINT((698.000000064106,-70.6130530296759,224.541262111665));
#389= IFCPOLYLOOP((#388,#371,#370,#383));
#390= IFCFACEOUTERBOUND(#389,.T.);
#391= IFCFACE((#390));
#392= IFCCARTESIANPOINT((698.000000066928,-59.5514659255496,235.602849215789));
#393= IFCPOLYLOOP((#392,#372,#371,#388));
#394= IFCFACEOUTERBOUND(#393,.T.);
#395= IFCFACE((#394));
#396= IFCCARTESIANPOINT((698.000000070482,-52.4494898295379,249.541262111667));
#397= IFCPOLYLOOP((#396,#373,#372,#392));
#398= IFCFACEOUTERBOUND(#397,.T.);
#399= IFCFACE((#398));
#400= IFCCARTESIANPOINT((698.00000007442,-50.0023156442949,264.992111830414));
#401= IFCPOLYLOOP((#400,#374,#373,#396));
#402= IFCFACEOUTERBOUND(#401,.T.);
#403= IFCFACE((#402));
#404= IFCCARTESIANPOINT((698.000000078357,-52.4494898295379,280.442961549163));
#405= IFCPOLYLOOP((#404,#375,#374,#400));
#406= IFCFACEOUTERBOUND(#405,.T.);
#407= IFCFACE((#406));
#408= IFCCARTESIANPOINT((698.000000081907,-59.5514659255496,294.381374445038));
#409= IFCPOLYLOOP((#408,#376,#375,#404));
#410= IFCFACEOUTERBOUND(#409,.T.);
#411= IFCFACE((#410));
#412= IFCCARTESIANPOINT((698.000000084722,-70.6130530296723,305.442961549163));
#413= IFCPOLYLOOP((#412,#377,#376,#408));
#414= IFCFACEOUTERBOUND(#413,.T.);
#415= IFCFACE((#414));
#416= IFCCARTESIANPOINT((698.000000086528,-84.5514659255496,312.544937645172));
#417= IFCPOLYLOOP((#416,#378,#377,#412));
#418= IFCFACEOUTERBOUND(#417,.T.);
#419= IFCFACE((#418));
#420= IFCCARTESIANPOINT((698.000000086688,-100.002315644295,314.992111830414));
#421= IFCPOLYLOOP((#420,#379,#378,#416));
#422= IFCFACEOUTERBOUND(#421,.T.);
#423= IFCFACE((#422));
#424= IFCCARTESIANPOINT((698.000000261748,-100.,1000.0000000004));
#425= IFCCARTESIANPOINT((2.54809037869563E-07,-100.,1000.00000000025));
#426= IFCCARTESIANPOINT((1.30396074382588E-07,-100.,486.180000000129));
#427= IFCCARTESIANPOINT((-93.1763202978395,-100.,432.323783692214));
#428= IFCCARTESIANPOINT((106.827555942568,-100.,432.322862077879));
#429= IFCCARTESIANPOINT((1.0094117897097E-07,-100.,370.580194201368));
#430= IFCCARTESIANPOINT((0.,-100.,0.));
#431= IFCCARTESIANPOINT((698.00000000694,-100.,1.54614099301398E-10));
#432= IFCPOLYLOOP((#329,#314,#324,#365,#424,#425,#426,#427,#428,#429,#430,#431,#384,#369,#379,#420));
#433= IFCFACEOUTERBOUND(#432,.T.);
#434= IFCFACE((#433));
#435= IFCCARTESIANPOINT((698.000000261748,85.,1000.0000000004));
#436= IFCCARTESIANPOINT((2.54809037869563E-07,85.,1000.00000000025));
#437= IFCPOLYLOOP((#425,#424,#435,#436));
#438= IFCFACEOUTERBOUND(#437,.T.);
#439= IFCFACE((#438));
#440= IFCCARTESIANPOINT((1.30396074382588E-07,85.,486.180000000129));
#441= IFCPOLYLOOP((#426,#425,#436,#440));
#442= IFCFACEOUTERBOUND(#441,.T.);
#443= IFCFACE((#442));
#444= IFCCARTESIANPOINT((-93.1763202978395,85.,432.323783692214));
#445= IFCPOLYLOOP((#427,#426,#440,#444));
#446= IFCFACEOUTERBOUND(#445,.T.);
#447= IFCFACE((#446));
#448= IFCCARTESIANPOINT((106.827555942568,85.,432.322862077879));
#449= IFCPOLYLOOP((#428,#427,#444,#448));
#450= IFCFACEOUTERBOUND(#449,.T.);
#451= IFCFACE((#450));
#452= IFCCARTESIANPOINT((1.0094117897097E-07,85.,370.580194201368));
#453= IFCPOLYLOOP((#429,#428,#448,#452));
#454= IFCFACEOUTERBOUND(#453,.T.);
#455= IFCFACE((#454));
#456= IFCCARTESIANPOINT((0.,85.,0.));
#457= IFCPOLYLOOP((#430,#429,#452,#456));
#458= IFCFACEOUTERBOUND(#457,.T.);
#459= IFCFACE((#458));
#460= IFCCARTESIANPOINT((698.00000000694,85.,1.54614099301398E-10));
#461= IFCPOLYLOOP((#431,#430,#456,#460));
#462= IFCFACEOUTERBOUND(#461,.T.);
#463= IFCFACE((#462));
#464= IFCPOLYLOOP((#424,#365,#361,#357,#353,#349,#345,#341,#337,#333,#328,#329,#420,#416,#412,#408,#404,#400,#396,#392,#388,#383,#384,#431,#460,#435));
#465= IFCFACEOUTERBOUND(#464,.T.);
#466= IFCFACE((#465));
#467= IFCPOLYLOOP((#456,#452,#448,#444,#440,#436,#435,#460));
#468= IFCFACEOUTERBOUND(#467,.T.);
#469= IFCFACE((#468));
#470= IFCCLOSEDSHELL((#327,#332,#336,#340,#344,#348,#352,#356,#360,#364,#368,#382,#387,#391,#395,#399,#403,#407,#411,#415,#419,#423,#434,#439,#443,#447,#451,#455,#459,#463,#466,#469));
#471= IFCFACETEDBREP(#470);
#472= IFCSTYLEDITEM(#471,(#313),$);
#473= IFCSHAPEREPRESENTATION(#12,'Body','Brep',(#471));
#474= IFCPRODUCTDEFINITIONSHAPE($,$,(#473));
#475= IFCCARTESIANPOINT((14835.8239554669,31100.,500.));
#476= IFCDIRECTION((-1.,0.,0.));
#477= IFCAXIS2PLACEMENT3D(#475,#476,#9);
#478= IFCLOCALPLACEMENT(#42,#477);
#479= IFCSLAB('2Rv5UY5D913e6mhOlhDr8O',#44,'Fundament','200X791',$,#478,#474,'ID9be457a2-14d2-410e-81b0-ad8beb375218',.NOTDEFINED.);
#480= IFCSLABTYPE('1GkW3HNtfC9fBjPOojBIYA',#5,'200X791',$,$,$,$,$,$,.NOTDEFINED.);
#481= IFCPROPERTYSINGLEVALUE('Top elevation',$,IFCLABEL(' +1.198'),$);
#482= IFCPROPERTYSINGLEVALUE('Bottom elevation',$,IFCLABEL(' +0.407'),$);
#483= IFCPROPERTYSET('0$Owjp6yX2AvPDzPrSnHu2',#5,'Tekla Common','Common Properties to Shared building elements',(#238,#239,#240,#241,#481,#482));
#484= IFCPROPERTYSINGLEVALUE('Length',$,IFCLENGTHMEASURE(1000.),$);
#485= IFCPROPERTYSINGLEVALUE('Width',$,IFCLENGTHMEASURE(185.),$);
#486= IFCPROPERTYSINGLEVALUE('Height',$,IFCLENGTHMEASURE(791.2),$);
#487= IFCPROPERTYSINGLEVALUE('Net surface area',$,IFCAREAMEASURE(2.1),$);
#488= IFCPROPERTYSINGLEVALUE('Area per tons',$,IFCAREAMEASURE(6.854),$);
#489= IFCPROPERTYSINGLEVALUE('Gross footprint area',$,IFCAREAMEASURE(0.177),$);
#490= IFCPROPERTYSINGLEVALUE('Volume',$,IFCVOLUMEMEASURE(0.128),$);
#491= IFCPROPERTYSINGLEVALUE('Weight',$,IFCMASSMEASURE(306.41),$);
#492= IFCPROPERTYSET('0ZPl$QSJf0OfciFeHYKTjm',#5,'Tekla Quantity','Quantity Properties to Shared building elements',(#484,#485,#486,#487,#488,#489,#490,#491));
#493= IFCPROPERTYSINGLEVALUE('NetArea',$,IFCAREAMEASURE(0.2),$);
#494= IFCPROPERTYSINGLEVALUE('NetVolume',$,IFCVOLUMEMEASURE(0.1),$);
#495= IFCPROPERTYSINGLEVALUE('NetWeight',$,IFCMASSMEASURE(306.4),$);
#496= IFCPROPERTYSET('1BqmOYc4jBDelMuBKVNI0t',#5,'SlabBaseQuantities',$,(#485,#493,#494,#495));
#497= IFCPROPERTYSINGLEVALUE('Reference',$,$,$);
#498= IFCPROPERTYSINGLEVALUE('AcousticRating',$,$,$);
#499= IFCPROPERTYSINGLEVALUE('FireRating',$,$,$);
#500= IFCPROPERTYSINGLEVALUE('Combustible',$,IFCBOOLEAN(''),$);
#501= IFCPROPERTYSINGLEVALUE('SurfaceSpreadOfFlame',$,$,$);
#502= IFCPROPERTYSINGLEVALUE('ThermalTransmittance',$,$,$);
#503= IFCPROPERTYSINGLEVALUE('IsExternal',$,IFCBOOLEAN(''),$);
#504= IFCPROPERTYSINGLEVALUE('LoadBearing',$,IFCBOOLEAN(''),$);
#505= IFCPROPERTYSINGLEVALUE('Compartmentation',$,IFCBOOLEAN(''),$);
#506= IFCPROPERTYSINGLEVALUE('PitchAngle',$,$,$);
#507= IFCPROPERTYSET('2qMkRJ$oXEMg3J3j3UkWAv',#5,'Pset_SlabCommon','Definition from IAI: Properties common to the definition of all occurrences of IfcSlab. Note: Properties for PitchAngle added in IFC 2x3',(#497,#498,#499,#500,#501,#502,#503,#504,#505,#506));
#508= IFCCOLOURRGB('Unnamed',0.,0.,0.);
#509= IFCSURFACESTYLERENDERING(#508,0.,$,$,$,$,IFCNORMALISEDRATIOMEASURE(0.00390625),IFCSPECULAREXPONENT(10.),.NOTDEFINED.);
#510= IFCSURFACESTYLE('MISCELLANEOUS/Misc_Undefined',.POSITIVE.,(#509));
#511= IFCPRESENTATIONSTYLEASSIGNMENT((#510));
#512= IFCCARTESIANPOINT((0.,-2.5,-100.));
#513= IFCCARTESIANPOINT((0.,-2.5,100.));
#514= IFCCARTESIANPOINT((0.,2.5,100.));
#515= IFCCARTESIANPOINT((0.,2.5,-100.));
#516= IFCPOLYLOOP((#512,#513,#514,#515));
#517= IFCFACEOUTERBOUND(#516,.T.);
#518= IFCFACE((#517));
#519= IFCCARTESIANPOINT((520.937078776164,2.50000000000273,100.));
#520= IFCCARTESIANPOINT((520.937078776164,2.50000000000273,-100.));
#521= IFCPOLYLOOP((#515,#514,#519,#520));
#522= IFCFACEOUTERBOUND(#521,.T.);
#523= IFCFACE((#522));
#524= IFCCARTESIANPOINT((523.822197440744,-2.49999999999727,-100.));
#525= IFCCARTESIANPOINT((523.822197440744,-2.49999999999727,100.));
#526= IFCPOLYLOOP((#513,#512,#524,#525));
#527= IFCFACEOUTERBOUND(#526,.T.);
#528= IFCFACE((#527));
#529= IFCCARTESIANPOINT((582.679957051738,109.320919895661,100.));
#530= IFCCARTESIANPOINT((582.679957051738,109.320919895661,-100.));
#531= IFCPOLYLOOP((#520,#519,#529,#530));
#532= IFCFACEOUTERBOUND(#531,.T.);
#533= IFCFACE((#532));
#534= IFCCARTESIANPOINT((577.68004294827,90.6790801043425,-100.));
#535= IFCCARTESIANPOINT((577.68004294827,90.6790801043425,100.));
#536= IFCPOLYLOOP((#525,#524,#534,#535));
#537= IFCFACEOUTERBOUND(#536,.T.);
#538= IFCFACE((#537));
#539= IFCCARTESIANPOINT((582.680878615833,-90.682956344554,100.));
#540= IFCCARTESIANPOINT((582.680878615833,-90.682956344554,-100.));
#541= IFCPOLYLOOP((#530,#529,#539,#540));
#542= IFCFACEOUTERBOUND(#541,.T.);
#543= IFCFACE((#542));
#544= IFCCARTESIANPOINT((577.680964512365,-109.324796135873,-100.));
#545= IFCCARTESIANPOINT((577.680964512365,-109.324796135873,100.));
#546= IFCPOLYLOOP((#535,#534,#544,#545));
#547= IFCFACEOUTERBOUND(#546,.T.);
#548= IFCFACE((#547));
#549= IFCCARTESIANPOINT((636.540964604232,2.50000000000369,100.));
#550= IFCCARTESIANPOINT((636.540964604232,2.50000000000369,-100.));
#551= IFCPOLYLOOP((#540,#539,#549,#550));
#552= IFCFACEOUTERBOUND(#551,.T.);
#553= IFCFACE((#552));
#554= IFCCARTESIANPOINT((639.426083268812,-2.49999999999642,-100.));
#555= IFCCARTESIANPOINT((639.426083268812,-2.49999999999642,100.));
#556= IFCPOLYLOOP((#545,#544,#554,#555));
#557= IFCFACEOUTERBOUND(#556,.T.);
#558= IFCFACE((#557));
#559= IFCCARTESIANPOINT((1020.,2.50000000000546,100.));
#560= IFCCARTESIANPOINT((1020.,2.50000000000546,-100.));
#561= IFCPOLYLOOP((#550,#549,#559,#560));
#562= IFCFACEOUTERBOUND(#561,.T.);
#563= IFCFACE((#562));
#564= IFCCARTESIANPOINT((1020.,-2.49999999999454,100.));
#565= IFCPOLYLOOP((#549,#539,#529,#519,#514,#513,#525,#535,#545,#555,#564,#559));
#566= IFCFACEOUTERBOUND(#565,.T.);
#567= IFCFACE((#566));
#568= IFCCARTESIANPOINT((1020.,-2.49999999999454,-100.));
#569= IFCPOLYLOOP((#555,#554,#568,#564));
#570= IFCFACEOUTERBOUND(#569,.T.);
#571= IFCFACE((#570));
#572= IFCPOLYLOOP((#554,#544,#534,#524,#512,#515,#520,#530,#540,#550,#560,#568));
#573= IFCFACEOUTERBOUND(#572,.T.);
#574= IFCFACE((#573));
#575= IFCPOLYLOOP((#564,#568,#560,#559));
#576= IFCFACEOUTERBOUND(#575,.T.);
#577= IFCFACE((#576));
#578= IFCCLOSEDSHELL((#518,#523,#528,#533,#538,#543,#548,#553,#558,#563,#567,#571,#574,#577));
#579= IFCFACETEDBREP(#578);
#580= IFCSTYLEDITEM(#579,(#511),$);
#581= IFCSHAPEREPRESENTATION(#12,'Body','Brep',(#579));
#582= IFCPRODUCTDEFINITIONSHAPE($,$,(#581));
#583= IFCCARTESIANPOINT((13825.82,31100.,497.500000000004));
#584= IFCAXIS2PLACEMENT3D(#583,#8,#7);
#585= IFCLOCALPLACEMENT(#42,#584);
#586= IFCBEAM('29y$8ZF_9AnQcCeD0I9Dhp',#44,'Ramme','PL200X5',$,#585,#582,'ID89f3f223-3fe2-4ac5-a98c-a0d01224daf3');
#587= IFCBEAMTYPE('1lKHHKplX3NvbYDgR8CTeT',#5,'PL200X5',$,$,$,$,$,$,.NOTDEFINED.);
#588= IFCPROPERTYSINGLEVALUE('Class',$,IFCLABEL('13'),$);
#589= IFCPROPERTYSINGLEVALUE('Top elevation',$,IFCLABEL(' +0.607'),$);
#590= IFCPROPERTYSINGLEVALUE('Bottom elevation',$,IFCLABEL(' +0.388'),$);
#591= IFCPROPERTYSET('007AWandP3vA$0G_LJfiNf',#5,'Tekla Common','Common Properties to Shared building elements',(#588,#239,#240,#241,#589,#590));
#592= IFCPROPERTYSINGLEVALUE('Length',$,IFCLENGTHMEASURE(1335.4),$);
#593= IFCPROPERTYSINGLEVALUE('Width',$,IFCLENGTHMEASURE(5.),$);
#594= IFCPROPERTYSINGLEVALUE('Net surface area',$,IFCAREAMEASURE(0.55),$);
#595= IFCPROPERTYSINGLEVALUE('Area per tons',$,IFCAREAMEASURE(0.),$);
#596= IFCPROPERTYSINGLEVALUE('Volume',$,IFCVOLUMEMEASURE(0.001),$);
#597= IFCPROPERTYSINGLEVALUE('Weight',$,IFCMASSMEASURE(0.),$);
#598= IFCPROPERTYSET('1NNimMZXLAmBuwp430q04e',#5,'Tekla Quantity','Quantity Properties to Shared building elements',(#592,#593,#247,#594,#595,#250,#596,#597));
#599= IFCPROPERTYSINGLEVALUE('OuterSurfaceArea',$,IFCAREAMEASURE(0.5),$);
#600= IFCPROPERTYSINGLEVALUE('NetVolume',$,IFCVOLUMEMEASURE(0.),$);
#601= IFCPROPERTYSINGLEVALUE('NetWeight',$,IFCMASSMEASURE(0.),$);
#602= IFCPROPERTYSET('3rnegyn8f3RAssyF_OKhwT',#5,'BeamBaseQuantities',$,(#592,#599,#600,#601));
#603= IFCPROPERTYSINGLEVALUE('Span',$,$,$);
#604= IFCPROPERTYSINGLEVALUE('Slope',$,IFCPLANEANGLEMEASURE(0.),$);
#605= IFCPROPERTYSET('06BoUh7vrACfj8RNKTS8Jk',#5,'Pset_BeamCommon','Definition from IAI: Properties common to the definition of all occurrences of IfcBeam.',(#497,#603,#604,#503,#504,#499));
#606= IFCMATERIAL('MISCELLANEOUS/Misc_Undefined');
#607= IFCCARTESIANPOINT((810.607078776164,2.50000000000273,100.));
#608= IFCCARTESIANPOINT((810.607078776164,2.50000000000273,-100.));
#609= IFCPOLYLOOP((#515,#514,#607,#608));
#610= IFCFACEOUTERBOUND(#609,.T.);
#611= IFCFACE((#610));
#612= IFCCARTESIANPOINT((813.492197440744,-2.49999999999727,-100.));
#613= IFCCARTESIANPOINT((813.492197440744,-2.49999999999727,100.));
#614= IFCPOLYLOOP((#513,#512,#612,#613));
#615= IFCFACEOUTERBOUND(#614,.T.);
#616= IFCFACE((#615));
#617= IFCCARTESIANPOINT((872.349957051738,109.320919895661,100.));
#618= IFCCARTESIANPOINT((872.349957051738,109.320919895661,-100.));
#619= IFCPOLYLOOP((#608,#607,#617,#618));
#620= IFCFACEOUTERBOUND(#619,.T.);
#621= IFCFACE((#620));
#622= IFCCARTESIANPOINT((867.35004294827,90.6790801043426,-100.));
#623= IFCCARTESIANPOINT((867.35004294827,90.6790801043426,100.));
#624= IFCPOLYLOOP((#613,#612,#622,#623));
#625= IFCFACEOUTERBOUND(#624,.T.);
#626= IFCFACE((#625));
#627= IFCCARTESIANPOINT((872.350878615833,-90.682956344554,100.));
#628= IFCCARTESIANPOINT((872.350878615833,-90.682956344554,-100.));
#629= IFCPOLYLOOP((#618,#617,#627,#628));
#630= IFCFACEOUTERBOUND(#629,.T.);
#631= IFCFACE((#630));
#632= IFCCARTESIANPOINT((867.350964512365,-109.324796135873,-100.));
#633= IFCCARTESIANPOINT((867.350964512365,-109.324796135873,100.));
#634= IFCPOLYLOOP((#623,#622,#632,#633));
#635= IFCFACEOUTERBOUND(#634,.T.);
#636= IFCFACE((#635));
#637= IFCCARTESIANPOINT((926.210964604232,2.50000000000364,100.));
#638= IFCCARTESIANPOINT((926.210964604232,2.50000000000364,-100.));
#639= IFCPOLYLOOP((#628,#627,#637,#638));
#640= IFCFACEOUTERBOUND(#639,.T.);
#641= IFCFACE((#640));
#642= IFCCARTESIANPOINT((929.096083268812,-2.49999999999636,-100.));
#643= IFCCARTESIANPOINT((929.096083268812,-2.49999999999636,100.));
#644= IFCPOLYLOOP((#633,#632,#642,#643));
#645= IFCFACEOUTERBOUND(#644,.T.);
#646= IFCFACE((#645));
#647= IFCCARTESIANPOINT((1720.,2.50000000000546,100.));
#648= IFCCARTESIANPOINT((1720.,2.50000000000546,-100.));
#649= IFCPOLYLOOP((#638,#637,#647,#648));
#650= IFCFACEOUTERBOUND(#649,.T.);
#651= IFCFACE((#650));
#652= IFCCARTESIANPOINT((1720.,-2.49999999999454,100.));
#653= IFCPOLYLOOP((#637,#627,#617,#607,#514,#513,#613,#623,#633,#643,#652,#647));
#654= IFCFACEOUTERBOUND(#653,.T.);
#655= IFCFACE((#654));
#656= IFCCARTESIANPOINT((1720.,-2.49999999999454,-100.));
#657= IFCPOLYLOOP((#643,#642,#656,#652));
#658= IFCFACEOUTERBOUND(#657,.T.);
#659= IFCFACE((#658));
#660= IFCPOLYLOOP((#642,#632,#622,#612,#512,#515,#608,#618,#628,#638,#648,#656));
#661= IFCFACEOUTERBOUND(#660,.T.);
#662= IFCFACE((#661));
#663= IFCPOLYLOOP((#652,#656,#648,#647));
#664= IFCFACEOUTERBOUND(#663,.T.);
#665= IFCFACE((#664));
#666= IFCCLOSEDSHELL((#518,#611,#616,#621,#626,#631,#636,#641,#646,#651,#655,#659,#662,#665));
#667= IFCFACETEDBREP(#666);
#668= IFCSTYLEDITEM(#667,(#511),$);
#669= IFCSHAPEREPRESENTATION(#12,'Body','Brep',(#667));
#670= IFCPRODUCTDEFINITIONSHAPE($,$,(#669));
#671= IFCCARTESIANPOINT((13125.82,31100.,1792.5));
#672= IFCAXIS2PLACEMENT3D(#671,#8,#7);
#673= IFCLOCALPLACEMENT(#42,#672);
#674= IFCBEAM('3Zrj4J19r5SR$QMQK2nybq',#44,'Ramme','PL200X5',$,#673,#670,'IDe3d6d113-049d-4571-bfda-59a502c7c974');
#675= IFCPROPERTYSINGLEVALUE('Top elevation',$,IFCLABEL(' +1.902'),$);
#676= IFCPROPERTYSINGLEVALUE('Bottom elevation',$,IFCLABEL(' +1.683'),$);
#677= IFCPROPERTYSET('3v6tfHuh50a8kz6DBxGm$B',#5,'Tekla Common','Common Properties to Shared building elements',(#588,#239,#240,#241,#675,#676));
#678= IFCPROPERTYSINGLEVALUE('Length',$,IFCLENGTHMEASURE(2035.4),$);
#679= IFCPROPERTYSINGLEVALUE('Net surface area',$,IFCAREAMEASURE(0.837),$);
#680= IFCPROPERTYSINGLEVALUE('Volume',$,IFCVOLUMEMEASURE(0.002),$);
#681= IFCPROPERTYSET('22IHhL9LjEhAlLZL5QOBb8',#5,'Tekla Quantity','Quantity Properties to Shared building elements',(#678,#593,#247,#679,#595,#250,#680,#597));
#682= IFCPROPERTYSINGLEVALUE('OuterSurfaceArea',$,IFCAREAMEASURE(0.8),$);
#683= IFCPROPERTYSET('3xldV3lqP8MR9$7KJaa_6m',#5,'BeamBaseQuantities',$,(#678,#682,#600,#601));
#684= IFCPROPERTYSET('10sGPwCkbBqwgXLucHmLx3',#5,'Pset_BeamCommon','Definition from IAI: Properties common to the definition of all occurrences of IfcBeam.',(#497,#603,#604,#503,#504,#499));
#685= IFCCOLOURRGB('Unnamed',0.137254901960784,0.588235294117647,0.149019607843137);
#686= IFCSURFACESTYLERENDERING(#685,0.,$,$,$,$,IFCNORMALISEDRATIOMEASURE(0.00390625),IFCSPECULAREXPONENT(10.),.NOTDEFINED.);
#687= IFCSURFACESTYLE('CONCRETE/B45_SV_Standard',.POSITIVE.,(#686));
#688= IFCPRESENTATIONSTYLEASSIGNMENT((#687));
#689= IFCCARTESIANPOINT((149.9931555702,225.430636287412,258.10484350168));
#690= IFCCARTESIANPOINT((29.99,225.430604246882,258.104871462447));
#691= IFCCARTESIANPOINT((29.99,234.99769005601,260.007883149665));
#692= IFCCARTESIANPOINT((149.993153459179,234.997722096541,260.007855188898));
#693= IFCPOLYLOOP((#689,#690,#691,#692));
#694= IFCFACEOUTERBOUND(#693,.T.);
#695= IFCFACE((#694));
#696= IFCCARTESIANPOINT((149.993156473035,217.320052566876,252.685524718561));
#697= IFCCARTESIANPOINT((29.99,217.320020526346,252.68555267933));
#698= IFCPOLYLOOP((#696,#697,#690,#689));
#699= IFCFACEOUTERBOUND(#698,.T.);
#700= IFCFACE((#699));
#701= IFCCARTESIANPOINT((149.993156030236,211.900733783757,244.574940998025));
#702= IFCCARTESIANPOINT((29.99,211.900701743227,244.574968958792));
#703= IFCPOLYLOOP((#701,#702,#697,#696));
#704= IFCFACEOUTERBOUND(#703,.T.);
#705= IFCFACE((#704));
#706= IFCCARTESIANPOINT((149.993154309215,209.997722096541,235.007855188898));
#707= IFCCARTESIANPOINT((29.99,209.99769005601,235.007883149665));
#708= IFCPOLYLOOP((#706,#707,#702,#701));
#709= IFCFACEOUTERBOUND(#708,.T.);
#710= IFCFACE((#709));
#711= IFCCARTESIANPOINT((149.993151571982,211.900733783757,225.440769379769));
#712= IFCCARTESIANPOINT((29.99,211.900701743227,225.440797340536));
#713= IFCPOLYLOOP((#711,#712,#707,#706));
#714= IFCFACEOUTERBOUND(#713,.T.);
#715= IFCFACE((#714));
#716= IFCCARTESIANPOINT((149.993148235256,217.320052566876,217.330185659233));
#717= IFCCARTESIANPOINT((29.99,217.320020526349,217.330213619998));
#718= IFCPOLYLOOP((#716,#717,#712,#711));
#719= IFCFACEOUTERBOUND(#718,.T.);
#720= IFCFACE((#719));
#721= IFCCARTESIANPOINT((149.993144807022,225.430636287416,211.910866876115));
#722= IFCCARTESIANPOINT((29.99,225.430604246885,211.910894836878));
#723= IFCPOLYLOOP((#721,#722,#717,#716));
#724= IFCFACEOUTERBOUND(#723,.T.);
#725= IFCFACE((#724));
#726= IFCCARTESIANPOINT((149.993141809199,234.997722096541,210.007855188895));
#727= IFCCARTESIANPOINT((29.99,234.997690056014,210.007883149659));
#728= IFCPOLYLOOP((#726,#727,#722,#721));
#729= IFCFACEOUTERBOUND(#728,.T.);
#730= IFCFACE((#729));
#731= IFCCARTESIANPOINT((149.993139698179,244.56480790567,211.910866876113));
#732= IFCCARTESIANPOINT((29.99,244.564775865143,211.910894836876));
#733= IFCPOLYLOOP((#731,#732,#727,#726));
#734= IFCFACEOUTERBOUND(#733,.T.);
#735= IFCFACE((#734));
#736= IFCCARTESIANPOINT((149.993138795343,252.675391626206,217.330185659232));
#737= IFCCARTESIANPOINT((29.99,252.675359585679,217.330213619995));
#738= IFCPOLYLOOP((#736,#737,#732,#731));
#739= IFCFACEOUTERBOUND(#738,.T.);
#740= IFCFACE((#739));
#741= IFCCARTESIANPOINT((149.993139238142,258.094710409325,225.440769379768));
#742= IFCCARTESIANPOINT((29.99,258.094678368798,225.44079734053));
#743= IFCPOLYLOOP((#741,#742,#737,#736));
#744= IFCFACEOUTERBOUND(#743,.T.);
#745= IFCFACE((#744));
#746= IFCCARTESIANPOINT((149.993140959163,259.997722096541,235.007855188895));
#747= IFCCARTESIANPOINT((29.99,259.997690056014,235.007883149659));
#748= IFCPOLYLOOP((#746,#747,#742,#741));
#749= IFCFACEOUTERBOUND(#748,.T.);
#750= IFCFACE((#749));
#751= IFCCARTESIANPOINT((149.993143696396,258.094710409325,244.574940998024));
#752= IFCCARTESIANPOINT((29.99,258.094678368798,244.574968958786));
#753= IFCPOLYLOOP((#751,#752,#747,#746));
#754= IFCFACEOUTERBOUND(#753,.T.);
#755= IFCFACE((#754));
#756= IFCCARTESIANPOINT((149.993147033123,252.675391626206,252.685524718559));
#757= IFCCARTESIANPOINT((29.99,252.675359585675,252.685552679324));
#758= IFCPOLYLOOP((#756,#757,#752,#751));
#759= IFCFACEOUTERBOUND(#758,.T.);
#760= IFCFACE((#759));
#761= IFCCARTESIANPOINT((149.993150461356,244.564807905666,258.10484350168));
#762= IFCCARTESIANPOINT((29.99,244.564775865139,258.104871462445));
#763= IFCPOLYLOOP((#761,#762,#757,#756));
#764= IFCFACEOUTERBOUND(#763,.T.);
#765= IFCFACE((#764));
#766= IFCPOLYLOOP((#692,#691,#762,#761));
#767= IFCFACEOUTERBOUND(#766,.T.);
#768= IFCFACE((#767));
#769= IFCPOLYLOOP((#731,#726,#721,#716,#711,#706,#701,#696,#689,#692,#761,#756,#751,#746,#741,#736));
#770= IFCFACEOUTERBOUND(#769,.T.);
#771= IFCFACE((#770));
#772= IFCPOLYLOOP((#691,#690,#697,#702,#707,#712,#717,#722,#727,#732,#737,#742,#747,#752,#757,#762));
#773= IFCFACEOUTERBOUND(#772,.T.);
#774= IFCFACE((#773));
#775= IFCCARTESIANPOINT((197.993153552533,249.830537826485,280.658567971042));
#776= IFCCARTESIANPOINT((29.99,249.830498345931,280.658602579784));
#777= IFCCARTESIANPOINT((29.99,234.997682615933,283.007889797618));
#778= IFCCARTESIANPOINT((197.993157522198,234.997722096487,283.007855188875));
#779= IFCPOLYLOOP((#775,#776,#777,#778));
#780= IFCFACEOUTERBOUND(#779,.T.);
#781= IFCFACE((#780));
#782= IFCCARTESIANPOINT((197.993149003539,263.211414206526,273.840670918873));
#783= IFCCARTESIANPOINT((29.99,263.211374725972,273.840705527613));
#784= IFCPOLYLOOP((#782,#783,#776,#775));
#785= IFCFACEOUTERBOUND(#784,.T.);
#786= IFCFACE((#785));
#787= IFCCARTESIANPOINT((197.993144320505,273.830537826485,263.221547298914));
#788= IFCCARTESIANPOINT((29.99,273.830498345935,263.221581907654));
#789= IFCPOLYLOOP((#787,#788,#783,#782));
#790= IFCFACEOUTERBOUND(#789,.T.);
#791= IFCFACE((#790));
#792= IFCCARTESIANPOINT((197.993139961837,280.648434878654,249.840670918873));
#793= IFCCARTESIANPOINT((29.99,280.648395398104,249.840705527611));
#794= IFCPOLYLOOP((#792,#793,#788,#787));
#795= IFCFACEOUTERBOUND(#794,.T.);
#796= IFCFACE((#795));
#797= IFCCARTESIANPOINT((197.993136354193,282.997722096487,235.007855188875));
#798= IFCCARTESIANPOINT((29.99,282.997682615936,235.007889797613));
#799= IFCPOLYLOOP((#797,#798,#793,#792));
#800= IFCFACEOUTERBOUND(#799,.T.);
#801= IFCFACE((#800));
#802= IFCCARTESIANPOINT((197.993133850714,280.648434878654,220.175039458878));
#803= IFCCARTESIANPOINT((29.99,280.648395398104,220.175074067614));
#804= IFCPOLYLOOP((#802,#803,#798,#797));
#805= IFCFACEOUTERBOUND(#804,.T.);
#806= IFCFACE((#805));
#807= IFCCARTESIANPOINT((197.993132696458,273.830537826485,206.794163078835));
#808= IFCCARTESIANPOINT((29.99,273.830498345935,206.794197687574));
#809= IFCPOLYLOOP((#807,#808,#803,#802));
#810= IFCFACEOUTERBOUND(#809,.T.);
#811= IFCFACE((#810));
#812= IFCCARTESIANPOINT((197.993133004412,263.211414206526,196.175039458878));
#813= IFCCARTESIANPOINT((29.99,263.211374725979,196.175074067614));
#814= IFCPOLYLOOP((#812,#813,#808,#807));
#815= IFCFACEOUTERBOUND(#814,.T.);
#816= IFCFACE((#815));
#817= IFCCARTESIANPOINT((197.993134744431,249.830537826485,189.357142406707));
#818= IFCCARTESIANPOINT((29.99,249.830498345935,189.357177015445));
#819= IFCPOLYLOOP((#817,#818,#813,#812));
#820= IFCFACEOUTERBOUND(#819,.T.);
#821= IFCFACE((#820));
#822= IFCCARTESIANPOINT((197.993137746189,234.997722096487,187.007855188875));
#823= IFCCARTESIANPOINT((29.99,234.997682615936,187.007889797613));
#824= IFCPOLYLOOP((#822,#823,#818,#817));
#825= IFCFACEOUTERBOUND(#824,.T.);
#826= IFCFACE((#825));
#827= IFCCARTESIANPOINT((197.993141715855,220.164906366488,189.357142406707));
#828= IFCCARTESIANPOINT((29.99,220.164866885938,189.357177015447));
#829= IFCPOLYLOOP((#827,#828,#823,#822));
#830= IFCFACEOUTERBOUND(#829,.T.);
#831= IFCFACE((#830));
#832= IFCCARTESIANPOINT((197.993146264848,206.784029986447,196.175039458878));
#833= IFCCARTESIANPOINT((29.99,206.783990505897,196.175074067618));
#834= IFCPOLYLOOP((#832,#833,#828,#827));
#835= IFCFACEOUTERBOUND(#834,.T.);
#836= IFCFACE((#835));
#837= IFCCARTESIANPOINT((197.993150947883,196.164906366488,206.794163078835));
#838= IFCCARTESIANPOINT((29.99,196.164866885938,206.794197687577));
#839= IFCPOLYLOOP((#837,#838,#833,#832));
#840= IFCFACEOUTERBOUND(#839,.T.);
#841= IFCFACE((#840));
#842= IFCCARTESIANPOINT((197.993155306551,189.347009314319,220.175039458878));
#843= IFCCARTESIANPOINT((29.99,189.346969833765,220.17507406762));
#844= IFCPOLYLOOP((#842,#843,#838,#837));
#845= IFCFACEOUTERBOUND(#844,.T.);
#846= IFCFACE((#845));
#847= IFCCARTESIANPOINT((197.993158914195,186.997722096487,235.007855188875));
#848= IFCCARTESIANPOINT((29.99,186.997682615933,235.007889797618));
#849= IFCPOLYLOOP((#847,#848,#843,#842));
#850= IFCFACEOUTERBOUND(#849,.T.);
#851= IFCFACE((#850));
#852= IFCCARTESIANPOINT((197.993161417673,189.347009314319,249.840670918873));
#853= IFCCARTESIANPOINT((29.99,189.346969833765,249.840705527617));
#854= IFCPOLYLOOP((#852,#853,#848,#847));
#855= IFCFACEOUTERBOUND(#854,.T.);
#856= IFCFACE((#855));
#857= IFCCARTESIANPOINT((197.993162571929,196.164906366488,263.221547298914));
#858= IFCCARTESIANPOINT((29.99,196.164866885934,263.221581907657));
#859= IFCPOLYLOOP((#857,#858,#853,#852));
#860= IFCFACEOUTERBOUND(#859,.T.);
#861= IFCFACE((#860));
#862= IFCCARTESIANPOINT((197.993162263976,206.784029986447,273.840670918873));
#863= IFCCARTESIANPOINT((29.99,206.783990505894,273.840705527617));
#864= IFCPOLYLOOP((#862,#863,#858,#857));
#865= IFCFACEOUTERBOUND(#864,.T.);
#866= IFCFACE((#865));
#867= IFCCARTESIANPOINT((197.993160523957,220.164906366488,280.658567971042));
#868= IFCCARTESIANPOINT((29.99,220.164866885934,280.658602579786));
#869= IFCPOLYLOOP((#867,#868,#863,#862));
#870= IFCFACEOUTERBOUND(#869,.T.);
#871= IFCFACE((#870));
#872= IFCPOLYLOOP((#778,#777,#868,#867));
#873= IFCFACEOUTERBOUND(#872,.T.);
#874= IFCFACE((#873));
#875= IFCPOLYLOOP((#787,#782,#775,#778,#867,#862,#857,#852,#847,#842,#837,#832,#827,#822,#817,#812,#807,#802,#797,#792));
#876= IFCFACEOUTERBOUND(#875,.T.);
#877= IFCFACE((#876));
#878= IFCCARTESIANPOINT((29.99,325.,325.));
#879= IFCCARTESIANPOINT((29.99,-325.,325.));
#880= IFCCARTESIANPOINT((29.99,-325.,-325.));
#881= IFCCARTESIANPOINT((29.99,325.,-325.));
#882= IFCPOLYLOOP((#878,#879,#880,#881));
#883= IFCFACEOUTERBOUND(#882,.T.);
#884= IFCCARTESIANPOINT((29.99,-235.003919494666,-186.996863365233));
#885= IFCCARTESIANPOINT((29.99,-220.171103764667,-189.346150583067));
#886= IFCCARTESIANPOINT((29.99,-206.790227384627,-196.164047635239));
#887= IFCCARTESIANPOINT((29.99,-196.171103764664,-206.783171255198));
#888= IFCCARTESIANPOINT((29.99,-189.353206712494,-220.16404763524));
#889= IFCCARTESIANPOINT((29.99,-187.003919494662,-234.996863365239));
#890= IFCCARTESIANPOINT((29.99,-189.353206712494,-249.829679095237));
#891= IFCCARTESIANPOINT((29.99,-196.171103764664,-263.210555475278));
#892= IFCCARTESIANPOINT((29.99,-206.790227384623,-273.829679095237));
#893= IFCCARTESIANPOINT((29.99,-220.171103764664,-280.647576147407));
#894= IFCCARTESIANPOINT((29.99,-235.003919494662,-282.996863365239));
#895= IFCCARTESIANPOINT((29.99,-249.836735224661,-280.647576147405));
#896= IFCCARTESIANPOINT((29.99,-263.217611604701,-273.829679095234));
#897= IFCCARTESIANPOINT((29.99,-273.836735224661,-263.210555475274));
#898= IFCCARTESIANPOINT((29.99,-280.654632276834,-249.829679095232));
#899= IFCCARTESIANPOINT((29.99,-283.003919494666,-234.996863365233));
#900= IFCCARTESIANPOINT((29.99,-280.654632276834,-220.164047635235));
#901= IFCCARTESIANPOINT((29.99,-273.836735224664,-206.783171255194));
#902= IFCCARTESIANPOINT((29.99,-263.217611604705,-196.164047635235));
#903= IFCCARTESIANPOINT((29.99,-249.836735224664,-189.346150583066));
#904= IFCPOLYLOOP((#884,#885,#886,#887,#888,#889,#890,#891,#892,#893,#894,#895,#896,#897,#898,#899,#900,#901,#902,#903));
#905= IFCFACEBOUND(#904,.T.);
#906= IFCCARTESIANPOINT((29.99,234.997682615933,-186.996863365233));
#907= IFCCARTESIANPOINT((29.99,249.830498345931,-189.346150583067));
#908= IFCCARTESIANPOINT((29.99,263.211374725972,-196.164047635239));
#909= IFCCARTESIANPOINT((29.99,273.830498345935,-206.783171255198));
#910= IFCCARTESIANPOINT((29.99,280.648395398104,-220.16404763524));
#911= IFCCARTESIANPOINT((29.99,282.997682615936,-234.996863365239));
#912= IFCCARTESIANPOINT((29.99,280.648395398104,-249.829679095237));
#913= IFCCARTESIANPOINT((29.99,273.830498345935,-263.210555475278));
#914= IFCCARTESIANPOINT((29.99,263.211374725979,-273.829679095237));
#915= IFCCARTESIANPOINT((29.99,249.830498345935,-280.647576147407));
#916= IFCCARTESIANPOINT((29.99,234.997682615936,-282.996863365239));
#917= IFCCARTESIANPOINT((29.99,220.164866885938,-280.647576147405));
#918= IFCCARTESIANPOINT((29.99,206.783990505897,-273.829679095234));
#919= IFCCARTESIANPOINT((29.99,196.164866885938,-263.210555475274));
#920= IFCCARTESIANPOINT((29.99,189.346969833765,-249.829679095232));
#921= IFCCARTESIANPOINT((29.99,186.997682615933,-234.996863365233));
#922= IFCCARTESIANPOINT((29.99,189.346969833765,-220.164047635235));
#923= IFCCARTESIANPOINT((29.99,196.164866885934,-206.783171255194));
#924= IFCCARTESIANPOINT((29.99,206.783990505894,-196.164047635235));
#925= IFCCARTESIANPOINT((29.99,220.164866885934,-189.346150583066));
#926= IFCPOLYLOOP((#906,#907,#908,#909,#910,#911,#912,#913,#914,#915,#916,#917,#918,#919,#920,#921,#922,#923,#924,#925));
#927= IFCFACEBOUND(#926,.T.);
#928= IFCCARTESIANPOINT((29.99,-235.003919494666,283.003136634767));
#929= IFCCARTESIANPOINT((29.99,-220.171103764667,280.653849416933));
#930= IFCCARTESIANPOINT((29.99,-206.790227384627,273.835952364761));
#931= IFCCARTESIANPOINT((29.99,-196.171103764664,263.216828744802));
#932= IFCCARTESIANPOINT((29.99,-189.353206712494,249.83595236476));
#933= IFCCARTESIANPOINT((29.99,-187.003919494662,235.003136634761));
#934= IFCCARTESIANPOINT((29.99,-189.353206712494,220.170320904763));
#935= IFCCARTESIANPOINT((29.99,-196.171103764664,206.789444524722));
#936= IFCCARTESIANPOINT((29.99,-206.790227384623,196.170320904763));
#937= IFCCARTESIANPOINT((29.99,-220.171103764664,189.352423852593));
#938= IFCCARTESIANPOINT((29.99,-235.003919494662,187.003136634761));
#939= IFCCARTESIANPOINT((29.99,-249.836735224661,189.352423852595));
#940= IFCCARTESIANPOINT((29.99,-263.217611604701,196.170320904766));
#941= IFCCARTESIANPOINT((29.99,-273.836735224661,206.789444524726));
#942= IFCCARTESIANPOINT((29.99,-280.654632276834,220.170320904768));
#943= IFCCARTESIANPOINT((29.99,-283.003919494666,235.003136634767));
#944= IFCCARTESIANPOINT((29.99,-280.654632276834,249.835952364765));
#945= IFCCARTESIANPOINT((29.99,-273.836735224664,263.216828744806));
#946= IFCCARTESIANPOINT((29.99,-263.217611604705,273.835952364765));
#947= IFCCARTESIANPOINT((29.99,-249.836735224664,280.653849416934));
#948= IFCPOLYLOOP((#928,#929,#930,#931,#932,#933,#934,#935,#936,#937,#938,#939,#940,#941,#942,#943,#944,#945,#946,#947));
#949= IFCFACEBOUND(#948,.T.);
#950= IFCPOLYLOOP((#777,#776,#783,#788,#793,#798,#803,#808,#813,#818,#823,#828,#833,#838,#843,#848,#853,#858,#863,#868));
#951= IFCFACEBOUND(#950,.T.);
#952= IFCFACE((#883,#905,#927,#949,#951));
#953= IFCCARTESIANPOINT((197.993162263976,-263.217572124151,273.835917756021));
#954= IFCCARTESIANPOINT((197.993162571929,-273.83669574411,263.216794136062));
#955= IFCPOLYLOOP((#953,#946,#945,#954));
#956= IFCFACEOUTERBOUND(#955,.T.);
#957= IFCFACE((#956));
#958= IFCCARTESIANPOINT((197.993160523957,-249.83669574411,280.653814808191));
#959= IFCPOLYLOOP((#958,#947,#946,#953));
#960= IFCFACEOUTERBOUND(#959,.T.);
#961= IFCFACE((#960));
#962= IFCCARTESIANPOINT((197.993157522198,-235.003880014112,283.003102026023));
#963= IFCPOLYLOOP((#962,#928,#947,#958));
#964= IFCFACEOUTERBOUND(#963,.T.);
#965= IFCFACE((#964));
#966= IFCCARTESIANPOINT((197.993153552533,-220.171064284114,280.653814808191));
#967= IFCPOLYLOOP((#966,#929,#928,#962));
#968= IFCFACEOUTERBOUND(#967,.T.);
#969= IFCFACE((#968));
#970= IFCCARTESIANPOINT((197.993149003539,-206.790187904073,273.835917756021));
#971= IFCPOLYLOOP((#970,#930,#929,#966));
#972= IFCFACEOUTERBOUND(#971,.T.);
#973= IFCFACE((#972));
#974= IFCCARTESIANPOINT((197.993144320505,-196.171064284114,263.216794136062));
#975= IFCPOLYLOOP((#974,#931,#930,#970));
#976= IFCFACEOUTERBOUND(#975,.T.);
#977= IFCFACE((#976));
#978= IFCCARTESIANPOINT((197.993139961837,-189.353167231944,249.835917756021));
#979= IFCPOLYLOOP((#978,#932,#931,#974));
#980= IFCFACEOUTERBOUND(#979,.T.);
#981= IFCFACE((#980));
#982= IFCCARTESIANPOINT((197.993136354193,-187.003880014112,235.003102026023));
#983= IFCPOLYLOOP((#982,#933,#932,#978));
#984= IFCFACEOUTERBOUND(#983,.T.);
#985= IFCFACE((#984));
#986= IFCCARTESIANPOINT((197.993133850714,-189.353167231944,220.170286296026));
#987= IFCPOLYLOOP((#986,#934,#933,#982));
#988= IFCFACEOUTERBOUND(#987,.T.);
#989= IFCFACE((#988));
#990= IFCCARTESIANPOINT((197.993132696458,-196.171064284114,206.789409915984));
#991= IFCPOLYLOOP((#990,#935,#934,#986));
#992= IFCFACEOUTERBOUND(#991,.T.);
#993= IFCFACE((#992));
#994= IFCCARTESIANPOINT((197.993133004412,-206.790187904073,196.170286296026));
#995= IFCPOLYLOOP((#994,#936,#935,#990));
#996= IFCFACEOUTERBOUND(#995,.T.);
#997= IFCFACE((#996));
#998= IFCCARTESIANPOINT((197.993134744431,-220.171064284114,189.352389243855));
#999= IFCPOLYLOOP((#998,#937,#936,#994));
#1000= IFCFACEOUTERBOUND(#999,.T.);
#1001= IFCFACE((#1000));
#1002= IFCCARTESIANPOINT((197.993137746189,-235.003880014112,187.003102026023));
#1003= IFCPOLYLOOP((#1002,#938,#937,#998));
#1004= IFCFACEOUTERBOUND(#1003,.T.);
#1005= IFCFACE((#1004));
#1006= IFCCARTESIANPOINT((197.993141715855,-249.83669574411,189.352389243855));
#1007= IFCPOLYLOOP((#1006,#939,#938,#1002));
#1008= IFCFACEOUTERBOUND(#1007,.T.);
#1009= IFCFACE((#1008));
#1010= IFCCARTESIANPOINT((197.993146264848,-263.217572124151,196.170286296026));
#1011= IFCPOLYLOOP((#1010,#940,#939,#1006));
#1012= IFCFACEOUTERBOUND(#1011,.T.);
#1013= IFCFACE((#1012));
#1014= IFCCARTESIANPOINT((197.993150947883,-273.83669574411,206.789409915984));
#1015= IFCPOLYLOOP((#1014,#941,#940,#1010));
#1016= IFCFACEOUTERBOUND(#1015,.T.);
#1017= IFCFACE((#1016));
#1018= IFCCARTESIANPOINT((197.993155306551,-280.65459279628,220.170286296026));
#1019= IFCPOLYLOOP((#1018,#942,#941,#1014));
#1020= IFCFACEOUTERBOUND(#1019,.T.);
#1021= IFCFACE((#1020));
#1022= IFCCARTESIANPOINT((197.993158914195,-283.003880014112,235.003102026023));
#1023= IFCPOLYLOOP((#1022,#943,#942,#1018));
#1024= IFCFACEOUTERBOUND(#1023,.T.);
#1025= IFCFACE((#1024));
#1026= IFCCARTESIANPOINT((197.993161417673,-280.65459279628,249.835917756021));
#1027= IFCPOLYLOOP((#1026,#944,#943,#1022));
#1028= IFCFACEOUTERBOUND(#1027,.T.);
#1029= IFCFACE((#1028));
#1030= IFCPOLYLOOP((#954,#945,#944,#1026));
#1031= IFCFACEOUTERBOUND(#1030,.T.);
#1032= IFCFACE((#1031));
#1033= IFCPOLYLOOP((#974,#970,#966,#962,#958,#953,#954,#1026,#1022,#1018,#1014,#1010,#1006,#1002,#998,#994,#990,#986,#982,#978));
#1034= IFCFACEOUTERBOUND(#1033,.T.);
#1035= IFCFACE((#1034));
#1036= IFCCARTESIANPOINT((197.993162263976,206.784029986447,-196.16408224398));
#1037= IFCCARTESIANPOINT((197.993162571929,196.164906366488,-206.783205863938));
#1038= IFCPOLYLOOP((#1036,#924,#923,#1037));
#1039= IFCFACEOUTERBOUND(#1038,.T.);
#1040= IFCFACE((#1039));
#1041= IFCCARTESIANPOINT((197.993160523957,220.164906366488,-189.346185191809));
#1042= IFCPOLYLOOP((#1041,#925,#924,#1036));
#1043= IFCFACEOUTERBOUND(#1042,.T.);
#1044= IFCFACE((#1043));
#1045= IFCCARTESIANPOINT((197.993157522198,234.997722096487,-186.996897973977));
#1046= IFCPOLYLOOP((#1045,#906,#925,#1041));
#1047= IFCFACEOUTERBOUND(#1046,.T.);
#1048= IFCFACE((#1047));
#1049= IFCCARTESIANPOINT((197.993153552533,249.830537826485,-189.346185191809));
#1050= IFCPOLYLOOP((#1049,#907,#906,#1045));
#1051= IFCFACEOUTERBOUND(#1050,.T.);
#1052= IFCFACE((#1051));
#1053= IFCCARTESIANPOINT((197.993149003539,263.211414206526,-196.16408224398));
#1054= IFCPOLYLOOP((#1053,#908,#907,#1049));
#1055= IFCFACEOUTERBOUND(#1054,.T.);
#1056= IFCFACE((#1055));
#1057= IFCCARTESIANPOINT((197.993144320505,273.830537826485,-206.783205863938));
#1058= IFCPOLYLOOP((#1057,#909,#908,#1053));
#1059= IFCFACEOUTERBOUND(#1058,.T.);
#1060= IFCFACE((#1059));
#1061= IFCCARTESIANPOINT((197.993139961837,280.648434878654,-220.16408224398));
#1062= IFCPOLYLOOP((#1061,#910,#909,#1057));
#1063= IFCFACEOUTERBOUND(#1062,.T.);
#1064= IFCFACE((#1063));
#1065= IFCCARTESIANPOINT((197.993136354193,282.997722096487,-234.996897973977));
#1066= IFCPOLYLOOP((#1065,#911,#910,#1061));
#1067= IFCFACEOUTERBOUND(#1066,.T.);
#1068= IFCFACE((#1067));
#1069= IFCCARTESIANPOINT((197.993133850714,280.648434878654,-249.829713703975));
#1070= IFCPOLYLOOP((#1069,#912,#911,#1065));
#1071= IFCFACEOUTERBOUND(#1070,.T.);
#1072= IFCFACE((#1071));
#1073= IFCCARTESIANPOINT((197.993132696458,273.830537826485,-263.210590084016));
#1074= IFCPOLYLOOP((#1073,#913,#912,#1069));
#1075= IFCFACEOUTERBOUND(#1074,.T.);
#1076= IFCFACE((#1075));
#1077= IFCCARTESIANPOINT((197.993133004412,263.211414206526,-273.829713703975));
#1078= IFCPOLYLOOP((#1077,#914,#913,#1073));
#1079= IFCFACEOUTERBOUND(#1078,.T.);
#1080= IFCFACE((#1079));
#1081= IFCCARTESIANPOINT((197.993134744431,249.830537826485,-280.647610756145));
#1082= IFCPOLYLOOP((#1081,#915,#914,#1077));
#1083= IFCFACEOUTERBOUND(#1082,.T.);
#1084= IFCFACE((#1083));
#1085= IFCCARTESIANPOINT((197.993137746189,234.997722096487,-282.996897973977));
#1086= IFCPOLYLOOP((#1085,#916,#915,#1081));
#1087= IFCFACEOUTERBOUND(#1086,.T.);
#1088= IFCFACE((#1087));
#1089= IFCCARTESIANPOINT((197.993141715855,220.164906366488,-280.647610756145));
#1090= IFCPOLYLOOP((#1089,#917,#916,#1085));
#1091= IFCFACEOUTERBOUND(#1090,.T.);
#1092= IFCFACE((#1091));
#1093= IFCCARTESIANPOINT((197.993146264848,206.784029986447,-273.829713703975));
#1094= IFCPOLYLOOP((#1093,#918,#917,#1089));
#1095= IFCFACEOUTERBOUND(#1094,.T.);
#1096= IFCFACE((#1095));
#1097= IFCCARTESIANPOINT((197.993150947883,196.164906366488,-263.210590084016));
#1098= IFCPOLYLOOP((#1097,#919,#918,#1093));
#1099= IFCFACEOUTERBOUND(#1098,.T.);
#1100= IFCFACE((#1099));
#1101= IFCCARTESIANPOINT((197.993155306551,189.347009314319,-249.829713703975));
#1102= IFCPOLYLOOP((#1101,#920,#919,#1097));
#1103= IFCFACEOUTERBOUND(#1102,.T.);
#1104= IFCFACE((#1103));
#1105= IFCCARTESIANPOINT((197.993158914195,186.997722096487,-234.996897973977));
#1106= IFCPOLYLOOP((#1105,#921,#920,#1101));
#1107= IFCFACEOUTERBOUND(#1106,.T.);
#1108= IFCFACE((#1107));
#1109= IFCCARTESIANPOINT((197.993161417673,189.347009314319,-220.16408224398));
#1110= IFCPOLYLOOP((#1109,#922,#921,#1105));
#1111= IFCFACEOUTERBOUND(#1110,.T.);
#1112= IFCFACE((#1111));
#1113= IFCPOLYLOOP((#1037,#923,#922,#1109));
#1114= IFCFACEOUTERBOUND(#1113,.T.);
#1115= IFCFACE((#1114));
#1116= IFCPOLYLOOP((#1057,#1053,#1049,#1045,#1041,#1036,#1037,#1109,#1105,#1101,#1097,#1093,#1089,#1085,#1081,#1077,#1073,#1069,#1065,#1061));
#1117= IFCFACEOUTERBOUND(#1116,.T.);
#1118= IFCFACE((#1117));
#1119= IFCCARTESIANPOINT((197.993162263976,-263.217572124151,-196.16408224398));
#1120= IFCCARTESIANPOINT((197.993162571929,-273.83669574411,-206.783205863938));
#1121= IFCPOLYLOOP((#1119,#902,#901,#1120));
#1122= IFCFACEOUTERBOUND(#1121,.T.);
#1123= IFCFACE((#1122));
#1124= IFCCARTESIANPOINT((197.993160523957,-249.83669574411,-189.346185191809));
#1125= IFCPOLYLOOP((#1124,#903,#902,#1119));
#1126= IFCFACEOUTERBOUND(#1125,.T.);
#1127= IFCFACE((#1126));
#1128= IFCCARTESIANPOINT((197.993157522198,-235.003880014112,-186.996897973977));
#1129= IFCPOLYLOOP((#1128,#884,#903,#1124));
#1130= IFCFACEOUTERBOUND(#1129,.T.);
#1131= IFCFACE((#1130));
#1132= IFCCARTESIANPOINT((197.993153552533,-220.171064284114,-189.346185191809));
#1133= IFCPOLYLOOP((#1132,#885,#884,#1128));
#1134= IFCFACEOUTERBOUND(#1133,.T.);
#1135= IFCFACE((#1134));
#1136= IFCCARTESIANPOINT((197.993149003539,-206.790187904073,-196.16408224398));
#1137= IFCPOLYLOOP((#1136,#886,#885,#1132));
#1138= IFCFACEOUTERBOUND(#1137,.T.);
#1139= IFCFACE((#1138));
#1140= IFCCARTESIANPOINT((197.993144320505,-196.171064284114,-206.783205863938));
#1141= IFCPOLYLOOP((#1140,#887,#886,#1136));
#1142= IFCFACEOUTERBOUND(#1141,.T.);
#1143= IFCFACE((#1142));
#1144= IFCCARTESIANPOINT((197.993139961837,-189.353167231944,-220.16408224398));
#1145= IFCPOLYLOOP((#1144,#888,#887,#1140));
#1146= IFCFACEOUTERBOUND(#1145,.T.);
#1147= IFCFACE((#1146));
#1148= IFCCARTESIANPOINT((197.993136354193,-187.003880014112,-234.996897973977));
#1149= IFCPOLYLOOP((#1148,#889,#888,#1144));
#1150= IFCFACEOUTERBOUND(#1149,.T.);
#1151= IFCFACE((#1150));
#1152= IFCCARTESIANPOINT((197.993133850714,-189.353167231944,-249.829713703975));
#1153= IFCPOLYLOOP((#1152,#890,#889,#1148));
#1154= IFCFACEOUTERBOUND(#1153,.T.);
#1155= IFCFACE((#1154));
#1156= IFCCARTESIANPOINT((197.993132696458,-196.171064284114,-263.210590084016));
#1157= IFCPOLYLOOP((#1156,#891,#890,#1152));
#1158= IFCFACEOUTERBOUND(#1157,.T.);
#1159= IFCFACE((#1158));
#1160= IFCCARTESIANPOINT((197.993133004412,-206.790187904073,-273.829713703975));
#1161= IFCPOLYLOOP((#1160,#892,#891,#1156));
#1162= IFCFACEOUTERBOUND(#1161,.T.);
#1163= IFCFACE((#1162));
#1164= IFCCARTESIANPOINT((197.993134744431,-220.171064284114,-280.647610756145));
#1165= IFCPOLYLOOP((#1164,#893,#892,#1160));
#1166= IFCFACEOUTERBOUND(#1165,.T.);
#1167= IFCFACE((#1166));
#1168= IFCCARTESIANPOINT((197.993137746189,-235.003880014112,-282.996897973977));
#1169= IFCPOLYLOOP((#1168,#894,#893,#1164));
#1170= IFCFACEOUTERBOUND(#1169,.T.);
#1171= IFCFACE((#1170));
#1172= IFCCARTESIANPOINT((197.993141715855,-249.83669574411,-280.647610756145));
#1173= IFCPOLYLOOP((#1172,#895,#894,#1168));
#1174= IFCFACEOUTERBOUND(#1173,.T.);
#1175= IFCFACE((#1174));
#1176= IFCCARTESIANPOINT((197.993146264848,-263.217572124151,-273.829713703975));
#1177= IFCPOLYLOOP((#1176,#896,#895,#1172));
#1178= IFCFACEOUTERBOUND(#1177,.T.);
#1179= IFCFACE((#1178));
#1180= IFCCARTESIANPOINT((197.993150947883,-273.83669574411,-263.210590084016));
#1181= IFCPOLYLOOP((#1180,#897,#896,#1176));
#1182= IFCFACEOUTERBOUND(#1181,.T.);
#1183= IFCFACE((#1182));
#1184= IFCCARTESIANPOINT((197.993155306551,-280.65459279628,-249.829713703975));
#1185= IFCPOLYLOOP((#1184,#898,#897,#1180));
#1186= IFCFACEOUTERBOUND(#1185,.T.);
#1187= IFCFACE((#1186));
#1188= IFCCARTESIANPOINT((197.993158914195,-283.003880014112,-234.996897973977));
#1189= IFCPOLYLOOP((#1188,#899,#898,#1184));
#1190= IFCFACEOUTERBOUND(#1189,.T.);
#1191= IFCFACE((#1190));
#1192= IFCCARTESIANPOINT((197.993161417673,-280.65459279628,-220.16408224398));
#1193= IFCPOLYLOOP((#1192,#900,#899,#1188));
#1194= IFCFACEOUTERBOUND(#1193,.T.);
#1195= IFCFACE((#1194));
#1196= IFCPOLYLOOP((#1120,#901,#900,#1192));
#1197= IFCFACEOUTERBOUND(#1196,.T.);
#1198= IFCFACE((#1197));
#1199= IFCPOLYLOOP((#1140,#1136,#1132,#1128,#1124,#1119,#1120,#1192,#1188,#1184,#1180,#1176,#1172,#1168,#1164,#1160,#1156,#1152,#1148,#1144));
#1200= IFCFACEOUTERBOUND(#1199,.T.);
#1201= IFCFACE((#1200));
#1202= IFCCARTESIANPOINT((0.,-295.,-295.));
#1203= IFCCARTESIANPOINT((0.,-295.,295.));
#1204= IFCPOLYLOOP((#1202,#880,#879,#1203));
#1205= IFCFACEOUTERBOUND(#1204,.T.);
#1206= IFCFACE((#1205));
#1207= IFCCARTESIANPOINT((0.,295.,-295.));
#1208= IFCPOLYLOOP((#1207,#881,#880,#1202));
#1209= IFCFACEOUTERBOUND(#1208,.T.);
#1210= IFCFACE((#1209));
#1211= IFCCARTESIANPOINT((0.,295.,295.));
#1212= IFCPOLYLOOP((#1211,#878,#881,#1207));
#1213= IFCFACEOUTERBOUND(#1212,.T.);
#1214= IFCFACE((#1213));
#1215= IFCPOLYLOOP((#1203,#879,#878,#1211));
#1216= IFCFACEOUTERBOUND(#1215,.T.);
#1217= IFCFACE((#1216));
#1218= IFCPOLYLOOP((#1207,#1202,#1203,#1211));
#1219= IFCFACEOUTERBOUND(#1218,.T.);
#1220= IFCFACE((#1219));
#1221= IFCCLOSEDSHELL((#695,#700,#705,#710,#715,#720,#725,#730,#735,#740,#745,#750,#755,#760,#765,#768,#771,#774,#781,#786,#791,#796,#801,#806,#811,#816,#821,#826,#831,#836,#841,#846,#851,#856,#861,#866,#871,#874,#877,#952,#957,#961,#965,#969,#973,#977,#981,#985,#989,#993,#997,#1001,#1005,#1009,#1013,#1017,#1021,#1025,#1029,#1032,#1035,#1040,#1044,#1048,#1052,#1056,#1060,#1064,#1068,#1072,#1076,#1080,#1084,#1088,#1092,#1096,#1100,#1104,#1108,#1112,#1115,#1118,#1123,#1127,#1131,#1135,#1139,#1143,#1147,#1151,#1155,#1159,#1163,#1167,#1171,#1175,#1179,#1183,#1187,#1191,#1195,#1198,#1201,#1206,#1210,#1214,#1217,#1220));
#1222= IFCFACETEDBREP(#1221);
#1223= IFCSTYLEDITEM(#1222,(#688),$);
#1224= IFCSHAPEREPRESENTATION(#12,'Body','Brep',(#1222));
#1225= IFCPRODUCTDEFINITIONSHAPE($,$,(#1224));
#1226= IFCCARTESIANPOINT((14335.8239554669,30765.,1227.99));
#1227= IFCDIRECTION((0.,0.,-1.));
#1228= IFCAXIS2PLACEMENT3D(#1226,#7,#1227);
#1229= IFCLOCALPLACEMENT(#42,#1228);
#1230= IFCBUILDINGELEMENTPROXY('3kejl3JQz9yewkKLjDMEpb',#44,'M\S\xrtel','__M\S\xrtel',$,#1229,#1225,'IDeea2dbc3-4daf-49f2-8eae-515b4d58ece5',.ELEMENT.);
#1231= IFCBUILDINGELEMENTPROXYTYPE('1EcFKsLerEjOB24KC20fgV',#5,'__M\S\xrtel',$,$,$,$,$,$,.NOTDEFINED.);
#1232= IFCPROPERTYSINGLEVALUE('Class',$,IFCLABEL('6'),$);
#1233= IFCPROPERTYSINGLEVALUE('Top elevation',$,IFCLABEL(' +1.228'),$);
#1234= IFCPROPERTYSINGLEVALUE('Bottom elevation',$,IFCLABEL(' +1.030'),$);
#1235= IFCPROPERTYSET('3ODp4h9UD6EvNpAFCu$Iad',#5,'Tekla Common','Common Properties to Shared building elements',(#1232,#239,#240,#241,#1233,#1234));
#1236= IFCPROPERTYSINGLEVALUE('Length',$,IFCLENGTHMEASURE(198.),$);
#1237= IFCPROPERTYSINGLEVALUE('Width',$,IFCLENGTHMEASURE(650.),$);
#1238= IFCPROPERTYSINGLEVALUE('Height',$,IFCLENGTHMEASURE(650.),$);
#1239= IFCPROPERTYSINGLEVALUE('Net surface area',$,IFCAREAMEASURE(1.1),$);
#1240= IFCPROPERTYSINGLEVALUE('Area per tons',$,IFCAREAMEASURE(28.487),$);
#1241= IFCPROPERTYSINGLEVALUE('Gross footprint area',$,IFCAREAMEASURE(0.348),$);
#1242= IFCPROPERTYSINGLEVALUE('Volume',$,IFCVOLUMEMEASURE(0.016),$);
#1243= IFCPROPERTYSINGLEVALUE('Weight',$,IFCMASSMEASURE(38.62),$);
#1244= IFCPROPERTYSET('0Ufz5W7oP5vvzUIg_h$AZL',#5,'Tekla Quantity','Quantity Properties to Shared building elements',(#1236,#1237,#1238,#1239,#1240,#1241,#1242,#1243));
#1245= IFCPROPERTYSINGLEVALUE('Pour Area',$,IFCAREAMEASURE(1.1),$);
#1246= IFCPROPERTYSINGLEVALUE('Pour Area PGX',$,IFCAREAMEASURE(0.),$);
#1247= IFCPROPERTYSINGLEVALUE('Pour Area NXG',$,IFCAREAMEASURE(0.),$);
#1248= IFCPROPERTYSINGLEVALUE('Pour Area PGY',$,IFCAREAMEASURE(0.),$);
#1249= IFCPROPERTYSINGLEVALUE('Pour Area NGY',$,IFCAREAMEASURE(0.),$);
#1250= IFCPROPERTYSINGLEVALUE('Pour GUID',$,IFCLABEL('eea2dbc3-4daf-49f2-8eae-515b4d58ece5'),$);
#1251= IFCPROPERTYSINGLEVALUE('Pour Top Level',$,IFCLABEL(' +1.228'),$);
#1252= IFCPROPERTYSINGLEVALUE('Pour Bottom Level',$,IFCLABEL(' +1.030'),$);
#1253= IFCPROPERTYSINGLEVALUE('Pour Volume',$,IFCVOLUMEMEASURE(0.016),$);
#1254= IFCPROPERTYSINGLEVALUE('Pour Weight',$,IFCMASSMEASURE(38.6),$);
#1255= IFCPROPERTYSINGLEVALUE('Pour Weight Net',$,IFCMASSMEASURE(38.6),$);
#1256= IFCPROPERTYSINGLEVALUE('Pour Break GUID',$,IFCLABEL('eea2dbc3-4daf-49f2-8eae-515b4d58ece5'),$);
#1257= IFCPROPERTYSET('2lOUn_Fwb8zwf6Yr0PQpgZ',#5,'Pours',$,(#254,#255,#256,#257,#258,#259,#260,#261,#262,#263,#264,#265,#266,#267,#268,#269,#270,#271,#272,#273,#274,#275,#276,#277,#278,#279,#280,#281,#282,#283,#284,#285,#286,#287,#1245,#289,#290,#1246,#1247,#1248,#1249,#295,#1250,#297,#298,#1251,#1252,#1253,#1254,#1255,#1256,#305,#306,#307));
#1258= IFCCOLOURRGB('Unnamed',1.,1.,0.0352941176470588);
#1259= IFCSURFACESTYLERENDERING(#1258,0.,$,$,$,$,IFCNORMALISEDRATIOMEASURE(0.00390625),IFCSPECULAREXPONENT(10.),.NOTDEFINED.);
#1260= IFCSURFACESTYLE('MISCELLANEOUS/Misc_Undefined',.POSITIVE.,(#1259));
#1261= IFCPRESENTATIONSTYLEASSIGNMENT((#1260));
#1262= IFCCARTESIANPOINT((2.00000000003888,-38.8328162000071,-28.213692522042));
#1263= IFCCARTESIANPOINT((2.00000000003001,-28.2136925800478,-38.8328161420013));
#1264= IFCCARTESIANPOINT((2.00000000001819,-14.8328162000071,-45.6507131941707));
#1265= IFCCARTESIANPOINT((2.00000000000455,-4.70005034003407E-07,-48.0000004120029));
#1266= IFCCARTESIANPOINT((1.99999999999045,14.8328152599934,-45.6507131941671));
#1267= IFCCARTESIANPOINT((1.99999999997749,28.2136916400341,-38.8328161419959));
#1268= IFCCARTESIANPOINT((1.99999999996658,38.8328152599934,-28.2136925220348));
#1269= IFCCARTESIANPOINT((1.99999999995885,45.6507123121701,-14.8328161419922));
#1270= IFCCARTESIANPOINT((1.99999999995543,47.9999995299986,-4.11992004956119E-07));
#1271= IFCCARTESIANPOINT((1.99999999995634,45.6507123121664,14.8328153180046));
#1272= IFCCARTESIANPOINT((1.99999999996135,38.832815259997,28.2136916980453));
#1273= IFCCARTESIANPOINT((1.99999999997021,28.2136916400377,38.8328153180046));
#1274= IFCCARTESIANPOINT((1.99999999998226,14.832815259997,45.650712370174));
#1275= IFCCARTESIANPOINT((1.99999999999591,-4.700013960246E-07,47.9999995880062));
#1276= IFCCARTESIANPOINT((2.00000000000978,-14.8328161999998,45.6507123701704));
#1277= IFCCARTESIANPOINT((2.00000000002296,-28.2136925800442,38.8328153179991));
#1278= IFCCARTESIANPOINT((2.00000000003388,-38.8328162000034,28.213691698038));
#1279= IFCCARTESIANPOINT((2.00000000004138,-45.6507132521765,14.8328153179955));
#1280= IFCCARTESIANPOINT((2.00000000004502,-48.0000004700087,-4.1200291889254E-07));
#1281= IFCCARTESIANPOINT((2.00000000004411,-45.6507132521765,-14.8328161420013));
#1282= IFCPOLYLOOP((#1262,#1263,#1264,#1265,#1266,#1267,#1268,#1269,#1270,#1271,#1272,#1273,#1274,#1275,#1276,#1277,#1278,#1279,#1280,#1281));
#1283= IFCFACEOUTERBOUND(#1282,.T.);
#1284= IFCFACE((#1283));
#1285= IFCCARTESIANPOINT((170.000000000014,-28.2136925803825,38.8328153180901));
#1286= IFCCARTESIANPOINT((170.000000000013,-14.8328162003418,45.6507123702631));
#1287= IFCPOLYLOOP((#1285,#1277,#1276,#1286));
#1288= IFCFACEOUTERBOUND(#1287,.T.);
#1289= IFCFACE((#1288));
#1290= IFCCARTESIANPOINT((170.000000000015,-38.8328162003418,28.213691698129));
#1291= IFCPOLYLOOP((#1290,#1278,#1277,#1285));
#1292= IFCFACEOUTERBOUND(#1291,.T.);
#1293= IFCFACE((#1292));
#1294= IFCCARTESIANPOINT((170.000000000016,-45.6507132525185,14.8328153180864));
#1295= IFCPOLYLOOP((#1294,#1279,#1278,#1290));
#1296= IFCFACEOUTERBOUND(#1295,.T.);
#1297= IFCFACE((#1296));
#1298= IFCCARTESIANPOINT((170.000000000018,-48.0000004703506,-4.11910150432959E-07));
#1299= IFCPOLYLOOP((#1298,#1280,#1279,#1294));
#1300= IFCFACEOUTERBOUND(#1299,.T.);
#1301= IFCFACE((#1300));
#1302= IFCCARTESIANPOINT((170.000000000019,-45.6507132525148,-14.8328161419104));
#1303= IFCPOLYLOOP((#1302,#1281,#1280,#1298));
#1304= IFCFACEOUTERBOUND(#1303,.T.);
#1305= IFCFACE((#1304));
#1306= IFCCARTESIANPOINT((170.00000000002,-38.8328162003454,-28.2136925219511));
#1307= IFCPOLYLOOP((#1306,#1262,#1281,#1302));
#1308= IFCFACEOUTERBOUND(#1307,.T.);
#1309= IFCFACE((#1308));
#1310= IFCCARTESIANPOINT((170.000000000021,-28.2136925803861,-38.8328161419104));
#1311= IFCPOLYLOOP((#1310,#1263,#1262,#1306));
#1312= IFCFACEOUTERBOUND(#1311,.T.);
#1313= IFCFACE((#1312));
#1314= IFCCARTESIANPOINT((170.000000000021,-14.8328162003454,-45.6507131940798));
#1315= IFCPOLYLOOP((#1314,#1264,#1263,#1310));
#1316= IFCFACEOUTERBOUND(#1315,.T.);
#1317= IFCFACE((#1316));
#1318= IFCCARTESIANPOINT((170.000000000021,-4.70347004011273E-07,-48.0000004119102));
#1319= IFCPOLYLOOP((#1318,#1265,#1264,#1314));
#1320= IFCFACEOUTERBOUND(#1319,.T.);
#1321= IFCFACE((#1320));
#1322= IFCCARTESIANPOINT((170.00000000002,14.8328152596514,-45.6507131940762));
#1323= IFCPOLYLOOP((#1322,#1266,#1265,#1318));
#1324= IFCFACEOUTERBOUND(#1323,.T.);
#1325= IFCFACE((#1324));
#1326= IFCCARTESIANPOINT((170.00000000002,28.2136916396958,-38.8328161419031));
#1327= IFCPOLYLOOP((#1326,#1267,#1266,#1322));
#1328= IFCFACEOUTERBOUND(#1327,.T.);
#1329= IFCFACE((#1328));
#1330= IFCCARTESIANPOINT((170.000000000018,38.832815259655,-28.2136925219438));
#1331= IFCPOLYLOOP((#1330,#1268,#1267,#1326));
#1332= IFCFACEOUTERBOUND(#1331,.T.);
#1333= IFCFACE((#1332));
#1334= IFCCARTESIANPOINT((170.000000000017,45.6507123118281,-14.8328161418995));
#1335= IFCPOLYLOOP((#1334,#1269,#1268,#1330));
#1336= IFCFACEOUTERBOUND(#1335,.T.);
#1337= IFCFACE((#1336));
#1338= IFCCARTESIANPOINT((170.000000000015,47.9999995296603,-4.11901055485941E-07));
#1339= IFCPOLYLOOP((#1338,#1270,#1269,#1334));
#1340= IFCFACEOUTERBOUND(#1339,.T.);
#1341= IFCFACE((#1340));
#1342= IFCCARTESIANPOINT((170.000000000014,45.6507123118281,14.8328153180955));
#1343= IFCPOLYLOOP((#1342,#1271,#1270,#1338));
#1344= IFCFACEOUTERBOUND(#1343,.T.);
#1345= IFCFACE((#1344));
#1346= IFCCARTESIANPOINT((170.000000000013,38.8328152596587,28.2136916981381));
#1347= IFCPOLYLOOP((#1346,#1272,#1271,#1342));
#1348= IFCFACEOUTERBOUND(#1347,.T.);
#1349= IFCFACE((#1348));
#1350= IFCCARTESIANPOINT((170.000000000012,28.2136916396994,38.8328153180973));
#1351= IFCPOLYLOOP((#1350,#1273,#1272,#1346));
#1352= IFCFACEOUTERBOUND(#1351,.T.);
#1353= IFCFACE((#1352));
#1354= IFCCARTESIANPOINT((170.000000000012,14.8328152596587,45.650712370265));
#1355= IFCPOLYLOOP((#1354,#1274,#1273,#1350));
#1356= IFCFACEOUTERBOUND(#1355,.T.);
#1357= IFCFACE((#1356));
#1358= IFCCARTESIANPOINT((170.000000000012,-4.70339728053659E-07,47.9999995880971));
#1359= IFCPOLYLOOP((#1358,#1275,#1274,#1354));
#1360= IFCFACEOUTERBOUND(#1359,.T.);
#1361= IFCFACE((#1360));
#1362= IFCPOLYLOOP((#1286,#1276,#1275,#1358));
#1363= IFCFACEOUTERBOUND(#1362,.T.);
#1364= IFCFACE((#1363));
#1365= IFCCARTESIANPOINT((-2.27373675443232E-13,-47.5528258147642,15.4508497187453));
#1366= IFCCARTESIANPOINT((-1.36424205265939E-12,-40.4508497187526,29.3892626146226));
#1367= IFCCARTESIANPOINT((-2.72848410531878E-12,-29.3892626146262,40.4508497187471));
#1368= IFCCARTESIANPOINT((-3.63797880709171E-12,-15.4508497187526,47.5528258147588));
#1369= IFCCARTESIANPOINT((-4.32009983342141E-12,0.,50.0000000000018));
#1370= IFCCARTESIANPOINT((-4.54747350886464E-12,15.4508497187489,47.5528258147588));
#1371= IFCCARTESIANPOINT((-4.32009983342141E-12,29.3892626146226,40.4508497187508));
#1372= IFCCARTESIANPOINT((-3.41060513164848E-12,40.4508497187489,29.389262614628));
#1373= IFCCARTESIANPOINT((-2.27373675443232E-12,47.5528258147569,15.4508497187489));
#1374= IFCCARTESIANPOINT((-9.09494701772928E-13,50.,3.63797880709171E-12));
#1375= IFCCARTESIANPOINT((4.54747350886464E-13,47.5528258147569,-15.4508497187435));
#1376= IFCCARTESIANPOINT((1.81898940354586E-12,40.4508497187489,-29.3892626146226));
#1377= IFCCARTESIANPOINT((3.18323145620525E-12,29.3892626146226,-40.4508497187453));
#1378= IFCCARTESIANPOINT((4.09272615797818E-12,15.4508497187453,-47.5528258147569));
#1379= IFCCARTESIANPOINT((4.77484718430787E-12,-3.63797880709171E-12,-50.));
#1380= IFCCARTESIANPOINT((5.00222085975111E-12,-15.4508497187526,-47.5528258147588));
#1381= IFCCARTESIANPOINT((4.54747350886464E-12,-29.3892626146262,-40.4508497187489));
#1382= IFCCARTESIANPOINT((3.86535248253495E-12,-40.4508497187526,-29.3892626146262));
#1383= IFCCARTESIANPOINT((2.72848410531878E-12,-47.5528258147606,-15.4508497187489));
#1384= IFCCARTESIANPOINT((1.36424205265939E-12,-50.0000000000073,0.));
#1385= IFCPOLYLOOP((#1365,#1366,#1367,#1368,#1369,#1370,#1371,#1372,#1373,#1374,#1375,#1376,#1377,#1378,#1379,#1380,#1381,#1382,#1383,#1384));
#1386= IFCFACEOUTERBOUND(#1385,.T.);
#1387= IFCFACE((#1386));
#1388= IFCCARTESIANPOINT((170.000000000018,-50.0000000001965,9.27684595808387E-11));
#1389= IFCCARTESIANPOINT((170.000000000017,-47.5528258149534,15.4508497188381));
#1390= IFCPOLYLOOP((#1365,#1384,#1388,#1389));
#1391= IFCFACEOUTERBOUND(#1390,.T.);
#1392= IFCFACE((#1391));
#1393= IFCCARTESIANPOINT((170.000000000015,-40.4508497189418,29.3892626147153));
#1394= IFCPOLYLOOP((#1366,#1365,#1389,#1393));
#1395= IFCFACEOUTERBOUND(#1394,.T.);
#1396= IFCFACE((#1395));
#1397= IFCCARTESIANPOINT((170.000000000014,-29.3892626148154,40.4508497188399));
#1398= IFCPOLYLOOP((#1367,#1366,#1393,#1397));
#1399= IFCFACEOUTERBOUND(#1398,.T.);
#1400= IFCFACE((#1399));
#1401= IFCCARTESIANPOINT((170.000000000013,-15.4508497189418,47.5528258148515));
#1402= IFCPOLYLOOP((#1368,#1367,#1397,#1401));
#1403= IFCFACEOUTERBOUND(#1402,.T.);
#1404= IFCFACE((#1403));
#1405= IFCCARTESIANPOINT((170.000000000012,-1.89174897968769E-10,50.0000000000946));
#1406= IFCPOLYLOOP((#1369,#1368,#1401,#1405));
#1407= IFCFACEOUTERBOUND(#1406,.T.);
#1408= IFCFACE((#1407));
#1409= IFCCARTESIANPOINT((170.000000000012,15.4508497185598,47.5528258148515));
#1410= IFCPOLYLOOP((#1370,#1369,#1405,#1409));
#1411= IFCFACEOUTERBOUND(#1410,.T.);
#1412= IFCFACE((#1411));
#1413= IFCCARTESIANPOINT((170.000000000012,29.3892626144334,40.4508497188435));
#1414= IFCPOLYLOOP((#1371,#1370,#1409,#1413));
#1415= IFCFACEOUTERBOUND(#1414,.T.);
#1416= IFCFACE((#1415));
#1417= IFCCARTESIANPOINT((170.000000000013,40.4508497185598,29.3892626147208));
#1418= IFCPOLYLOOP((#1372,#1371,#1413,#1417));
#1419= IFCFACEOUTERBOUND(#1418,.T.);
#1420= IFCFACE((#1419));
#1421= IFCCARTESIANPOINT((170.000000000014,47.5528258145678,15.4508497188417));
#1422= IFCPOLYLOOP((#1373,#1372,#1417,#1421));
#1423= IFCFACEOUTERBOUND(#1422,.T.);
#1424= IFCFACE((#1423));
#1425= IFCCARTESIANPOINT((170.000000000015,49.9999999998108,9.64064383879304E-11));
#1426= IFCPOLYLOOP((#1374,#1373,#1421,#1425));
#1427= IFCFACEOUTERBOUND(#1426,.T.);
#1428= IFCFACE((#1427));
#1429= IFCCARTESIANPOINT((170.000000000017,47.5528258145678,-15.4508497186507));
#1430= IFCPOLYLOOP((#1375,#1374,#1425,#1429));
#1431= IFCFACEOUTERBOUND(#1430,.T.);
#1432= IFCFACE((#1431));
#1433= IFCCARTESIANPOINT((170.000000000018,40.4508497185598,-29.3892626145298));
#1434= IFCPOLYLOOP((#1376,#1375,#1429,#1433));
#1435= IFCFACEOUTERBOUND(#1434,.T.);
#1436= IFCFACE((#1435));
#1437= IFCCARTESIANPOINT((170.00000000002,29.3892626144334,-40.4508497186525));
#1438= IFCPOLYLOOP((#1377,#1376,#1433,#1437));
#1439= IFCFACEOUTERBOUND(#1438,.T.);
#1440= IFCFACE((#1439));
#1441= IFCCARTESIANPOINT((170.000000000021,15.4508497185561,-47.5528258146642));
#1442= IFCPOLYLOOP((#1378,#1377,#1437,#1441));
#1443= IFCFACEOUTERBOUND(#1442,.T.);
#1444= IFCFACE((#1443));
#1445= IFCCARTESIANPOINT((170.000000000021,-1.92812876775861E-10,-49.9999999999072));
#1446= IFCPOLYLOOP((#1379,#1378,#1441,#1445));
#1447= IFCFACEOUTERBOUND(#1446,.T.);
#1448= IFCFACE((#1447));
#1449= IFCCARTESIANPOINT((170.000000000021,-15.4508497189418,-47.552825814666));
#1450= IFCPOLYLOOP((#1380,#1379,#1445,#1449));
#1451= IFCFACEOUTERBOUND(#1450,.T.);
#1452= IFCFACE((#1451));
#1453= IFCCARTESIANPOINT((170.000000000021,-29.3892626148154,-40.4508497186562));
#1454= IFCPOLYLOOP((#1381,#1380,#1449,#1453));
#1455= IFCFACEOUTERBOUND(#1454,.T.);
#1456= IFCFACE((#1455));
#1457= IFCCARTESIANPOINT((170.00000000002,-40.4508497189418,-29.3892626145334));
#1458= IFCPOLYLOOP((#1382,#1381,#1453,#1457));
#1459= IFCFACEOUTERBOUND(#1458,.T.);
#1460= IFCFACE((#1459));
#1461= IFCCARTESIANPOINT((170.000000000019,-47.5528258149498,-15.4508497186562));
#1462= IFCPOLYLOOP((#1383,#1382,#1457,#1461));
#1463= IFCFACEOUTERBOUND(#1462,.T.);
#1464= IFCFACE((#1463));
#1465= IFCPOLYLOOP((#1384,#1383,#1461,#1388));
#1466= IFCFACEOUTERBOUND(#1465,.T.);
#1467= IFCFACE((#1466));
#1468= IFCPOLYLOOP((#1457,#1453,#1449,#1445,#1441,#1437,#1433,#1429,#1425,#1421,#1417,#1413,#1409,#1405,#1401,#1397,#1393,#1389,#1388,#1461));
#1469= IFCFACEOUTERBOUND(#1468,.T.);
#1470= IFCPOLYLOOP((#1350,#1346,#1342,#1338,#1334,#1330,#1326,#1322,#1318,#1314,#1310,#1306,#1302,#1298,#1294,#1290,#1285,#1286,#1358,#1354));
#1471= IFCFACEBOUND(#1470,.T.);
#1472= IFCFACE((#1469,#1471));
#1473= IFCCLOSEDSHELL((#1284,#1289,#1293,#1297,#1301,#1305,#1309,#1313,#1317,#1321,#1325,#1329,#1333,#1337,#1341,#1345,#1349,#1353,#1357,#1361,#1364,#1387,#1392,#1396,#1400,#1404,#1408,#1412,#1416,#1420,#1424,#1428,#1432,#1436,#1440,#1444,#1448,#1452,#1456,#1460,#1464,#1467,#1472));
#1474= IFCFACETEDBREP(#1473);
#1475= IFCSTYLEDITEM(#1474,(#1261),$);
#1476= IFCSHAPEREPRESENTATION(#12,'Body','Brep',(#1474));
#1477= IFCPRODUCTDEFINITIONSHAPE($,$,(#1476));
#1478= IFCCARTESIANPOINT((14100.8270574929,30529.9961199859,1027.99685236595));
#1479= IFCAXIS2PLACEMENT3D(#1478,#7,#9);
#1480= IFCLOCALPLACEMENT(#42,#1479);
#1481= IFCCOLUMN('0sdZjw3LLAzB8K8FmZtb_M',#44,'Midlertidig_st\S\elr\S\xr','D100',$,#1480,#1477,'ID369e3b7a-0d55-4af4-b214-20fc23de5f96');
#1482= IFCCOLUMNTYPE('2J4jUZVmLBwO2H7UaShzYw',#5,'D100',$,$,$,$,$,$,.NOTDEFINED.);
#1483= IFCPROPERTYSINGLEVALUE('Class',$,IFCLABEL('284'),$);
#1484= IFCPROPERTYSINGLEVALUE('Bottom elevation',$,IFCLABEL(' +1.028'),$);
#1485= IFCPROPERTYSET('3JyHkChJL3Nv7CjtP1xRGl',#5,'Tekla Common','Common Properties to Shared building elements',(#1483,#239,#240,#241,#481,#1484));
#1486= IFCPROPERTYSINGLEVALUE('Length',$,IFCLENGTHMEASURE(170.),$);
#1487= IFCPROPERTYSINGLEVALUE('Width',$,IFCLENGTHMEASURE(100.),$);
#1488= IFCPROPERTYSINGLEVALUE('Height',$,IFCLENGTHMEASURE(100.),$);
#1489= IFCPROPERTYSINGLEVALUE('Net surface area',$,IFCAREAMEASURE(0.119),$);
#1490= IFCPROPERTYSINGLEVALUE('Gross footprint area',$,IFCAREAMEASURE(0.001),$);
#1491= IFCPROPERTYSINGLEVALUE('Volume',$,IFCVOLUMEMEASURE(0.),$);
#1492= IFCPROPERTYSET('1sNaLpBg90sAKqpLYjPgOH',#5,'Tekla Quantity','Quantity Properties to Shared building elements',(#1486,#1487,#1488,#1489,#595,#1490,#1491,#597));
#1493= IFCPROPERTYSINGLEVALUE('OuterSurfaceArea',$,IFCAREAMEASURE(0.1),$);
#1494= IFCPROPERTYSET('2tTk7ahrv93fh8jLcwMTf7',#5,'ColumnBaseQuantities',$,(#1486,#1493,#600,#601));
#1495= IFCPROPERTYSINGLEVALUE('Slope',$,IFCPLANEANGLEMEASURE(1.5708),$);
#1496= IFCPROPERTYSET('0P5fzJXYn8yQbygc6Qk0YN',#5,'Pset_ColumnCommon','Definition from IAI: Properties common to the definition of all occurrences of IfcColumn.',(#497,#1495,#503,#504,#499));
#1497= IFCSHAPEREPRESENTATION(#12,'Body','Brep',(#1474));
#1498= IFCPRODUCTDEFINITIONSHAPE($,$,(#1497));
#1499= IFCCARTESIANPOINT((14100.8270574929,30999.9977220965,1027.99685236595));
#1500= IFCAXIS2PLACEMENT3D(#1499,#7,#9);
#1501= IFCLOCALPLACEMENT(#42,#1500);
#1502= IFCCOLUMN('3pb5eP4e5DihsEPRWN8m2Y',#44,'Midlertidig_st\S\elr\S\xr','D100',$,#1501,#1498,'IDf3945a19-1281-4db2-bd8e-65b8172300a2');
#1503= IFCPROPERTYSET('1sSnlymWHEwfYouYq9PTQj',#5,'Tekla Common','Common Properties to Shared building elements',(#1483,#239,#240,#241,#481,#1484));
#1504= IFCPROPERTYSET('1W7Qr0giT86PX60ENSlL4h',#5,'Tekla Quantity','Quantity Properties to Shared building elements',(#1486,#1487,#1488,#1489,#595,#1490,#1491,#597));
#1505= IFCPROPERTYSET('0Jawt0XFfCkhDh985SjMj7',#5,'ColumnBaseQuantities',$,(#1486,#1493,#600,#601));
#1506= IFCPROPERTYSET('1HuYyy91DFbBA4_Vf7MR$Y',#5,'Pset_ColumnCommon','Definition from IAI: Properties common to the definition of all occurrences of IfcColumn.',(#497,#1495,#503,#504,#499));
#1507= IFCSHAPEREPRESENTATION(#12,'Body','Brep',(#1474));
#1508= IFCPRODUCTDEFINITIONSHAPE($,$,(#1507));
#1509= IFCCARTESIANPOINT((14570.8270574929,30529.9961199859,1027.99685236595));
#1510= IFCAXIS2PLACEMENT3D(#1509,#7,#9);
#1511= IFCLOCALPLACEMENT(#42,#1510);
#1512= IFCCOLUMN('3_qz4z9SvAG8FQtcl1_veE',#44,'Midlertidig_st\S\elr\S\xr','D100',$,#1511,#1508,'IDfed3d13d-25ce-4a40-83da-de6bc1fb9a0e');
#1513= IFCPROPERTYSET('2tIeQF_Vn8_uhYLsuNAO3O',#5,'Tekla Common','Common Properties to Shared building elements',(#1483,#239,#240,#241,#481,#1484));
#1514= IFCPROPERTYSET('1iPMsOCNb2cAi$IzCF1Mq0',#5,'Tekla Quantity','Quantity Properties to Shared building elements',(#1486,#1487,#1488,#1489,#595,#1490,#1491,#597));
#1515= IFCPROPERTYSET('02NQjeS$P6whjtvz08wUZ1',#5,'ColumnBaseQuantities',$,(#1486,#1493,#600,#601));
#1516= IFCPROPERTYSET('0dRBcwbYz3Cgoz$V8OOaQo',#5,'Pset_ColumnCommon','Definition from IAI: Properties common to the definition of all occurrences of IfcColumn.',(#497,#1495,#503,#504,#499));
#1517= IFCSHAPEREPRESENTATION(#12,'Body','Brep',(#1474));
#1518= IFCPRODUCTDEFINITIONSHAPE($,$,(#1517));
#1519= IFCCARTESIANPOINT((14570.8318106558,30999.9977220965,1027.99685236595));
#1520= IFCAXIS2PLACEMENT3D(#1519,#7,#9);
#1521= IFCLOCALPLACEMENT(#42,#1520);
#1522= IFCCOLUMN('17$qAbgcP05ghS7Q9KzZAa',#44,'Midlertidig_st\S\elr\S\xr','D100',$,#1521,#1518,'ID47ff42a5-aa66-4016-aadc-1da254f632a4');
#1523= IFCPROPERTYSET('2TZql3gnn459I8lJzn1_L9',#5,'Tekla Common','Common Properties to Shared building elements',(#1483,#239,#240,#241,#481,#1484));
#1524= IFCPROPERTYSET('2jbRIk8Un2LBGQG7652X79',#5,'Tekla Quantity','Quantity Properties to Shared building elements',(#1486,#1487,#1488,#1489,#595,#1490,#1491,#597));
#1525= IFCPROPERTYSET('2OzSVcG5b24vPL3Z8e6Px9',#5,'ColumnBaseQuantities',$,(#1486,#1493,#600,#601));
#1526= IFCPROPERTYSET('2DvR_iax55QefngaKHuMkf',#5,'Pset_ColumnCommon','Definition from IAI: Properties common to the definition of all occurrences of IfcColumn.',(#497,#1495,#503,#504,#499));
#1527= IFCCOLOURRGB('Unnamed',0.333333333333333,1.,0.333333333333333);
#1528= IFCSURFACESTYLERENDERING(#1527,0.,$,$,$,$,IFCNORMALISEDRATIOMEASURE(0.00390625),IFCSPECULAREXPONENT(10.),.NOTDEFINED.);
#1529= IFCSURFACESTYLE('MISCELLANEOUS/Misc_Undefined',.POSITIVE.,(#1528));
#1530= IFCPRESENTATIONSTYLEASSIGNMENT((#1529));
#1531= IFCCARTESIANPOINT((-71.999601374381,9.82795008894755E-05,187.500283103611));
#1532= IFCCARTESIANPOINT((-34.9996013742298,7.0973408583086E-05,187.500204441621));
#1533= IFCCARTESIANPOINT((-34.9995820381325,36.5795063514761,183.897444517344));
#1534= IFCCARTESIANPOINT((-71.9995820382837,36.5795336575666,183.897523179337));
#1535= IFCPOLYLOOP((#1531,#1532,#1533,#1534));
#1536= IFCFACEOUTERBOUND(#1535,.T.);
#1537= IFCFACE((#1536));
#1538= IFCCARTESIANPOINT((-71.9996360294133,-36.5793370985448,183.897523179105));
#1539= IFCCARTESIANPOINT((-34.9996360292621,-36.5793644046371,183.897444517112));
#1540= IFCPOLYLOOP((#1538,#1539,#1532,#1531));
#1541= IFCFACEOUTERBOUND(#1540,.T.);
#1542= IFCFACE((#1541));
#1543= IFCCARTESIANPOINT((-71.9996846716074,-71.753045288975,173.227695449274));
#1544= IFCCARTESIANPOINT((-34.9996846714564,-71.7530725950674,173.227616787281));
#1545= IFCPOLYLOOP((#1543,#1544,#1539,#1538));
#1546= IFCFACEOUTERBOUND(#1545,.T.);
#1547= IFCFACE((#1546));
#1548= IFCCARTESIANPOINT((-71.999745431671,-104.169320411675,155.900835410066));
#1549= IFCCARTESIANPOINT((-34.9997454315198,-104.169347717767,155.900756748073));
#1550= IFCPOLYLOOP((#1548,#1549,#1544,#1543));
#1551= IFCFACEOUTERBOUND(#1550,.T.);
#1552= IFCFACE((#1551));
#1553= IFCCARTESIANPOINT((-71.9998159746292,-132.582423192933,132.58280457577));
#1554= IFCCARTESIANPOINT((-34.999815974478,-132.582450499025,132.58272591378));
#1555= IFCPOLYLOOP((#1553,#1554,#1549,#1548));
#1556= IFCFACEOUTERBOUND(#1555,.T.);
#1557= IFCFACE((#1556));
#1558= IFCCARTESIANPOINT((-71.9998935895551,-155.900454027118,104.169701794453));
#1559= IFCCARTESIANPOINT((-34.9998935894039,-155.90048133321,104.16962313246));
#1560= IFCPOLYLOOP((#1558,#1559,#1554,#1553));
#1561= IFCFACEOUTERBOUND(#1560,.T.);
#1562= IFCFACE((#1561));
#1563= IFCCARTESIANPOINT((-71.999975293751,-173.227314066176,71.7534266717412));
#1564= IFCCARTESIANPOINT((-34.9999752935998,-173.227341372267,71.7533480097482));
#1565= IFCPOLYLOOP((#1563,#1564,#1559,#1558));
#1566= IFCFACEOUTERBOUND(#1565,.T.);
#1567= IFCFACE((#1566));
#1568= IFCCARTESIANPOINT((-72.0000579473704,-183.897141795818,36.5797184813455));
#1569= IFCCARTESIANPOINT((-35.0000579472191,-183.897169101911,36.5796398193525));
#1570= IFCPOLYLOOP((#1568,#1569,#1564,#1563));
#1571= IFCFACEOUTERBOUND(#1570,.T.);
#1572= IFCFACE((#1571));
#1573= IFCCARTESIANPOINT((-72.0001383740812,-187.499901720106,0.000283103381661931));
#1574= IFCCARTESIANPOINT((-35.0001383739298,-187.4999290262,0.000204441392270382));
#1575= IFCPOLYLOOP((#1573,#1574,#1569,#1568));
#1576= IFCFACEOUTERBOUND(#1575,.T.);
#1577= IFCFACE((#1576));
#1578= IFCCARTESIANPOINT((-72.0002134831295,-183.8971417956,-36.5791522745531));
#1579= IFCCARTESIANPOINT((-35.0002134829786,-183.89716910169,-36.5792309365461));
#1580= IFCPOLYLOOP((#1578,#1579,#1574,#1573));
#1581= IFCFACEOUTERBOUND(#1580,.T.);
#1582= IFCFACE((#1581));
#1583= IFCCARTESIANPOINT((-72.0002803881175,-173.227314065745,-71.7528604648796));
#1584= IFCCARTESIANPOINT((-35.0002803879663,-173.227341371838,-71.7529391268727));
#1585= IFCPOLYLOOP((#1583,#1584,#1579,#1578));
#1586= IFCFACEOUTERBOUND(#1585,.T.);
#1587= IFCFACE((#1586));
#1588= IFCCARTESIANPOINT((-72.0003365179232,-155.900454026494,-104.169135587479));
#1589= IFCCARTESIANPOINT((-35.000336517772,-155.900481332586,-104.169214249472));
#1590= IFCPOLYLOOP((#1588,#1589,#1584,#1583));
#1591= IFCFACEOUTERBOUND(#1590,.T.);
#1592= IFCFACE((#1591));
#1593= IFCCARTESIANPOINT((-72.0003797155102,-132.582423192138,-132.582238368654));
#1594= IFCCARTESIANPOINT((-35.0003797153593,-132.58245049823,-132.582317030647));
#1595= IFCPOLYLOOP((#1593,#1594,#1589,#1588));
#1596= IFCFACEOUTERBOUND(#1595,.T.);
#1597= IFCFACE((#1596));
#1598= IFCCARTESIANPOINT((-72.0004083208196,-104.169320410741,-155.900269202764));
#1599= IFCCARTESIANPOINT((-35.0004083206684,-104.169347716834,-155.900347864757));
#1600= IFCPOLYLOOP((#1598,#1599,#1594,#1593));
#1601= IFCFACEOUTERBOUND(#1600,.T.);
#1602= IFCFACE((#1601));
#1603= IFCCARTESIANPOINT((-72.0004212345646,-71.7530452879382,-173.227129241768));
#1604= IFCCARTESIANPOINT((-35.0004212344136,-71.7530725940305,-173.227207903758));
#1605= IFCPOLYLOOP((#1603,#1604,#1599,#1598));
#1606= IFCFACEOUTERBOUND(#1605,.T.);
#1607= IFCFACE((#1606));
#1608= IFCCARTESIANPOINT((-72.0004179604782,-36.5793370974461,-183.89695697137));
#1609= IFCCARTESIANPOINT((-35.000417960327,-36.5793644035384,-183.897035633363));
#1610= IFCPOLYLOOP((#1608,#1609,#1604,#1603));
#1611= IFCFACEOUTERBOUND(#1610,.T.);
#1612= IFCFACE((#1611));
#1613= IFCCARTESIANPOINT((-72.000398624381,9.82806232059374E-05,-187.49971689564));
#1614= IFCCARTESIANPOINT((-35.0003986242298,7.09745290805586E-05,-187.499795557633));
#1615= IFCPOLYLOOP((#1613,#1614,#1609,#1608));
#1616= IFCFACEOUTERBOUND(#1615,.T.);
#1617= IFCFACE((#1616));
#1618= IFCCARTESIANPOINT((-72.0003639693484,36.5795336586689,-183.896956971141));
#1619= IFCCARTESIANPOINT((-35.0003639691975,36.5795063525766,-183.897035633127));
#1620= IFCPOLYLOOP((#1618,#1619,#1614,#1613));
#1621= IFCFACEOUTERBOUND(#1620,.T.);
#1622= IFCFACE((#1621));
#1623= IFCCARTESIANPOINT((-72.0003153271541,71.7532418490991,-173.22712924131));
#1624= IFCCARTESIANPOINT((-35.0003153270029,71.7532145430068,-173.227207903303));
#1625= IFCPOLYLOOP((#1623,#1624,#1619,#1618));
#1626= IFCFACEOUTERBOUND(#1625,.T.);
#1627= IFCFACE((#1626));
#1628= IFCCARTESIANPOINT((-72.0002545670907,104.169516971797,-155.900269202102));
#1629= IFCCARTESIANPOINT((-35.0002545669395,104.169489665706,-155.900347864092));
#1630= IFCPOLYLOOP((#1628,#1629,#1624,#1623));
#1631= IFCFACEOUTERBOUND(#1630,.T.);
#1632= IFCFACE((#1631));
#1633= IFCCARTESIANPOINT((-72.0001840241325,132.582619753055,-132.582238367806));
#1634= IFCCARTESIANPOINT((-35.0001840239813,132.582592446963,-132.582317029795));
#1635= IFCPOLYLOOP((#1633,#1634,#1629,#1628));
#1636= IFCFACEOUTERBOUND(#1635,.T.);
#1637= IFCFACE((#1636));
#1638= IFCCARTESIANPOINT((-72.0001064092066,155.90065058724,-104.169135586482));
#1639= IFCCARTESIANPOINT((-35.0001064090554,155.900623281148,-104.169214248475));
#1640= IFCPOLYLOOP((#1638,#1639,#1634,#1633));
#1641= IFCFACEOUTERBOUND(#1640,.T.);
#1642= IFCFACE((#1641));
#1643= IFCCARTESIANPOINT((-72.0000247050107,173.227510626297,-71.7528604637737));
#1644= IFCCARTESIANPOINT((-35.0000247048595,173.227483320205,-71.7529391257631));
#1645= IFCPOLYLOOP((#1643,#1644,#1639,#1638));
#1646= IFCFACEOUTERBOUND(#1645,.T.);
#1647= IFCFACE((#1646));
#1648= IFCCARTESIANPOINT((-71.9999420513914,183.897338355944,-36.579152273378));
#1649= IFCCARTESIANPOINT((-34.9999420512402,183.897311049852,-36.579230935371));
#1650= IFCPOLYLOOP((#1648,#1649,#1644,#1643));
#1651= IFCFACEOUTERBOUND(#1650,.T.);
#1652= IFCFACE((#1651));
#1653= IFCCARTESIANPOINT((-71.9998616246808,187.50009828023,0.000283104582194937));
#1654= IFCCARTESIANPOINT((-34.9998616245296,187.50007097414,0.000204442592803389));
#1655= IFCPOLYLOOP((#1653,#1654,#1649,#1648));
#1656= IFCFACEOUTERBOUND(#1655,.T.);
#1657= IFCFACE((#1656));
#1658= IFCCARTESIANPOINT((-71.999786515632,183.897338355724,36.5797184825205));
#1659= IFCCARTESIANPOINT((-34.9997865154808,183.897311049632,36.5796398205312));
#1660= IFCPOLYLOOP((#1658,#1659,#1654,#1653));
#1661= IFCFACEOUTERBOUND(#1660,.T.);
#1662= IFCFACE((#1661));
#1663= IFCCARTESIANPOINT((-71.9997196106444,173.227510625868,71.7534266728508));
#1664= IFCCARTESIANPOINT((-34.9997196104932,173.227483319775,71.7533480108577));
#1665= IFCPOLYLOOP((#1663,#1664,#1659,#1658));
#1666= IFCFACEOUTERBOUND(#1665,.T.);
#1667= IFCFACE((#1666));
#1668= IFCCARTESIANPOINT((-71.9996634808383,155.900650586616,104.16970179545));
#1669= IFCCARTESIANPOINT((-34.9996634806873,155.900623280524,104.169623133461));
#1670= IFCPOLYLOOP((#1668,#1669,#1664,#1663));
#1671= IFCFACEOUTERBOUND(#1670,.T.);
#1672= IFCFACE((#1671));
#1673= IFCCARTESIANPOINT((-71.9996202832513,132.582619752262,132.582804576617));
#1674= IFCCARTESIANPOINT((-34.9996202831001,132.58259244617,132.582725914624));
#1675= IFCPOLYLOOP((#1673,#1674,#1669,#1668));
#1676= IFCFACEOUTERBOUND(#1675,.T.);
#1677= IFCFACE((#1676));
#1678= IFCCARTESIANPOINT((-71.9995916779424,104.169516970866,155.900835410732));
#1679= IFCCARTESIANPOINT((-34.9995916777912,104.169489664773,155.900756748742));
#1680= IFCPOLYLOOP((#1678,#1679,#1674,#1673));
#1681= IFCFACEOUTERBOUND(#1680,.T.);
#1682= IFCFACE((#1681));
#1683= IFCCARTESIANPOINT((-71.9995787641969,71.7532418480605,173.227695449732));
#1684= IFCCARTESIANPOINT((-34.9995787640457,71.7532145419682,173.227616787739));
#1685= IFCPOLYLOOP((#1683,#1684,#1679,#1678));
#1686= IFCFACEOUTERBOUND(#1685,.T.);
#1687= IFCFACE((#1686));
#1688= IFCPOLYLOOP((#1534,#1533,#1684,#1683));
#1689= IFCFACEOUTERBOUND(#1688,.T.);
#1690= IFCFACE((#1689));
#1691= IFCCARTESIANPOINT((-71.9990885144066,387.495344634402,275.001903833207));
#1692= IFCCARTESIANPOINT((-72.0001471633925,-387.504655365667,275.001882133183));
#1693= IFCCARTESIANPOINT((-72.0023097633693,-387.504638571392,-274.998117862811));
#1694= IFCCARTESIANPOINT((-72.0012511143839,387.495361428677,-274.998096162806));
#1695= IFCPOLYLOOP((#1691,#1692,#1693,#1694));
#1696= IFCFACEOUTERBOUND(#1695,.T.);
#1697= IFCCARTESIANPOINT((-72.0019890654703,-348.491880370795,-206.998682349251));
#1698= IFCCARTESIANPOINT((-72.0019658670419,-331.509124313498,-206.998682349229));
#1699= IFCCARTESIANPOINT((-72.0019966811776,-319.500502342078,-219.007304320468));
#1700= IFCCARTESIANPOINT((-72.0020634573743,-319.500502341985,-235.990060377644));
#1701= IFCCARTESIANPOINT((-72.0021270790421,-331.509124313274,-247.998682348931));
#1702= IFCCARTESIANPOINT((-72.0021502774705,-348.491880370571,-247.998682348953));
#1703= IFCCARTESIANPOINT((-72.002119463335,-360.500502341987,-235.990060377706));
#1704= IFCCARTESIANPOINT((-72.0020526871381,-360.50050234208,-219.007304320534));
#1705= IFCPOLYLOOP((#1697,#1698,#1699,#1700,#1701,#1702,#1703,#1704));
#1706= IFCFACEBOUND(#1705,.T.);
#1707= IFCCARTESIANPOINT((-72.0002000352847,-348.491894204328,248.001317571739));
#1708= IFCCARTESIANPOINT((-72.0001768368561,-331.509138147028,248.001317571765));
#1709= IFCCARTESIANPOINT((-72.0002076509918,-319.500516175611,235.992695600522));
#1710= IFCCARTESIANPOINT((-72.0002744271885,-319.500516175518,219.00993954335));
#1711= IFCCARTESIANPOINT((-72.0003380488561,-331.509138146805,207.001317572063));
#1712= IFCCARTESIANPOINT((-72.0003612472844,-348.491894204104,207.001317572034));
#1713= IFCCARTESIANPOINT((-72.000330433149,-360.50051617552,219.009939543281));
#1714= IFCCARTESIANPOINT((-72.0002636569523,-360.500516175613,235.992695600456));
#1715= IFCPOLYLOOP((#1707,#1708,#1709,#1710,#1711,#1712,#1713,#1714));
#1716= IFCFACEBOUND(#1715,.T.);
#1717= IFCCARTESIANPOINT((-72.0010602533189,331.508119524788,-206.998663655551));
#1718= IFCCARTESIANPOINT((-72.0010370548905,348.490875582083,-206.998663655522));
#1719= IFCCARTESIANPOINT((-72.001067869026,360.499497553503,-219.007285626765));
#1720= IFCCARTESIANPOINT((-72.0011346452227,360.499497553596,-235.990041683937));
#1721= IFCCARTESIANPOINT((-72.0011982668905,348.490875582307,-247.998663655224));
#1722= IFCCARTESIANPOINT((-72.0012214653188,331.508119525011,-247.998663655253));
#1723= IFCCARTESIANPOINT((-72.0011906511834,319.499497553594,-235.990041684006));
#1724= IFCCARTESIANPOINT((-72.0011238749864,319.499497553501,-219.007285626831));
#1725= IFCPOLYLOOP((#1717,#1718,#1719,#1720,#1721,#1722,#1723,#1724));
#1726= IFCFACEBOUND(#1725,.T.);
#1727= IFCCARTESIANPOINT((-71.9992712231331,331.508105691255,248.001336265439));
#1728= IFCCARTESIANPOINT((-71.9992480247045,348.490861748553,248.001336265468));
#1729= IFCCARTESIANPOINT((-71.9992788388402,360.49948371997,235.992714294225));
#1730= IFCCARTESIANPOINT((-71.9993456150371,360.499483720061,219.009958237049));
#1731= IFCCARTESIANPOINT((-71.9994092367047,348.490861748776,207.001336265766));
#1732= IFCCARTESIANPOINT((-71.999432435133,331.508105691479,207.001336265737));
#1733= IFCCARTESIANPOINT((-71.9994016209973,319.499483720059,219.009958236984));
#1734= IFCCARTESIANPOINT((-71.9993348448006,319.499483719968,235.992714294156));
#1735= IFCPOLYLOOP((#1727,#1728,#1729,#1730,#1731,#1732,#1733,#1734));
#1736= IFCFACEBOUND(#1735,.T.);
#1737= IFCPOLYLOOP((#1531,#1534,#1683,#1678,#1673,#1668,#1663,#1658,#1653,#1648,#1643,#1638,#1633,#1628,#1623,#1618,#1613,#1608,#1603,#1598,#1593,#1588,#1583,#1578,#1573,#1568,#1563,#1558,#1553,#1548,#1543,#1538));
#1738= IFCFACEBOUND(#1737,.T.);
#1739= IFCFACE((#1696,#1706,#1716,#1726,#1736,#1738));
#1740= IFCPOLYLOOP((#1731,#1730,#1729,#1728,#1727,#1734,#1733,#1732));
#1741= IFCFACEOUTERBOUND(#1740,.T.);
#1742= IFCCARTESIANPOINT((-71.9994188699188,339.999483719077,207.501336267247));
#1743= IFCCARTESIANPOINT((-71.9994032097084,322.678975643334,217.501336267145));
#1744= IFCCARTESIANPOINT((-71.9993245697083,322.678975643224,237.501336267003));
#1745= IFCCARTESIANPOINT((-71.9992615899187,339.999483718859,247.501336266956));
#1746= IFCCARTESIANPOINT((-71.9992772501294,357.319991794604,237.501336267058));
#1747= IFCCARTESIANPOINT((-71.9993558901294,357.319991794713,217.501336267203));
#1748= IFCPOLYLOOP((#1742,#1743,#1744,#1745,#1746,#1747));
#1749= IFCFACEBOUND(#1748,.T.);
#1750= IFCFACE((#1741,#1749));
#1751= IFCCARTESIANPOINT((-57.9992615900389,339.999464594841,247.50128121896));
#1752= IFCCARTESIANPOINT((-57.9992772502496,357.319972670584,237.501281219062));
#1753= IFCPOLYLOOP((#1751,#1752,#1746,#1745));
#1754= IFCFACEOUTERBOUND(#1753,.T.);
#1755= IFCFACE((#1754));
#1756= IFCCARTESIANPOINT((-57.9993558902497,357.319972670693,217.501281219207));
#1757= IFCPOLYLOOP((#1752,#1756,#1747,#1746));
#1758= IFCFACEOUTERBOUND(#1757,.T.);
#1759= IFCFACE((#1758));
#1760= IFCCARTESIANPOINT((-57.9994188700391,339.999464595059,207.501281219251));
#1761= IFCPOLYLOOP((#1756,#1760,#1742,#1747));
#1762= IFCFACEOUTERBOUND(#1761,.T.);
#1763= IFCFACE((#1762));
#1764= IFCCARTESIANPOINT((-57.9994032098286,322.678956519316,217.501281219149));
#1765= IFCPOLYLOOP((#1760,#1764,#1743,#1742));
#1766= IFCFACEOUTERBOUND(#1765,.T.);
#1767= IFCFACE((#1766));
#1768= IFCCARTESIANPOINT((-57.9993245698286,322.678956519207,237.501281219007));
#1769= IFCPOLYLOOP((#1764,#1768,#1744,#1743));
#1770= IFCFACEOUTERBOUND(#1769,.T.);
#1771= IFCFACE((#1770));
#1772= IFCPOLYLOOP((#1768,#1751,#1745,#1744));
#1773= IFCFACEOUTERBOUND(#1772,.T.);
#1774= IFCFACE((#1773));
#1775= IFCPOLYLOOP((#1751,#1768,#1764,#1760,#1756,#1752));
#1776= IFCFACEOUTERBOUND(#1775,.T.);
#1777= IFCFACE((#1776));
#1778= IFCPOLYLOOP((#1721,#1720,#1719,#1718,#1717,#1724,#1723,#1722));
#1779= IFCFACEOUTERBOUND(#1778,.T.);
#1780= IFCCARTESIANPOINT((-72.0012079001046,339.99949755261,-247.498663653758));
#1781= IFCCARTESIANPOINT((-72.001192239894,322.678989476866,-237.498663653856));
#1782= IFCCARTESIANPOINT((-72.0011135998941,322.678989476757,-217.498663654005));
#1783= IFCCARTESIANPOINT((-72.0010506201047,339.999497552393,-207.498663654049));
#1784= IFCCARTESIANPOINT((-72.0010662803152,357.320005628135,-217.498663653947));
#1785= IFCCARTESIANPOINT((-72.0011449203153,357.320005628244,-237.498663653801));
#1786= IFCPOLYLOOP((#1780,#1781,#1782,#1783,#1784,#1785));
#1787= IFCFACEBOUND(#1786,.T.);
#1788= IFCFACE((#1779,#1787));
#1789= IFCCARTESIANPOINT((-58.001050620225,339.999478428374,-207.498718702045));
#1790= IFCCARTESIANPOINT((-58.0010662804357,357.319986504117,-217.498718701943));
#1791= IFCPOLYLOOP((#1789,#1790,#1784,#1783));
#1792= IFCFACEOUTERBOUND(#1791,.T.);
#1793= IFCFACE((#1792));
#1794= IFCCARTESIANPOINT((-58.0011449204355,357.319986504226,-237.498718701798));
#1795= IFCPOLYLOOP((#1790,#1794,#1785,#1784));
#1796= IFCFACEOUTERBOUND(#1795,.T.);
#1797= IFCFACE((#1796));
#1798= IFCCARTESIANPOINT((-58.0012079002249,339.999478428592,-247.498718701754));
#1799= IFCPOLYLOOP((#1794,#1798,#1780,#1785));
#1800= IFCFACEOUTERBOUND(#1799,.T.);
#1801= IFCFACE((#1800));
#1802= IFCCARTESIANPOINT((-58.0011922400145,322.678970352847,-237.498718701852));
#1803= IFCPOLYLOOP((#1798,#1802,#1781,#1780));
#1804= IFCFACEOUTERBOUND(#1803,.T.);
#1805= IFCFACE((#1804));
#1806= IFCCARTESIANPOINT((-58.0011136000144,322.678970352737,-217.498718702001));
#1807= IFCPOLYLOOP((#1802,#1806,#1782,#1781));
#1808= IFCFACEOUTERBOUND(#1807,.T.);
#1809= IFCFACE((#1808));
#1810= IFCPOLYLOOP((#1806,#1789,#1783,#1782));
#1811= IFCFACEOUTERBOUND(#1810,.T.);
#1812= IFCFACE((#1811));
#1813= IFCPOLYLOOP((#1789,#1806,#1802,#1798,#1794,#1790));
#1814= IFCFACEOUTERBOUND(#1813,.T.);
#1815= IFCFACE((#1814));
#1816= IFCPOLYLOOP((#1711,#1710,#1709,#1708,#1707,#1714,#1713,#1712));
#1817= IFCFACEOUTERBOUND(#1816,.T.);
#1818= IFCCARTESIANPOINT((-72.0003476820702,-340.000516176506,207.501317573544));
#1819= IFCCARTESIANPOINT((-72.00033202186,-357.321024252249,217.501317573446));
#1820= IFCCARTESIANPOINT((-72.0002533818597,-357.321024252358,237.5013175733));
#1821= IFCCARTESIANPOINT((-72.0001904020703,-340.000516176724,247.501317573253));
#1822= IFCCARTESIANPOINT((-72.0002060622808,-322.680008100979,237.501317573358));
#1823= IFCCARTESIANPOINT((-72.0002847022811,-322.68000810087,217.5013175735));
#1824= IFCPOLYLOOP((#1818,#1819,#1820,#1821,#1822,#1823));
#1825= IFCFACEBOUND(#1824,.T.);
#1826= IFCFACE((#1817,#1825));
#1827= IFCCARTESIANPOINT((-58.0001904021906,-340.000535300742,247.501262525253));
#1828= IFCCARTESIANPOINT((-58.0002060624013,-322.680027224997,237.501262525358));
#1829= IFCPOLYLOOP((#1827,#1828,#1822,#1821));
#1830= IFCFACEOUTERBOUND(#1829,.T.);
#1831= IFCFACE((#1830));
#1832= IFCCARTESIANPOINT((-58.0002847024011,-322.680027224889,217.5012625255));
#1833= IFCPOLYLOOP((#1828,#1832,#1823,#1822));
#1834= IFCFACEOUTERBOUND(#1833,.T.);
#1835= IFCFACE((#1834));
#1836= IFCCARTESIANPOINT((-58.0003476821905,-340.000535300524,207.501262525544));
#1837= IFCPOLYLOOP((#1832,#1836,#1818,#1823));
#1838= IFCFACEOUTERBOUND(#1837,.T.);
#1839= IFCFACE((#1838));
#1840= IFCCARTESIANPOINT((-58.0003320219803,-357.321043376267,217.501262525446));
#1841= IFCPOLYLOOP((#1836,#1840,#1819,#1818));
#1842= IFCFACEOUTERBOUND(#1841,.T.);
#1843= IFCFACE((#1842));
#1844= IFCCARTESIANPOINT((-58.00025338198,-357.321043376376,237.5012625253));
#1845= IFCPOLYLOOP((#1840,#1844,#1820,#1819));
#1846= IFCFACEOUTERBOUND(#1845,.T.);
#1847= IFCFACE((#1846));
#1848= IFCPOLYLOOP((#1844,#1827,#1821,#1820));
#1849= IFCFACEOUTERBOUND(#1848,.T.);
#1850= IFCFACE((#1849));
#1851= IFCPOLYLOOP((#1827,#1844,#1840,#1836,#1832,#1828));
#1852= IFCFACEOUTERBOUND(#1851,.T.);
#1853= IFCFACE((#1852));
#1854= IFCPOLYLOOP((#1701,#1700,#1699,#1698,#1697,#1704,#1703,#1702));
#1855= IFCFACEOUTERBOUND(#1854,.T.);
#1856= IFCCARTESIANPOINT((-72.0021367122563,-340.000502342971,-247.498682347446));
#1857= IFCCARTESIANPOINT((-72.0021210520456,-357.321010418716,-237.498682347545));
#1858= IFCCARTESIANPOINT((-72.0020424120457,-357.321010418826,-217.49868234769));
#1859= IFCCARTESIANPOINT((-72.0019794322561,-340.00050234319,-207.498682347737));
#1860= IFCCARTESIANPOINT((-72.0019950924668,-322.679994267448,-217.498682347639));
#1861= IFCCARTESIANPOINT((-72.0020737324667,-322.679994267339,-237.49868234749));
#1862= IFCPOLYLOOP((#1856,#1857,#1858,#1859,#1860,#1861));
#1863= IFCFACEBOUND(#1862,.T.);
#1864= IFCFACE((#1855,#1863));
#1865= IFCCARTESIANPOINT((-58.0019794323764,-340.000521467209,-207.498737395734));
#1866= IFCCARTESIANPOINT((-58.0019950925871,-322.680013391466,-217.498737395636));
#1867= IFCPOLYLOOP((#1865,#1866,#1860,#1859));
#1868= IFCFACEOUTERBOUND(#1867,.T.);
#1869= IFCFACE((#1868));
#1870= IFCCARTESIANPOINT((-58.002073732587,-322.680013391357,-237.498737395486));
#1871= IFCPOLYLOOP((#1866,#1870,#1861,#1860));
#1872= IFCFACEOUTERBOUND(#1871,.T.);
#1873= IFCFACE((#1872));
#1874= IFCCARTESIANPOINT((-58.0021367123766,-340.000521466991,-247.498737395443));
#1875= IFCPOLYLOOP((#1870,#1874,#1856,#1861));
#1876= IFCFACEOUTERBOUND(#1875,.T.);
#1877= IFCFACE((#1876));
#1878= IFCCARTESIANPOINT((-58.0021210521659,-357.321029542736,-237.498737395545));
#1879= IFCPOLYLOOP((#1874,#1878,#1857,#1856));
#1880= IFCFACEOUTERBOUND(#1879,.T.);
#1881= IFCFACE((#1880));
#1882= IFCCARTESIANPOINT((-58.002042412166,-357.321029542845,-217.49873739569));
#1883= IFCPOLYLOOP((#1878,#1882,#1858,#1857));
#1884= IFCFACEOUTERBOUND(#1883,.T.);
#1885= IFCFACE((#1884));
#1886= IFCPOLYLOOP((#1882,#1865,#1859,#1858));
#1887= IFCFACEOUTERBOUND(#1886,.T.);
#1888= IFCFACE((#1887));
#1889= IFCPOLYLOOP((#1865,#1882,#1878,#1874,#1870,#1866));
#1890= IFCFACEOUTERBOUND(#1889,.T.);
#1891= IFCFACE((#1890));
#1892= IFCCARTESIANPOINT((-94.0023097631804,-387.504608519364,-274.99803135882));
#1893= IFCCARTESIANPOINT((-94.0001471632033,-387.504625313639,275.001968637178));
#1894= IFCPOLYLOOP((#1892,#1693,#1692,#1893));
#1895= IFCFACEOUTERBOUND(#1894,.T.);
#1896= IFCFACE((#1895));
#1897= IFCCARTESIANPOINT((-94.0012511141947,387.495391480707,-274.998009658811));
#1898= IFCPOLYLOOP((#1897,#1694,#1693,#1892));
#1899= IFCFACEOUTERBOUND(#1898,.T.);
#1900= IFCFACE((#1899));
#1901= IFCCARTESIANPOINT((-93.9990885142176,387.495374686432,275.001990337198));
#1902= IFCPOLYLOOP((#1901,#1691,#1694,#1897));
#1903= IFCFACEOUTERBOUND(#1902,.T.);
#1904= IFCFACE((#1903));
#1905= IFCPOLYLOOP((#1893,#1692,#1691,#1901));
#1906= IFCFACEOUTERBOUND(#1905,.T.);
#1907= IFCFACE((#1906));
#1908= IFCPOLYLOOP((#1897,#1892,#1893,#1901));
#1909= IFCFACEOUTERBOUND(#1908,.T.);
#1910= IFCCARTESIANPOINT((-93.9998357726367,0.406233211660947,187.75474782606));
#1911= IFCCARTESIANPOINT((-94.0003983547717,-72.5375556496838,69.9994157278852));
#1912= IFCCARTESIANPOINT((-94.0003260866147,-19.5937786791728,69.9994095750117));
#1913= IFCCARTESIANPOINT((-94.0005226841458,-19.5941018348367,20.0001496266959));
#1914= IFCCARTESIANPOINT((-94.0007344611254,-174.744417386524,20.0009082043725));
#1915= IFCCARTESIANPOINT((-94.0005262861932,-174.744411233947,72.9446833809889));
#1916= IFCCARTESIANPOINT((-94.0009738369206,-292.499745028141,0.000923796796996612));
#1917= IFCCARTESIANPOINT((-94.0010999160284,-174.744412928716,-72.9428631572737));
#1918= IFCCARTESIANPOINT((-94.000891741096,-174.744406776126,-19.9990879806137));
#1919= IFCCARTESIANPOINT((-94.0006799608325,-19.5938061901707,-19.9991103217908));
#1920= IFCCARTESIANPOINT((-94.0008765633304,-19.5938120007249,-69.9997435611804));
#1921= IFCCARTESIANPOINT((-94.0009488314693,-72.537575733646,-69.9997374083177));
#1922= IFCCARTESIANPOINT((-94.0013122773112,0.406206739880872,-187.755078831422));
#1923= IFCCARTESIANPOINT((-94.0007496952396,73.3499822497797,-69.9997581773532));
#1924= IFCCARTESIANPOINT((-94.0008219633992,20.4062032580678,-69.999752024476));
#1925= IFCCARTESIANPOINT((-94.000625360927,20.4062090686402,-19.999125307153));
#1926= IFCCARTESIANPOINT((-94.0004146891524,174.74472896613,-19.9991476333453));
#1927= IFCCARTESIANPOINT((-94.0006228640441,174.744722813548,-72.9429124731905));
#1928= IFCCARTESIANPOINT((-94.0001753132433,292.500071866518,0.000860462456330424));
#1929= IFCCARTESIANPOINT((-94.000049234158,174.744739767097,72.9446416944738));
#1930= IFCCARTESIANPOINT((-94.0002574091204,174.744733614518,20.0008588884593));
#1931= IFCCARTESIANPOINT((-94.000468080895,20.4062137170222,20.0008812146225));
#1932= IFCCARTESIANPOINT((-94.0002714866919,20.4062195273364,69.9994049264351));
#1933= IFCCARTESIANPOINT((-94.0001992185321,73.3499985190501,69.9993987735652));
#1934= IFCPOLYLOOP((#1910,#1911,#1912,#1913,#1914,#1915,#1916,#1917,#1918,#1919,#1920,#1921,#1922,#1923,#1924,#1925,#1926,#1927,#1928,#1929,#1930,#1931,#1932,#1933));
#1935= IFCFACEBOUND(#1934,.T.);
#1936= IFCCARTESIANPOINT((-94.0019597720673,-340.000472241045,-202.498595909743));
#1937= IFCCARTESIANPOINT((-94.0019803233349,-349.567558050161,-204.401607596959));
#1938= IFCCARTESIANPOINT((-94.0020127111422,-357.678141770668,-209.820926380056));
#1939= IFCCARTESIANPOINT((-94.002052004739,-363.097460553741,-217.931510100541));
#1940= IFCCARTESIANPOINT((-94.0020922220317,-365.000472240908,-227.498595909601));
#1941= IFCCARTESIANPOINT((-94.0021272403019,-363.097460553638,-237.065681718657));
#1942= IFCCARTESIANPOINT((-94.0021517283353,-357.678141770475,-245.176265439124));
#1943= IFCCARTESIANPOINT((-94.0021619580509,-349.567558049908,-250.595584222188));
#1944= IFCCARTESIANPOINT((-94.0021563720672,-340.00047224077,-252.498595909379));
#1945= IFCCARTESIANPOINT((-94.0021358207996,-330.433386431654,-250.595584222159));
#1946= IFCCARTESIANPOINT((-94.0021034329923,-322.322802711147,-245.176265439066));
#1947= IFCCARTESIANPOINT((-94.0020641393953,-316.903483928072,-237.065681718581));
#1948= IFCCARTESIANPOINT((-94.0020239221028,-315.000472240907,-227.498595909517));
#1949= IFCCARTESIANPOINT((-94.0019889038324,-316.903483928176,-217.931510100465));
#1950= IFCCARTESIANPOINT((-94.0019644157992,-322.322802711338,-209.820926379998));
#1951= IFCCARTESIANPOINT((-94.0019541860836,-330.433386431905,-204.40160759693));
#1952= IFCPOLYLOOP((#1936,#1937,#1938,#1939,#1940,#1941,#1942,#1943,#1944,#1945,#1946,#1947,#1948,#1949,#1950,#1951));
#1953= IFCFACEBOUND(#1952,.T.);
#1954= IFCCARTESIANPOINT((-94.0001707418814,-340.000486074576,252.501404011247));
#1955= IFCCARTESIANPOINT((-94.0001912931489,-349.567571883694,250.598392324027));
#1956= IFCCARTESIANPOINT((-94.0002236809562,-357.678155604202,245.179073540934));
#1957= IFCCARTESIANPOINT((-94.0002629745534,-363.097474387276,237.068489820449));
#1958= IFCCARTESIANPOINT((-94.0003031918459,-365.000486074441,227.501404011389));
#1959= IFCCARTESIANPOINT((-94.0003382101161,-363.09747438717,217.934318202333));
#1960= IFCCARTESIANPOINT((-94.0003626981495,-357.678155604008,209.823734481863));
#1961= IFCCARTESIANPOINT((-94.0003729278651,-349.567571883443,204.404415698798));
#1962= IFCCARTESIANPOINT((-94.0003673418814,-340.000486074305,202.501404011611));
#1963= IFCCARTESIANPOINT((-94.0003467906138,-330.433400265187,204.404415698831));
#1964= IFCCARTESIANPOINT((-94.0003144028065,-322.322816544678,209.823734481921));
#1965= IFCCARTESIANPOINT((-94.0002751092097,-316.903497761605,217.934318202409));
#1966= IFCCARTESIANPOINT((-94.000234891917,-315.000486074439,227.501404011473));
#1967= IFCCARTESIANPOINT((-94.0001998736468,-316.90349776171,237.068489820522));
#1968= IFCCARTESIANPOINT((-94.0001753856134,-322.322816544873,245.179073540992));
#1969= IFCCARTESIANPOINT((-94.0001651558978,-330.43340026544,250.59839232406));
#1970= IFCPOLYLOOP((#1954,#1955,#1956,#1957,#1958,#1959,#1960,#1961,#1962,#1963,#1964,#1965,#1966,#1967,#1968,#1969));
#1971= IFCFACEBOUND(#1970,.T.);
#1972= IFCCARTESIANPOINT((-94.0010309599156,339.99952765454,-202.49857721604));
#1973= IFCCARTESIANPOINT((-94.0010515111833,330.432441845423,-204.401588903256));
#1974= IFCCARTESIANPOINT((-94.0010838989906,322.321858124917,-209.82090768635));
#1975= IFCCARTESIANPOINT((-94.0011231925876,316.902539341841,-217.931491406838));
#1976= IFCCARTESIANPOINT((-94.0011634098803,314.999527654676,-227.498577215894));
#1977= IFCCARTESIANPOINT((-94.0011984281505,316.902539341945,-237.06566302495));
#1978= IFCCARTESIANPOINT((-94.0012229161839,322.321858125109,-245.176246745421));
#1979= IFCCARTESIANPOINT((-94.0012331458995,330.432441845674,-250.595565528485));
#1980= IFCCARTESIANPOINT((-94.0012275599156,339.999527654814,-252.498577215672));
#1981= IFCCARTESIANPOINT((-94.0012070086482,349.56661346393,-250.595565528452));
#1982= IFCCARTESIANPOINT((-94.0011746208409,357.677197184437,-245.176246745363));
#1983= IFCCARTESIANPOINT((-94.0011353272439,363.096515967512,-237.065663024874));
#1984= IFCCARTESIANPOINT((-94.0010951099512,364.999527654678,-227.498577215814));
#1985= IFCCARTESIANPOINT((-94.001060091681,363.096515967409,-217.931491406762));
#1986= IFCCARTESIANPOINT((-94.0010356036476,357.677197184245,-209.820907686291));
#1987= IFCCARTESIANPOINT((-94.0010253739322,349.566613463679,-204.401588903223));
#1988= IFCPOLYLOOP((#1972,#1973,#1974,#1975,#1976,#1977,#1978,#1979,#1980,#1981,#1982,#1983,#1984,#1985,#1986,#1987));
#1989= IFCFACEBOUND(#1988,.T.);
#1990= IFCCARTESIANPOINT((-93.99924192973,339.999513821016,252.501422704954));
#1991= IFCCARTESIANPOINT((-93.9992624809975,330.432428011898,250.598411017734));
#1992= IFCCARTESIANPOINT((-93.9992948688048,322.321844291389,245.179092234641));
#1993= IFCCARTESIANPOINT((-93.9993341624017,316.902525508316,237.068508514152));
#1994= IFCCARTESIANPOINT((-93.9993743796942,314.999513821151,227.501422705092));
#1995= IFCCARTESIANPOINT((-93.9994093979644,316.902525508422,217.93433689604));
#1996= IFCCARTESIANPOINT((-93.9994338859979,322.321844291584,209.823753175569));
#1997= IFCCARTESIANPOINT((-93.9994441157135,330.432428012149,204.404434392505));
#1998= IFCCARTESIANPOINT((-93.99943852973,339.999513821287,202.501422705318));
#1999= IFCCARTESIANPOINT((-93.9994179784624,349.566599630403,204.404434392538));
#2000= IFCCARTESIANPOINT((-93.999385590655,357.677183350914,209.823753175628));
#2001= IFCCARTESIANPOINT((-93.9993462970581,363.096502133987,217.934336896113));
#2002= IFCCARTESIANPOINT((-93.9993060797653,364.999513821151,227.501422705176));
#2003= IFCCARTESIANPOINT((-93.9992710614952,363.096502133882,237.068508514229));
#2004= IFCCARTESIANPOINT((-93.9992465734617,357.677183350719,245.179092234699));
#2005= IFCCARTESIANPOINT((-93.9992363437461,349.566599630152,250.598411017763));
#2006= IFCPOLYLOOP((#1990,#1991,#1992,#1993,#1994,#1995,#1996,#1997,#1998,#1999,#2000,#2001,#2002,#2003,#2004,#2005));
#2007= IFCFACEBOUND(#2006,.T.);
#2008= IFCFACE((#1909,#1935,#1953,#1971,#1989,#2007));
#2009= IFCCARTESIANPOINT((-243.999246572172,357.677388250915,245.179682034661));
#2010= IFCCARTESIANPOINT((-243.999271060206,363.096707034079,237.069098314194));
#2011= IFCPOLYLOOP((#2009,#2004,#2003,#2010));
#2012= IFCFACEOUTERBOUND(#2011,.T.);
#2013= IFCFACE((#2012));
#2014= IFCCARTESIANPOINT((-243.999236342456,349.56680453035,250.599000817729));
#2015= IFCPOLYLOOP((#2014,#2005,#2004,#2009));
#2016= IFCFACEOUTERBOUND(#2015,.T.);
#2017= IFCFACE((#2016));
#2018= IFCCARTESIANPOINT((-243.99924192844,339.999718721212,252.50201250492));
#2019= IFCPOLYLOOP((#2018,#1990,#2005,#2014));
#2020= IFCFACEOUTERBOUND(#2019,.T.);
#2021= IFCFACE((#2020));
#2022= IFCCARTESIANPOINT((-243.999262479708,330.432632912094,250.5990008177));
#2023= IFCPOLYLOOP((#2022,#1991,#1990,#2018));
#2024= IFCFACEOUTERBOUND(#2023,.T.);
#2025= IFCFACE((#2024));
#2026= IFCCARTESIANPOINT((-243.999294867515,322.322049191587,245.179682034606));
#2027= IFCPOLYLOOP((#2026,#1992,#1991,#2022));
#2028= IFCFACEOUTERBOUND(#2027,.T.);
#2029= IFCFACE((#2028));
#2030= IFCCARTESIANPOINT((-243.999334161112,316.902730408512,237.069098314118));
#2031= IFCPOLYLOOP((#2030,#1993,#1992,#2026));
#2032= IFCFACEOUTERBOUND(#2031,.T.);
#2033= IFCFACE((#2032));
#2034= IFCCARTESIANPOINT((-243.999374378405,314.999718721347,227.502012505058));
#2035= IFCPOLYLOOP((#2034,#1994,#1993,#2030));
#2036= IFCFACEOUTERBOUND(#2035,.T.);
#2037= IFCFACE((#2036));
#2038= IFCCARTESIANPOINT((-243.999409396675,316.902730408618,217.934926696002));
#2039= IFCPOLYLOOP((#2038,#1995,#1994,#2034));
#2040= IFCFACEOUTERBOUND(#2039,.T.);
#2041= IFCFACE((#2040));
#2042= IFCCARTESIANPOINT((-243.999433884708,322.32204919178,209.824342975535));
#2043= IFCPOLYLOOP((#2042,#1996,#1995,#2038));
#2044= IFCFACEOUTERBOUND(#2043,.T.);
#2045= IFCFACE((#2044));
#2046= IFCCARTESIANPOINT((-243.999444114424,330.432632912345,204.405024192471));
#2047= IFCPOLYLOOP((#2046,#1997,#1996,#2042));
#2048= IFCFACEOUTERBOUND(#2047,.T.);
#2049= IFCFACE((#2048));
#2050= IFCCARTESIANPOINT((-243.99943852844,339.999718721485,202.502012505283));
#2051= IFCPOLYLOOP((#2050,#1998,#1997,#2046));
#2052= IFCFACEOUTERBOUND(#2051,.T.);
#2053= IFCFACE((#2052));
#2054= IFCCARTESIANPOINT((-243.999417977173,349.566804530601,204.4050241925));
#2055= IFCPOLYLOOP((#2054,#1999,#1998,#2050));
#2056= IFCFACEOUTERBOUND(#2055,.T.);
#2057= IFCFACE((#2056));
#2058= IFCCARTESIANPOINT((-243.999385589365,357.67738825111,209.824342975593));
#2059= IFCPOLYLOOP((#2058,#2000,#1999,#2054));
#2060= IFCFACEOUTERBOUND(#2059,.T.);
#2061= IFCFACE((#2060));
#2062= IFCCARTESIANPOINT((-243.999346295768,363.096707034183,217.934926696078));
#2063= IFCPOLYLOOP((#2062,#2001,#2000,#2058));
#2064= IFCFACEOUTERBOUND(#2063,.T.);
#2065= IFCFACE((#2064));
#2066= IFCCARTESIANPOINT((-243.999306078476,364.999718721348,227.502012505141));
#2067= IFCPOLYLOOP((#2066,#2002,#2001,#2062));
#2068= IFCFACEOUTERBOUND(#2067,.T.);
#2069= IFCFACE((#2068));
#2070= IFCPOLYLOOP((#2010,#2003,#2002,#2066));
#2071= IFCFACEOUTERBOUND(#2070,.T.);
#2072= IFCFACE((#2071));
#2073= IFCPOLYLOOP((#2009,#2010,#2066,#2062,#2058,#2054,#2050,#2046,#2042,#2038,#2034,#2030,#2026,#2022,#2018,#2014));
#2074= IFCFACEOUTERBOUND(#2073,.T.);
#2075= IFCFACE((#2074));
#2076= IFCCARTESIANPOINT((-244.001035602358,357.677402084442,-209.820317886326));
#2077= IFCCARTESIANPOINT((-244.001060090392,363.096720867605,-217.930901606796));
#2078= IFCPOLYLOOP((#2076,#1986,#1985,#2077));
#2079= IFCFACEOUTERBOUND(#2078,.T.);
#2080= IFCFACE((#2079));
#2081= IFCCARTESIANPOINT((-244.001025372643,349.566818363875,-204.400999103258));
#2082= IFCPOLYLOOP((#2081,#1987,#1986,#2076));
#2083= IFCFACEOUTERBOUND(#2082,.T.);
#2084= IFCFACE((#2083));
#2085= IFCCARTESIANPOINT((-244.001030958626,339.999732554737,-202.497987416074));
#2086= IFCPOLYLOOP((#2085,#1972,#1987,#2081));
#2087= IFCFACEOUTERBOUND(#2086,.T.);
#2088= IFCFACE((#2087));
#2089= IFCCARTESIANPOINT((-244.001051509894,330.432646745621,-204.400999103291));
#2090= IFCPOLYLOOP((#2089,#1973,#1972,#2085));
#2091= IFCFACEOUTERBOUND(#2090,.T.);
#2092= IFCFACE((#2091));
#2093= IFCCARTESIANPOINT((-244.001083897701,322.322063025113,-209.820317886384));
#2094= IFCPOLYLOOP((#2093,#1974,#1973,#2089));
#2095= IFCFACEOUTERBOUND(#2094,.T.);
#2096= IFCFACE((#2095));
#2097= IFCCARTESIANPOINT((-244.001123191298,316.902744242039,-217.930901606873));
#2098= IFCPOLYLOOP((#2097,#1975,#1974,#2093));
#2099= IFCFACEOUTERBOUND(#2098,.T.);
#2100= IFCFACE((#2099));
#2101= IFCCARTESIANPOINT((-244.001163408591,314.999732554874,-227.497987415929));
#2102= IFCPOLYLOOP((#2101,#1976,#1975,#2097));
#2103= IFCFACEOUTERBOUND(#2102,.T.);
#2104= IFCFACE((#2103));
#2105= IFCCARTESIANPOINT((-244.001198426861,316.902744242143,-237.065073224985));
#2106= IFCPOLYLOOP((#2105,#1977,#1976,#2101));
#2107= IFCFACEOUTERBOUND(#2106,.T.);
#2108= IFCFACE((#2107));
#2109= IFCCARTESIANPOINT((-244.001222914894,322.322063025305,-245.175656945456));
#2110= IFCPOLYLOOP((#2109,#1978,#1977,#2105));
#2111= IFCFACEOUTERBOUND(#2110,.T.);
#2112= IFCFACE((#2111));
#2113= IFCCARTESIANPOINT((-244.00123314461,330.432646745872,-250.59497572852));
#2114= IFCPOLYLOOP((#2113,#1979,#1978,#2109));
#2115= IFCFACEOUTERBOUND(#2114,.T.);
#2116= IFCFACE((#2115));
#2117= IFCCARTESIANPOINT((-244.001227558626,339.99973255501,-252.497987415707));
#2118= IFCPOLYLOOP((#2117,#1980,#1979,#2113));
#2119= IFCFACEOUTERBOUND(#2118,.T.);
#2120= IFCFACE((#2119));
#2121= IFCCARTESIANPOINT((-244.001207007358,349.566818364126,-250.594975728487));
#2122= IFCPOLYLOOP((#2121,#1981,#1980,#2117));
#2123= IFCFACEOUTERBOUND(#2122,.T.);
#2124= IFCFACE((#2123));
#2125= IFCCARTESIANPOINT((-244.001174619551,357.677402084635,-245.175656945397));
#2126= IFCPOLYLOOP((#2125,#1982,#1981,#2121));
#2127= IFCFACEOUTERBOUND(#2126,.T.);
#2128= IFCFACE((#2127));
#2129= IFCCARTESIANPOINT((-244.001135325954,363.096720867708,-237.065073224909));
#2130= IFCPOLYLOOP((#2129,#1983,#1982,#2125));
#2131= IFCFACEOUTERBOUND(#2130,.T.);
#2132= IFCFACE((#2131));
#2133= IFCCARTESIANPOINT((-244.001095108662,364.999732554874,-227.497987415849));
#2134= IFCPOLYLOOP((#2133,#1984,#1983,#2129));
#2135= IFCFACEOUTERBOUND(#2134,.T.);
#2136= IFCFACE((#2135));
#2137= IFCPOLYLOOP((#2077,#1985,#1984,#2133));
#2138= IFCFACEOUTERBOUND(#2137,.T.);
#2139= IFCFACE((#2138));
#2140= IFCPOLYLOOP((#2076,#2077,#2133,#2129,#2125,#2121,#2117,#2113,#2109,#2105,#2101,#2097,#2093,#2089,#2085,#2081));
#2141= IFCFACEOUTERBOUND(#2140,.T.);
#2142= IFCFACE((#2141));
#2143= IFCCARTESIANPOINT((-244.000175384324,-322.322611644675,245.179663340958));
#2144= IFCCARTESIANPOINT((-244.000199872357,-316.903292861512,237.069079620487));
#2145= IFCPOLYLOOP((#2143,#1968,#1967,#2144));
#2146= IFCFACEOUTERBOUND(#2145,.T.);
#2147= IFCFACE((#2146));
#2148= IFCCARTESIANPOINT((-244.000165154608,-330.433195365242,250.598982124025));
#2149= IFCPOLYLOOP((#2148,#1969,#1968,#2143));
#2150= IFCFACEOUTERBOUND(#2149,.T.);
#2151= IFCFACE((#2150));
#2152= IFCCARTESIANPOINT((-244.000170740592,-340.00028117438,252.501993811213));
#2153= IFCPOLYLOOP((#2152,#1954,#1969,#2148));
#2154= IFCFACEOUTERBOUND(#2153,.T.);
#2155= IFCFACE((#2154));
#2156= IFCCARTESIANPOINT((-244.000191291859,-349.567366983498,250.598982123993));
#2157= IFCPOLYLOOP((#2156,#1955,#1954,#2152));
#2158= IFCFACEOUTERBOUND(#2157,.T.);
#2159= IFCFACE((#2158));
#2160= IFCCARTESIANPOINT((-244.000223679667,-357.677950704005,245.179663340899));
#2161= IFCPOLYLOOP((#2160,#1956,#1955,#2156));
#2162= IFCFACEOUTERBOUND(#2161,.T.);
#2163= IFCFACE((#2162));
#2164= IFCCARTESIANPOINT((-244.000262973264,-363.097269487078,237.069079620414));
#2165= IFCPOLYLOOP((#2164,#1957,#1956,#2160));
#2166= IFCFACEOUTERBOUND(#2165,.T.);
#2167= IFCFACE((#2166));
#2168= IFCCARTESIANPOINT((-244.000303190556,-365.000281174245,227.501993811355));
#2169= IFCPOLYLOOP((#2168,#1958,#1957,#2164));
#2170= IFCFACEOUTERBOUND(#2169,.T.);
#2171= IFCFACE((#2170));
#2172= IFCCARTESIANPOINT((-244.000338208826,-363.097269486974,217.934908002298));
#2173= IFCPOLYLOOP((#2172,#1959,#1958,#2168));
#2174= IFCFACEOUTERBOUND(#2173,.T.);
#2175= IFCFACE((#2174));
#2176= IFCCARTESIANPOINT((-244.00036269686,-357.67795070381,209.824324281828));
#2177= IFCPOLYLOOP((#2176,#1960,#1959,#2172));
#2178= IFCFACEOUTERBOUND(#2177,.T.);
#2179= IFCFACE((#2178));
#2180= IFCCARTESIANPOINT((-244.000372926576,-349.567366983247,204.405005498764));
#2181= IFCPOLYLOOP((#2180,#1961,#1960,#2176));
#2182= IFCFACEOUTERBOUND(#2181,.T.);
#2183= IFCFACE((#2182));
#2184= IFCCARTESIANPOINT((-244.000367340592,-340.000281174107,202.501993811577));
#2185= IFCPOLYLOOP((#2184,#1962,#1961,#2180));
#2186= IFCFACEOUTERBOUND(#2185,.T.);
#2187= IFCFACE((#2186));
#2188= IFCCARTESIANPOINT((-244.000346789324,-330.433195364991,204.405005498797));
#2189= IFCPOLYLOOP((#2188,#1963,#1962,#2184));
#2190= IFCFACEOUTERBOUND(#2189,.T.);
#2191= IFCFACE((#2190));
#2192= IFCCARTESIANPOINT((-244.000314401517,-322.322611644482,209.824324281886));
#2193= IFCPOLYLOOP((#2192,#1964,#1963,#2188));
#2194= IFCFACEOUTERBOUND(#2193,.T.);
#2195= IFCFACE((#2194));
#2196= IFCCARTESIANPOINT((-244.00027510792,-316.903292861407,217.934908002375));
#2197= IFCPOLYLOOP((#2196,#1965,#1964,#2192));
#2198= IFCFACEOUTERBOUND(#2197,.T.);
#2199= IFCFACE((#2198));
#2200= IFCCARTESIANPOINT((-244.000234890627,-315.000281174243,227.501993811435));
#2201= IFCPOLYLOOP((#2200,#1966,#1965,#2196));
#2202= IFCFACEOUTERBOUND(#2201,.T.);
#2203= IFCFACE((#2202));
#2204= IFCPOLYLOOP((#2144,#1967,#1966,#2200));
#2205= IFCFACEOUTERBOUND(#2204,.T.);
#2206= IFCFACE((#2205));
#2207= IFCPOLYLOOP((#2143,#2144,#2200,#2196,#2192,#2188,#2184,#2180,#2176,#2172,#2168,#2164,#2160,#2156,#2152,#2148));
#2208= IFCFACEOUTERBOUND(#2207,.T.);
#2209= IFCFACE((#2208));
#2210= IFCCARTESIANPOINT((-244.00196441451,-322.322597811142,-209.820336580033));
#2211= IFCCARTESIANPOINT((-244.001988902543,-316.90327902798,-217.9309203005));
#2212= IFCPOLYLOOP((#2210,#1950,#1949,#2211));
#2213= IFCFACEOUTERBOUND(#2212,.T.);
#2214= IFCFACE((#2213));
#2215= IFCCARTESIANPOINT((-244.001954184794,-330.433181531709,-204.401017796965));
#2216= IFCPOLYLOOP((#2215,#1951,#1950,#2210));
#2217= IFCFACEOUTERBOUND(#2216,.T.);
#2218= IFCFACE((#2217));
#2219= IFCCARTESIANPOINT((-244.001959770778,-340.000267340847,-202.498006109778));
#2220= IFCPOLYLOOP((#2219,#1936,#1951,#2215));
#2221= IFCFACEOUTERBOUND(#2220,.T.);
#2222= IFCFACE((#2221));
#2223= IFCCARTESIANPOINT((-244.001980322045,-349.567353149963,-204.401017796994));
#2224= IFCPOLYLOOP((#2223,#1937,#1936,#2219));
#2225= IFCFACEOUTERBOUND(#2224,.T.);
#2226= IFCFACE((#2225));
#2227= IFCCARTESIANPOINT((-244.002012709853,-357.677936870472,-209.820336580091));
#2228= IFCPOLYLOOP((#2227,#1938,#1937,#2223));
#2229= IFCFACEOUTERBOUND(#2228,.T.);
#2230= IFCFACE((#2229));
#2231= IFCCARTESIANPOINT((-244.002052003449,-363.097255653545,-217.930920300576));
#2232= IFCPOLYLOOP((#2231,#1939,#1938,#2227));
#2233= IFCFACEOUTERBOUND(#2232,.T.);
#2234= IFCFACE((#2233));
#2235= IFCCARTESIANPOINT((-244.002092220742,-365.000267340711,-227.498006109636));
#2236= IFCPOLYLOOP((#2235,#1940,#1939,#2231));
#2237= IFCFACEOUTERBOUND(#2236,.T.);
#2238= IFCFACE((#2237));
#2239= IFCCARTESIANPOINT((-244.002127239012,-363.097255653442,-237.065091918692));
#2240= IFCPOLYLOOP((#2239,#1941,#1940,#2235));
#2241= IFCFACEOUTERBOUND(#2240,.T.);
#2242= IFCFACE((#2241));
#2243= IFCCARTESIANPOINT((-244.002151727046,-357.677936870279,-245.175675639159));
#2244= IFCPOLYLOOP((#2243,#1942,#1941,#2239));
#2245= IFCFACEOUTERBOUND(#2244,.T.);
#2246= IFCFACE((#2245));
#2247= IFCCARTESIANPOINT((-244.002161956761,-349.567353149712,-250.594994422223));
#2248= IFCPOLYLOOP((#2247,#1943,#1942,#2243));
#2249= IFCFACEOUTERBOUND(#2248,.T.);
#2250= IFCFACE((#2249));
#2251= IFCCARTESIANPOINT((-244.002156370778,-340.000267340574,-252.498006109414));
#2252= IFCPOLYLOOP((#2251,#1944,#1943,#2247));
#2253= IFCFACEOUTERBOUND(#2252,.T.);
#2254= IFCFACE((#2253));
#2255= IFCCARTESIANPOINT((-244.00213581951,-330.433181531458,-250.594994422194));
#2256= IFCPOLYLOOP((#2255,#1945,#1944,#2251));
#2257= IFCFACEOUTERBOUND(#2256,.T.);
#2258= IFCFACE((#2257));
#2259= IFCCARTESIANPOINT((-244.002103431703,-322.322597810949,-245.175675639101));
#2260= IFCPOLYLOOP((#2259,#1946,#1945,#2255));
#2261= IFCFACEOUTERBOUND(#2260,.T.);
#2262= IFCFACE((#2261));
#2263= IFCCARTESIANPOINT((-244.002064138106,-316.903279027876,-237.065091918616));
#2264= IFCPOLYLOOP((#2263,#1947,#1946,#2259));
#2265= IFCFACEOUTERBOUND(#2264,.T.);
#2266= IFCFACE((#2265));
#2267= IFCCARTESIANPOINT((-244.002023920813,-315.000267340711,-227.498006109552));
#2268= IFCPOLYLOOP((#2267,#1948,#1947,#2263));
#2269= IFCFACEOUTERBOUND(#2268,.T.);
#2270= IFCFACE((#2269));
#2271= IFCPOLYLOOP((#2211,#1949,#1948,#2267));
#2272= IFCFACEOUTERBOUND(#2271,.T.);
#2273= IFCFACE((#2272));
#2274= IFCPOLYLOOP((#2210,#2211,#2267,#2263,#2259,#2255,#2251,#2247,#2243,#2239,#2235,#2231,#2227,#2223,#2219,#2215));
#2275= IFCFACEOUTERBOUND(#2274,.T.);
#2276= IFCFACE((#2275));
#2277= IFCCARTESIANPOINT((-96.0002714866748,20.4062222573393,69.999412790432));
#2278= IFCCARTESIANPOINT((-96.0004680808779,20.4062164470251,20.000889078623));
#2279= IFCPOLYLOOP((#2277,#1932,#1931,#2278));
#2280= IFCFACEOUTERBOUND(#2279,.T.);
#2281= IFCFACE((#2280));
#2282= IFCCARTESIANPOINT((-96.000199218515,73.3500012490531,69.9994066375657));
#2283= IFCPOLYLOOP((#2282,#1933,#1932,#2277));
#2284= IFCFACEOUTERBOUND(#2283,.T.);
#2285= IFCFACE((#2284));
#2286= IFCCARTESIANPOINT((-95.9998357726195,0.406235941663908,187.754755690061));
#2287= IFCPOLYLOOP((#2286,#1910,#1933,#2282));
#2288= IFCFACEOUTERBOUND(#2287,.T.);
#2289= IFCFACE((#2288));
#2290= IFCCARTESIANPOINT((-96.0003983547545,-72.5375529196808,69.9994235918857));
#2291= IFCPOLYLOOP((#2290,#1911,#1910,#2286));
#2292= IFCFACEOUTERBOUND(#2291,.T.);
#2293= IFCFACE((#2292));
#2294= IFCCARTESIANPOINT((-96.0003260865974,-19.5937759491699,69.9994174390122));
#2295= IFCPOLYLOOP((#2294,#1912,#1911,#2290));
#2296= IFCFACEOUTERBOUND(#2295,.T.);
#2297= IFCFACE((#2296));
#2298= IFCCARTESIANPOINT((-96.0005226841288,-19.5940991048337,20.0001574906964));
#2299= IFCPOLYLOOP((#2298,#1913,#1912,#2294));
#2300= IFCFACEOUTERBOUND(#2299,.T.);
#2301= IFCFACE((#2300));
#2302= IFCCARTESIANPOINT((-96.0007344611083,-174.744414656521,20.000916068373));
#2303= IFCPOLYLOOP((#2302,#1914,#1913,#2298));
#2304= IFCFACEOUTERBOUND(#2303,.T.);
#2305= IFCFACE((#2304));
#2306= IFCCARTESIANPOINT((-96.000526286176,-174.744408503944,72.9446912449894));
#2307= IFCPOLYLOOP((#2306,#1915,#1914,#2302));
#2308= IFCFACEOUTERBOUND(#2307,.T.);
#2309= IFCFACE((#2308));
#2310= IFCCARTESIANPOINT((-96.0009738369033,-292.499742298138,0.000931660793867195));
#2311= IFCPOLYLOOP((#2310,#1916,#1915,#2306));
#2312= IFCFACEOUTERBOUND(#2311,.T.);
#2313= IFCFACE((#2312));
#2314= IFCCARTESIANPOINT((-96.0010999160113,-174.744410198713,-72.9428552932732));
#2315= IFCPOLYLOOP((#2314,#1917,#1916,#2310));
#2316= IFCFACEOUTERBOUND(#2315,.T.);
#2317= IFCFACE((#2316));
#2318= IFCCARTESIANPOINT((-96.0008917410789,-174.744404046123,-19.9990801166132));
#2319= IFCPOLYLOOP((#2318,#1918,#1917,#2314));
#2320= IFCFACEOUTERBOUND(#2319,.T.);
#2321= IFCFACE((#2320));
#2322= IFCCARTESIANPOINT((-96.0006799608154,-19.5938034601677,-19.9991024577903));
#2323= IFCPOLYLOOP((#2322,#1919,#1918,#2318));
#2324= IFCFACEOUTERBOUND(#2323,.T.);
#2325= IFCFACE((#2324));
#2326= IFCCARTESIANPOINT((-96.0008765633133,-19.593809270722,-69.9997356971799));
#2327= IFCPOLYLOOP((#2326,#1920,#1919,#2322));
#2328= IFCFACEOUTERBOUND(#2327,.T.);
#2329= IFCFACE((#2328));
#2330= IFCCARTESIANPOINT((-96.000948831452,-72.537573003643,-69.9997295443209));
#2331= IFCPOLYLOOP((#2330,#1921,#1920,#2326));
#2332= IFCFACEOUTERBOUND(#2331,.T.);
#2333= IFCFACE((#2332));
#2334= IFCCARTESIANPOINT((-96.0013122772941,0.406209469883834,-187.755070967421));
#2335= IFCPOLYLOOP((#2334,#1922,#1921,#2330));
#2336= IFCFACEOUTERBOUND(#2335,.T.);
#2337= IFCFACE((#2336));
#2338= IFCCARTESIANPOINT((-96.0007496952223,73.3499849797827,-69.9997503133527));
#2339= IFCPOLYLOOP((#2338,#1923,#1922,#2334));
#2340= IFCFACEOUTERBOUND(#2339,.T.);
#2341= IFCFACE((#2340));
#2342= IFCCARTESIANPOINT((-96.0008219633821,20.4062059880707,-69.9997441604755));
#2343= IFCPOLYLOOP((#2342,#1924,#1923,#2338));
#2344= IFCFACEOUTERBOUND(#2343,.T.);
#2345= IFCFACE((#2344));
#2346= IFCCARTESIANPOINT((-96.0006253609099,20.4062117986432,-19.9991174431525));
#2347= IFCPOLYLOOP((#2346,#1925,#1924,#2342));
#2348= IFCFACEOUTERBOUND(#2347,.T.);
#2349= IFCFACE((#2348));
#2350= IFCCARTESIANPOINT((-96.0004146891351,174.744731696133,-19.9991397693484));
#2351= IFCPOLYLOOP((#2350,#1926,#1925,#2346));
#2352= IFCFACEOUTERBOUND(#2351,.T.);
#2353= IFCFACE((#2352));
#2354= IFCCARTESIANPOINT((-96.000622864027,174.744725543551,-72.94290460919));
#2355= IFCPOLYLOOP((#2354,#1927,#1926,#2350));
#2356= IFCFACEOUTERBOUND(#2355,.T.);
#2357= IFCFACE((#2356));
#2358= IFCCARTESIANPOINT((-96.0001753132262,292.500074596521,0.000868326456838986));
#2359= IFCPOLYLOOP((#2358,#1928,#1927,#2354));
#2360= IFCFACEOUTERBOUND(#2359,.T.);
#2361= IFCFACE((#2360));
#2362= IFCCARTESIANPOINT((-96.000049234141,174.7447424971,72.9446495584743));
#2363= IFCPOLYLOOP((#2362,#1929,#1928,#2358));
#2364= IFCFACEOUTERBOUND(#2363,.T.);
#2365= IFCFACE((#2364));
#2366= IFCCARTESIANPOINT((-96.0002574091031,174.744736344521,20.0008667524562));
#2367= IFCPOLYLOOP((#2366,#1930,#1929,#2362));
#2368= IFCFACEOUTERBOUND(#2367,.T.);
#2369= IFCFACE((#2368));
#2370= IFCPOLYLOOP((#2278,#1931,#1930,#2366));
#2371= IFCFACEOUTERBOUND(#2370,.T.);
#2372= IFCFACE((#2371));
#2373= IFCPOLYLOOP((#2314,#2310,#2306,#2302,#2298,#2294,#2290,#2286,#2282,#2277,#2278,#2366,#2362,#2358,#2354,#2350,#2346,#2342,#2338,#2334,#2330,#2326,#2322,#2318));
#2374= IFCFACEOUTERBOUND(#2373,.T.);
#2375= IFCFACE((#2374));
#2376= IFCCARTESIANPOINT((-34.9999921040232,-232.573875869944,84.6501230922913));
#2377= IFCCARTESIANPOINT((-34.9999002444983,-214.341239662177,123.750137619179));
#2378= IFCCARTESIANPOINT((-34.9998114159841,-189.595951897552,159.09007101661));
#2379= IFCCARTESIANPOINT((-34.9997283174912,-159.089885623081,189.596137291177));
#2380= IFCCARTESIANPOINT((-34.9996534739244,-123.7499522257,214.341425055947));
#2381= IFCCARTESIANPOINT((-34.999589159368,-84.6499376988177,232.574061263891));
#2382= IFCCARTESIANPOINT((-34.9995373279869,-42.9778761982707,243.740056490002));
#2383= IFCCARTESIANPOINT((-34.9994995546519,4.77743233204819E-05,247.500137619601));
#2384= IFCCARTESIANPOINT((-34.9994769870864,42.9779717469391,243.740056490253));
#2385= IFCCARTESIANPOINT((-34.9994703109946,84.6500332475498,232.574061264379));
#2386= IFCCARTESIANPOINT((-34.9994797292259,123.750047774536,214.34142505666));
#2387= IFCCARTESIANPOINT((-34.9995049556121,159.089981172057,189.596137292094));
#2388= IFCCARTESIANPOINT((-34.9995452236626,189.596047446703,159.090071017705));
#2389= IFCCARTESIANPOINT((-34.9995993098528,214.341335211528,123.750137620413));
#2390= IFCCARTESIANPOINT((-34.9996655708012,232.573971419522,84.6501230936301));
#2391= IFCCARTESIANPOINT((-34.9997419932024,243.739966645659,42.9780615931923));
#2392= IFCCARTESIANPOINT((-34.9998262550005,247.500047775266,0.000137620703753782));
#2393= IFCCARTESIANPOINT((-34.9999157959433,243.739966645904,-42.9777863517993));
#2394= IFCCARTESIANPOINT((-35.0000078953747,232.573971420003,-84.6498478523063));
#2395= IFCCARTESIANPOINT((-35.0000997548998,214.341335212235,-123.749862379194));
#2396= IFCCARTESIANPOINT((-35.000188583414,189.596047447611,-159.089795776628));
#2397= IFCCARTESIANPOINT((-35.000271681907,159.089981173138,-189.595862051199));
#2398= IFCCARTESIANPOINT((-35.0003465254736,123.750047775759,-214.341149815958));
#2399= IFCCARTESIANPOINT((-35.0004108400303,84.6500332488758,-232.57378602391));
#2400= IFCCARTESIANPOINT((-35.0004626714112,42.9779717483307,-243.73978125002));
#2401= IFCCARTESIANPOINT((-35.000500444746,4.77757348562591E-05,-247.499862379616));
#2402= IFCCARTESIANPOINT((-35.0005230123118,-42.977876196881,-243.739781250268));
#2403= IFCCARTESIANPOINT((-35.0005296884037,-84.6499376974916,-232.573786024397));
#2404= IFCCARTESIANPOINT((-35.0005202701723,-123.749952224478,-214.341149816672));
#2405= IFCCARTESIANPOINT((-35.000495043786,-159.089885622001,-189.595862052116));
#2406= IFCCARTESIANPOINT((-35.0004547757355,-189.595951896645,-159.089795777723));
#2407= IFCCARTESIANPOINT((-35.0004006895454,-214.341239661468,-123.749862380428));
#2408= IFCCARTESIANPOINT((-35.0003344285969,-232.573875869462,-84.6498478536487));
#2409= IFCCARTESIANPOINT((-35.0002580061957,-243.7398710956,-42.9777863532072));
#2410= IFCCARTESIANPOINT((-35.0001737443977,-247.499952225206,0.00013761927766609));
#2411= IFCCARTESIANPOINT((-35.0000842034547,-243.739871095846,42.978061591788));
#2412= IFCPOLYLOOP((#2376,#2377,#2378,#2379,#2380,#2381,#2382,#2383,#2384,#2385,#2386,#2387,#2388,#2389,#2390,#2391,#2392,#2393,#2394,#2395,#2396,#2397,#2398,#2399,#2400,#2401,#2402,#2403,#2404,#2405,#2406,#2407,#2408,#2409,#2410,#2411));
#2413= IFCFACEOUTERBOUND(#2412,.T.);
#2414= IFCPOLYLOOP((#1532,#1539,#1544,#1549,#1554,#1559,#1564,#1569,#1574,#1579,#1584,#1589,#1594,#1599,#1604,#1609,#1614,#1619,#1624,#1629,#1634,#1639,#1644,#1649,#1654,#1659,#1664,#1669,#1674,#1679,#1684,#1533));
#2415= IFCFACEBOUND(#2414,.T.);
#2416= IFCFACE((#2413,#2415));
#2417= IFCCARTESIANPOINT((-0.000258006019294044,-243.739895665638,-42.9778571232055));
#2418= IFCCARTESIANPOINT((-0.000173744221456218,-247.499976795241,6.6849279392045E-05));
#2419= IFCPOLYLOOP((#2409,#2417,#2418,#2410));
#2420= IFCFACEOUTERBOUND(#2419,.T.);
#2421= IFCFACE((#2420));
#2422= IFCCARTESIANPOINT((0.000500445524266979,2.32042875722982E-05,247.5000668496));
#2423= IFCCARTESIANPOINT((0.000462672189087243,-42.9779007683082,243.739985720003));
#2424= IFCCARTESIANPOINT((0.000410840808399371,-84.6499622688552,232.573990493893));
#2425= IFCCARTESIANPOINT((0.000346526251860269,-123.749976795736,214.341354285949));
#2426= IFCCARTESIANPOINT((0.000271682685024643,-159.089910193119,189.596066521179));
#2427= IFCCARTESIANPOINT((0.00018858419184653,-189.595976467588,159.090000246611));
#2428= IFCCARTESIANPOINT((9.97556780930609E-05,-214.341264232213,123.750066849181));
#2429= IFCCARTESIANPOINT((7.89615273788513E-06,-232.57390043998,84.6500523222894));
#2430= IFCCARTESIANPOINT((-8.42032786749769E-05,-243.739895665884,42.9779908217897));
#2431= IFCCARTESIANPOINT((-0.000334428420501354,-232.5739004395,-84.649918623647));
#2432= IFCCARTESIANPOINT((-0.000400689368916574,-214.341264231505,-123.74993315043));
#2433= IFCCARTESIANPOINT((-0.000454775559092013,-189.59597646668,-159.089866547722));
#2434= IFCCARTESIANPOINT((-0.000495043609589629,-159.089910192039,-189.595932822114));
#2435= IFCCARTESIANPOINT((-0.000520269996059142,-123.749976794516,-214.34122058667));
#2436= IFCCARTESIANPOINT((-0.00052968822751609,-84.6499622675292,-232.573856794395));
#2437= IFCCARTESIANPOINT((-0.000523012135545287,-42.9779007669185,-243.739852020266));
#2438= IFCCARTESIANPOINT((-0.000500444569979663,2.32056972890859E-05,-247.499933149615));
#2439= IFCCARTESIANPOINT((-0.000462671234799927,42.9779471782931,-243.739852020019));
#2440= IFCCARTESIANPOINT((-0.000410839854112055,84.6500086788401,-232.573856793908));
#2441= IFCCARTESIANPOINT((-0.000346525297572953,123.750023205721,-214.341220585957));
#2442= IFCCARTESIANPOINT((-0.000271681730737328,159.0899566031,-189.595932821197));
#2443= IFCCARTESIANPOINT((-0.000188583237559214,189.596022877573,-159.089866546627));
#2444= IFCCARTESIANPOINT((-9.9754723805745E-05,214.341310642198,-123.749933149193));
#2445= IFCCARTESIANPOINT((-7.8951984505693E-06,232.573946849965,-84.6499186223045));
#2446= IFCCARTESIANPOINT((8.42042329622927E-05,243.739942075868,-42.9778571217976));
#2447= IFCCARTESIANPOINT((0.000173745175743534,247.500023205228,6.68507054797374E-05));
#2448= IFCCARTESIANPOINT((0.000258006973808733,243.739942075623,42.977990823194));
#2449= IFCCARTESIANPOINT((0.000334429375016043,232.573946849485,84.6500523236318));
#2450= IFCCARTESIANPOINT((0.000400690323431263,214.34131064149,123.750066850414));
#2451= IFCCARTESIANPOINT((0.000454776513379329,189.596022876665,159.090000247706));
#2452= IFCCARTESIANPOINT((0.000495044563876945,159.089956602022,189.596066522095));
#2453= IFCCARTESIANPOINT((0.000520270950573831,123.7500232045,214.341354286658));
#2454= IFCCARTESIANPOINT((0.000529689181803406,84.6500086775122,232.573990494384));
#2455= IFCCARTESIANPOINT((0.000523013089832602,42.9779471769034,243.739985720251));
#2456= IFCPOLYLOOP((#2422,#2423,#2424,#2425,#2426,#2427,#2428,#2429,#2430,#2418,#2417,#2431,#2432,#2433,#2434,#2435,#2436,#2437,#2438,#2439,#2440,#2441,#2442,#2443,#2444,#2445,#2446,#2447,#2448,#2449,#2450,#2451,#2452,#2453,#2454,#2455));
#2457= IFCFACEBOUND(#2456,.T.);
#2458= IFCCARTESIANPOINT((-0.00187521374868993,-243.491378017263,-214.499999997584));
#2459= IFCCARTESIANPOINT((-0.00193883541646755,-255.499999988551,-226.508621968867));
#2460= IFCCARTESIANPOINT((-0.00200561161318547,-255.499999988459,-243.491378026043));
#2461= IFCCARTESIANPOINT((-0.00203642574865626,-243.491378017039,-255.49999999729));
#2462= IFCCARTESIANPOINT((-0.00201322732050357,-226.508621959743,-255.499999997261));
#2463= IFCCARTESIANPOINT((-0.00194960565272595,-214.499999988457,-243.491378025974));
#2464= IFCCARTESIANPOINT((-0.00188282945578067,-214.499999988549,-226.508621968802));
#2465= IFCCARTESIANPOINT((-0.00185201532030987,-226.508621959967,-214.499999997559));
#2466= IFCPOLYLOOP((#2458,#2459,#2460,#2461,#2462,#2463,#2464,#2465));
#2467= IFCFACEBOUND(#2466,.T.);
#2468= IFCCARTESIANPOINT((-2.71739372692537E-05,-243.496131182681,255.501602109591));
#2469= IFCCARTESIANPOINT((-9.07956048195047E-05,-255.504753153968,243.492980138308));
#2470= IFCCARTESIANPOINT((-0.000157571801764789,-255.504753153875,226.510224081136));
#2471= IFCCARTESIANPOINT((-0.00018838593723558,-243.496131182457,214.501602109889));
#2472= IFCCARTESIANPOINT((-0.000165187508855524,-226.51337512516,214.501602109918));
#2473= IFCCARTESIANPOINT((-0.0001015658410779,-214.504753153873,226.510224081201));
#2474= IFCCARTESIANPOINT((-3.47896443599893E-05,-214.504753153966,243.492980138377));
#2475= IFCCARTESIANPOINT((-3.97550888919795E-06,-226.513375125383,255.50160210962));
#2476= IFCPOLYLOOP((#2468,#2469,#2470,#2471,#2472,#2473,#2474,#2475));
#2477= IFCFACEBOUND(#2476,.T.);
#2478= IFCCARTESIANPOINT((0.000614381888908611,226.508621980192,255.501602110362));
#2479= IFCCARTESIANPOINT((0.00055076022135836,214.500000008904,243.492980139079));
#2480= IFCCARTESIANPOINT((0.000483984024413076,214.500000008997,226.510224081907));
#2481= IFCCARTESIANPOINT((0.000453169888942284,226.508621980416,214.50160211066));
#2482= IFCCARTESIANPOINT((0.00047636831732234,243.491378037712,214.501602110686));
#2483= IFCCARTESIANPOINT((0.000539989985099965,255.500000008999,226.510224081972));
#2484= IFCCARTESIANPOINT((0.000606766181817875,255.500000008906,243.492980139148));
#2485= IFCCARTESIANPOINT((0.000637580317288666,243.491378037488,255.501602110391));
#2486= IFCPOLYLOOP((#2478,#2479,#2480,#2481,#2482,#2483,#2484,#2485));
#2487= IFCFACEBOUND(#2486,.T.);
#2488= IFCCARTESIANPOINT((-0.00123366441061989,226.508621982757,-214.499999996817));
#2489= IFCCARTESIANPOINT((-0.00129728607839752,214.500000011469,-226.508621968096));
#2490= IFCCARTESIANPOINT((-0.00136406227511543,214.500000011561,-243.491378025272));
#2491= IFCCARTESIANPOINT((-0.00139487641058622,226.508621982981,-255.499999996518));
#2492= IFCCARTESIANPOINT((-0.00137167798220617,243.491378040279,-255.499999996489));
#2493= IFCCARTESIANPOINT((-0.00130805631465591,255.500000011563,-243.491378025203));
#2494= IFCCARTESIANPOINT((-0.00124128011771063,255.500000011471,-226.508621968031));
#2495= IFCCARTESIANPOINT((-0.00121046598223984,243.491378040055,-214.499999996788));
#2496= IFCPOLYLOOP((#2488,#2489,#2490,#2491,#2492,#2493,#2494,#2495));
#2497= IFCFACEBOUND(#2496,.T.);
#2498= IFCFACE((#1219,#2457,#2467,#2477,#2487,#2497));
#2499= IFCCARTESIANPOINT((-4.00124128008338,255.500005475476,-226.508606240033));
#2500= IFCCARTESIANPOINT((-4.00130805628032,255.500005475569,-243.491362297209));
#2501= IFCPOLYLOOP((#2499,#2494,#2493,#2500));
#2502= IFCFACEOUTERBOUND(#2501,.T.);
#2503= IFCFACE((#2502));
#2504= IFCCARTESIANPOINT((-4.00121046594791,243.491383504059,-214.49998426879));
#2505= IFCPOLYLOOP((#2504,#2495,#2494,#2499));
#2506= IFCFACEOUTERBOUND(#2505,.T.);
#2507= IFCFACE((#2506));
#2508= IFCCARTESIANPOINT((-4.00123366437629,226.508627446763,-214.499984268819));
#2509= IFCPOLYLOOP((#2508,#2488,#2495,#2504));
#2510= IFCFACEOUTERBOUND(#2509,.T.);
#2511= IFCFACE((#2510));
#2512= IFCCARTESIANPOINT((-4.00129728604406,214.500005475475,-226.508606240099));
#2513= IFCPOLYLOOP((#2512,#2489,#2488,#2508));
#2514= IFCFACEOUTERBOUND(#2513,.T.);
#2515= IFCFACE((#2514));
#2516= IFCCARTESIANPOINT((-4.00136406224078,214.500005475567,-243.491362297271));
#2517= IFCPOLYLOOP((#2516,#2490,#2489,#2512));
#2518= IFCFACEOUTERBOUND(#2517,.T.);
#2519= IFCFACE((#2518));
#2520= IFCCARTESIANPOINT((-4.00139487637625,226.508627446987,-255.499984268521));
#2521= IFCPOLYLOOP((#2520,#2491,#2490,#2516));
#2522= IFCFACEOUTERBOUND(#2521,.T.);
#2523= IFCFACE((#2522));
#2524= IFCCARTESIANPOINT((-4.00137167794787,243.491383504283,-255.499984268492));
#2525= IFCPOLYLOOP((#2524,#2492,#2491,#2520));
#2526= IFCFACEOUTERBOUND(#2525,.T.);
#2527= IFCFACE((#2526));
#2528= IFCPOLYLOOP((#2500,#2493,#2492,#2524));
#2529= IFCFACEOUTERBOUND(#2528,.T.);
#2530= IFCFACE((#2529));
#2531= IFCPOLYLOOP((#2520,#2516,#2512,#2508,#2504,#2499,#2500,#2524));
#2532= IFCFACEOUTERBOUND(#2531,.T.);
#2533= IFCCARTESIANPOINT((-4.00138131116205,235.000005476681,-254.999984270009));
#2534= IFCCARTESIANPOINT((-4.00131833137266,252.320513552315,-244.999984270053));
#2535= IFCCARTESIANPOINT((-4.0012396913728,252.320513552206,-224.999984270202));
#2536= IFCCARTESIANPOINT((-4.00122403116211,235.000005476462,-214.9999842703));
#2537= IFCCARTESIANPOINT((-4.0012870109515,217.679497400826,-224.999984270256));
#2538= IFCCARTESIANPOINT((-4.00136565095158,217.679497400935,-244.999984270111));
#2539= IFCPOLYLOOP((#2533,#2534,#2535,#2536,#2537,#2538));
#2540= IFCFACEBOUND(#2539,.T.);
#2541= IFCFACE((#2532,#2540));
#2542= IFCCARTESIANPOINT((-18.0012240310416,235.000024600478,-214.9999292223));
#2543= IFCCARTESIANPOINT((-18.001287010831,217.679516524842,-224.999929222256));
#2544= IFCPOLYLOOP((#2542,#2543,#2537,#2536));
#2545= IFCFACEOUTERBOUND(#2544,.T.);
#2546= IFCFACE((#2545));
#2547= IFCCARTESIANPOINT((-18.0013656508311,217.679516524951,-244.999929222111));
#2548= IFCPOLYLOOP((#2543,#2547,#2538,#2537));
#2549= IFCFACEOUTERBOUND(#2548,.T.);
#2550= IFCFACE((#2549));
#2551= IFCCARTESIANPOINT((-18.0013813110415,235.000024600697,-254.999929222009));
#2552= IFCPOLYLOOP((#2547,#2551,#2533,#2538));
#2553= IFCFACEOUTERBOUND(#2552,.T.);
#2554= IFCFACE((#2553));
#2555= IFCCARTESIANPOINT((-18.0013183312522,252.320532676333,-244.999929222053));
#2556= IFCPOLYLOOP((#2551,#2555,#2534,#2533));
#2557= IFCFACEOUTERBOUND(#2556,.T.);
#2558= IFCFACE((#2557));
#2559= IFCCARTESIANPOINT((-18.0012396912523,252.320532676224,-224.999929222202));
#2560= IFCPOLYLOOP((#2555,#2559,#2535,#2534));
#2561= IFCFACEOUTERBOUND(#2560,.T.);
#2562= IFCFACE((#2561));
#2563= IFCPOLYLOOP((#2559,#2542,#2536,#2535));
#2564= IFCFACEOUTERBOUND(#2563,.T.);
#2565= IFCFACE((#2564));
#2566= IFCPOLYLOOP((#2542,#2559,#2555,#2551,#2547,#2543));
#2567= IFCFACEOUTERBOUND(#2566,.T.);
#2568= IFCFACE((#2567));
#2569= IFCCARTESIANPOINT((-3.99939323378385,255.500005472912,243.492995867142));
#2570= IFCCARTESIANPOINT((-3.99946000998057,255.500005473004,226.51023980997));
#2571= IFCPOLYLOOP((#2569,#2484,#2483,#2570));
#2572= IFCFACEOUTERBOUND(#2571,.T.);
#2573= IFCFACE((#2572));
#2574= IFCCARTESIANPOINT((-3.99936241964838,243.491383501494,255.501617838385));
#2575= IFCPOLYLOOP((#2574,#2485,#2484,#2569));
#2576= IFCFACEOUTERBOUND(#2575,.T.);
#2577= IFCFACE((#2576));
#2578= IFCCARTESIANPOINT((-3.99938561807676,226.508627444196,255.501617838359));
#2579= IFCPOLYLOOP((#2578,#2478,#2485,#2574));
#2580= IFCFACEOUTERBOUND(#2579,.T.);
#2581= IFCFACE((#2580));
#2582= IFCCARTESIANPOINT((-3.99944923974431,214.50000547291,243.49299586708));
#2583= IFCPOLYLOOP((#2582,#2479,#2478,#2578));
#2584= IFCFACEOUTERBOUND(#2583,.T.);
#2585= IFCFACE((#2584));
#2586= IFCCARTESIANPOINT((-3.99951601594125,214.500005473003,226.510239809904));
#2587= IFCPOLYLOOP((#2586,#2480,#2479,#2582));
#2588= IFCFACEOUTERBOUND(#2587,.T.);
#2589= IFCFACE((#2588));
#2590= IFCCARTESIANPOINT((-3.99954683007672,226.50862744442,214.501617838658));
#2591= IFCPOLYLOOP((#2590,#2481,#2480,#2586));
#2592= IFCFACEOUTERBOUND(#2591,.T.);
#2593= IFCFACE((#2592));
#2594= IFCCARTESIANPOINT((-3.99952363164834,243.491383501718,214.501617838683));
#2595= IFCPOLYLOOP((#2594,#2482,#2481,#2590));
#2596= IFCFACEOUTERBOUND(#2595,.T.);
#2597= IFCFACE((#2596));
#2598= IFCPOLYLOOP((#2570,#2483,#2482,#2594));
#2599= IFCFACEOUTERBOUND(#2598,.T.);
#2600= IFCFACE((#2599));
#2601= IFCPOLYLOOP((#2590,#2586,#2582,#2578,#2574,#2569,#2570,#2594));
#2602= IFCFACEOUTERBOUND(#2601,.T.);
#2603= IFCCARTESIANPOINT((-3.99953326486252,235.000005474114,215.001617837166));
#2604= IFCCARTESIANPOINT((-3.99947028507313,252.32051354975,225.001617837122));
#2605= IFCCARTESIANPOINT((-3.99939164507305,252.320513549641,245.001617836981));
#2606= IFCCARTESIANPOINT((-3.99937598486258,235.000005473896,255.001617836875));
#2607= IFCCARTESIANPOINT((-3.99943896465197,217.679497398261,245.001617836922));
#2608= IFCCARTESIANPOINT((-3.99951760465183,217.679497398371,225.001617837068));
#2609= IFCPOLYLOOP((#2603,#2604,#2605,#2606,#2607,#2608));
#2610= IFCFACEBOUND(#2609,.T.);
#2611= IFCFACE((#2602,#2610));
#2612= IFCCARTESIANPOINT((-17.9993759847421,235.000024597914,255.001672884875));
#2613= IFCCARTESIANPOINT((-17.9994389645315,217.679516522277,245.001672884922));
#2614= IFCPOLYLOOP((#2612,#2613,#2607,#2606));
#2615= IFCFACEOUTERBOUND(#2614,.T.);
#2616= IFCFACE((#2615));
#2617= IFCCARTESIANPOINT((-17.9995176045315,217.679516522387,225.001672885068));
#2618= IFCPOLYLOOP((#2613,#2617,#2608,#2607));
#2619= IFCFACEOUTERBOUND(#2618,.T.);
#2620= IFCFACE((#2619));
#2621= IFCCARTESIANPOINT((-17.999533264742,235.000024598132,215.001672885166));
#2622= IFCPOLYLOOP((#2617,#2621,#2603,#2608));
#2623= IFCFACEOUTERBOUND(#2622,.T.);
#2624= IFCFACE((#2623));
#2625= IFCCARTESIANPOINT((-17.9994702849526,252.320532673766,225.001672885122));
#2626= IFCPOLYLOOP((#2621,#2625,#2604,#2603));
#2627= IFCFACEOUTERBOUND(#2626,.T.);
#2628= IFCFACE((#2627));
#2629= IFCCARTESIANPOINT((-17.9993916449525,252.320532673657,245.001672884981));
#2630= IFCPOLYLOOP((#2625,#2629,#2605,#2604));
#2631= IFCFACEOUTERBOUND(#2630,.T.);
#2632= IFCFACE((#2631));
#2633= IFCPOLYLOOP((#2629,#2612,#2606,#2605));
#2634= IFCFACEOUTERBOUND(#2633,.T.);
#2635= IFCFACE((#2634));
#2636= IFCPOLYLOOP((#2612,#2629,#2625,#2621,#2617,#2613));
#2637= IFCFACEOUTERBOUND(#2636,.T.);
#2638= IFCFACE((#2637));
#2639= IFCCARTESIANPOINT((-4.00003478961003,-214.50474768996,243.492995866374));
#2640= IFCCARTESIANPOINT((-4.00010156580674,-214.504747689867,226.510239809199));
#2641= IFCPOLYLOOP((#2639,#2474,#2473,#2640));
#2642= IFCFACEOUTERBOUND(#2641,.T.);
#2643= IFCFACE((#2642));
#2644= IFCCARTESIANPOINT((-4.00000397547456,-226.513369661378,255.501617837617));
#2645= IFCPOLYLOOP((#2644,#2475,#2474,#2639));
#2646= IFCFACEOUTERBOUND(#2645,.T.);
#2647= IFCFACE((#2646));
#2648= IFCCARTESIANPOINT((-4.00002717390294,-243.496125718675,255.501617837588));
#2649= IFCPOLYLOOP((#2648,#2468,#2475,#2644));
#2650= IFCFACEOUTERBOUND(#2649,.T.);
#2651= IFCFACE((#2650));
#2652= IFCCARTESIANPOINT((-4.00009079557049,-255.504747689962,243.492995866309));
#2653= IFCPOLYLOOP((#2652,#2469,#2468,#2648));
#2654= IFCFACEOUTERBOUND(#2653,.T.);
#2655= IFCFACE((#2654));
#2656= IFCCARTESIANPOINT((-4.00015757176743,-255.504747689869,226.510239809137));
#2657= IFCPOLYLOOP((#2656,#2470,#2469,#2652));
#2658= IFCFACEOUTERBOUND(#2657,.T.);
#2659= IFCFACE((#2658));
#2660= IFCCARTESIANPOINT((-4.0001883859029,-243.496125718451,214.501617837886));
#2661= IFCPOLYLOOP((#2660,#2471,#2470,#2656));
#2662= IFCFACEOUTERBOUND(#2661,.T.);
#2663= IFCFACE((#2662));
#2664= IFCCARTESIANPOINT((-4.00016518747452,-226.513369661154,214.501617837912));
#2665= IFCPOLYLOOP((#2664,#2472,#2471,#2660));
#2666= IFCFACEOUTERBOUND(#2665,.T.);
#2667= IFCFACE((#2666));
#2668= IFCPOLYLOOP((#2640,#2473,#2472,#2664));
#2669= IFCFACEOUTERBOUND(#2668,.T.);
#2670= IFCFACE((#2669));
#2671= IFCPOLYLOOP((#2660,#2656,#2652,#2648,#2644,#2639,#2640,#2664));
#2672= IFCFACEOUTERBOUND(#2671,.T.);
#2673= IFCCARTESIANPOINT((-4.0001748206887,-235.004747688759,215.001617836399));
#2674= IFCCARTESIANPOINT((-4.00011184089931,-217.684239613123,225.001617836355));
#2675= IFCCARTESIANPOINT((-4.00003320089922,-217.684239613232,245.001617836209));
#2676= IFCCARTESIANPOINT((-4.00001754068876,-235.004747688978,255.001617836107));
#2677= IFCCARTESIANPOINT((-4.00008052047815,-252.325255764612,245.001617836155));
#2678= IFCCARTESIANPOINT((-4.00015916047801,-252.325255764503,225.001617836297));
#2679= IFCPOLYLOOP((#2673,#2674,#2675,#2676,#2677,#2678));
#2680= IFCFACEBOUND(#2679,.T.);
#2681= IFCFACE((#2672,#2680));
#2682= IFCCARTESIANPOINT((-18.0000175405683,-235.00472856496,255.001672884107));
#2683= IFCCARTESIANPOINT((-18.0000805203576,-252.325236640594,245.001672884155));
#2684= IFCPOLYLOOP((#2682,#2683,#2677,#2676));
#2685= IFCFACEOUTERBOUND(#2684,.T.);
#2686= IFCFACE((#2685));
#2687= IFCCARTESIANPOINT((-18.0001591603577,-252.325236640485,225.001672884297));
#2688= IFCPOLYLOOP((#2683,#2687,#2678,#2677));
#2689= IFCFACEOUTERBOUND(#2688,.T.);
#2690= IFCFACE((#2689));
#2691= IFCCARTESIANPOINT((-18.0001748205682,-235.004728564743,215.001672884398));
#2692= IFCPOLYLOOP((#2687,#2691,#2673,#2678));
#2693= IFCFACEOUTERBOUND(#2692,.T.);
#2694= IFCFACE((#2693));
#2695= IFCCARTESIANPOINT((-18.0001118407786,-217.684220489107,225.001672884355));
#2696= IFCPOLYLOOP((#2691,#2695,#2674,#2673));
#2697= IFCFACEOUTERBOUND(#2696,.T.);
#2698= IFCFACE((#2697));
#2699= IFCCARTESIANPOINT((-18.0000332007787,-217.684220489216,245.001672884209));
#2700= IFCPOLYLOOP((#2695,#2699,#2675,#2674));
#2701= IFCFACEOUTERBOUND(#2700,.T.);
#2702= IFCFACE((#2701));
#2703= IFCPOLYLOOP((#2699,#2682,#2676,#2675));
#2704= IFCFACEOUTERBOUND(#2703,.T.);
#2705= IFCFACE((#2704));
#2706= IFCPOLYLOOP((#2682,#2699,#2695,#2691,#2687,#2683));
#2707= IFCFACEOUTERBOUND(#2706,.T.);
#2708= IFCFACE((#2707));
#2709= IFCCARTESIANPOINT((-4.00188282942145,-214.499994524544,-226.508606240805));
#2710= IFCCARTESIANPOINT((-4.00194960561839,-214.499994524451,-243.491362297977));
#2711= IFCPOLYLOOP((#2709,#2464,#2463,#2710));
#2712= IFCFACEOUTERBOUND(#2711,.T.);
#2713= IFCFACE((#2712));
#2714= IFCCARTESIANPOINT((-4.00185201528598,-226.508616495961,-214.499984269562));
#2715= IFCPOLYLOOP((#2714,#2465,#2464,#2709));
#2716= IFCFACEOUTERBOUND(#2715,.T.);
#2717= IFCFACE((#2716));
#2718= IFCCARTESIANPOINT((-4.00187521371436,-243.491372553259,-214.499984269591));
#2719= IFCPOLYLOOP((#2718,#2458,#2465,#2714));
#2720= IFCFACEOUTERBOUND(#2719,.T.);
#2721= IFCFACE((#2720));
#2722= IFCCARTESIANPOINT((-4.00193883538213,-255.499994524545,-226.50860624087));
#2723= IFCPOLYLOOP((#2722,#2459,#2458,#2718));
#2724= IFCFACEOUTERBOUND(#2723,.T.);
#2725= IFCFACE((#2724));
#2726= IFCCARTESIANPOINT((-4.00200561157885,-255.499994524453,-243.491362298042));
#2727= IFCPOLYLOOP((#2726,#2460,#2459,#2722));
#2728= IFCFACEOUTERBOUND(#2727,.T.);
#2729= IFCFACE((#2728));
#2730= IFCCARTESIANPOINT((-4.00203642571432,-243.491372553035,-255.499984269292));
#2731= IFCPOLYLOOP((#2730,#2461,#2460,#2726));
#2732= IFCFACEOUTERBOUND(#2731,.T.);
#2733= IFCFACE((#2732));
#2734= IFCCARTESIANPOINT((-4.00201322728594,-226.508616495737,-255.499984269263));
#2735= IFCPOLYLOOP((#2734,#2462,#2461,#2730));
#2736= IFCFACEOUTERBOUND(#2735,.T.);
#2737= IFCFACE((#2736));
#2738= IFCPOLYLOOP((#2710,#2463,#2462,#2734));
#2739= IFCFACEOUTERBOUND(#2738,.T.);
#2740= IFCFACE((#2739));
#2741= IFCPOLYLOOP((#2730,#2726,#2722,#2718,#2714,#2709,#2710,#2734));
#2742= IFCFACEOUTERBOUND(#2741,.T.);
#2743= IFCCARTESIANPOINT((-4.00202286050012,-234.999994523343,-254.99998427078));
#2744= IFCCARTESIANPOINT((-4.00195988071073,-217.679486447707,-244.999984270824));
#2745= IFCCARTESIANPOINT((-4.00188124071087,-217.679486447816,-224.999984270969));
#2746= IFCCARTESIANPOINT((-4.00186558050018,-234.999994523561,-214.999984271071));
#2747= IFCCARTESIANPOINT((-4.0019285602898,-252.320502599194,-224.999984271028));
#2748= IFCCARTESIANPOINT((-4.00200720028965,-252.320502599085,-244.999984270882));
#2749= IFCPOLYLOOP((#2743,#2744,#2745,#2746,#2747,#2748));
#2750= IFCFACEBOUND(#2749,.T.);
#2751= IFCFACE((#2742,#2750));
#2752= IFCCARTESIANPOINT((-18.0018655803797,-234.999975399543,-214.999929223071));
#2753= IFCCARTESIANPOINT((-18.0019285601691,-252.320483475178,-224.999929223028));
#2754= IFCPOLYLOOP((#2752,#2753,#2747,#2746));
#2755= IFCFACEOUTERBOUND(#2754,.T.);
#2756= IFCFACE((#2755));
#2757= IFCCARTESIANPOINT((-18.0020072001691,-252.320483475069,-244.999929222882));
#2758= IFCPOLYLOOP((#2753,#2757,#2748,#2747));
#2759= IFCFACEOUTERBOUND(#2758,.T.);
#2760= IFCFACE((#2759));
#2761= IFCCARTESIANPOINT((-18.0020228603796,-234.999975399325,-254.99992922278));
#2762= IFCPOLYLOOP((#2757,#2761,#2743,#2748));
#2763= IFCFACEOUTERBOUND(#2762,.T.);
#2764= IFCFACE((#2763));
#2765= IFCCARTESIANPOINT((-18.0019598805902,-217.679467323691,-244.999929222824));
#2766= IFCPOLYLOOP((#2761,#2765,#2744,#2743));
#2767= IFCFACEOUTERBOUND(#2766,.T.);
#2768= IFCFACE((#2767));
#2769= IFCCARTESIANPOINT((-18.0018812405904,-217.6794673238,-224.99992922297));
#2770= IFCPOLYLOOP((#2765,#2769,#2745,#2744));
#2771= IFCFACEOUTERBOUND(#2770,.T.);
#2772= IFCFACE((#2771));
#2773= IFCPOLYLOOP((#2769,#2752,#2746,#2745));
#2774= IFCFACEOUTERBOUND(#2773,.T.);
#2775= IFCFACE((#2774));
#2776= IFCPOLYLOOP((#2752,#2769,#2765,#2761,#2757,#2753));
#2777= IFCFACEOUTERBOUND(#2776,.T.);
#2778= IFCFACE((#2777));
#2779= IFCPOLYLOOP((#2385,#2454,#2453,#2386));
#2780= IFCFACEOUTERBOUND(#2779,.T.);
#2781= IFCFACE((#2780));
#2782= IFCPOLYLOOP((#2384,#2455,#2454,#2385));
#2783= IFCFACEOUTERBOUND(#2782,.T.);
#2784= IFCFACE((#2783));
#2785= IFCPOLYLOOP((#2383,#2422,#2455,#2384));
#2786= IFCFACEOUTERBOUND(#2785,.T.);
#2787= IFCFACE((#2786));
#2788= IFCPOLYLOOP((#2382,#2423,#2422,#2383));
#2789= IFCFACEOUTERBOUND(#2788,.T.);
#2790= IFCFACE((#2789));
#2791= IFCPOLYLOOP((#2381,#2424,#2423,#2382));
#2792= IFCFACEOUTERBOUND(#2791,.T.);
#2793= IFCFACE((#2792));
#2794= IFCPOLYLOOP((#2380,#2425,#2424,#2381));
#2795= IFCFACEOUTERBOUND(#2794,.T.);
#2796= IFCFACE((#2795));
#2797= IFCPOLYLOOP((#2379,#2426,#2425,#2380));
#2798= IFCFACEOUTERBOUND(#2797,.T.);
#2799= IFCFACE((#2798));
#2800= IFCPOLYLOOP((#2378,#2427,#2426,#2379));
#2801= IFCFACEOUTERBOUND(#2800,.T.);
#2802= IFCFACE((#2801));
#2803= IFCPOLYLOOP((#2377,#2428,#2427,#2378));
#2804= IFCFACEOUTERBOUND(#2803,.T.);
#2805= IFCFACE((#2804));
#2806= IFCPOLYLOOP((#2376,#2429,#2428,#2377));
#2807= IFCFACEOUTERBOUND(#2806,.T.);
#2808= IFCFACE((#2807));
#2809= IFCPOLYLOOP((#2411,#2430,#2429,#2376));
#2810= IFCFACEOUTERBOUND(#2809,.T.);
#2811= IFCFACE((#2810));
#2812= IFCPOLYLOOP((#2410,#2418,#2430,#2411));
#2813= IFCFACEOUTERBOUND(#2812,.T.);
#2814= IFCFACE((#2813));
#2815= IFCPOLYLOOP((#2386,#2453,#2452,#2387));
#2816= IFCFACEOUTERBOUND(#2815,.T.);
#2817= IFCFACE((#2816));
#2818= IFCPOLYLOOP((#2387,#2452,#2451,#2388));
#2819= IFCFACEOUTERBOUND(#2818,.T.);
#2820= IFCFACE((#2819));
#2821= IFCPOLYLOOP((#2388,#2451,#2450,#2389));
#2822= IFCFACEOUTERBOUND(#2821,.T.);
#2823= IFCFACE((#2822));
#2824= IFCPOLYLOOP((#2389,#2450,#2449,#2390));
#2825= IFCFACEOUTERBOUND(#2824,.T.);
#2826= IFCFACE((#2825));
#2827= IFCPOLYLOOP((#2390,#2449,#2448,#2391));
#2828= IFCFACEOUTERBOUND(#2827,.T.);
#2829= IFCFACE((#2828));
#2830= IFCPOLYLOOP((#2391,#2448,#2447,#2392));
#2831= IFCFACEOUTERBOUND(#2830,.T.);
#2832= IFCFACE((#2831));
#2833= IFCPOLYLOOP((#2392,#2447,#2446,#2393));
#2834= IFCFACEOUTERBOUND(#2833,.T.);
#2835= IFCFACE((#2834));
#2836= IFCPOLYLOOP((#2393,#2446,#2445,#2394));
#2837= IFCFACEOUTERBOUND(#2836,.T.);
#2838= IFCFACE((#2837));
#2839= IFCPOLYLOOP((#2394,#2445,#2444,#2395));
#2840= IFCFACEOUTERBOUND(#2839,.T.);
#2841= IFCFACE((#2840));
#2842= IFCPOLYLOOP((#2395,#2444,#2443,#2396));
#2843= IFCFACEOUTERBOUND(#2842,.T.);
#2844= IFCFACE((#2843));
#2845= IFCPOLYLOOP((#2396,#2443,#2442,#2397));
#2846= IFCFACEOUTERBOUND(#2845,.T.);
#2847= IFCFACE((#2846));
#2848= IFCPOLYLOOP((#2397,#2442,#2441,#2398));
#2849= IFCFACEOUTERBOUND(#2848,.T.);
#2850= IFCFACE((#2849));
#2851= IFCPOLYLOOP((#2398,#2441,#2440,#2399));
#2852= IFCFACEOUTERBOUND(#2851,.T.);
#2853= IFCFACE((#2852));
#2854= IFCPOLYLOOP((#2399,#2440,#2439,#2400));
#2855= IFCFACEOUTERBOUND(#2854,.T.);
#2856= IFCFACE((#2855));
#2857= IFCPOLYLOOP((#2400,#2439,#2438,#2401));
#2858= IFCFACEOUTERBOUND(#2857,.T.);
#2859= IFCFACE((#2858));
#2860= IFCPOLYLOOP((#2401,#2438,#2437,#2402));
#2861= IFCFACEOUTERBOUND(#2860,.T.);
#2862= IFCFACE((#2861));
#2863= IFCPOLYLOOP((#2402,#2437,#2436,#2403));
#2864= IFCFACEOUTERBOUND(#2863,.T.);
#2865= IFCFACE((#2864));
#2866= IFCPOLYLOOP((#2403,#2436,#2435,#2404));
#2867= IFCFACEOUTERBOUND(#2866,.T.);
#2868= IFCFACE((#2867));
#2869= IFCPOLYLOOP((#2404,#2435,#2434,#2405));
#2870= IFCFACEOUTERBOUND(#2869,.T.);
#2871= IFCFACE((#2870));
#2872= IFCPOLYLOOP((#2405,#2434,#2433,#2406));
#2873= IFCFACEOUTERBOUND(#2872,.T.);
#2874= IFCFACE((#2873));
#2875= IFCPOLYLOOP((#2406,#2433,#2432,#2407));
#2876= IFCFACEOUTERBOUND(#2875,.T.);
#2877= IFCFACE((#2876));
#2878= IFCPOLYLOOP((#2407,#2432,#2431,#2408));
#2879= IFCFACEOUTERBOUND(#2878,.T.);
#2880= IFCFACE((#2879));
#2881= IFCPOLYLOOP((#2408,#2431,#2417,#2409));
#2882= IFCFACEOUTERBOUND(#2881,.T.);
#2883= IFCFACE((#2882));
#2884= IFCCARTESIANPOINT((17.0000000003345,295.,295.000000000618));
#2885= IFCCARTESIANPOINT((17.000000000216,295.,-294.999999999651));
#2886= IFCPOLYLOOP((#1211,#2884,#2885,#1207));
#2887= IFCFACEOUTERBOUND(#2886,.T.);
#2888= IFCFACE((#2887));
#2889= IFCCARTESIANPOINT((17.000000000311,-295.000000000027,-295.000000000618));
#2890= IFCCARTESIANPOINT((17.0000000004291,-295.000000000027,294.999999999647));
#2891= IFCPOLYLOOP((#2889,#2885,#2884,#2890));
#2892= IFCFACEOUTERBOUND(#2891,.T.);
#2893= IFCCARTESIANPOINT((16.9999954442262,-235.004758762067,260.001555235576));
#2894= IFCCARTESIANPOINT((16.9999992996177,-225.437672952925,258.098543548393));
#2895= IFCCARTESIANPOINT((16.9999886189846,-217.327089232358,252.679224765325));
#2896= IFCCARTESIANPOINT((16.9999650283569,-211.907770449196,244.568641044858));
#2897= IFCCARTESIANPOINT((16.9999321191933,-210.00475876193,235.001555235795));
#2898= IFCCARTESIANPOINT((16.999894901616,-211.907770449099,225.43446942672));
#2899= IFCCARTESIANPOINT((16.9998590416637,-217.32708923218,217.323885706217));
#2900= IFCCARTESIANPOINT((16.9998299986889,-225.43767295269,211.904566923113));
#2901= IFCCARTESIANPOINT((16.9998121942215,-235.00475876181,210.001555235885));
#2902= IFCCARTESIANPOINT((16.99980833883,-244.571844570954,211.904566923069));
#2903= IFCCARTESIANPOINT((16.9998190194631,-252.682428291519,217.32388570613));
#2904= IFCCARTESIANPOINT((16.9998426100908,-258.101747074681,225.4344694266));
#2905= IFCCARTESIANPOINT((16.9998755192544,-260.004758761948,235.001555235664));
#2906= IFCCARTESIANPOINT((16.9999127368317,-258.101747074777,244.568641044742));
#2907= IFCCARTESIANPOINT((16.9999485967842,-252.682428291699,252.679224765234));
#2908= IFCCARTESIANPOINT((16.9999776397588,-244.571844571186,258.098543548345));
#2909= IFCPOLYLOOP((#2893,#2894,#2895,#2896,#2897,#2898,#2899,#2900,#2901,#2902,#2903,#2904,#2905,#2906,#2907,#2908));
#2910= IFCFACEBOUND(#2909,.T.);
#2911= IFCCARTESIANPOINT((16.9981474044146,-235.000005596648,-210.000046871606));
#2912= IFCCARTESIANPOINT((16.9981512598063,-225.432919787509,-211.903058558786));
#2913= IFCCARTESIANPOINT((16.9981405791732,-217.322336066942,-217.32237734185));
#2914= IFCCARTESIANPOINT((16.9981169885455,-211.903017283779,-225.432961062324));
#2915= IFCCARTESIANPOINT((16.9980840793819,-210.000005596514,-235.000046871384));
#2916= IFCCARTESIANPOINT((16.9980468618046,-211.903017283683,-244.567132680459));
#2917= IFCCARTESIANPOINT((16.9980110018521,-217.322336066763,-252.677716400958));
#2918= IFCCARTESIANPOINT((16.9979819588775,-225.432919787274,-258.097035184062));
#2919= IFCCARTESIANPOINT((16.9979641544098,-235.000005596394,-260.00004687129));
#2920= IFCCARTESIANPOINT((16.9979602990186,-244.567091405535,-258.09703518411));
#2921= IFCCARTESIANPOINT((16.9979709796517,-252.677675126102,-252.677716401049));
#2922= IFCCARTESIANPOINT((16.9979945702794,-258.096993909263,-244.567132680575));
#2923= IFCCARTESIANPOINT((16.998027479443,-260.000005596532,-235.000046871512));
#2924= IFCCARTESIANPOINT((16.9980646970203,-258.096993909359,-225.432961062441));
#2925= IFCCARTESIANPOINT((16.9981005569725,-252.677675126282,-217.322377341941));
#2926= IFCCARTESIANPOINT((16.9981295999471,-244.56709140577,-211.903058558837));
#2927= IFCPOLYLOOP((#2911,#2912,#2913,#2914,#2915,#2916,#2917,#2918,#2919,#2920,#2921,#2922,#2923,#2924,#2925,#2926));
#2928= IFCFACEBOUND(#2927,.T.);
#2929= IFCCARTESIANPOINT((16.9987889537526,234.999994403373,-210.000046870835));
#2930= IFCCARTESIANPOINT((16.9987928091443,244.567080212513,-211.903058558019));
#2931= IFCCARTESIANPOINT((16.9987821285113,252.677663933078,-217.322377341083));
#2932= IFCCARTESIANPOINT((16.9987585378835,258.096982716243,-225.432961061553));
#2933= IFCCARTESIANPOINT((16.99872562872,259.999994403508,-235.000046870613));
#2934= IFCCARTESIANPOINT((16.9986884111427,258.096982716339,-244.567132679687));
#2935= IFCCARTESIANPOINT((16.9986525511902,252.677663933258,-252.677716400187));
#2936= IFCCARTESIANPOINT((16.9986235082156,244.567080212748,-258.097035183295));
#2937= IFCCARTESIANPOINT((16.9986057037479,234.999994403628,-260.000046870522));
#2938= IFCCARTESIANPOINT((16.9986018483567,225.432908594485,-258.097035183338));
#2939= IFCCARTESIANPOINT((16.9986125289897,217.32232487392,-252.677716400278));
#2940= IFCCARTESIANPOINT((16.9986361196175,211.903006090757,-244.567132679807));
#2941= IFCCARTESIANPOINT((16.998669028781,209.99999440349,-235.000046870744));
#2942= IFCCARTESIANPOINT((16.9987062463583,211.903006090661,-225.43296106167));
#2943= IFCCARTESIANPOINT((16.9987421063106,217.322324873739,-217.32237734117));
#2944= IFCCARTESIANPOINT((16.9987711492852,225.432908594252,-211.903058558066));
#2945= IFCPOLYLOOP((#2929,#2930,#2931,#2932,#2933,#2934,#2935,#2936,#2937,#2938,#2939,#2940,#2941,#2942,#2943,#2944));
#2946= IFCFACEBOUND(#2945,.T.);
#2947= IFCCARTESIANPOINT((17.0006370000524,234.999994400809,260.001555236344));
#2948= IFCCARTESIANPOINT((17.0006408554439,244.567080209948,258.098543549164));
#2949= IFCCARTESIANPOINT((17.0006301748108,252.677663930514,252.679224766096));
#2950= IFCCARTESIANPOINT((17.0006065841831,258.096982713678,244.568641045626));
#2951= IFCCARTESIANPOINT((17.0005736750195,259.999994400943,235.001555236562));
#2952= IFCCARTESIANPOINT((17.0005364574422,258.096982713774,225.434469427491));
#2953= IFCCARTESIANPOINT((17.0005005974897,252.677663930692,217.323885706988));
#2954= IFCCARTESIANPOINT((17.0004715545151,244.567080210183,211.904566923884));
#2955= IFCCARTESIANPOINT((17.0004537500477,234.999994401063,210.001555236657));
#2956= IFCCARTESIANPOINT((17.0004498946562,225.43290859192,211.904566923837));
#2957= IFCCARTESIANPOINT((17.000460575289,217.322324871355,217.323885706897));
#2958= IFCCARTESIANPOINT((17.000484165917,211.903006088192,225.434469427371));
#2959= IFCCARTESIANPOINT((17.0005170750806,209.999994400923,235.001555236435));
#2960= IFCCARTESIANPOINT((17.0005542926579,211.903006088096,244.568641045513));
#2961= IFCCARTESIANPOINT((17.0005901526101,217.322324871175,252.679224766005));
#2962= IFCCARTESIANPOINT((17.0006191955849,225.432908591685,258.098543549113));
#2963= IFCPOLYLOOP((#2947,#2948,#2949,#2950,#2951,#2952,#2953,#2954,#2955,#2956,#2957,#2958,#2959,#2960,#2961,#2962));
#2964= IFCFACEBOUND(#2963,.T.);
#2965= IFCFACE((#2892,#2910,#2928,#2946,#2964));
#2966= IFCCARTESIANPOINT((167.000590151535,217.32215507129,252.678675016024));
#2967= IFCCARTESIANPOINT((167.000554291583,211.902836288209,244.568091295529));
#2968= IFCPOLYLOOP((#2966,#2961,#2960,#2967));
#2969= IFCFACEOUTERBOUND(#2968,.T.);
#2970= IFCFACE((#2969));
#2971= IFCCARTESIANPOINT((167.00061919451,225.4327387918,258.097993799136));
#2972= IFCPOLYLOOP((#2971,#2962,#2961,#2966));
#2973= IFCFACEOUTERBOUND(#2972,.T.);
#2974= IFCFACE((#2973));
#2975= IFCCARTESIANPOINT((167.000636998978,234.999824600922,260.001005486367));
#2976= IFCPOLYLOOP((#2975,#2947,#2962,#2971));
#2977= IFCFACEOUTERBOUND(#2976,.T.);
#2978= IFCFACE((#2977));
#2979= IFCCARTESIANPOINT((167.000640854369,244.566910410062,258.097993799183));
#2980= IFCPOLYLOOP((#2979,#2948,#2947,#2975));
#2981= IFCFACEOUTERBOUND(#2980,.T.);
#2982= IFCFACE((#2981));
#2983= IFCCARTESIANPOINT((167.000630173736,252.677494130628,252.678675016115));
#2984= IFCPOLYLOOP((#2983,#2949,#2948,#2979));
#2985= IFCFACEOUTERBOUND(#2984,.T.);
#2986= IFCFACE((#2985));
#2987= IFCCARTESIANPOINT((167.000606583108,258.096812913791,244.568091295649));
#2988= IFCPOLYLOOP((#2987,#2950,#2949,#2983));
#2989= IFCFACEOUTERBOUND(#2988,.T.);
#2990= IFCFACE((#2989));
#2991= IFCCARTESIANPOINT((167.000573673945,259.999824601058,235.001005486585));
#2992= IFCPOLYLOOP((#2991,#2951,#2950,#2987));
#2993= IFCFACEOUTERBOUND(#2992,.T.);
#2994= IFCFACE((#2993));
#2995= IFCCARTESIANPOINT((167.000536456368,258.096812913887,225.433919677511));
#2996= IFCPOLYLOOP((#2995,#2952,#2951,#2991));
#2997= IFCFACEOUTERBOUND(#2996,.T.);
#2998= IFCFACE((#2997));
#2999= IFCCARTESIANPOINT((167.000500596415,252.677494130807,217.323335957011));
#3000= IFCPOLYLOOP((#2999,#2953,#2952,#2995));
#3001= IFCFACEOUTERBOUND(#3000,.T.);
#3002= IFCFACE((#3001));
#3003= IFCCARTESIANPOINT((167.00047155344,244.566910410298,211.904017173903));
#3004= IFCPOLYLOOP((#3003,#2954,#2953,#2999));
#3005= IFCFACEOUTERBOUND(#3004,.T.);
#3006= IFCFACE((#3005));
#3007= IFCCARTESIANPOINT((167.000453748973,234.999824601178,210.001005486673));
#3008= IFCPOLYLOOP((#3007,#2955,#2954,#3003));
#3009= IFCFACEOUTERBOUND(#3008,.T.);
#3010= IFCFACE((#3009));
#3011= IFCCARTESIANPOINT((167.000449893582,225.432738792035,211.904017173856));
#3012= IFCPOLYLOOP((#3011,#2956,#2955,#3007));
#3013= IFCFACEOUTERBOUND(#3012,.T.);
#3014= IFCFACE((#3013));
#3015= IFCCARTESIANPOINT((167.000460574214,217.322155071468,217.32333595692));
#3016= IFCPOLYLOOP((#3015,#2957,#2956,#3011));
#3017= IFCFACEOUTERBOUND(#3016,.T.);
#3018= IFCFACE((#3017));
#3019= IFCCARTESIANPOINT((167.000484164842,211.902836288305,225.433919677391));
#3020= IFCPOLYLOOP((#3019,#2958,#2957,#3015));
#3021= IFCFACEOUTERBOUND(#3020,.T.);
#3022= IFCFACE((#3021));
#3023= IFCCARTESIANPOINT((167.000517074006,209.99982460104,235.001005486454));
#3024= IFCPOLYLOOP((#3023,#2959,#2958,#3019));
#3025= IFCFACEOUTERBOUND(#3024,.T.);
#3026= IFCFACE((#3025));
#3027= IFCPOLYLOOP((#2967,#2960,#2959,#3023));
#3028= IFCFACEOUTERBOUND(#3027,.T.);
#3029= IFCFACE((#3028));
#3030= IFCPOLYLOOP((#2966,#2967,#3023,#3019,#3015,#3011,#3007,#3003,#2999,#2995,#2991,#2987,#2983,#2979,#2975,#2971));
#3031= IFCFACEOUTERBOUND(#3030,.T.);
#3032= IFCFACE((#3031));
#3033= IFCCARTESIANPOINT((166.998742105236,217.322155073854,-217.322927091151));
#3034= IFCCARTESIANPOINT((166.998706245283,211.902836290776,-225.433510811654));
#3035= IFCPOLYLOOP((#3033,#2943,#2942,#3034));
#3036= IFCFACEOUTERBOUND(#3035,.T.);
#3037= IFCFACE((#3036));
#3038= IFCCARTESIANPOINT((166.998771148211,225.432738794365,-211.903608308046));
#3039= IFCPOLYLOOP((#3038,#2944,#2943,#3033));
#3040= IFCFACEOUTERBOUND(#3039,.T.);
#3041= IFCFACE((#3040));
#3042= IFCCARTESIANPOINT((166.998788952678,234.999824603487,-210.000596620815));
#3043= IFCPOLYLOOP((#3042,#2929,#2944,#3038));
#3044= IFCFACEOUTERBOUND(#3043,.T.);
#3045= IFCFACE((#3044));
#3046= IFCCARTESIANPOINT((166.998792808069,244.566910412628,-211.903608307995));
#3047= IFCPOLYLOOP((#3046,#2930,#2929,#3042));
#3048= IFCFACEOUTERBOUND(#3047,.T.);
#3049= IFCFACE((#3048));
#3050= IFCCARTESIANPOINT((166.998782127436,252.677494133195,-217.32292709106));
#3051= IFCPOLYLOOP((#3050,#2931,#2930,#3046));
#3052= IFCFACEOUTERBOUND(#3051,.T.);
#3053= IFCFACE((#3052));
#3054= IFCCARTESIANPOINT((166.998758536809,258.096812916358,-225.433510811534));
#3055= IFCPOLYLOOP((#3054,#2932,#2931,#3050));
#3056= IFCFACEOUTERBOUND(#3055,.T.);
#3057= IFCFACE((#3056));
#3058= IFCCARTESIANPOINT((166.998725627645,259.999824603623,-235.000596620594));
#3059= IFCPOLYLOOP((#3058,#2933,#2932,#3054));
#3060= IFCFACEOUTERBOUND(#3059,.T.);
#3061= IFCFACE((#3060));
#3062= IFCCARTESIANPOINT((166.998688410068,258.096812916454,-244.567682429664));
#3063= IFCPOLYLOOP((#3062,#2934,#2933,#3058));
#3064= IFCFACEOUTERBOUND(#3063,.T.);
#3065= IFCFACE((#3064));
#3066= IFCCARTESIANPOINT((166.998652550116,252.677494133372,-252.678266150167));
#3067= IFCPOLYLOOP((#3066,#2935,#2934,#3062));
#3068= IFCFACEOUTERBOUND(#3067,.T.);
#3069= IFCFACE((#3068));
#3070= IFCCARTESIANPOINT((166.998623507141,244.566910412863,-258.097584933272));
#3071= IFCPOLYLOOP((#3070,#2936,#2935,#3066));
#3072= IFCFACEOUTERBOUND(#3071,.T.);
#3073= IFCFACE((#3072));
#3074= IFCCARTESIANPOINT((166.998605702673,234.999824603743,-260.000596620503));
#3075= IFCPOLYLOOP((#3074,#2937,#2936,#3070));
#3076= IFCFACEOUTERBOUND(#3075,.T.);
#3077= IFCFACE((#3076));
#3078= IFCCARTESIANPOINT((166.998601847282,225.4327387946,-258.097584933323));
#3079= IFCPOLYLOOP((#3078,#2938,#2937,#3074));
#3080= IFCFACEOUTERBOUND(#3079,.T.);
#3081= IFCFACE((#3080));
#3082= IFCCARTESIANPOINT((166.998612527915,217.322155074035,-252.678266150258));
#3083= IFCPOLYLOOP((#3082,#2939,#2938,#3078));
#3084= IFCFACEOUTERBOUND(#3083,.T.);
#3085= IFCFACE((#3084));
#3086= IFCCARTESIANPOINT((166.998636118543,211.90283629087,-244.567682429784));
#3087= IFCPOLYLOOP((#3086,#2940,#2939,#3082));
#3088= IFCFACEOUTERBOUND(#3087,.T.);
#3089= IFCFACE((#3088));
#3090= IFCCARTESIANPOINT((166.998669027706,209.999824603605,-235.000596620721));
#3091= IFCPOLYLOOP((#3090,#2941,#2940,#3086));
#3092= IFCFACEOUTERBOUND(#3091,.T.);
#3093= IFCFACE((#3092));
#3094= IFCPOLYLOOP((#3034,#2942,#2941,#3090));
#3095= IFCFACEOUTERBOUND(#3094,.T.);
#3096= IFCFACE((#3095));
#3097= IFCPOLYLOOP((#3033,#3034,#3090,#3086,#3082,#3078,#3074,#3070,#3066,#3062,#3058,#3054,#3050,#3046,#3042,#3038));
#3098= IFCFACEOUTERBOUND(#3097,.T.);
#3099= IFCFACE((#3098));
#3100= IFCCARTESIANPOINT((166.998100555898,-252.677844926167,-217.322927091922));
#3101= IFCCARTESIANPOINT((166.998064695945,-258.097163709246,-225.433510812425));
#3102= IFCPOLYLOOP((#3100,#2925,#2924,#3101));
#3103= IFCFACEOUTERBOUND(#3102,.T.);
#3104= IFCFACE((#3103));
#3105= IFCCARTESIANPOINT((166.998129598873,-244.567261205655,-211.903608308818));
#3106= IFCPOLYLOOP((#3105,#2926,#2925,#3100));
#3107= IFCFACEOUTERBOUND(#3106,.T.);
#3108= IFCFACE((#3107));
#3109= IFCCARTESIANPOINT((166.99814740334,-235.000175396535,-210.000596621587));
#3110= IFCPOLYLOOP((#3109,#2911,#2926,#3105));
#3111= IFCFACEOUTERBOUND(#3110,.T.);
#3112= IFCFACE((#3111));
#3113= IFCCARTESIANPOINT((166.998151258731,-225.433089587395,-211.903608308767));
#3114= IFCPOLYLOOP((#3113,#2912,#2911,#3109));
#3115= IFCFACEOUTERBOUND(#3114,.T.);
#3116= IFCFACE((#3115));
#3117= IFCCARTESIANPOINT((166.998140578098,-217.322505866827,-217.322927091831));
#3118= IFCPOLYLOOP((#3117,#2913,#2912,#3113));
#3119= IFCFACEOUTERBOUND(#3118,.T.);
#3120= IFCFACE((#3119));
#3121= IFCCARTESIANPOINT((166.998116987471,-211.903187083666,-225.433510812305));
#3122= IFCPOLYLOOP((#3121,#2914,#2913,#3117));
#3123= IFCFACEOUTERBOUND(#3122,.T.);
#3124= IFCFACE((#3123));
#3125= IFCCARTESIANPOINT((166.998084078307,-210.000175396399,-235.000596621365));
#3126= IFCPOLYLOOP((#3125,#2915,#2914,#3121));
#3127= IFCFACEOUTERBOUND(#3126,.T.);
#3128= IFCFACE((#3127));
#3129= IFCCARTESIANPOINT((166.99804686073,-211.90318708357,-244.567682430436));
#3130= IFCPOLYLOOP((#3129,#2916,#2915,#3125));
#3131= IFCFACEOUTERBOUND(#3130,.T.);
#3132= IFCFACE((#3131));
#3133= IFCCARTESIANPOINT((166.998011000778,-217.322505866648,-252.678266150939));
#3134= IFCPOLYLOOP((#3133,#2917,#2916,#3129));
#3135= IFCFACEOUTERBOUND(#3134,.T.);
#3136= IFCFACE((#3135));
#3137= IFCCARTESIANPOINT((166.997981957803,-225.433089587159,-258.097584934043));
#3138= IFCPOLYLOOP((#3137,#2918,#2917,#3133));
#3139= IFCFACEOUTERBOUND(#3138,.T.);
#3140= IFCFACE((#3139));
#3141= IFCCARTESIANPOINT((166.997964153335,-235.000175396279,-260.000596621274));
#3142= IFCPOLYLOOP((#3141,#2919,#2918,#3137));
#3143= IFCFACEOUTERBOUND(#3142,.T.);
#3144= IFCFACE((#3143));
#3145= IFCCARTESIANPOINT((166.997960297944,-244.56726120542,-258.097584934094));
#3146= IFCPOLYLOOP((#3145,#2920,#2919,#3141));
#3147= IFCFACEOUTERBOUND(#3146,.T.);
#3148= IFCFACE((#3147));
#3149= IFCCARTESIANPOINT((166.997970978577,-252.677844925989,-252.67826615103));
#3150= IFCPOLYLOOP((#3149,#2921,#2920,#3145));
#3151= IFCFACEOUTERBOUND(#3150,.T.);
#3152= IFCFACE((#3151));
#3153= IFCCARTESIANPOINT((166.997994569205,-258.09716370915,-244.567682430556));
#3154= IFCPOLYLOOP((#3153,#2922,#2921,#3149));
#3155= IFCFACEOUTERBOUND(#3154,.T.);
#3156= IFCFACE((#3155));
#3157= IFCCARTESIANPOINT((166.998027478368,-260.000175396415,-235.000596621492));
#3158= IFCPOLYLOOP((#3157,#2923,#2922,#3153));
#3159= IFCFACEOUTERBOUND(#3158,.T.);
#3160= IFCFACE((#3159));
#3161= IFCPOLYLOOP((#3101,#2924,#2923,#3157));
#3162= IFCFACEOUTERBOUND(#3161,.T.);
#3163= IFCFACE((#3162));
#3164= IFCPOLYLOOP((#3100,#3101,#3157,#3153,#3149,#3145,#3141,#3137,#3133,#3129,#3125,#3121,#3117,#3113,#3109,#3105));
#3165= IFCFACEOUTERBOUND(#3164,.T.);
#3166= IFCFACE((#3165));
#3167= IFCCARTESIANPOINT((166.999948595709,-252.682598091586,252.678675015257));
#3168= IFCCARTESIANPOINT((166.999912735757,-258.101916874662,244.568091294757));
#3169= IFCPOLYLOOP((#3167,#2907,#2906,#3168));
#3170= IFCFACEOUTERBOUND(#3169,.T.);
#3171= IFCFACE((#3170));
#3172= IFCCARTESIANPOINT((166.999977638684,-244.572014371071,258.097993798365));
#3173= IFCPOLYLOOP((#3172,#2908,#2907,#3167));
#3174= IFCFACEOUTERBOUND(#3173,.T.);
#3175= IFCFACE((#3174));
#3176= IFCCARTESIANPOINT((166.999995443151,-235.004928561952,260.001005485596));
#3177= IFCPOLYLOOP((#3176,#2893,#2908,#3172));
#3178= IFCFACEOUTERBOUND(#3177,.T.);
#3179= IFCFACE((#3178));
#3180= IFCCARTESIANPOINT((166.999999298543,-225.437842752812,258.097993798412));
#3181= IFCPOLYLOOP((#3180,#2894,#2893,#3176));
#3182= IFCFACEOUTERBOUND(#3181,.T.);
#3183= IFCFACE((#3182));
#3184= IFCCARTESIANPOINT((166.99998861791,-217.327259032243,252.678675015348));
#3185= IFCPOLYLOOP((#3184,#2895,#2894,#3180));
#3186= IFCFACEOUTERBOUND(#3185,.T.);
#3187= IFCFACE((#3186));
#3188= IFCCARTESIANPOINT((166.999965027282,-211.907940249082,244.568091294877));
#3189= IFCPOLYLOOP((#3188,#2896,#2895,#3184));
#3190= IFCFACEOUTERBOUND(#3189,.T.);
#3191= IFCFACE((#3190));
#3192= IFCCARTESIANPOINT((166.999932118119,-210.004928561815,235.001005485814));
#3193= IFCPOLYLOOP((#3192,#2897,#2896,#3188));
#3194= IFCFACEOUTERBOUND(#3193,.T.);
#3195= IFCFACE((#3194));
#3196= IFCCARTESIANPOINT((166.999894900541,-211.907940248986,225.43391967674));
#3197= IFCPOLYLOOP((#3196,#2898,#2897,#3192));
#3198= IFCFACEOUTERBOUND(#3197,.T.);
#3199= IFCFACE((#3198));
#3200= IFCCARTESIANPOINT((166.999859040589,-217.327259032065,217.32333595624));
#3201= IFCPOLYLOOP((#3200,#2899,#2898,#3196));
#3202= IFCFACEOUTERBOUND(#3201,.T.);
#3203= IFCFACE((#3202));
#3204= IFCCARTESIANPOINT((166.999829997614,-225.437842752575,211.904017173136));
#3205= IFCPOLYLOOP((#3204,#2900,#2899,#3200));
#3206= IFCFACEOUTERBOUND(#3205,.T.);
#3207= IFCFACE((#3206));
#3208= IFCCARTESIANPOINT((166.999812193147,-235.004928561697,210.001005485905));
#3209= IFCPOLYLOOP((#3208,#2901,#2900,#3204));
#3210= IFCFACEOUTERBOUND(#3209,.T.);
#3211= IFCFACE((#3210));
#3212= IFCCARTESIANPOINT((166.999808337755,-244.572014370837,211.904017173085));
#3213= IFCPOLYLOOP((#3212,#2902,#2901,#3208));
#3214= IFCFACEOUTERBOUND(#3213,.T.);
#3215= IFCFACE((#3214));
#3216= IFCCARTESIANPOINT((166.999819018388,-252.682598091405,217.323335956149));
#3217= IFCPOLYLOOP((#3216,#2903,#2902,#3212));
#3218= IFCFACEOUTERBOUND(#3217,.T.);
#3219= IFCFACE((#3218));
#3220= IFCCARTESIANPOINT((166.999842609016,-258.101916874566,225.433919676623));
#3221= IFCPOLYLOOP((#3220,#2904,#2903,#3216));
#3222= IFCFACEOUTERBOUND(#3221,.T.);
#3223= IFCFACE((#3222));
#3224= IFCCARTESIANPOINT((166.999875518179,-260.004928561832,235.001005485683));
#3225= IFCPOLYLOOP((#3224,#2905,#2904,#3220));
#3226= IFCFACEOUTERBOUND(#3225,.T.);
#3227= IFCFACE((#3226));
#3228= IFCPOLYLOOP((#3168,#2906,#2905,#3224));
#3229= IFCFACEOUTERBOUND(#3228,.T.);
#3230= IFCFACE((#3229));
#3231= IFCPOLYLOOP((#3167,#3168,#3224,#3220,#3216,#3212,#3208,#3204,#3200,#3196,#3192,#3188,#3184,#3180,#3176,#3172));
#3232= IFCFACEOUTERBOUND(#3231,.T.);
#3233= IFCFACE((#3232));
#3234= IFCPOLYLOOP((#1207,#2885,#2889,#1202));
#3235= IFCFACEOUTERBOUND(#3234,.T.);
#3236= IFCFACE((#3235));
#3237= IFCPOLYLOOP((#1202,#2889,#2890,#1203));
#3238= IFCFACEOUTERBOUND(#3237,.T.);
#3239= IFCFACE((#3238));
#3240= IFCPOLYLOOP((#1203,#2890,#2884,#1211));
#3241= IFCFACEOUTERBOUND(#3240,.T.);
#3242= IFCFACE((#3241));
#3243= IFCCLOSEDSHELL((#1537,#1542,#1547,#1552,#1557,#1562,#1567,#1572,#1577,#1582,#1587,#1592,#1597,#1602,#1607,#1612,#1617,#1622,#1627,#1632,#1637,#1642,#1647,#1652,#1657,#1662,#1667,#1672,#1677,#1682,#1687,#1690,#1739,#1750,#1755,#1759,#1763,#1767,#1771,#1774,#1777,#1788,#1793,#1797,#1801,#1805,#1809,#1812,#1815,#1826,#1831,#1835,#1839,#1843,#1847,#1850,#1853,#1864,#1869,#1873,#1877,#1881,#1885,#1888,#1891,#1896,#1900,#1904,#1907,#2008,#2013,#2017,#2021,#2025,#2029,#2033,#2037,#2041,#2045,#2049,#2053,#2057,#2061,#2065,#2069,#2072,#2075,#2080,#2084,#2088,#2092,#2096,#2100,#2104,#2108,#2112,#2116,#2120,#2124,#2128,#2132,#2136,#2139,#2142,#2147,#2151,#2155,#2159,#2163,#2167,#2171,#2175,#2179,#2183,#2187,#2191,#2195,#2199,#2203,#2206,#2209,#2214,#2218,#2222,#2226,#2230,#2234,#2238,#2242,#2246,#2250,#2254,#2258,#2262,#2266,#2270,#2273,#2276,#2281,#2285,#2289,#2293,#2297,#2301,#2305,#2309,#2313,#2317,#2321,#2325,#2329,#2333,#2337,#2341,#2345,#2349,#2353,#2357,#2361,#2365,#2369,#2372,#2375,#2416,#2421,#2498,#2503,#2507,#2511,#2515,#2519,#2523,#2527,#2530,#2541,#2546,#2550,#2554,#2558,#2562,#2565,#2568,#2573,#2577,#2581,#2585,#2589,#2593,#2597,#2600,#2611,#2616,#2620,#2624,#2628,#2632,#2635,#2638,#2643,#2647,#2651,#2655,#2659,#2663,#2667,#2670,#2681,#2686,#2690,#2694,#2698,#2702,#2705,#2708,#2713,#2717,#2721,#2725,#2729,#2733,#2737,#2740,#2751,#2756,#2760,#2764,#2768,#2772,#2775,#2778,#2781,#2784,#2787,#2790,#2793,#2796,#2799,#2802,#2805,#2808,#2811,#2814,#2817,#2820,#2823,#2826,#2829,#2832,#2835,#2838,#2841,#2844,#2847,#2850,#2853,#2856,#2859,#2862,#2865,#2868,#2871,#2874,#2877,#2880,#2883,#2888,#2965,#2970,#2974,#2978,#2982,#2986,#2990,#2994,#2998,#3002,#3006,#3010,#3014,#3018,#3022,#3026,#3029,#3032,#3037,#3041,#3045,#3049,#3053,#3057,#3061,#3065,#3069,#3073,#3077,#3081,#3085,#3089,#3093,#3096,#3099,#3104,#3108,#3112,#3116,#3120,#3124,#3128,#3132,#3136,#3140,#3144,#3148,#3152,#3156,#3160,#3163,#3166,#3171,#3175,#3179,#3183,#3187,#3191,#3195,#3199,#3203,#3207,#3211,#3215,#3219,#3223,#3227,#3230,#3233,#3236,#3239,#3242));
#3244= IFCFACETEDBREP(#3243);
#3245= IFCSTYLEDITEM(#3244,(#1530),$);
#3246= IFCSHAPEREPRESENTATION(#12,'Body','Brep',(#3244));
#3247= IFCPRODUCTDEFINITIONSHAPE($,$,(#3246));
#3248= IFCCARTESIANPOINT((14335.8271100495,30764.9960599674,1244.99615294009));
#3249= IFCDIRECTION((0.,0.99999999999227,3.93200004032224E-06));
#3250= IFCDIRECTION((-1.36500003621787E-06,3.93200004020745E-06,-0.999999999991338));
#3251= IFCAXIS2PLACEMENT3D(#3248,#3249,#3250);
#3252= IFCLOCALPLACEMENT(#42,#3251);
#3253= IFCBUILDINGELEMENTPROXY('1nl4K8GUj1KgaPSOmniLrS',#44,'Lager','__Lager',$,#3252,#3247,'ID71bc4508-41eb-4152-a919-718c31b15d5c',.ELEMENT.);
#3254= IFCBUILDINGELEMENTPROXYTYPE('3M$uZ044T4d8wjBmHdfVn_',#5,'__Lager',$,$,$,$,$,$,.NOTDEFINED.);
#3255= IFCPROPERTYSINGLEVALUE('Top elevation',$,IFCLABEL(' +1.489'),$);
#3256= IFCPROPERTYSINGLEVALUE('Bottom elevation',$,IFCLABEL(' +1.078'),$);
#3257= IFCPROPERTYSET('0NQP0gbTP7rw2DahnwIILH',#5,'Tekla Common','Common Properties to Shared building elements',(#1483,#239,#240,#241,#3255,#3256));
#3258= IFCPROPERTYSINGLEVALUE('Length',$,IFCLENGTHMEASURE(411.),$);
#3259= IFCPROPERTYSINGLEVALUE('Width',$,IFCLENGTHMEASURE(775.),$);
#3260= IFCPROPERTYSINGLEVALUE('Height',$,IFCLENGTHMEASURE(590.),$);
#3261= IFCPROPERTYSINGLEVALUE('Net surface area',$,IFCAREAMEASURE(1.733),$);
#3262= IFCPROPERTYSINGLEVALUE('Gross footprint area',$,IFCAREAMEASURE(0.008),$);
#3263= IFCPROPERTYSINGLEVALUE('Volume',$,IFCVOLUMEMEASURE(0.029),$);
#3264= IFCPROPERTYSET('3okKtOa1zBYB_JbHjSzAAb',#5,'Tekla Quantity','Quantity Properties to Shared building elements',(#3258,#3259,#3260,#3261,#595,#3262,#3263,#597));
#3265= IFCPROPERTYSINGLEVALUE('Pour Area',$,IFCAREAMEASURE(1.7),$);
#3266= IFCPROPERTYSINGLEVALUE('Pour Area PGZ',$,IFCAREAMEASURE(0.7),$);
#3267= IFCPROPERTYSINGLEVALUE('Pour Area NGZ',$,IFCAREAMEASURE(0.7),$);
#3268= IFCPROPERTYSINGLEVALUE('Pour Area PGX',$,IFCAREAMEASURE(0.1),$);
#3269= IFCPROPERTYSINGLEVALUE('Pour Area NXG',$,IFCAREAMEASURE(0.1),$);
#3270= IFCPROPERTYSINGLEVALUE('Pour Area PGY',$,IFCAREAMEASURE(0.1),$);
#3271= IFCPROPERTYSINGLEVALUE('Pour Area NGY',$,IFCAREAMEASURE(0.1),$);
#3272= IFCPROPERTYSINGLEVALUE('Pour GUID',$,IFCLABEL('71bc4508-41eb-4152-a919-718c31b15d5c'),$);
#3273= IFCPROPERTYSINGLEVALUE('Pour Material',$,IFCLABEL('Misc_Undefined'),$);
#3274= IFCPROPERTYSINGLEVALUE('Pour Top Level',$,IFCLABEL(' +1.489'),$);
#3275= IFCPROPERTYSINGLEVALUE('Pour Bottom Level',$,IFCLABEL(' +1.078'),$);
#3276= IFCPROPERTYSINGLEVALUE('Pour Volume',$,IFCVOLUMEMEASURE(0.029),$);
#3277= IFCPROPERTYSINGLEVALUE('Pour Weight',$,IFCMASSMEASURE(0.),$);
#3278= IFCPROPERTYSINGLEVALUE('Pour Weight Net',$,IFCMASSMEASURE(0.),$);
#3279= IFCPROPERTYSINGLEVALUE('Pour Break GUID',$,IFCLABEL('71bc4508-41eb-4152-a919-718c31b15d5c'),$);
#3280= IFCPROPERTYSET('0RW7UDz6n3HBpzi3WiRggE',#5,'Pours',$,(#254,#255,#256,#257,#258,#259,#260,#261,#262,#263,#264,#265,#266,#267,#268,#269,#270,#271,#272,#273,#274,#275,#276,#277,#278,#279,#280,#281,#282,#283,#284,#285,#286,#287,#3265,#3266,#3267,#3268,#3269,#3270,#3271,#295,#3272,#297,#3273,#3274,#3275,#3276,#3277,#3278,#3279,#305,#306,#307));
#3281= IFCCARTESIANPOINT((7.37782102078199E-09,10.0000000039661,-99.9999999981446));
#3282= IFCCARTESIANPOINT((-1019.99999999262,10.0000000034988,-99.9999999986067));
#3283= IFCCARTESIANPOINT((-1019.99999999271,10.0000000031346,100.000000001393));
#3284= IFCCARTESIANPOINT((7.2868715506047E-09,10.0000000036023,100.000000001855));
#3285= IFCCARTESIANPOINT((1020.00000000747,10.0000000042516,100.000000002299));
#3286= IFCCARTESIANPOINT((1020.0000000072,10.0000000042516,-99.9999999977008));
#3287= IFCPOLYLOOP((#3281,#3282,#3283,#3284,#3285,#3286));
#3288= IFCFACEOUTERBOUND(#3287,.T.);
#3289= IFCFACE((#3288));
#3290= IFCCARTESIANPOINT((7.29596649762243E-09,-9.99999999639772,100.000000001819));
#3291= IFCCARTESIANPOINT((-999.999999992704,-9.99999999685624,100.000000001364));
#3292= IFCCARTESIANPOINT((-999.999999992613,-9.999999996492,-99.9999999986358));
#3293= IFCCARTESIANPOINT((7.38691596779972E-09,-9.99999999603392,-99.999999998181));
#3294= IFCCARTESIANPOINT((1000.00000000721,-9.99999999575752,-99.9999999977081));
#3295= IFCCARTESIANPOINT((1000.00000000748,-9.99999999575752,100.000000002292));
#3296= IFCPOLYLOOP((#3290,#3291,#3292,#3293,#3294,#3295));
#3297= IFCFACEOUTERBOUND(#3296,.T.);
#3298= IFCFACE((#3297));
#3299= IFCCARTESIANPOINT((1020.00000000834,-2319.99999999593,99.9999999980719));
#3300= IFCCARTESIANPOINT((1020.00000000843,-2319.99999999557,-100.000000001928));
#3301= IFCPOLYLOOP((#3286,#3285,#3299,#3300));
#3302= IFCFACEOUTERBOUND(#3301,.T.);
#3303= IFCFACE((#3302));
#3304= IFCCARTESIANPOINT((1000.00000000842,-2299.99999999557,-100.000000001899));
#3305= IFCCARTESIANPOINT((1000.00000000833,-2299.99999999594,99.999999998101));
#3306= IFCPOLYLOOP((#3295,#3294,#3304,#3305));
#3307= IFCFACEOUTERBOUND(#3306,.T.);
#3308= IFCFACE((#3307));
#3309= IFCCARTESIANPOINT((52.0301245707287,-2319.99999999637,99.9999999976317));
#3310= IFCCARTESIANPOINT((52.0301245708197,-2319.99999999601,-100.000000002368));
#3311= IFCPOLYLOOP((#3300,#3299,#3309,#3310));
#3312= IFCFACEOUTERBOUND(#3311,.T.);
#3313= IFCFACE((#3312));
#3314= IFCCARTESIANPOINT((63.570599229135,-2299.999999996,-100.000000002325));
#3315= IFCCARTESIANPOINT((63.5705992290441,-2299.99999999637,99.9999999976753));
#3316= IFCPOLYLOOP((#3305,#3304,#3314,#3315));
#3317= IFCFACEOUTERBOUND(#3316,.T.);
#3318= IFCFACE((#3317));
#3319= IFCCARTESIANPOINT((9.999828215241,-2247.28367957903,99.9999999977481));
#3320= IFCCARTESIANPOINT((9.99982821532649,-2247.28367957866,-100.000000002252));
#3321= IFCPOLYLOOP((#3310,#3309,#3319,#3320));
#3322= IFCFACEOUTERBOUND(#3321,.T.);
#3323= IFCFACE((#3322));
#3324= IFCCARTESIANPOINT((-9.99982819857178,-2172.7163204134,-100.000000002128));
#3325= IFCCARTESIANPOINT((-9.99982819865909,-2172.71632041377,99.9999999978718));
#3326= IFCPOLYLOOP((#3315,#3314,#3324,#3325));
#3327= IFCFACEOUTERBOUND(#3326,.T.);
#3328= IFCFACE((#3327));
#3329= IFCCARTESIANPOINT((9.99890665123348,-2447.28755581924,99.9999999973843));
#3330= IFCCARTESIANPOINT((9.99890665132443,-2447.28755581889,-100.000000002616));
#3331= IFCPOLYLOOP((#3320,#3319,#3329,#3330));
#3332= IFCFACEOUTERBOUND(#3331,.T.);
#3333= IFCFACE((#3332));
#3334= IFCCARTESIANPOINT((-10.0007497625757,-2372.72019665362,-100.000000002492));
#3335= IFCCARTESIANPOINT((-10.0007497626666,-2372.72019665398,99.999999997508));
#3336= IFCPOLYLOOP((#3325,#3324,#3334,#3335));
#3337= IFCFACEOUTERBOUND(#3336,.T.);
#3338= IFCFACE((#3337));
#3339= IFCCARTESIANPOINT((-63.573761257343,-2319.99999999643,99.9999999975807));
#3340= IFCCARTESIANPOINT((-63.5737612572539,-2319.99999999606,-100.000000002419));
#3341= IFCPOLYLOOP((#3330,#3329,#3339,#3340));
#3342= IFCFACEOUTERBOUND(#3341,.T.);
#3343= IFCFACE((#3342));
#3344= IFCCARTESIANPOINT((-52.0332865989403,-2299.99999999606,-100.000000002376));
#3345= IFCCARTESIANPOINT((-52.0332865990295,-2299.99999999642,99.9999999976244));
#3346= IFCPOLYLOOP((#3335,#3334,#3344,#3345));
#3347= IFCFACEOUTERBOUND(#3346,.T.);
#3348= IFCFACE((#3347));
#3349= IFCCARTESIANPOINT((-1019.99999999166,-2319.99999999686,99.9999999971478));
#3350= IFCCARTESIANPOINT((-1019.99999999157,-2319.9999999965,-100.000000002852));
#3351= IFCPOLYLOOP((#3340,#3339,#3349,#3350));
#3352= IFCFACEOUTERBOUND(#3351,.T.);
#3353= IFCFACE((#3352));
#3354= IFCCARTESIANPOINT((-999.99999999158,-2299.99999999649,-100.000000002809));
#3355= IFCCARTESIANPOINT((-999.999999991671,-2299.99999999686,99.9999999971915));
#3356= IFCPOLYLOOP((#3345,#3344,#3354,#3355));
#3357= IFCFACEOUTERBOUND(#3356,.T.);
#3358= IFCFACE((#3357));
#3359= IFCPOLYLOOP((#3350,#3349,#3283,#3282));
#3360= IFCFACEOUTERBOUND(#3359,.T.);
#3361= IFCFACE((#3360));
#3362= IFCPOLYLOOP((#3355,#3354,#3292,#3291));
#3363= IFCFACEOUTERBOUND(#3362,.T.);
#3364= IFCFACE((#3363));
#3365= IFCPOLYLOOP((#3283,#3349,#3339,#3329,#3319,#3309,#3299,#3285,#3284));
#3366= IFCFACEOUTERBOUND(#3365,.T.);
#3367= IFCPOLYLOOP((#3295,#3305,#3315,#3325,#3335,#3345,#3355,#3291,#3290));
#3368= IFCFACEBOUND(#3367,.T.);
#3369= IFCFACE((#3366,#3368));
#3370= IFCPOLYLOOP((#3286,#3300,#3310,#3320,#3330,#3340,#3350,#3282,#3281));
#3371= IFCFACEOUTERBOUND(#3370,.T.);
#3372= IFCPOLYLOOP((#3292,#3354,#3344,#3334,#3324,#3314,#3304,#3294,#3293));
#3373= IFCFACEBOUND(#3372,.T.);
#3374= IFCFACE((#3371,#3373));
#3375= IFCCLOSEDSHELL((#3289,#3298,#3303,#3308,#3313,#3318,#3323,#3328,#3333,#3338,#3343,#3348,#3353,#3358,#3361,#3364,#3369,#3374));
#3376= IFCFACETEDBREP(#3375);
#3377= IFCSTYLEDITEM(#3376,(#511),$);
#3378= IFCSHAPEREPRESENTATION(#12,'Body','Brep',(#3376));
#3379= IFCPRODUCTDEFINITIONSHAPE($,$,(#3378));
#3380= IFCCARTESIANPOINT((14000.,31100.,-10.));
#3381= IFCDIRECTION((0.,-1.,0.));
#3382= IFCAXIS2PLACEMENT3D(#3380,#3381,#476);
#3383= IFCLOCALPLACEMENT(#42,#3382);
#3384= IFCBEAM('0mJZENtr56XR$hQw48OR3n',#44,'Ramme','PL200X20',$,#3383,#3379,'ID304e3397-df51-4685-bfeb-6ba10861b0f1');
#3385= IFCBEAMTYPE('1RiPrLpALB8O48xFjW3_wk',#5,'PL200X20',$,$,$,$,$,$,.NOTDEFINED.);
#3386= IFCPROPERTYSINGLEVALUE('Top elevation',$,IFCLABEL(' +2.437'),$);
#3387= IFCPROPERTYSINGLEVALUE('Bottom elevation',$,IFCLABEL(' -0.020'),$);
#3388= IFCPROPERTYSET('0ay4Ks8I9CaQzYBreD5Jvr',#5,'Tekla Common','Common Properties to Shared building elements',(#588,#239,#240,#241,#3386,#3387));
#3389= IFCPROPERTYSINGLEVALUE('Length',$,IFCLENGTHMEASURE(8975.4),$);
#3390= IFCPROPERTYSINGLEVALUE('Width',$,IFCLENGTHMEASURE(20.),$);
#3391= IFCPROPERTYSINGLEVALUE('Net surface area',$,IFCAREAMEASURE(3.949),$);
#3392= IFCPROPERTYSINGLEVALUE('Volume',$,IFCVOLUMEMEASURE(0.036),$);
#3393= IFCPROPERTYSET('2HK$srT0zEghwp$Mqpz3s$',#5,'Tekla Quantity','Quantity Properties to Shared building elements',(#3389,#3390,#247,#3391,#595,#250,#3392,#597));
#3394= IFCPROPERTYSINGLEVALUE('OuterSurfaceArea',$,IFCAREAMEASURE(3.9),$);
#3395= IFCPROPERTYSET('2xmr5dOFr99xgIM2kGA2WF',#5,'BeamBaseQuantities',$,(#3389,#3394,#600,#601));
#3396= IFCPROPERTYSET('14RgY2H9v7Xu1Mj__H8sFS',#5,'Pset_BeamCommon','Definition from IAI: Properties common to the definition of all occurrences of IfcBeam.',(#497,#603,#604,#503,#504,#499));
#3397= IFCRELAGGREGATES('1TsBYIlo97L9oHQj7ZfQY1',#5,$,$,#36,(#38));
#3398= IFCRELAGGREGATES('28uIIk8$b7$gsQ1_OLoiBi',#5,$,$,#38,(#41));
#3399= IFCRELAGGREGATES('2UxnlRcwL7av1Ki1psF3PD',#5,$,$,#41,(#43));
#3400= IFCRELCONTAINEDINSPATIALSTRUCTURE('3YnGyzGfD3BQzFjxOaV4fK',#5,$,$,(#3384,#3253,#1522,#1512,#1502,#1481,#1230,#674,#586,#479,#236),#43);
#3401= IFCRELDEFINESBYPROPERTIES('01BtblhQrF8gLaXZ14oF51',#5,$,$,(#236),#244);
#3402= IFCRELDEFINESBYPROPERTIES('0GrlAXS$157evdmh7UKgIE',#5,$,$,(#236),#253);
#3403= IFCRELDEFINESBYPROPERTIES('1wyKQBqr90AQke52CaOxTf',#5,$,$,(#236),#308);
#3404= IFCRELDEFINESBYPROPERTIES('0oLJ6JJtb2mwda7oFfn2QL',#5,$,$,(#479),#483);
#3405= IFCRELDEFINESBYPROPERTIES('0B_Mh_0EHD2gtJ9pc$Kp6h',#5,$,$,(#479),#492);
#3406= IFCRELDEFINESBYPROPERTIES('0Zkslim1T15QPpsNstG4MY',#5,$,$,(#479),#496);
#3407= IFCRELDEFINESBYPROPERTIES('3KFfa51HH9tOGEgruvr9DD',#5,$,$,(#479),#507);
#3408= IFCRELDEFINESBYPROPERTIES('2cG$DARNvDPfjs2Gi3Zq_W',#5,$,$,(#586),#591);
#3409= IFCRELDEFINESBYPROPERTIES('1tcwFzAaL2lAAMSqrPR95t',#5,$,$,(#586),#598);
#3410= IFCRELDEFINESBYPROPERTIES('208asbYLT6HfhDcI6igb01',#5,$,$,(#586),#602);
#3411= IFCRELDEFINESBYPROPERTIES('11j4stc2HE6gghTHuBLkHy',#5,$,$,(#586),#605);
#3412= IFCRELDEFINESBYPROPERTIES('0Jo56glKD3PBGDh15KHxjw',#5,$,$,(#674),#677);
#3413= IFCRELDEFINESBYPROPERTIES('2iHI_NUnDC2edSm_gG9U0q',#5,$,$,(#674),#681);
#3414= IFCRELDEFINESBYPROPERTIES('0cg$QFxqv14e6pvI1CZvxs',#5,$,$,(#674),#683);
#3415= IFCRELDEFINESBYPROPERTIES('1fJkIXIMDD8RXiWx3mAyF6',#5,$,$,(#674),#684);
#3416= IFCRELDEFINESBYPROPERTIES('0hvPHtz956svsOYwHJlv$A',#5,$,$,(#1230),#1235);
#3417= IFCRELDEFINESBYPROPERTIES('1OQhR1MAD4Y9sxNEGEtUBL',#5,$,$,(#1230),#1244);
#3418= IFCRELDEFINESBYPROPERTIES('0RiGRn8DT7SuHYooghISYW',#5,$,$,(#1230),#1257);
#3419= IFCRELDEFINESBYPROPERTIES('2FXDxzwdXFH8jmJHIxaNdH',#5,$,$,(#1481),#1485);
#3420= IFCRELDEFINESBYPROPERTIES('1f1p6hMYf3Q9XjVVOVlQFt',#5,$,$,(#1481),#1492);
#3421= IFCRELDEFINESBYPROPERTIES('2gHMJI$ZLCCBeFAjfzOVt7',#5,$,$,(#1481),#1494);
#3422= IFCRELDEFINESBYPROPERTIES('3xJ6m7Nnf9YeKLvArlM8p2',#5,$,$,(#1481),#1496);
#3423= IFCRELDEFINESBYPROPERTIES('18aqNuUXL30fyEThKgNzyt',#5,$,$,(#1502),#1503);
#3424= IFCRELDEFINESBYPROPERTIES('0MWG6l5i92sAhux5tR$k_P',#5,$,$,(#1502),#1504);
#3425= IFCRELDEFINESBYPROPERTIES('3Mn86lU1v2lA$7q2YjK9$K',#5,$,$,(#1502),#1505);
#3426= IFCRELDEFINESBYPROPERTIES('32njFKvEzFyAqnCw9AVPRr',#5,$,$,(#1502),#1506);
#3427= IFCRELDEFINESBYPROPERTIES('3MEV3TbSH5mhdvzXKL2Wml',#5,$,$,(#1512),#1513);
#3428= IFCRELDEFINESBYPROPERTIES('1kiFI6Qyv0BwK$t_izj5_i',#5,$,$,(#1512),#1514);
#3429= IFCRELDEFINESBYPROPERTIES('3G6iAERhj7EwFHc_Einms$',#5,$,$,(#1512),#1515);
#3430= IFCRELDEFINESBYPROPERTIES('0hzgByVgL2zuZ8v_S_S8WV',#5,$,$,(#1512),#1516);
#3431= IFCRELDEFINESBYPROPERTIES('1y5L$$tKj35gLbFfhtfdzg',#5,$,$,(#1522),#1523);
#3432= IFCRELDEFINESBYPROPERTIES('1OzDYfwF9EXP2Hna3kZP2X',#5,$,$,(#1522),#1524);
#3433= IFCRELDEFINESBYPROPERTIES('1L1ZeqcLj64h8ISW_hw$9w',#5,$,$,(#1522),#1525);
#3434= IFCRELDEFINESBYPROPERTIES('0MtsCcEev9qvqiIsz5T6ah',#5,$,$,(#1522),#1526);
#3435= IFCRELDEFINESBYPROPERTIES('1XZZXfMg1CrPC89GZQjPul',#5,$,$,(#3253),#3257);
#3436= IFCRELDEFINESBYPROPERTIES('3y7LGuNxrC4uESSpNf74$l',#5,$,$,(#3253),#3264);
#3437= IFCRELDEFINESBYPROPERTIES('0QIE9omqv7ZvDxwnmlPFeG',#5,$,$,(#3253),#3280);
#3438= IFCRELDEFINESBYPROPERTIES('3nXvjFUSL8eQlY2o8o1464',#5,$,$,(#3384),#3388);
#3439= IFCRELDEFINESBYPROPERTIES('3gsuxObtr0IvLMdU5W59fl',#5,$,$,(#3384),#3393);
#3440= IFCRELDEFINESBYPROPERTIES('1Iwbd1Koz6IguHOup98o6M',#5,$,$,(#3384),#3395);
#3441= IFCRELDEFINESBYPROPERTIES('3UrtspRU53hPvIciUDltsv',#5,$,$,(#3384),#3396);
#3442= IFCRELDEFINESBYTYPE('3Vz9SRIK1Flwg79cbkJAFY',#5,$,$,(#236),#237);
#3443= IFCRELDEFINESBYTYPE('06gL3XPdnFp8_UFNij0uA0',#5,$,$,(#479),#480);
#3444= IFCRELDEFINESBYTYPE('3TFMZkEXjCPvmrtN2frJ$j',#5,$,$,(#674,#586),#587);
#3445= IFCRELDEFINESBYTYPE('29kXcjTbT7nvJJC7FM75hj',#5,$,$,(#1230),#1231);
#3446= IFCRELDEFINESBYTYPE('10vGyoAMf1WA8A5b5hELCT',#5,$,$,(#1522,#1512,#1502,#1481),#1482);
#3447= IFCRELDEFINESBYTYPE('0HtkVpmCHCvOkAsKQHSgkt',#5,$,$,(#3253),#3254);
#3448= IFCRELDEFINESBYTYPE('3k7DDVKF1F78GJSJz$KSDH',#5,$,$,(#3384),#3385);
#3449= IFCRELASSOCIATESMATERIAL('1LaqtImMj5YxXY4ZfEzhGR',#5,$,$,(#1230,#479,#236),#309);
#3450= IFCRELASSOCIATESMATERIAL('1fdA9B1sP9zQ0fQc8sjcap',#5,$,$,(#3384,#3253,#1522,#1512,#1502,#1481,#674,#586),#606);
#3451= IFCPRESENTATIONLAYERASSIGNMENT('Landkar',$,(#231),$);
#3452= IFCPRESENTATIONLAYERASSIGNMENT('Fundament',$,(#473),$);
#3453= IFCPRESENTATIONLAYERASSIGNMENT('Ramme',$,(#581,#669,#3378),$);
#3454= IFCPRESENTATIONLAYERASSIGNMENT('M\S\xrtel',$,(#1224),$);
#3455= IFCPRESENTATIONLAYERASSIGNMENT('Midlertidig_st\S\elr\S\xr',$,(#1476,#1497,#1507,#1517),$);
#3456= IFCPRESENTATIONLAYERASSIGNMENT('Lager',$,(#3246),$);
ENDSEC;

END-ISO-10303-21;
