ISO-10303-21;
HEADER;
FILE_DESCRIPTION(('ViewDefinition[CoordinationView_V2.0]', 'ExchangeRequirement[Structural, SurfaceGeometry]', 'Option [GridExport:Off]', 'Option [Assemblies:Off]', 'Option [Bolts:On]', 'Option [Rebars:On]', 'Option [PourObjects:Off]', 'Option [Welds:Off]', 'Option [SurfaceTreatments:Off]', 'Option [LocationBy:0]', 'Option [ViewColors:On]', 'Option [SectionedSpine:Off]', 'Option [PropertySets:On]', 'Option [Export all:Off]'),'2;1');
FILE_NAME('SNACKS_Detalj_Sluk.ifc','2026-08-27T11:02:18',('SWECO\\NOULVE'),('Structural Designer'),'IFC Parser','Tekla Structures 2025 Service Pack 7, IFC Export Version: 4.0.0.0 Feb 24 2026','');
FILE_SCHEMA(('IFC2X3'));
ENDSEC;

DATA;
#1= IFCPERSON('SWECO\\NOULVE','Undefined',$,$,$,$,$,$);
#2= IFCORGANIZATION($,'Trimble Solutions Corporation',$,$,$);
#3= IFCPERSONANDORGANIZATION(#1,#2,$);
#4= IFCAPPLICATION(#2,'2025 Service Pack 7','Tekla Structures','Multi material modeling');
#5= IFCOWNERHISTORY(#3,#4,$,.NOCHANGE.,$,$,$,1787821337);
#6= IFCCARTESIANPOINT((0.,0.,0.));
#7= IFCDIRECTION((1.,0.,0.));
#8= IFCDIRECTION((0.,1.,0.));
#9= IFCDIRECTION((0.,0.,1.));
#10= IFCAXIS2PLACEMENT3D(#6,#9,#7);
#11= IFCGEOMETRICREPRESENTATIONCONTEXT($,'Model',3,1.E-05,#10,$);
#12= IFCGEOMETRICREPRESENTATIONSUBCONTEXT('Body','Model',*,*,*,*,#11,$,.MODEL_VIEW.,$);
#13= IFCGEOMETRICREPRESENTATIONSUBCONTEXT('Axis','Model',*,*,*,*,#11,$,.GRAPH_VIEW.,$);
#14= IFCSIUNIT(*,.LENGTHUNIT.,.MILLI.,.METRE.);
#15= IFCMEASUREWITHUNIT(IFCRATIOMEASURE(304.8),#14);
#16= IFCDIMENSIONALEXPONENTS(1,0,0,0,0,0,0);
#17= IFCCONVERSIONBASEDUNIT(#16,.LENGTHUNIT.,'FOOT',#15);
#18= IFCSIUNIT(*,.AREAUNIT.,$,.SQUARE_METRE.);
#19= IFCMEASUREWITHUNIT(IFCRATIOMEASURE(0.09290304),#18);
#20= IFCDIMENSIONALEXPONENTS(2,0,0,0,0,0,0);
#21= IFCCONVERSIONBASEDUNIT(#20,.AREAUNIT.,'SQUARE FOOT',#19);
#22= IFCSIUNIT(*,.VOLUMEUNIT.,$,.CUBIC_METRE.);
#23= IFCMEASUREWITHUNIT(IFCRATIOMEASURE(0.028316846592),#22);
#24= IFCDIMENSIONALEXPONENTS(3,0,0,0,0,0,0);
#25= IFCCONVERSIONBASEDUNIT(#24,.VOLUMEUNIT.,'CUBIC FOOT',#23);
#26= IFCSIUNIT(*,.MASSUNIT.,.KILO.,.GRAM.);
#27= IFCSIUNIT(*,.TIMEUNIT.,$,.SECOND.);
#28= IFCSIUNIT(*,.PLANEANGLEUNIT.,$,.RADIAN.);
#29= IFCMEASUREWITHUNIT(IFCRATIOMEASURE(0.0174532925199433),#28);
#30= IFCDIMENSIONALEXPONENTS(0,0,0,0,0,0,0);
#31= IFCCONVERSIONBASEDUNIT(#30,.PLANEANGLEUNIT.,'DEGREE',#29);
#32= IFCSIUNIT(*,.SOLIDANGLEUNIT.,$,.STERADIAN.);
#33= IFCSIUNIT(*,.THERMODYNAMICTEMPERATUREUNIT.,$,.DEGREE_CELSIUS.);
#34= IFCSIUNIT(*,.LUMINOUSINTENSITYUNIT.,$,.LUMEN.);
#35= IFCUNITASSIGNMENT((#14,#18,#22,#26,#27,#28,#32,#33,#34));
#36= IFCPROJECT('2YG0JLJLPAvRd9NM8hMiC$',#5,'Trimble',$,$,$,$,(#11),#35);
#37= IFCLOCALPLACEMENT($,#10);
#38= IFCSITE('0cHbuZ7tTAAARUvYnq2GoH',#5,'Undefined',$,$,#37,$,$,.ELEMENT.,$,$,$,$,$);
#39= IFCPOSTALADDRESS($,' ',$,' ',$,' ',' ',' ',' ',' ');
#40= IFCLOCALPLACEMENT(#37,#10);
#41= IFCBUILDING('2cH2Ye1ODFPROjgJsPA4pC',#5,'Undefined',$,$,#40,$,$,.ELEMENT.,$,$,#39);
#42= IFCLOCALPLACEMENT(#40,#10);
#43= IFCBUILDINGSTOREY('09Zmb6wqH33AoobR5q1mOS',#5,'Undefined',$,$,#42,$,$,.ELEMENT.,0.);
#44= IFCOWNERHISTORY(#3,#4,$,.NOCHANGE.,$,$,$,1787828400);
#45= IFCCOLOURRGB('Unnamed',0.956862745098039,0.83921568627451,0.141176470588235);
#46= IFCSURFACESTYLERENDERING(#45,0.,$,$,$,$,IFCNORMALISEDRATIOMEASURE(0.00390625),IFCSPECULAREXPONENT(10.),.NOTDEFINED.);
#47= IFCSURFACESTYLE('MISCELLANEOUS/Misc_Undefined',.POSITIVE.,(#46));
#48= IFCPRESENTATIONSTYLEASSIGNMENT((#47));
#49= IFCCARTESIANPOINT((799.168979381,-3.05130889994621,-200.000000000033));
#50= IFCCARTESIANPOINT((795.708078873551,-175.505959547583,-200.000000000069));
#51= IFCCARTESIANPOINT((795.708078873542,-175.505959547439,4.14729584008455E-10));
#52= IFCCARTESIANPOINT((799.168979380878,-3.05130889991517,4.51109372079372E-10));
#53= IFCPOLYLOOP((#49,#50,#51,#52));
#54= IFCFACEOUTERBOUND(#53,.T.);
#55= IFCFACE((#54));
#56= IFCCARTESIANPOINT((798.7074749409,-175.566152829306,-200.000000000069));
#57= IFCCARTESIANPOINT((798.707474940897,-175.566152829162,4.18367562815547E-10));
#58= IFCPOLYLOOP((#50,#56,#57,#51));
#59= IFCFACEOUTERBOUND(#58,.T.);
#60= IFCFACE((#59));
#61= IFCCARTESIANPOINT((802.229784893279,-0.0515054060629154,4.58385329693556E-10));
#62= IFCCARTESIANPOINT((802.229784893409,-0.0515054060939519,-200.000000000029));
#63= IFCPOLYLOOP((#61,#57,#56,#62));
#64= IFCFACEOUTERBOUND(#63,.T.);
#65= IFCFACE((#64));
#66= IFCCARTESIANPOINT((671.420598651915,-0.0431070880816833,3.56521923094988E-10));
#67= IFCCARTESIANPOINT((671.420429860289,-3.04308589473612,-3.47662607964594E-05));
#68= IFCPOLYLOOP((#52,#51,#57,#61,#66,#67));
#69= IFCFACEOUTERBOUND(#68,.T.);
#70= IFCFACE((#69));
#71= IFCCARTESIANPOINT((671.424997744492,-0.043107374711326,-174.980106380994));
#72= IFCCARTESIANPOINT((9.62763806455769E-05,-1.82933490577852E-09,-200.00000000064));
#73= IFCCARTESIANPOINT((9.62763697316404E-05,-1.79852577275597E-09,-1.4915713109076E-10));
#74= IFCCARTESIANPOINT((321.415800668814,-0.020635794797272,9.82254277914762E-11));
#75= IFCCARTESIANPOINT((321.42030074174,-0.0206360837413513,-174.992859863814));
#76= IFCCARTESIANPOINT((324.424991456859,-0.0208291529438611,-174.982462452816));
#77= IFCCARTESIANPOINT((668.424997733331,-0.0429147625982296,-174.980183453976));
#78= IFCPOLYLOOP((#71,#66,#61,#62,#72,#73,#74,#75,#76,#77));
#79= IFCFACEOUTERBOUND(#78,.T.);
#80= IFCFACE((#79));
#81= IFCCARTESIANPOINT((321.420131948842,-3.02063607908678,-174.992906401567));
#82= IFCCARTESIANPOINT((324.424923183295,-3.02060036051307,-174.982508984805));
#83= IFCPOLYLOOP((#75,#81,#82,#76));
#84= IFCFACEOUTERBOUND(#83,.T.);
#85= IFCFACE((#84));
#86= IFCCARTESIANPOINT((321.415631874723,-3.02063579014236,9.09494701772928E-11));
#87= IFCCARTESIANPOINT((-9.6332076282124E-05,-2.99999999561487,-1.4915713109076E-10));
#88= IFCCARTESIANPOINT((-9.6332067187177E-05,-2.99999999564557,-200.00000000064));
#89= IFCCARTESIANPOINT((671.424929467128,-3.04308623778104,-174.980152914923));
#90= IFCCARTESIANPOINT((668.424929452205,-3.04301806448871,-174.980229991113));
#91= IFCPOLYLOOP((#81,#86,#87,#88,#49,#52,#67,#89,#90,#82));
#92= IFCFACEOUTERBOUND(#91,.T.);
#93= IFCFACE((#92));
#94= IFCCARTESIANPOINT((668.420429862057,-3.04301761569991,-0.000111911143903853));
#95= IFCCARTESIANPOINT((668.424909574231,-3.04306459956968,-171.980229991532));
#96= IFCPOLYLOOP((#89,#67,#94,#95,#90));
#97= IFCFACEOUTERBOUND(#96,.T.);
#98= IFCFACE((#97));
#99= IFCCARTESIANPOINT((668.421704284463,52.9579873352734,0.00543261128768791));
#100= IFCCARTESIANPOINT((668.426126926535,52.9606179979295,-171.97936127249));
#101= IFCPOLYLOOP((#94,#99,#100,#95));
#102= IFCFACEOUTERBOUND(#101,.T.);
#103= IFCFACE((#102));
#104= IFCCARTESIANPOINT((671.421704282695,52.957919056237,0.00550975617443328));
#105= IFCCARTESIANPOINT((671.426204070696,52.9605956066025,-174.979284218407));
#106= IFCCARTESIANPOINT((668.426204073132,52.9606637798909,-174.979361270609));
#107= IFCPOLYLOOP((#99,#104,#105,#106,#100));
#108= IFCFACEOUTERBOUND(#107,.T.);
#109= IFCFACE((#108));
#110= IFCCARTESIANPOINT((324.42619780422,52.9830814838641,-174.981640264301));
#111= IFCPOLYLOOP((#106,#105,#71,#77,#76,#110));
#112= IFCFACEOUTERBOUND(#111,.T.);
#113= IFCFACE((#112));
#114= IFCPOLYLOOP((#104,#66,#71,#105));
#115= IFCFACEOUTERBOUND(#114,.T.);
#116= IFCFACE((#115));
#117= IFCPOLYLOOP((#66,#104,#99,#94,#67));
#118= IFCFACEOUTERBOUND(#117,.T.);
#119= IFCFACE((#118));
#120= IFCCARTESIANPOINT((324.426177926247,52.9830349487834,-171.981640264716));
#121= IFCPOLYLOOP((#100,#106,#110,#120));
#122= IFCFACEOUTERBOUND(#121,.T.);
#123= IFCFACE((#122));
#124= IFCCARTESIANPOINT((324.424903305318,-3.0206468955937,-171.98250898522));
#125= IFCPOLYLOOP((#124,#95,#100,#120));
#126= IFCFACEOUTERBOUND(#125,.T.);
#127= IFCFACE((#126));
#128= IFCPOLYLOOP((#124,#82,#90,#95));
#129= IFCFACEOUTERBOUND(#128,.T.);
#130= IFCFACE((#129));
#131= IFCPOLYLOOP((#120,#110,#76,#82,#124));
#132= IFCFACEOUTERBOUND(#131,.T.);
#133= IFCFACE((#132));
#134= IFCPOLYLOOP((#88,#72,#62,#56,#50,#49));
#135= IFCFACEOUTERBOUND(#134,.T.);
#136= IFCFACE((#135));
#137= IFCPOLYLOOP((#87,#73,#72,#88));
#138= IFCFACEOUTERBOUND(#137,.T.);
#139= IFCFACE((#138));
#140= IFCPOLYLOOP((#87,#86,#74,#73));
#141= IFCFACEOUTERBOUND(#140,.T.);
#142= IFCFACE((#141));
#143= IFCPOLYLOOP((#81,#75,#74,#86));
#144= IFCFACEOUTERBOUND(#143,.T.);
#145= IFCFACE((#144));
#146= IFCCARTESIANPOINT((324.421698015818,52.98040493285,0.00315371054239222));
#147= IFCCARTESIANPOINT((321.421698017582,52.9804732118863,0.00307656565564685));
#148= IFCCARTESIANPOINT((321.420423595177,-3.02053173907939,-0.00246795703424141));
#149= IFCCARTESIANPOINT((324.420423593412,-3.02060001811583,-0.00239081215113401));
#150= IFCPOLYLOOP((#146,#147,#148,#149));
#151= IFCFACEOUTERBOUND(#150,.T.);
#152= IFCFACE((#151));
#153= IFCCARTESIANPOINT((321.424923202016,-3.02053208201153,-174.982586106009));
#154= IFCCARTESIANPOINT((321.426197805584,52.9831497623647,-174.981717409235));
#155= IFCPOLYLOOP((#153,#148,#147,#154));
#156= IFCFACEOUTERBOUND(#155,.T.);
#157= IFCFACE((#156));
#158= IFCPOLYLOOP((#149,#148,#153,#82));
#159= IFCFACEOUTERBOUND(#158,.T.);
#160= IFCFACE((#159));
#161= IFCPOLYLOOP((#110,#146,#149,#82));
#162= IFCFACEOUTERBOUND(#161,.T.);
#163= IFCFACE((#162));
#164= IFCPOLYLOOP((#110,#154,#147,#146));
#165= IFCFACEOUTERBOUND(#164,.T.);
#166= IFCFACE((#165));
#167= IFCPOLYLOOP((#82,#153,#154,#110));
#168= IFCFACEOUTERBOUND(#167,.T.);
#169= IFCFACE((#168));
#170= IFCCLOSEDSHELL((#55,#60,#65,#70,#80,#85,#93,#98,#103,#109,#113,#116,#119,#123,#127,#130,#133,#136,#139,#142,#145,#152,#157,#160,#163,#166,#169));
#171= IFCFACETEDBREP(#170);
#172= IFCSTYLEDITEM(#171,(#48),$);
#173= IFCSHAPEREPRESENTATION(#12,'Body','Brep',(#171));
#174= IFCPRODUCTDEFINITIONSHAPE($,$,(#173));
#175= IFCCARTESIANPOINT((12500.010000006,30999.999999999,1270.5741448292));
#176= IFCDIRECTION((-6.63282295136015E-06,-0.999999999849619,-1.60239964445737E-05));
#177= IFCDIRECTION((-0.99979868909733,6.95300000061249E-06,-0.0200644270019534));
#178= IFCAXIS2PLACEMENT3D(#175,#176,#177);
#179= IFCLOCALPLACEMENT(#42,#178);
#180= IFCBUILDINGELEMENTPROXY('2InDYFDx9AGPNZjo2n7Dks',#44,'C60BP2','__C60BP2',$,#179,#174,'ID92c4d88f-37b2-4a41-95e3-b720b11cdbb6',.ELEMENT.);
#181= IFCBUILDINGELEMENTPROXYTYPE('2leXsJez51qf3tlRDwvq83',#5,'__C60BP2',$,$,$,$,$,$,.NOTDEFINED.);
#182= IFCMATERIAL('MISCELLANEOUS/Misc_Undefined');
#183= IFCCOLOURRGB('Unnamed',0.333333333333333,1.,0.333333333333333);
#184= IFCSURFACESTYLERENDERING(#183,0.,$,$,$,$,IFCNORMALISEDRATIOMEASURE(0.00390625),IFCSPECULAREXPONENT(10.),.NOTDEFINED.);
#185= IFCSURFACESTYLE('MISCELLANEOUS/Misc_Undefined',.POSITIVE.,(#184));
#186= IFCPRESENTATIONSTYLEASSIGNMENT((#185));
#187= IFCCARTESIANPOINT((462.396942528525,-9.25156351320493,-0.000227167012781138));
#188= IFCCARTESIANPOINT((462.394265907389,-9.25140921980937,139.984611787157));
#189= IFCCARTESIANPOINT((463.754207901293,58.7342287270185,139.984652246694));
#190= IFCCARTESIANPOINT((463.756888205366,58.7342585491665,-0.000186979290447198));
#191= IFCPOLYLOOP((#187,#188,#189,#190));
#192= IFCFACEOUTERBOUND(#191,.T.);
#193= IFCFACE((#192));
#194= IFCCARTESIANPOINT((142.45923627406,-2.85138081390937,151.985070981413));
#195= IFCCARTESIANPOINT((142.459219200315,-2.85137333094031,139.985070981405));
#196= IFCCARTESIANPOINT((474.394542437267,-9.49155596519722,2.50108860200271E-06));
#197= IFCCARTESIANPOINT((474.391636366612,-9.49138844522122,151.984841453126));
#198= IFCCARTESIANPOINT((462.394036457872,-9.25139599322893,151.984611785025));
#199= IFCPOLYLOOP((#194,#195,#188,#187,#196,#197,#198));
#200= IFCFACEOUTERBOUND(#199,.T.);
#201= IFCFACE((#200));
#202= IFCCARTESIANPOINT((475.751578044801,58.4942337185653,151.98488193702));
#203= IFCCARTESIANPOINT((474.631486986746,2.49912107265732,151.984848593202));
#204= IFCCARTESIANPOINT((474.634393056109,2.49895348818109,9.58890814217739E-06));
#205= IFCCARTESIANPOINT((475.754488114108,58.4942660971744,4.26888109359425E-05));
#206= IFCPOLYLOOP((#202,#203,#204,#205));
#207= IFCFACEOUTERBOUND(#206,.T.);
#208= IFCFACE((#207));
#209= IFCCARTESIANPOINT((463.75397815046,58.7342261700644,151.984652241976));
#210= IFCCARTESIANPOINT((143.819177953421,65.1342412715912,151.985111604343));
#211= IFCCARTESIANPOINT((131.821578044681,65.3742337235835,151.984881936241));
#212= IFCCARTESIANPOINT((130.701575889647,9.38356547956187,151.984848595072));
#213= IFCCARTESIANPOINT((142.699172529743,9.14340960987693,151.985078119742));
#214= IFCCARTESIANPOINT((462.633890347239,2.73927695882003,151.984618925195));
#215= IFCPOLYLOOP((#209,#210,#211,#212,#213,#214,#203,#202));
#216= IFCFACEOUTERBOUND(#215,.T.);
#217= IFCFACE((#216));
#218= IFCCARTESIANPOINT((143.819160895482,65.1342488324829,139.985111440954));
#219= IFCCARTESIANPOINT((143.822088022729,65.13427365032,0.000272357432550052));
#220= IFCCARTESIANPOINT((131.824488113989,65.3742661023123,4.26893311669119E-05));
#221= IFCPOLYLOOP((#205,#190,#189,#218,#219,#220,#211,#210,#209,#202));
#222= IFCFACEOUTERBOUND(#221,.T.);
#223= IFCFACE((#222));
#224= IFCCARTESIANPOINT((130.704481959008,9.38339789493625,9.59205863182433E-06));
#225= IFCCARTESIANPOINT((0.000114837226647069,11.9997069683795,-8.63973764353432E-06));
#226= IFCCARTESIANPOINT((0.000113938463982777,11.9998365684005,179.999991360262));
#227= IFCCARTESIANPOINT((799.059421935553,-3.99493211281197,180.00000686515));
#228= IFCCARTESIANPOINT((799.059422834316,-3.99506171283292,6.86514977132902E-06));
#229= IFCPOLYLOOP((#214,#213,#212,#224,#225,#226,#227,#228,#204,#203));
#230= IFCFACEOUTERBOUND(#229,.T.);
#231= IFCFACE((#230));
#232= IFCCARTESIANPOINT((799.059422832404,-15.9950617128,1.55051457113586E-05));
#233= IFCPOLYLOOP((#190,#205,#204,#228,#232,#196,#187));
#234= IFCFACEOUTERBOUND(#233,.T.);
#235= IFCFACE((#234));
#236= IFCCARTESIANPOINT((799.059421933642,-15.994932112779,180.000015505146));
#237= IFCCARTESIANPOINT((-8.9872810349334E-07,0.000129611312786437,180.000000000047));
#238= IFCCARTESIANPOINT((130.464542437148,-2.61155596004141,2.50161247095093E-06));
#239= IFCCARTESIANPOINT((142.462142345888,-2.85154841203371,0.00023216971749207));
#240= IFCPOLYLOOP((#232,#236,#237,#6,#238,#239,#195,#194,#198,#197,#196));
#241= IFCFACEOUTERBOUND(#240,.T.);
#242= IFCFACE((#241));
#243= IFCPOLYLOOP((#195,#218,#189,#188));
#244= IFCFACEOUTERBOUND(#243,.T.);
#245= IFCFACE((#244));
#246= IFCPOLYLOOP((#239,#219,#218,#195));
#247= IFCFACEOUTERBOUND(#246,.T.);
#248= IFCFACE((#247));
#249= IFCPOLYLOOP((#6,#225,#224,#220,#219,#239,#238));
#250= IFCFACEOUTERBOUND(#249,.T.);
#251= IFCFACE((#250));
#252= IFCPOLYLOOP((#220,#224,#212,#211));
#253= IFCFACEOUTERBOUND(#252,.T.);
#254= IFCFACE((#253));
#255= IFCPOLYLOOP((#6,#237,#226,#225));
#256= IFCFACEOUTERBOUND(#255,.T.);
#257= IFCFACE((#256));
#258= IFCPOLYLOOP((#226,#237,#236,#227));
#259= IFCFACEOUTERBOUND(#258,.T.);
#260= IFCFACE((#259));
#261= IFCPOLYLOOP((#228,#227,#236,#232));
#262= IFCFACEOUTERBOUND(#261,.T.);
#263= IFCFACE((#262));
#264= IFCCLOSEDSHELL((#193,#201,#208,#217,#223,#231,#235,#242,#245,#248,#251,#254,#257,#260,#263));
#265= IFCFACETEDBREP(#264);
#266= IFCSTYLEDITEM(#265,(#186),$);
#267= IFCSHAPEREPRESENTATION(#12,'Body','Brep',(#265));
#268= IFCPRODUCTDEFINITIONSHAPE($,$,(#267));
#269= IFCCARTESIANPOINT((11700.9605644184,31019.9999683005,1269.58959034489));
#270= IFCAXIS2PLACEMENT3D(#269,#8,#7);
#271= IFCLOCALPLACEMENT(#42,#270);
#272= IFCBUILDINGELEMENTPROXY('3YWqqdie18fh7tdDr30e7M',#44,'Topeka','__Topeka__1',$,#271,#268,'IDe2834d27-b280-48a6-b1f7-9cdd430281d6',.ELEMENT.);
#273= IFCBUILDINGELEMENTPROXYTYPE('1D5pLqwSb4cu$smq5LCp3P',#5,'__Topeka__1',$,$,$,$,$,$,.NOTDEFINED.);
#274= IFCCOLOURRGB('Unnamed',0.933333333333333,0.576470588235294,0.0431372549019608);
#275= IFCSURFACESTYLERENDERING(#274,0.,$,$,$,$,IFCNORMALISEDRATIOMEASURE(0.00390625),IFCSPECULAREXPONENT(10.),.NOTDEFINED.);
#276= IFCSURFACESTYLE('MISCELLANEOUS/Misc_Undefined',.POSITIVE.,(#275));
#277= IFCPRESENTATIONSTYLEASSIGNMENT((#276));
#278= IFCCARTESIANPOINT((249.995976532318,-141.010071033303,163.395927263806));
#279= IFCCARTESIANPOINT((204.995976532348,-141.010021927152,163.395899830997));
#280= IFCCARTESIANPOINT((204.99597880295,-131.85726716707,176.049788451801));
#281= IFCCARTESIANPOINT((249.99597880292,-131.857316273221,176.049815884609));
#282= IFCPOLYLOOP((#278,#279,#280,#281));
#283= IFCFACEOUTERBOUND(#282,.T.);
#284= IFCFACE((#283));
#285= IFCCARTESIANPOINT((249.996007747279,-141.008509077044,112.215963139111));
#286= IFCCARTESIANPOINT((204.996007747308,-141.008459970893,112.215935706303));
#287= IFCPOLYLOOP((#285,#286,#279,#278));
#288= IFCFACEOUTERBOUND(#287,.T.);
#289= IFCFACE((#288));
#290= IFCCARTESIANPOINT((249.996016047009,-107.552443955345,158.469723109447));
#291= IFCCARTESIANPOINT((204.996016047039,-107.55239484919,158.469695676638));
#292= IFCPOLYLOOP((#290,#291,#286,#285));
#293= IFCFACEOUTERBOUND(#292,.T.);
#294= IFCFACE((#293));
#295= IFCPOLYLOOP((#281,#280,#291,#290));
#296= IFCFACEOUTERBOUND(#295,.T.);
#297= IFCFACE((#296));
#298= IFCCARTESIANPOINT((249.996279432371,171.004243878557,225.019883661458));
#299= IFCCARTESIANPOINT((249.995906221005,-171.007952803924,225.009445791027));
#300= IFCCARTESIANPOINT((249.996180678646,-170.994219254528,-224.990553999425));
#301= IFCCARTESIANPOINT((249.996553890012,171.017977427953,-224.980116128994));
#302= IFCPOLYLOOP((#298,#299,#300,#301));
#303= IFCFACEOUTERBOUND(#302,.T.);
#304= IFCCARTESIANPOINT((249.996235413312,-104.068500196003,-194.988511499923));
#305= IFCCARTESIANPOINT((249.996195014465,-141.090144726491,-194.989641363452));
#306= IFCCARTESIANPOINT((249.996217600596,-50.0458562046424,-69.1188716647885));
#307= IFCCARTESIANPOINT((249.996254844685,-25.7409838867497,-86.6989644399328));
#308= IFCPOLYLOOP((#304,#305,#306,#307));
#309= IFCFACEBOUND(#308,.T.);
#310= IFCCARTESIANPOINT((249.996220507913,-38.3265146136164,-52.9166192177836));
#311= IFCCARTESIANPOINT((249.996183263823,-62.6313869314981,-35.3365264426138));
#312= IFCCARTESIANPOINT((249.996202267457,13.9719176353865,70.5692592342384));
#313= IFCCARTESIANPOINT((249.996239511546,38.2767899532719,52.9891664590868));
#314= IFCPOLYLOOP((#310,#311,#312,#313));
#315= IFCFACEBOUND(#314,.T.);
#316= IFCCARTESIANPOINT((249.996279662952,74.3010038624579,51.6113261310275));
#317= IFCCARTESIANPOINT((249.996242418863,49.9961315442888,69.1914189060626));
#318= IFCCARTESIANPOINT((249.996264997238,141.009158107323,195.018968248423));
#319= IFCCARTESIANPOINT((249.996296212199,141.010720080643,143.839004146379));
#320= IFCPOLYLOOP((#316,#317,#318,#319));
#321= IFCFACEBOUND(#320,.T.);
#322= IFCCARTESIANPOINT((249.996294996092,10.2832300222999,-88.0768047679994));
#323= IFCCARTESIANPOINT((249.996257752002,-14.0216422955873,-70.4967119928442));
#324= IFCCARTESIANPOINT((249.996276755635,62.5816622713082,35.4090736840226));
#325= IFCCARTESIANPOINT((249.996313999725,86.8865345891936,17.8289809088601));
#326= IFCPOLYLOOP((#322,#323,#324,#325));
#327= IFCFACEBOUND(#326,.T.);
#328= IFCCARTESIANPOINT((249.996205174773,25.6912592259068,86.771511681105));
#329= IFCCARTESIANPOINT((249.996167930684,1.386386908036,104.351604456264));
#330= IFCCARTESIANPOINT((249.996184199544,66.9658690386186,195.016708508756));
#331= IFCCARTESIANPOINT((249.996224598391,103.987513569085,195.017838372256));
#332= IFCPOLYLOOP((#328,#329,#330,#331));
#333= IFCFACEBOUND(#332,.T.);
#334= IFCCARTESIANPOINT((249.996130686594,-22.9184854100149,121.931697231263));
#335= IFCCARTESIANPOINT((249.996093442505,-47.2233577278948,139.511790006414));
#336= IFCCARTESIANPOINT((249.996103401849,-7.07742002246414,195.014448781611));
#337= IFCCARTESIANPOINT((249.996143800697,29.9442245080008,195.015578645092));
#338= IFCPOLYLOOP((#334,#335,#336,#337));
#339= IFCFACEBOUND(#338,.T.);
#340= IFCCARTESIANPOINT((249.996146019733,-86.9362592500984,-17.7564336676951));
#341= IFCCARTESIANPOINT((249.996108775644,-111.241131567986,-0.176340892532608));
#342= IFCCARTESIANPOINT((249.996127779278,-34.63782700109,105.729444784327));
#343= IFCCARTESIANPOINT((249.996165023367,-10.3329546832028,88.1493520091717));
#344= IFCPOLYLOOP((#340,#341,#342,#343));
#345= IFCFACEBOUND(#344,.T.);
#346= IFCCARTESIANPOINT((249.996180356506,-74.3507285231626,-51.5387788897533));
#347= IFCCARTESIANPOINT((249.996163822081,-141.000699294516,-143.683857483804));
#348= IFCCARTESIANPOINT((249.99613260712,-141.00226125078,-92.5038933591131));
#349= IFCCARTESIANPOINT((249.996143112417,-98.6556008410462,-33.9586861146017));
#350= IFCPOLYLOOP((#346,#347,#348,#349));
#351= IFCFACEBOUND(#350,.T.);
#352= IFCCARTESIANPOINT((249.996090535188,-58.9426993219349,123.309537560934));
#353= IFCCARTESIANPOINT((249.99607153394,-135.544446892372,17.4026256853103));
#354= IFCCARTESIANPOINT((249.996063165218,-141.005736067109,21.3528612251721));
#355= IFCCARTESIANPOINT((249.996038962239,-141.006947141468,61.0359990409888));
#356= IFCCARTESIANPOINT((249.996053291099,-83.2475716348908,140.889630343274));
#357= IFCPOLYLOOP((#352,#353,#354,#355,#356));
#358= IFCFACEBOUND(#357,.T.);
#359= IFCCARTESIANPOINT((249.996316211007,-30.0252111349,-194.986251772763));
#360= IFCCARTESIANPOINT((249.996275812159,-67.0468556653577,-194.987381636256));
#361= IFCCARTESIANPOINT((249.996292088775,-1.43611156870065,-104.279057214928));
#362= IFCCARTESIANPOINT((249.996329332864,22.8687607491775,-121.859149990094));
#363= IFCPOLYLOOP((#359,#360,#361,#362));
#364= IFCFACEBOUND(#363,.T.);
#365= IFCCARTESIANPOINT((249.996397008701,44.018077926421,-194.98399204027));
#366= IFCCARTESIANPOINT((249.996356609854,6.99643339601243,-194.985121903901));
#367= IFCCARTESIANPOINT((249.996366576954,47.1736330672938,-139.439242759741));
#368= IFCCARTESIANPOINT((249.996403821043,71.4785053851883,-157.019335534827));
#369= IFCPOLYLOOP((#365,#366,#367,#368));
#370= IFCFACEBOUND(#369,.T.);
#371= IFCCARTESIANPOINT((249.99636948427,58.892974658369,-123.236990318161));
#372= IFCCARTESIANPOINT((249.996332240181,34.5881023404872,-105.656897542987));
#373= IFCCARTESIANPOINT((249.996351243814,111.191406907372,0.248888133868604));
#374= IFCCARTESIANPOINT((249.996388485518,135.494722198764,-17.3300784197563));
#375= IFCPOLYLOOP((#371,#372,#373,#374));
#376= IFCFACEBOUND(#375,.T.);
#377= IFCCARTESIANPOINT((249.996354151131,122.910748498094,16.4511405807643));
#378= IFCCARTESIANPOINT((249.996316907042,98.6058761802105,34.0312333559086));
#379= IFCCARTESIANPOINT((249.996327427159,141.012282037756,92.6590400212663));
#380= IFCCARTESIANPOINT((249.99635864212,141.01384399402,41.4790758965937));
#381= IFCPOLYLOOP((#377,#378,#379,#380));
#382= IFCFACEBOUND(#381,.T.);
#383= IFCCARTESIANPOINT((249.996056198416,-71.5282300459421,157.091882781406));
#384= IFCCARTESIANPOINT((249.996018954326,-95.8331023638293,174.671975556579));
#385= IFCCARTESIANPOINT((249.996022604155,-81.1207090835596,195.012189054469));
#386= IFCCARTESIANPOINT((249.996063003002,-44.0990645530765,195.013318917951));
#387= IFCPOLYLOOP((#383,#384,#385,#386));
#388= IFCFACEBOUND(#387,.T.);
#389= IFCPOLYLOOP((#290,#285,#278,#281));
#390= IFCFACEBOUND(#389,.T.);
#391= IFCCARTESIANPOINT((249.996443972449,107.502719294409,-158.39717586822));
#392= IFCCARTESIANPOINT((249.99640672836,83.1978469765254,-140.817083093061));
#393= IFCCARTESIANPOINT((249.996421072041,141.016967907673,-60.8808523523767));
#394= IFCCARTESIANPOINT((249.996452287001,141.018529863923,-112.060816477049));
#395= IFCPOLYLOOP((#391,#392,#393,#394));
#396= IFCFACEBOUND(#395,.T.);
#397= IFCFACE((#303,#309,#315,#321,#327,#333,#339,#345,#351,#358,#364,#370,#376,#382,#388,#390,#396));
#398= IFCCARTESIANPOINT((204.99640672839,83.1978960826782,-140.81711052587));
#399= IFCCARTESIANPOINT((204.996421072071,141.017017013824,-60.8808797851816));
#400= IFCPOLYLOOP((#398,#399,#393,#392));
#401= IFCFACEOUTERBOUND(#400,.T.);
#402= IFCFACE((#401));
#403= IFCCARTESIANPOINT((204.996441223625,141.018025371544,-93.9213135167556));
#404= IFCCARTESIANPOINT((204.996452287031,141.018578970074,-112.060843909858));
#405= IFCPOLYLOOP((#393,#399,#403,#404,#394));
#406= IFCFACEOUTERBOUND(#405,.T.);
#407= IFCFACE((#406));
#408= IFCCARTESIANPOINT((204.996093442535,-47.223308621742,139.511762573609));
#409= IFCCARTESIANPOINT((204.996098254533,-27.8262282759679,166.328660949875));
#410= IFCCARTESIANPOINT((204.996103401879,-7.07737091631316,195.014421348802));
#411= IFCPOLYLOOP((#335,#408,#409,#410,#336));
#412= IFCFACEOUTERBOUND(#411,.T.);
#413= IFCFACE((#412));
#414= IFCCARTESIANPOINT((204.996167930714,1.38643601418698,104.351577023455));
#415= IFCCARTESIANPOINT((204.996205174803,25.6913083320596,86.7714842482965));
#416= IFCCARTESIANPOINT((204.996216855972,72.7778893597042,151.869737995501));
#417= IFCCARTESIANPOINT((205.000366903669,93.9206023889074,140.56656487998));
#418= IFCCARTESIANPOINT((204.996254514566,98.7536219488611,136.599646999573));
#419= IFCCARTESIANPOINT((204.996242418892,49.9961806504398,69.1913914732577));
#420= IFCCARTESIANPOINT((204.996279662982,74.3010529686089,51.6112986982225));
#421= IFCCARTESIANPOINT((204.996291399095,121.609115193532,117.015755166602));
#422= IFCCARTESIANPOINT((204.999065272151,140.560099270089,93.9212424283505));
#423= IFCCARTESIANPOINT((204.996327427189,141.012331143907,92.6590125884577));
#424= IFCCARTESIANPOINT((204.996316907071,98.6059252863633,34.0312059231001));
#425= IFCCARTESIANPOINT((204.996354151161,122.910797604249,16.4511131479558));
#426= IFCCARTESIANPOINT((204.99635864215,141.013893100169,41.4790484637888));
#427= IFCCARTESIANPOINT((204.998637483319,156.181055300642,64.6935428959914));
#428= IFCCARTESIANPOINT((204.998382288007,165.800275177013,32.9803166817437));
#429= IFCCARTESIANPOINT((204.998309488072,169.048284594661,3.63797880709171E-11));
#430= IFCCARTESIANPOINT((204.998421879564,165.800327903031,-32.9803271698111));
#431= IFCCARTESIANPOINT((204.998715145524,156.181152726458,-64.6935832521813));
#432= IFCCARTESIANPOINT((204.996413406666,87.5560279384954,-143.969415189298));
#433= IFCCARTESIANPOINT((204.996398394491,67.9372575743819,-154.457887751138));
#434= IFCCARTESIANPOINT((204.996366576983,47.1736821730374,-139.439270203027));
#435= IFCCARTESIANPOINT((204.99636175107,27.7205146150118,-166.333710407664));
#436= IFCCARTESIANPOINT((205.003230399128,-0.00297364912330522,-169.066757255907));
#437= IFCCARTESIANPOINT((204.996321047851,-10.528048899565,-168.031083263948));
#438= IFCCARTESIANPOINT((204.996329332894,22.8688098553284,-121.859177422903));
#439= IFCCARTESIANPOINT((204.996292088804,-1.43606246254967,-104.279084647736));
#440= IFCCARTESIANPOINT((204.996281624278,-43.6183806342451,-162.597085064328));
#441= IFCCARTESIANPOINT((205.005067225937,-64.7042666474372,-156.202738772801));
#442= IFCCARTESIANPOINT((204.996243155218,-72.8610876629609,-151.843659461614));
#443= IFCCARTESIANPOINT((204.996254844715,-25.7409347805988,-86.6989918727413));
#444= IFCCARTESIANPOINT((204.996217600625,-50.0458070984878,-69.118899097597));
#445= IFCCARTESIANPOINT((204.996205498191,-98.8305028669529,-136.564834538323));
#446= IFCCARTESIANPOINT((205.006609061142,-119.558877815607,-119.555903947436));
#447= IFCCARTESIANPOINT((204.996168615249,-121.679598320314,-116.972097615024));
#448= IFCCARTESIANPOINT((204.996180356536,-74.3506794170098,-51.5388063225582));
#449= IFCCARTESIANPOINT((204.996143112446,-98.6555517348952,-33.9587135474067));
#450= IFCCARTESIANPOINT((204.99613260715,-141.002212144625,-92.5039207919217));
#451= IFCCARTESIANPOINT((205.007621106349,-156.213326172363,-64.7044464798637));
#452= IFCCARTESIANPOINT((205.007876392317,-165.835831601889,-32.9862063043365));
#453= IFCCARTESIANPOINT((205.007949220553,-169.084957714915,3.23780113831162E-10));
#454= IFCCARTESIANPOINT((205.007836790696,-165.835778854142,32.9861958130932));
#455= IFCCARTESIANPOINT((205.007543425546,-156.213228708077,64.7044061106499));
#456= IFCCARTESIANPOINT((205.007080404609,-140.587288585075,93.9354358981764));
#457= IFCCARTESIANPOINT((205.006465529767,-119.558739984475,119.555766122179));
#458= IFCCARTESIANPOINT((205.005722439909,-93.9360334423036,140.580758343298));
#459= IFCCARTESIANPOINT((205.004879701043,-64.7041691886752,156.202503503751));
#460= IFCCARTESIANPOINT((205.003969707071,-32.9867932897414,165.820858813069));
#461= IFCCARTESIANPOINT((204.996130686624,-22.9184363038639,121.931669798454));
#462= IFCCARTESIANPOINT((204.99613895988,10.4309086638277,168.037886763643));
#463= IFCCARTESIANPOINT((205.002089093605,32.9796765759893,165.81497968952));
#464= IFCCARTESIANPOINT((204.99617838527,43.5285651656104,162.614015218671));
#465= IFCPOLYLOOP((#414,#415,#416,#417,#418,#419,#420,#421,#422,#423,#424,#425,#426,#423,#427,#428,#429,#430,#431,#403,#399,#398,#432,#433,#434,#435,#436,#437,#438,#439,#440,#441,#442,#443,#444,#445,#446,#447,#448,#449,#450,#451,#452,#453,#454,#455,#456,#457,#458,#459,#460,#409,#408,#461,#462,#463,#464));
#466= IFCFACEOUTERBOUND(#465,.T.);
#467= IFCCARTESIANPOINT((204.996351243844,111.191456013525,0.248860701060039));
#468= IFCCARTESIANPOINT((204.99633224021,34.5881514466382,-105.656924975796));
#469= IFCCARTESIANPOINT((204.9963694843,58.89302376452,-123.237017750969));
#470= IFCCARTESIANPOINT((204.996388485547,135.494771304917,-17.3301058525612));
#471= IFCPOLYLOOP((#467,#468,#469,#470));
#472= IFCFACEBOUND(#471,.T.);
#473= IFCCARTESIANPOINT((204.996053291128,-83.2475225234175,140.889602907191));
#474= IFCCARTESIANPOINT((204.996038962269,-141.006898029995,61.0359716049061));
#475= IFCCARTESIANPOINT((204.996063165247,-141.005686955636,21.3528337890893));
#476= IFCCARTESIANPOINT((204.99607153397,-135.544397780899,17.4025982492276));
#477= IFCCARTESIANPOINT((204.996090535218,-58.9426502104598,123.309510124851));
#478= IFCPOLYLOOP((#473,#474,#475,#476,#477));
#479= IFCFACEBOUND(#478,.T.);
#480= IFCCARTESIANPOINT((204.996127779307,-34.6377778949391,105.729417351518));
#481= IFCCARTESIANPOINT((204.996108775674,-111.241082461831,-0.176368325337535));
#482= IFCCARTESIANPOINT((204.996146019763,-86.9362101439474,-17.7564611005));
#483= IFCCARTESIANPOINT((204.996165023397,-10.3329055770519,88.1493245763631));
#484= IFCPOLYLOOP((#480,#481,#482,#483));
#485= IFCFACEBOUND(#484,.T.);
#486= IFCCARTESIANPOINT((204.996276755665,62.5817113774629,35.4090462512177));
#487= IFCCARTESIANPOINT((204.996257752032,-14.0215931894363,-70.4967394256528));
#488= IFCCARTESIANPOINT((204.996294996121,10.2832791284509,-88.076832200808));
#489= IFCCARTESIANPOINT((204.996313999754,86.8865836953446,17.8289534760515));
#490= IFCPOLYLOOP((#486,#487,#488,#489));
#491= IFCFACEBOUND(#490,.T.);
#492= IFCCARTESIANPOINT((204.996202267486,13.9719667415393,70.5692318014299));
#493= IFCCARTESIANPOINT((204.996183263853,-62.6313378253471,-35.3365538754224));
#494= IFCCARTESIANPOINT((204.996220507942,-38.3264655074654,-52.9166466505922));
#495= IFCCARTESIANPOINT((204.996239511576,38.2768390594229,52.9891390262783));
#496= IFCPOLYLOOP((#492,#493,#494,#495));
#497= IFCFACEBOUND(#496,.T.);
#498= IFCFACE((#466,#472,#479,#485,#491,#497));
#499= IFCCARTESIANPOINT((204.996143800726,29.9442736141518,195.015551212287));
#500= IFCPOLYLOOP((#334,#337,#499,#462,#461));
#501= IFCFACEOUTERBOUND(#500,.T.);
#502= IFCFACE((#501));
#503= IFCPOLYLOOP((#336,#410,#499,#337));
#504= IFCFACEOUTERBOUND(#503,.T.);
#505= IFCFACE((#504));
#506= IFCPOLYLOOP((#461,#408,#335,#334));
#507= IFCFACEOUTERBOUND(#506,.T.);
#508= IFCFACE((#507));
#509= IFCPOLYLOOP((#450,#449,#349,#348));
#510= IFCFACEOUTERBOUND(#509,.T.);
#511= IFCFACE((#510));
#512= IFCPOLYLOOP((#449,#448,#346,#349));
#513= IFCFACEOUTERBOUND(#512,.T.);
#514= IFCFACE((#513));
#515= IFCCARTESIANPOINT((204.996163822111,-141.000650188365,-143.683884916612));
#516= IFCPOLYLOOP((#346,#448,#447,#515,#347));
#517= IFCFACEOUTERBOUND(#516,.T.);
#518= IFCFACE((#517));
#519= IFCCARTESIANPOINT((204.996133480299,-141.002168453377,-93.9355336461995));
#520= IFCPOLYLOOP((#348,#347,#515,#519,#450));
#521= IFCFACEOUTERBOUND(#520,.T.);
#522= IFCFACE((#521));
#523= IFCCARTESIANPOINT((204.996195014494,-141.090095620339,-194.989668796257));
#524= IFCPOLYLOOP((#306,#305,#523,#445,#444));
#525= IFCFACEOUTERBOUND(#524,.T.);
#526= IFCFACE((#525));
#527= IFCCARTESIANPOINT((204.996235413342,-104.06845108985,-194.988538932728));
#528= IFCPOLYLOOP((#304,#527,#523,#305));
#529= IFCFACEOUTERBOUND(#528,.T.);
#530= IFCFACE((#529));
#531= IFCPOLYLOOP((#307,#443,#442,#527,#304));
#532= IFCFACEOUTERBOUND(#531,.T.);
#533= IFCFACE((#532));
#534= IFCPOLYLOOP((#444,#443,#307,#306));
#535= IFCFACEOUTERBOUND(#534,.T.);
#536= IFCFACE((#535));
#537= IFCCARTESIANPOINT((204.996275812189,-67.0468065592067,-194.987409069065));
#538= IFCPOLYLOOP((#361,#360,#537,#440,#439));
#539= IFCFACEOUTERBOUND(#538,.T.);
#540= IFCFACE((#539));
#541= IFCCARTESIANPOINT((204.996316211036,-30.0251620287472,-194.986279205572));
#542= IFCPOLYLOOP((#359,#541,#537,#360));
#543= IFCFACEOUTERBOUND(#542,.T.);
#544= IFCFACE((#543));
#545= IFCPOLYLOOP((#362,#438,#437,#541,#359));
#546= IFCFACEOUTERBOUND(#545,.T.);
#547= IFCFACE((#546));
#548= IFCPOLYLOOP((#439,#438,#362,#361));
#549= IFCFACEOUTERBOUND(#548,.T.);
#550= IFCFACE((#549));
#551= IFCCARTESIANPOINT((204.996356609884,6.99648250175414,-194.985149347187));
#552= IFCPOLYLOOP((#367,#366,#551,#435,#434));
#553= IFCFACEOUTERBOUND(#552,.T.);
#554= IFCFACE((#553));
#555= IFCCARTESIANPOINT((204.996397008731,44.0181270321664,-194.984019483556));
#556= IFCPOLYLOOP((#365,#555,#551,#366));
#557= IFCFACEOUTERBOUND(#556,.T.);
#558= IFCFACE((#557));
#559= IFCCARTESIANPOINT((204.996403821073,71.47855449093,-157.019362978113));
#560= IFCPOLYLOOP((#368,#559,#555,#365));
#561= IFCFACEOUTERBOUND(#560,.T.);
#562= IFCFACE((#561));
#563= IFCPOLYLOOP((#367,#434,#433,#559,#368));
#564= IFCFACEOUTERBOUND(#563,.T.);
#565= IFCFACE((#564));
#566= IFCCARTESIANPOINT((204.996443972479,107.502768400562,-158.397203301025));
#567= IFCPOLYLOOP((#392,#391,#566,#432,#398));
#568= IFCFACEOUTERBOUND(#567,.T.);
#569= IFCFACE((#568));
#570= IFCPOLYLOOP((#394,#404,#566,#391));
#571= IFCFACEOUTERBOUND(#570,.T.);
#572= IFCFACE((#571));
#573= IFCPOLYLOOP((#423,#426,#380,#379));
#574= IFCFACEOUTERBOUND(#573,.T.);
#575= IFCFACE((#574));
#576= IFCPOLYLOOP((#426,#425,#377,#380));
#577= IFCFACEOUTERBOUND(#576,.T.);
#578= IFCFACE((#577));
#579= IFCPOLYLOOP((#425,#424,#378,#377));
#580= IFCFACEOUTERBOUND(#579,.T.);
#581= IFCFACE((#580));
#582= IFCPOLYLOOP((#424,#423,#379,#378));
#583= IFCFACEOUTERBOUND(#582,.T.);
#584= IFCFACE((#583));
#585= IFCCARTESIANPOINT((204.996296212229,141.010769186796,143.83897671357));
#586= IFCPOLYLOOP((#316,#319,#585,#421,#420));
#587= IFCFACEOUTERBOUND(#586,.T.);
#588= IFCFACE((#587));
#589= IFCCARTESIANPOINT((204.996264997268,141.009207213474,195.018940815615));
#590= IFCPOLYLOOP((#318,#589,#585,#319));
#591= IFCFACEOUTERBOUND(#590,.T.);
#592= IFCFACE((#591));
#593= IFCPOLYLOOP((#317,#419,#418,#589,#318));
#594= IFCFACEOUTERBOUND(#593,.T.);
#595= IFCFACE((#594));
#596= IFCPOLYLOOP((#420,#419,#317,#316));
#597= IFCFACEOUTERBOUND(#596,.T.);
#598= IFCFACE((#597));
#599= IFCCARTESIANPOINT((204.996224598421,103.987562675238,195.017810939447));
#600= IFCPOLYLOOP((#328,#331,#599,#416,#415));
#601= IFCFACEOUTERBOUND(#600,.T.);
#602= IFCFACE((#601));
#603= IFCCARTESIANPOINT((204.996184199573,66.9659181447732,195.016681075947));
#604= IFCPOLYLOOP((#330,#603,#599,#331));
#605= IFCFACEOUTERBOUND(#604,.T.);
#606= IFCFACE((#605));
#607= IFCPOLYLOOP((#329,#414,#464,#603,#330));
#608= IFCFACEOUTERBOUND(#607,.T.);
#609= IFCFACE((#608));
#610= IFCPOLYLOOP((#415,#414,#329,#328));
#611= IFCFACEOUTERBOUND(#610,.T.);
#612= IFCFACE((#611));
#613= IFCPOLYLOOP((#494,#493,#311,#310));
#614= IFCFACEOUTERBOUND(#613,.T.);
#615= IFCFACE((#614));
#616= IFCPOLYLOOP((#493,#492,#312,#311));
#617= IFCFACEOUTERBOUND(#616,.T.);
#618= IFCFACE((#617));
#619= IFCPOLYLOOP((#492,#495,#313,#312));
#620= IFCFACEOUTERBOUND(#619,.T.);
#621= IFCFACE((#620));
#622= IFCPOLYLOOP((#495,#494,#310,#313));
#623= IFCFACEOUTERBOUND(#622,.T.);
#624= IFCFACE((#623));
#625= IFCPOLYLOOP((#488,#487,#323,#322));
#626= IFCFACEOUTERBOUND(#625,.T.);
#627= IFCFACE((#626));
#628= IFCPOLYLOOP((#487,#486,#324,#323));
#629= IFCFACEOUTERBOUND(#628,.T.);
#630= IFCFACE((#629));
#631= IFCPOLYLOOP((#486,#489,#325,#324));
#632= IFCFACEOUTERBOUND(#631,.T.);
#633= IFCFACE((#632));
#634= IFCPOLYLOOP((#489,#488,#322,#325));
#635= IFCFACEOUTERBOUND(#634,.T.);
#636= IFCFACE((#635));
#637= IFCPOLYLOOP((#482,#481,#341,#340));
#638= IFCFACEOUTERBOUND(#637,.T.);
#639= IFCFACE((#638));
#640= IFCPOLYLOOP((#481,#480,#342,#341));
#641= IFCFACEOUTERBOUND(#640,.T.);
#642= IFCFACE((#641));
#643= IFCPOLYLOOP((#480,#483,#343,#342));
#644= IFCFACEOUTERBOUND(#643,.T.);
#645= IFCFACE((#644));
#646= IFCPOLYLOOP((#483,#482,#340,#343));
#647= IFCFACEOUTERBOUND(#646,.T.);
#648= IFCFACE((#647));
#649= IFCPOLYLOOP((#476,#475,#354,#353));
#650= IFCFACEOUTERBOUND(#649,.T.);
#651= IFCFACE((#650));
#652= IFCPOLYLOOP((#475,#474,#355,#354));
#653= IFCFACEOUTERBOUND(#652,.T.);
#654= IFCFACE((#653));
#655= IFCPOLYLOOP((#474,#473,#356,#355));
#656= IFCFACEOUTERBOUND(#655,.T.);
#657= IFCFACE((#656));
#658= IFCPOLYLOOP((#473,#477,#352,#356));
#659= IFCFACEOUTERBOUND(#658,.T.);
#660= IFCFACE((#659));
#661= IFCPOLYLOOP((#477,#476,#353,#352));
#662= IFCFACEOUTERBOUND(#661,.T.);
#663= IFCFACE((#662));
#664= IFCPOLYLOOP((#469,#468,#372,#371));
#665= IFCFACEOUTERBOUND(#664,.T.);
#666= IFCFACE((#665));
#667= IFCPOLYLOOP((#468,#467,#373,#372));
#668= IFCFACEOUTERBOUND(#667,.T.);
#669= IFCFACE((#668));
#670= IFCPOLYLOOP((#467,#470,#374,#373));
#671= IFCFACEOUTERBOUND(#670,.T.);
#672= IFCFACE((#671));
#673= IFCPOLYLOOP((#470,#469,#371,#374));
#674= IFCFACEOUTERBOUND(#673,.T.);
#675= IFCFACE((#674));
#676= IFCCARTESIANPOINT((204.996018954356,-95.8330532576765,174.671948123771));
#677= IFCCARTESIANPOINT((204.996022604184,-81.1206599774068,195.012161621664));
#678= IFCPOLYLOOP((#384,#676,#677,#385));
#679= IFCFACEOUTERBOUND(#678,.T.);
#680= IFCFACE((#679));
#681= IFCCARTESIANPOINT((204.996063003032,-44.0990154469255,195.013291485142));
#682= IFCPOLYLOOP((#385,#677,#681,#386));
#683= IFCFACEOUTERBOUND(#682,.T.);
#684= IFCFACE((#683));
#685= IFCCARTESIANPOINT((204.996056198445,-71.5281809397911,157.091855348601));
#686= IFCPOLYLOOP((#386,#681,#685,#383));
#687= IFCFACEOUTERBOUND(#686,.T.);
#688= IFCFACE((#687));
#689= IFCPOLYLOOP((#383,#685,#676,#384));
#690= IFCFACEOUTERBOUND(#689,.T.);
#691= IFCFACE((#690));
#692= IFCCARTESIANPOINT((204.995906221035,-171.007903698161,225.009418346843));
#693= IFCCARTESIANPOINT((204.996180678676,-170.994170148766,-224.99058144361));
#694= IFCPOLYLOOP((#299,#692,#693,#300));
#695= IFCFACEOUTERBOUND(#694,.T.);
#696= IFCFACE((#695));
#697= IFCCARTESIANPOINT((204.9962794324,171.00429298432,225.019856217274));
#698= IFCPOLYLOOP((#298,#697,#692,#299));
#699= IFCFACEOUTERBOUND(#698,.T.);
#700= IFCFACE((#699));
#701= IFCCARTESIANPOINT((204.996553890041,171.018026533715,-224.980143573179));
#702= IFCPOLYLOOP((#301,#701,#697,#298));
#703= IFCFACEOUTERBOUND(#702,.T.);
#704= IFCFACE((#703));
#705= IFCPOLYLOOP((#300,#693,#701,#301));
#706= IFCFACEOUTERBOUND(#705,.T.);
#707= IFCFACE((#706));
#708= IFCPOLYLOOP((#280,#279,#286,#291));
#709= IFCFACEOUTERBOUND(#708,.T.);
#710= IFCFACE((#709));
#711= IFCCARTESIANPOINT((205.003027433709,-0.00297364161633595,169.066481640046));
#712= IFCPOLYLOOP((#410,#409,#711,#462,#499));
#713= IFCFACEOUTERBOUND(#712,.T.);
#714= IFCFACE((#713));
#715= IFCCARTESIANPOINT((128.99999999911,-5.45428756595356E-05,65.8582208960033));
#716= IFCCARTESIANPOINT((129.000679619598,12.8482962766921,64.5930215673325));
#717= IFCPOLYLOOP((#711,#715,#716,#463,#462));
#718= IFCFACEOUTERBOUND(#717,.T.);
#719= IFCFACE((#718));
#720= IFCCARTESIANPOINT((129.001071968265,20.2657202641403,62.3431223580046));
#721= IFCCARTESIANPOINT((129.001333127572,25.2029851961906,60.8455204296697));
#722= IFCCARTESIANPOINT((205.001190744455,64.6937222181259,156.191640298897));
#723= IFCPOLYLOOP((#716,#720,#721,#722,#464,#463));
#724= IFCFACEOUTERBOUND(#723,.T.);
#725= IFCFACE((#724));
#726= IFCPOLYLOOP((#464,#722,#416,#599,#603));
#727= IFCFACEOUTERBOUND(#726,.T.);
#728= IFCFACE((#727));
#729= IFCCARTESIANPOINT((129.001935408242,36.5892124666952,54.7597079289626));
#730= IFCPOLYLOOP((#722,#721,#729,#417,#416));
#731= IFCFACEOUTERBOUND(#730,.T.);
#732= IFCFACE((#731));
#733= IFCCARTESIANPOINT((129.002040488847,38.5757807136724,53.1294238165137));
#734= IFCCARTESIANPOINT((129.002463315034,46.5693878394777,46.5694424425055));
#735= IFCCARTESIANPOINT((204.99964922274,119.537429802056,119.540403225019));
#736= IFCPOLYLOOP((#729,#733,#734,#735,#418,#417));
#737= IFCFACEOUTERBOUND(#736,.T.);
#738= IFCFACE((#737));
#739= IFCPOLYLOOP((#418,#735,#421,#585,#589));
#740= IFCFACEOUTERBOUND(#739,.T.);
#741= IFCFACE((#740));
#742= IFCCARTESIANPOINT((129.002810323349,53.1296441193099,38.5759494935155));
#743= IFCCARTESIANPOINT((129.002896559293,54.7599505554663,36.5894656663222));
#744= IFCPOLYLOOP((#735,#734,#742,#743,#422,#421));
#745= IFCFACEOUTERBOUND(#744,.T.);
#746= IFCFACE((#745));
#747= IFCCARTESIANPOINT((129.003218490193,60.8461136659062,25.2033081230657));
#748= IFCPOLYLOOP((#743,#747,#427,#423,#422));
#749= IFCFACEOUTERBOUND(#748,.T.);
#750= IFCFACE((#749));
#751= IFCCARTESIANPOINT((129.003297715303,62.3438790009295,20.2659385274928));
#752= IFCCARTESIANPOINT((129.003416734845,64.5939654142185,12.8485494448287));
#753= IFCPOLYLOOP((#747,#751,#752,#428,#427));
#754= IFCFACEOUTERBOUND(#753,.T.);
#755= IFCFACE((#754));
#756= IFCCARTESIANPOINT((129.003483673972,65.8594619756495,0.));
#757= IFCPOLYLOOP((#752,#756,#429,#428));
#758= IFCFACEOUTERBOUND(#757,.T.);
#759= IFCFACE((#758));
#760= IFCCARTESIANPOINT((129.003416734845,64.5939654142185,-12.8485494448287));
#761= IFCPOLYLOOP((#756,#760,#430,#429));
#762= IFCFACEOUTERBOUND(#761,.T.);
#763= IFCFACE((#762));
#764= IFCCARTESIANPOINT((129.003297715303,62.3438790009295,-20.2659385274928));
#765= IFCCARTESIANPOINT((129.003218490193,60.8461136659062,-25.2033081230657));
#766= IFCPOLYLOOP((#760,#764,#765,#431,#430));
#767= IFCFACEOUTERBOUND(#766,.T.);
#768= IFCFACE((#767));
#769= IFCCARTESIANPOINT((129.002896559293,54.7599505554663,-36.5894656663222));
#770= IFCPOLYLOOP((#765,#769,#403,#431));
#771= IFCFACEOUTERBOUND(#770,.T.);
#772= IFCFACE((#771));
#773= IFCCARTESIANPOINT((129.002810323349,53.1296441193099,-38.5759494935155));
#774= IFCCARTESIANPOINT((129.002463315034,46.5693878394777,-46.5694424425055));
#775= IFCCARTESIANPOINT((204.999792727814,119.537567587153,-119.540541015263));
#776= IFCPOLYLOOP((#769,#773,#774,#775,#403));
#777= IFCFACEOUTERBOUND(#776,.T.);
#778= IFCFACE((#777));
#779= IFCCARTESIANPOINT((129.002040488847,38.5757807136724,-53.1294238165137));
#780= IFCCARTESIANPOINT((129.001935408242,36.5892124666952,-54.7597079289626));
#781= IFCCARTESIANPOINT((205.000535651098,93.9207296879049,-140.566755405533));
#782= IFCPOLYLOOP((#774,#779,#780,#781,#775));
#783= IFCFACEOUTERBOUND(#782,.T.);
#784= IFCFACE((#783));
#785= IFCCARTESIANPOINT((129.001333127572,25.2029851961906,-60.8455204296697));
#786= IFCCARTESIANPOINT((205.001378250752,64.693819649463,-156.191875535445));
#787= IFCPOLYLOOP((#781,#780,#785,#786,#433,#432));
#788= IFCFACEOUTERBOUND(#787,.T.);
#789= IFCFACE((#788));
#790= IFCCARTESIANPOINT((205.002288154067,32.9797293036354,-165.815244806017));
#791= IFCPOLYLOOP((#786,#790,#435,#551,#555,#559,#433));
#792= IFCFACEOUTERBOUND(#791,.T.);
#793= IFCFACE((#792));
#794= IFCCARTESIANPOINT((129.000679619598,12.8482962766921,-64.5930215673325));
#795= IFCCARTESIANPOINT((128.99999999911,-5.45428756595356E-05,-65.8582208960033));
#796= IFCPOLYLOOP((#790,#794,#795,#436,#435));
#797= IFCFACEOUTERBOUND(#796,.T.);
#798= IFCFACE((#797));
#799= IFCCARTESIANPOINT((128.999320383838,-12.8483067345151,-64.5925257312592));
#800= IFCCARTESIANPOINT((205.004168777598,-32.9868460358557,-165.821123948255));
#801= IFCPOLYLOOP((#795,#799,#800,#437,#436));
#802= IFCFACEOUTERBOUND(#801,.T.);
#803= IFCFACE((#802));
#804= IFCPOLYLOOP((#541,#437,#800,#440,#537));
#805= IFCFACEOUTERBOUND(#804,.T.);
#806= IFCFACE((#805));
#807= IFCCARTESIANPOINT((128.99892804827,-20.2654830973606,-62.342398120938));
#808= IFCCARTESIANPOINT((128.998666890721,-25.2027147854424,-60.8446042440737));
#809= IFCPOLYLOOP((#800,#799,#807,#808,#441,#440));
#810= IFCFACEOUTERBOUND(#809,.T.);
#811= IFCFACE((#810));
#812= IFCCARTESIANPOINT((128.998064632285,-36.5885217064242,-54.7585108747917));
#813= IFCCARTESIANPOINT((205.005891211637,-93.9361607794945,-140.580948907009));
#814= IFCPOLYLOOP((#808,#812,#813,#442,#441));
#815= IFCFACEOUTERBOUND(#814,.T.);
#816= IFCFACE((#815));
#817= IFCPOLYLOOP((#527,#442,#813,#445,#523));
#818= IFCFACEOUTERBOUND(#817,.T.);
#819= IFCFACE((#818));
#820= IFCCARTESIANPOINT((128.997959563934,-38.574858281052,-53.1283162638247));
#821= IFCCARTESIANPOINT((128.997536751721,-46.5682012431334,-46.5681467604081));
#822= IFCPOLYLOOP((#813,#812,#820,#821,#446,#445));
#823= IFCFACEOUTERBOUND(#822,.T.);
#824= IFCFACE((#823));
#825= IFCCARTESIANPOINT((128.997189762545,-53.128095682041,-38.5746897928911));
#826= IFCCARTESIANPOINT((128.997103533689,-54.7582681230524,-36.5882686121549));
#827= IFCPOLYLOOP((#821,#825,#826,#519,#447,#446));
#828= IFCFACEOUTERBOUND(#827,.T.);
#829= IFCFACE((#828));
#830= IFCPOLYLOOP((#447,#519,#515));
#831= IFCFACEOUTERBOUND(#830,.T.);
#832= IFCFACE((#831));
#833= IFCCARTESIANPOINT((128.996781625024,-60.8440108839659,-25.2023919374697));
#834= IFCPOLYLOOP((#519,#826,#833,#451,#450));
#835= IFCFACEOUTERBOUND(#834,.T.);
#836= IFCFACE((#835));
#837= IFCCARTESIANPOINT((128.99670240705,-62.3416413135692,-20.2652650324853));
#838= IFCCARTESIANPOINT((128.996583395229,-64.5915817637069,-12.8480536087591));
#839= IFCPOLYLOOP((#833,#837,#838,#452,#451));
#840= IFCFACEOUTERBOUND(#839,.T.);
#841= IFCFACE((#840));
#842= IFCCARTESIANPOINT((128.996516461318,-65.8569796972097,0.));
#843= IFCPOLYLOOP((#838,#842,#453,#452));
#844= IFCFACEOUTERBOUND(#843,.T.);
#845= IFCFACE((#844));
#846= IFCCARTESIANPOINT((128.996583395229,-64.5915817637069,12.8480536087591));
#847= IFCPOLYLOOP((#842,#846,#454,#453));
#848= IFCFACEOUTERBOUND(#847,.T.);
#849= IFCFACE((#848));
#850= IFCCARTESIANPOINT((128.99670240705,-62.3416413135692,20.2652650324853));
#851= IFCCARTESIANPOINT((128.996781625024,-60.8440108839659,25.2023919374697));
#852= IFCPOLYLOOP((#846,#850,#851,#455,#454));
#853= IFCFACEOUTERBOUND(#852,.T.);
#854= IFCFACE((#853));
#855= IFCCARTESIANPOINT((128.997103533689,-54.7582681230524,36.5882686121549));
#856= IFCPOLYLOOP((#851,#855,#456,#455));
#857= IFCFACEOUTERBOUND(#856,.T.);
#858= IFCFACE((#857));
#859= IFCCARTESIANPOINT((128.997189762545,-53.128095682041,38.5746897928911));
#860= IFCCARTESIANPOINT((128.997536751721,-46.5682012431334,46.5681467604081));
#861= IFCPOLYLOOP((#855,#859,#860,#457,#456));
#862= IFCFACEOUTERBOUND(#861,.T.);
#863= IFCFACE((#862));
#864= IFCCARTESIANPOINT((128.997959563934,-38.574858281052,53.1283162638247));
#865= IFCCARTESIANPOINT((128.998064632285,-36.5885217064242,54.7585108747917));
#866= IFCPOLYLOOP((#860,#864,#865,#458,#457));
#867= IFCFACEOUTERBOUND(#866,.T.);
#868= IFCFACE((#867));
#869= IFCCARTESIANPOINT((128.998666890721,-25.2027147854424,60.8446042440737));
#870= IFCPOLYLOOP((#865,#869,#459,#458));
#871= IFCFACEOUTERBOUND(#870,.T.);
#872= IFCFACE((#871));
#873= IFCCARTESIANPOINT((128.99892804827,-20.2654830973606,62.342398120938));
#874= IFCCARTESIANPOINT((128.999320383838,-12.8483067345151,64.5925257312592));
#875= IFCPOLYLOOP((#869,#873,#874,#460,#459));
#876= IFCFACEOUTERBOUND(#875,.T.);
#877= IFCFACE((#876));
#878= IFCPOLYLOOP((#874,#715,#711,#409,#460));
#879= IFCFACEOUTERBOUND(#878,.T.);
#880= IFCFACE((#879));
#881= IFCPOLYLOOP((#873,#715,#874));
#882= IFCFACEOUTERBOUND(#881,.T.);
#883= IFCFACE((#882));
#884= IFCCARTESIANPOINT((-2.27373675443232E-13,1.81898940354586E-12,66.));
#885= IFCCARTESIANPOINT((-3.75166564481333E-12,-20.3951216287824,62.7697300754808));
#886= IFCPOLYLOOP((#884,#715,#873,#885));
#887= IFCFACEOUTERBOUND(#886,.T.);
#888= IFCFACE((#887));
#889= IFCCARTESIANPOINT((3.41060513164848E-12,20.3951216287824,62.7697300754808));
#890= IFCPOLYLOOP((#889,#720,#715,#884));
#891= IFCFACEOUTERBOUND(#890,.T.);
#892= IFCFACE((#891));
#893= IFCPOLYLOOP((#715,#720,#716));
#894= IFCFACEOUTERBOUND(#893,.T.);
#895= IFCFACE((#894));
#896= IFCCARTESIANPOINT((7.04858393874019E-12,38.7938266513738,53.395121628746));
#897= IFCPOLYLOOP((#889,#896,#733,#729,#721,#720));
#898= IFCFACEOUTERBOUND(#897,.T.);
#899= IFCFACE((#898));
#900= IFCCARTESIANPOINT((9.77706804405898E-12,53.3951216288424,38.7938266513047));
#901= IFCPOLYLOOP((#900,#742,#733,#896));
#902= IFCFACEOUTERBOUND(#901,.T.);
#903= IFCFACE((#902));
#904= IFCPOLYLOOP((#742,#734,#733));
#905= IFCFACEOUTERBOUND(#904,.T.);
#906= IFCFACE((#905));
#907= IFCCARTESIANPOINT((1.14823706098832E-11,62.7697300755954,20.395121628746));
#908= IFCPOLYLOOP((#900,#907,#751,#747,#743,#742));
#909= IFCFACEOUTERBOUND(#908,.T.);
#910= IFCFACE((#909));
#911= IFCCARTESIANPOINT((1.18234311230481E-11,66.0000000001201,0.));
#912= IFCPOLYLOOP((#911,#756,#751,#907));
#913= IFCFACEOUTERBOUND(#912,.T.);
#914= IFCFACE((#913));
#915= IFCPOLYLOOP((#756,#752,#751));
#916= IFCFACEOUTERBOUND(#915,.T.);
#917= IFCFACE((#916));
#918= IFCCARTESIANPOINT((1.14823706098832E-11,62.7697300755954,-20.395121628746));
#919= IFCPOLYLOOP((#918,#764,#756,#911));
#920= IFCFACEOUTERBOUND(#919,.T.);
#921= IFCFACE((#920));
#922= IFCPOLYLOOP((#764,#760,#756));
#923= IFCFACEOUTERBOUND(#922,.T.);
#924= IFCFACE((#923));
#925= IFCCARTESIANPOINT((9.77706804405898E-12,53.3951216288424,-38.7938266513047));
#926= IFCPOLYLOOP((#918,#925,#773,#769,#765,#764));
#927= IFCFACEOUTERBOUND(#926,.T.);
#928= IFCFACE((#927));
#929= IFCCARTESIANPOINT((7.04858393874019E-12,38.7938266513738,-53.395121628746));
#930= IFCPOLYLOOP((#929,#779,#773,#925));
#931= IFCFACEOUTERBOUND(#930,.T.);
#932= IFCFACE((#931));
#933= IFCPOLYLOOP((#779,#774,#773));
#934= IFCFACEOUTERBOUND(#933,.T.);
#935= IFCFACE((#934));
#936= IFCCARTESIANPOINT((3.41060513164848E-12,20.3951216287824,-62.7697300754808));
#937= IFCCARTESIANPOINT((129.001071968265,20.2657202641403,-62.3431223580046));
#938= IFCPOLYLOOP((#929,#936,#937,#785,#780,#779));
#939= IFCFACEOUTERBOUND(#938,.T.);
#940= IFCFACE((#939));
#941= IFCPOLYLOOP((#785,#937,#794,#790,#786));
#942= IFCFACEOUTERBOUND(#941,.T.);
#943= IFCFACE((#942));
#944= IFCPOLYLOOP((#795,#794,#937));
#945= IFCFACEOUTERBOUND(#944,.T.);
#946= IFCFACE((#945));
#947= IFCCARTESIANPOINT((-2.27373675443232E-13,1.81898940354586E-12,-66.));
#948= IFCPOLYLOOP((#947,#795,#937,#936));
#949= IFCFACEOUTERBOUND(#948,.T.);
#950= IFCFACE((#949));
#951= IFCCARTESIANPOINT((-3.75166564481333E-12,-20.3951216287824,-62.7697300754808));
#952= IFCPOLYLOOP((#951,#807,#795,#947));
#953= IFCFACEOUTERBOUND(#952,.T.);
#954= IFCFACE((#953));
#955= IFCPOLYLOOP((#795,#807,#799));
#956= IFCFACEOUTERBOUND(#955,.T.);
#957= IFCFACE((#956));
#958= IFCCARTESIANPOINT((-7.16227077646181E-12,-38.7938266513738,-53.395121628746));
#959= IFCPOLYLOOP((#808,#807,#951,#958,#820,#812));
#960= IFCFACEOUTERBOUND(#959,.T.);
#961= IFCFACE((#960));
#962= IFCCARTESIANPOINT((-9.89075488178059E-12,-53.3951216288424,-38.7938266513047));
#963= IFCPOLYLOOP((#962,#825,#820,#958));
#964= IFCFACEOUTERBOUND(#963,.T.);
#965= IFCFACE((#964));
#966= IFCPOLYLOOP((#820,#825,#821));
#967= IFCFACEOUTERBOUND(#966,.T.);
#968= IFCFACE((#967));
#969= IFCCARTESIANPOINT((-1.18234311230481E-11,-62.7697300755954,-20.395121628746));
#970= IFCPOLYLOOP((#826,#825,#962,#969,#837,#833));
#971= IFCFACEOUTERBOUND(#970,.T.);
#972= IFCFACE((#971));
#973= IFCCARTESIANPOINT((-1.21644916362129E-11,-66.0000000001201,0.));
#974= IFCPOLYLOOP((#973,#842,#837,#969));
#975= IFCFACEOUTERBOUND(#974,.T.);
#976= IFCFACE((#975));
#977= IFCPOLYLOOP((#837,#842,#838));
#978= IFCFACEOUTERBOUND(#977,.T.);
#979= IFCFACE((#978));
#980= IFCCARTESIANPOINT((-1.18234311230481E-11,-62.7697300755954,20.395121628746));
#981= IFCPOLYLOOP((#980,#850,#842,#973));
#982= IFCFACEOUTERBOUND(#981,.T.);
#983= IFCFACE((#982));
#984= IFCPOLYLOOP((#842,#850,#846));
#985= IFCFACEOUTERBOUND(#984,.T.);
#986= IFCFACE((#985));
#987= IFCCARTESIANPOINT((-9.89075488178059E-12,-53.3951216288424,38.7938266513047));
#988= IFCPOLYLOOP((#851,#850,#980,#987,#859,#855));
#989= IFCFACEOUTERBOUND(#988,.T.);
#990= IFCFACE((#989));
#991= IFCCARTESIANPOINT((-7.16227077646181E-12,-38.7938266513738,53.395121628746));
#992= IFCPOLYLOOP((#991,#864,#859,#987));
#993= IFCFACEOUTERBOUND(#992,.T.);
#994= IFCFACE((#993));
#995= IFCPOLYLOOP((#859,#864,#860));
#996= IFCFACEOUTERBOUND(#995,.T.);
#997= IFCFACE((#996));
#998= IFCPOLYLOOP((#865,#864,#991,#885,#873,#869));
#999= IFCFACEOUTERBOUND(#998,.T.);
#1000= IFCFACE((#999));
#1001= IFCCARTESIANPOINT((-1.08002495835535E-11,-57.440206600726,41.7327529127651));
#1002= IFCCARTESIANPOINT((-7.73070496506989E-12,-41.7327529128415,57.4402066006223));
#1003= IFCCARTESIANPOINT((-4.09272615797818E-12,-21.9402066006605,67.5250126569554));
#1004= IFCCARTESIANPOINT((-2.27373675443232E-13,1.81898940354586E-12,71.));
#1005= IFCCARTESIANPOINT((3.97903932025656E-12,21.9402066006605,67.5250126569554));
#1006= IFCCARTESIANPOINT((7.50333128962666E-12,41.7327529128415,57.4402066006223));
#1007= IFCCARTESIANPOINT((1.04591890703887E-11,57.440206600726,41.7327529127651));
#1008= IFCCARTESIANPOINT((1.22781784739345E-11,67.5250126570772,21.9402066006223));
#1009= IFCCARTESIANPOINT((1.28466126625426E-11,71.0000000001273,0.));
#1010= IFCCARTESIANPOINT((1.22781784739345E-11,67.5250126570772,-21.9402066006223));
#1011= IFCCARTESIANPOINT((1.04591890703887E-11,57.440206600726,-41.7327529127651));
#1012= IFCCARTESIANPOINT((7.50333128962666E-12,41.7327529128415,-57.4402066006223));
#1013= IFCCARTESIANPOINT((3.97903932025656E-12,21.9402066006605,-67.5250126569554));
#1014= IFCCARTESIANPOINT((-2.27373675443232E-13,1.81898940354586E-12,-71.));
#1015= IFCCARTESIANPOINT((-4.09272615797818E-12,-21.9402066006605,-67.5250126569554));
#1016= IFCCARTESIANPOINT((-7.73070496506989E-12,-41.7327529128415,-57.4402066006223));
#1017= IFCCARTESIANPOINT((-1.08002495835535E-11,-57.440206600726,-41.7327529127651));
#1018= IFCCARTESIANPOINT((-1.26192389870994E-11,-67.5250126570772,-21.9402066006223));
#1019= IFCCARTESIANPOINT((-1.31876731757075E-11,-71.0000000001273,0.));
#1020= IFCCARTESIANPOINT((-1.26192389870994E-11,-67.5250126570772,21.9402066006223));
#1021= IFCPOLYLOOP((#1001,#1002,#1003,#1004,#1005,#1006,#1007,#1008,#1009,#1010,#1011,#1012,#1013,#1014,#1015,#1016,#1017,#1018,#1019,#1020));
#1022= IFCFACEOUTERBOUND(#1021,.T.);
#1023= IFCPOLYLOOP((#962,#958,#951,#947,#936,#929,#925,#918,#911,#907,#900,#896,#889,#884,#885,#991,#987,#980,#973,#969));
#1024= IFCFACEBOUND(#1023,.T.);
#1025= IFCFACE((#1022,#1024));
#1026= IFCCARTESIANPOINT((128.996444842526,-67.2109461909113,-21.8449356368874));
#1027= IFCCARTESIANPOINT((128.996244418474,-70.9999999007468,0.));
#1028= IFCPOLYLOOP((#1019,#1018,#1026,#1027));
#1029= IFCFACEOUTERBOUND(#1028,.T.);
#1030= IFCFACE((#1029));
#1031= IFCCARTESIANPOINT((128.996970615234,-57.2711160717718,-41.5939840337051));
#1032= IFCPOLYLOOP((#1018,#1017,#1031,#1026));
#1033= IFCFACEOUTERBOUND(#1032,.T.);
#1034= IFCFACE((#1033));
#1035= IFCCARTESIANPOINT((128.997799865646,-41.5939839011917,-57.2711162128471));
#1036= IFCPOLYLOOP((#1017,#1016,#1035,#1031));
#1037= IFCFACEOUTERBOUND(#1036,.T.);
#1038= IFCFACE((#1037));
#1039= IFCCARTESIANPOINT((128.998844502275,-21.8449355519078,-67.2109463013658));
#1040= IFCPOLYLOOP((#1016,#1015,#1039,#1035));
#1041= IFCFACEOUTERBOUND(#1040,.T.);
#1042= IFCFACE((#1041));
#1043= IFCCARTESIANPOINT((129.000000001995,1.0550138540566E-10,-71.));
#1044= IFCPOLYLOOP((#1015,#1014,#1043,#1039));
#1045= IFCFACEOUTERBOUND(#1044,.T.);
#1046= IFCFACE((#1045));
#1047= IFCCARTESIANPOINT((129.001155501714,21.8449355521061,-67.2109463013694));
#1048= IFCPOLYLOOP((#1014,#1013,#1047,#1043));
#1049= IFCFACEOUTERBOUND(#1048,.T.);
#1050= IFCFACE((#1049));
#1051= IFCCARTESIANPOINT((129.002200138343,41.5939839013936,-57.2711162128544));
#1052= IFCPOLYLOOP((#1013,#1012,#1051,#1047));
#1053= IFCFACEOUTERBOUND(#1052,.T.);
#1054= IFCFACE((#1053));
#1055= IFCCARTESIANPOINT((129.003029388756,57.2711160719755,-41.5939840337123));
#1056= IFCPOLYLOOP((#1012,#1011,#1055,#1051));
#1057= IFCFACEOUTERBOUND(#1056,.T.);
#1058= IFCFACE((#1057));
#1059= IFCCARTESIANPOINT((129.003555161463,67.2109461911223,-21.844935636891));
#1060= IFCPOLYLOOP((#1011,#1010,#1059,#1055));
#1061= IFCFACEOUTERBOUND(#1060,.T.);
#1062= IFCFACE((#1061));
#1063= IFCCARTESIANPOINT((129.003755585515,70.999999900956,0.));
#1064= IFCPOLYLOOP((#1010,#1009,#1063,#1059));
#1065= IFCFACEOUTERBOUND(#1064,.T.);
#1066= IFCFACE((#1065));
#1067= IFCCARTESIANPOINT((129.003555161463,67.2109461911223,21.844935636891));
#1068= IFCPOLYLOOP((#1009,#1008,#1067,#1063));
#1069= IFCFACEOUTERBOUND(#1068,.T.);
#1070= IFCFACE((#1069));
#1071= IFCCARTESIANPOINT((129.003029388756,57.2711160719755,41.5939840337123));
#1072= IFCPOLYLOOP((#1008,#1007,#1071,#1067));
#1073= IFCFACEOUTERBOUND(#1072,.T.);
#1074= IFCFACE((#1073));
#1075= IFCCARTESIANPOINT((129.002200138343,41.5939839013936,57.2711162128544));
#1076= IFCPOLYLOOP((#1007,#1006,#1075,#1071));
#1077= IFCFACEOUTERBOUND(#1076,.T.);
#1078= IFCFACE((#1077));
#1079= IFCCARTESIANPOINT((129.001155501714,21.8449355521061,67.2109463013694));
#1080= IFCPOLYLOOP((#1006,#1005,#1079,#1075));
#1081= IFCFACEOUTERBOUND(#1080,.T.);
#1082= IFCFACE((#1081));
#1083= IFCCARTESIANPOINT((129.000000001995,1.0550138540566E-10,71.));
#1084= IFCPOLYLOOP((#1005,#1004,#1083,#1079));
#1085= IFCFACEOUTERBOUND(#1084,.T.);
#1086= IFCFACE((#1085));
#1087= IFCCARTESIANPOINT((129.000000002,-21.9402066005623,67.5250126569554));
#1088= IFCPOLYLOOP((#1004,#1003,#1087,#1083));
#1089= IFCFACEOUTERBOUND(#1088,.T.);
#1090= IFCFACE((#1089));
#1091= IFCCARTESIANPOINT((128.997799865646,-41.5939839011917,57.2711162128471));
#1092= IFCPOLYLOOP((#1003,#1002,#1091,#1087));
#1093= IFCFACEOUTERBOUND(#1092,.T.);
#1094= IFCFACE((#1093));
#1095= IFCCARTESIANPOINT((128.996970615234,-57.2711160717718,41.5939840337051));
#1096= IFCPOLYLOOP((#1002,#1001,#1095,#1091));
#1097= IFCFACEOUTERBOUND(#1096,.T.);
#1098= IFCFACE((#1097));
#1099= IFCCARTESIANPOINT((128.996444842526,-67.2109461909113,21.8449356368874));
#1100= IFCPOLYLOOP((#1001,#1020,#1099,#1095));
#1101= IFCFACEOUTERBOUND(#1100,.T.);
#1102= IFCFACE((#1101));
#1103= IFCPOLYLOOP((#1020,#1019,#1027,#1099));
#1104= IFCFACEOUTERBOUND(#1103,.T.);
#1105= IFCFACE((#1104));
#1106= IFCCARTESIANPOINT((128.996316580958,-69.635754811281,13.8514128631468));
#1107= IFCPOLYLOOP((#1099,#1027,#1106));
#1108= IFCFACEOUTERBOUND(#1107,.T.);
#1109= IFCFACE((#1108));
#1110= IFCCARTESIANPOINT((128.996530295247,-65.5954467165939,27.1705236979215));
#1111= IFCCARTESIANPOINT((192.99289820683,-154.967459459709,30.8242708785474));
#1112= IFCCARTESIANPOINT((192.993373796374,-145.976351305339,60.4639823136858));
#1113= IFCPOLYLOOP((#1110,#1099,#1106,#1111,#1112));
#1114= IFCFACEOUTERBOUND(#1113,.T.);
#1115= IFCFACE((#1114));
#1116= IFCCARTESIANPOINT((192.992737619893,-158.003385151758,0.));
#1117= IFCPOLYLOOP((#1106,#1027,#1116,#1111));
#1118= IFCFACEOUTERBOUND(#1117,.T.);
#1119= IFCFACE((#1118));
#1120= IFCCARTESIANPOINT((128.996316580958,-69.635754811281,-13.8514128631468));
#1121= IFCCARTESIANPOINT((192.99289820683,-154.967459459709,-30.8242708785474));
#1122= IFCPOLYLOOP((#1027,#1120,#1121,#1116));
#1123= IFCFACEOUTERBOUND(#1122,.T.);
#1124= IFCFACE((#1123));
#1125= IFCCARTESIANPOINT((128.996530295247,-65.5954467165939,-27.1705236979215));
#1126= IFCCARTESIANPOINT((192.993373796374,-145.976351305339,-60.4639823136858));
#1127= IFCPOLYLOOP((#1120,#1026,#1125,#1126,#1121));
#1128= IFCFACEOUTERBOUND(#1127,.T.);
#1129= IFCFACE((#1128));
#1130= IFCCARTESIANPOINT((128.996877348421,-59.0343423909362,-39.4454865443913));
#1131= IFCCARTESIANPOINT((192.994146111887,-131.375583932746,-87.7800968170959));
#1132= IFCPOLYLOOP((#1125,#1130,#1131,#1126));
#1133= IFCFACEOUTERBOUND(#1132,.T.);
#1134= IFCFACE((#1133));
#1135= IFCCARTESIANPOINT((128.99734440342,-50.2045813940313,-50.2045814642443));
#1136= IFCCARTESIANPOINT((192.995185473717,-111.726256643857,-111.722871427475));
#1137= IFCPOLYLOOP((#1130,#1031,#1135,#1136,#1131));
#1138= IFCFACEOUTERBOUND(#1137,.T.);
#1139= IFCFACE((#1138));
#1140= IFCCARTESIANPOINT((128.997913511583,-39.4454864892014,-59.034342473482));
#1141= IFCCARTESIANPOINT((192.99645193977,-87.7834820669141,-131.372198743804));
#1142= IFCPOLYLOOP((#1135,#1035,#1140,#1141,#1136));
#1143= IFCFACEOUTERBOUND(#1142,.T.);
#1144= IFCFACE((#1143));
#1145= IFCCARTESIANPOINT((128.998562802402,-27.1705236598737,-65.5954468083));
#1146= IFCCARTESIANPOINT((192.997896840466,-60.4673676016482,-145.972966136782));
#1147= IFCPOLYLOOP((#1140,#1145,#1146,#1141));
#1148= IFCFACEOUTERBOUND(#1147,.T.);
#1149= IFCFACE((#1148));
#1150= IFCCARTESIANPOINT((128.999267323996,-13.8514128436964,-69.6357549086279));
#1151= IFCCARTESIANPOINT((192.999464649084,-30.8276562079045,-154.964074303709));
#1152= IFCPOLYLOOP((#1145,#1039,#1150,#1151,#1146));
#1153= IFCFACEOUTERBOUND(#1152,.T.);
#1154= IFCFACE((#1153));
#1155= IFCCARTESIANPOINT((193.001095115615,-0.00338537239986181,-158.));
#1156= IFCPOLYLOOP((#1150,#1043,#1155,#1151));
#1157= IFCFACEOUTERBOUND(#1156,.T.);
#1158= IFCFACE((#1157));
#1159= IFCCARTESIANPOINT((129.000732679993,13.8514128439074,-69.6357549086279));
#1160= IFCCARTESIANPOINT((193.002725582147,30.820885463103,-154.964074303709));
#1161= IFCPOLYLOOP((#1043,#1159,#1160,#1155));
#1162= IFCFACEOUTERBOUND(#1161,.T.);
#1163= IFCFACE((#1162));
#1164= IFCCARTESIANPOINT((129.001437201587,27.1705236600847,-65.5954468083));
#1165= IFCCARTESIANPOINT((193.004293390764,60.4605968568467,-145.972966136782));
#1166= IFCPOLYLOOP((#1159,#1047,#1164,#1165,#1160));
#1167= IFCFACEOUTERBOUND(#1166,.T.);
#1168= IFCFACE((#1167));
#1169= IFCCARTESIANPOINT((129.002086492406,39.4454864894124,-59.034342473482));
#1170= IFCCARTESIANPOINT((193.005738291461,87.7767113221144,-131.372198743804));
#1171= IFCPOLYLOOP((#1164,#1169,#1170,#1165));
#1172= IFCFACEOUTERBOUND(#1171,.T.);
#1173= IFCFACE((#1172));
#1174= IFCCARTESIANPOINT((129.002655600569,50.2045813942386,-50.2045814642443));
#1175= IFCCARTESIANPOINT((193.007004757514,111.719485899055,-111.722871427475));
#1176= IFCPOLYLOOP((#1169,#1051,#1174,#1175,#1170));
#1177= IFCFACEOUTERBOUND(#1176,.T.);
#1178= IFCFACE((#1177));
#1179= IFCCARTESIANPOINT((129.003122655568,59.0343423911454,-39.4454865443913));
#1180= IFCCARTESIANPOINT((193.008044119343,131.368813187944,-87.7800968170959));
#1181= IFCPOLYLOOP((#1174,#1055,#1179,#1180,#1175));
#1182= IFCFACEOUTERBOUND(#1181,.T.);
#1183= IFCFACE((#1182));
#1184= IFCCARTESIANPOINT((129.003469708742,65.5954467168049,-27.1705236979215));
#1185= IFCCARTESIANPOINT((193.008816434856,145.969580560535,-60.4639823136858));
#1186= IFCPOLYLOOP((#1179,#1184,#1185,#1180));
#1187= IFCFACEOUTERBOUND(#1186,.T.);
#1188= IFCFACE((#1187));
#1189= IFCCARTESIANPOINT((129.003683423031,69.6357548114902,-13.8514128631468));
#1190= IFCCARTESIANPOINT((193.0092920244,154.960688714908,-30.8242708785474));
#1191= IFCPOLYLOOP((#1184,#1059,#1189,#1190,#1185));
#1192= IFCFACEOUTERBOUND(#1191,.T.);
#1193= IFCFACE((#1192));
#1194= IFCCARTESIANPOINT((193.009452611337,157.996614406957,0.));
#1195= IFCPOLYLOOP((#1189,#1063,#1194,#1190));
#1196= IFCFACEOUTERBOUND(#1195,.T.);
#1197= IFCFACE((#1196));
#1198= IFCCARTESIANPOINT((129.003683423031,69.6357548114902,13.8514128631468));
#1199= IFCCARTESIANPOINT((193.0092920244,154.960688714908,30.8242708785474));
#1200= IFCPOLYLOOP((#1063,#1198,#1199,#1194));
#1201= IFCFACEOUTERBOUND(#1200,.T.);
#1202= IFCFACE((#1201));
#1203= IFCCARTESIANPOINT((129.003469708742,65.5954467168049,27.1705236979215));
#1204= IFCCARTESIANPOINT((193.008816434856,145.969580560535,60.4639823136858));
#1205= IFCPOLYLOOP((#1198,#1067,#1203,#1204,#1199));
#1206= IFCFACEOUTERBOUND(#1205,.T.);
#1207= IFCFACE((#1206));
#1208= IFCCARTESIANPOINT((129.003122655568,59.0343423911454,39.4454865443913));
#1209= IFCCARTESIANPOINT((193.008044119343,131.368813187944,87.7800968170959));
#1210= IFCPOLYLOOP((#1203,#1208,#1209,#1204));
#1211= IFCFACEOUTERBOUND(#1210,.T.);
#1212= IFCFACE((#1211));
#1213= IFCCARTESIANPOINT((129.002655600569,50.2045813942386,50.2045814642443));
#1214= IFCCARTESIANPOINT((193.007004757514,111.719485899055,111.722871427475));
#1215= IFCPOLYLOOP((#1208,#1071,#1213,#1214,#1209));
#1216= IFCFACEOUTERBOUND(#1215,.T.);
#1217= IFCFACE((#1216));
#1218= IFCCARTESIANPOINT((129.002086492406,39.4454864894124,59.034342473482));
#1219= IFCCARTESIANPOINT((193.005738291461,87.7767113221144,131.372198743804));
#1220= IFCPOLYLOOP((#1213,#1075,#1218,#1219,#1214));
#1221= IFCFACEOUTERBOUND(#1220,.T.);
#1222= IFCFACE((#1221));
#1223= IFCCARTESIANPOINT((129.001437201587,27.1705236600828,65.5954468083));
#1224= IFCCARTESIANPOINT((193.004293390764,60.4605968568467,145.972966136782));
#1225= IFCPOLYLOOP((#1218,#1223,#1224,#1219));
#1226= IFCFACEOUTERBOUND(#1225,.T.);
#1227= IFCFACE((#1226));
#1228= IFCCARTESIANPOINT((129.000732679993,13.8514128439074,69.6357549086279));
#1229= IFCCARTESIANPOINT((193.002725582147,30.820885463103,154.964074303709));
#1230= IFCPOLYLOOP((#1223,#1079,#1228,#1229,#1224));
#1231= IFCFACEOUTERBOUND(#1230,.T.);
#1232= IFCFACE((#1231));
#1233= IFCCARTESIANPOINT((193.001095115615,-0.00338537239986181,158.));
#1234= IFCPOLYLOOP((#1228,#1083,#1233,#1229));
#1235= IFCFACEOUTERBOUND(#1234,.T.);
#1236= IFCFACE((#1235));
#1237= IFCCARTESIANPOINT((128.999267323996,-13.8514128436964,69.6357549086279));
#1238= IFCCARTESIANPOINT((192.999464649084,-30.8276562079045,154.964074303709));
#1239= IFCPOLYLOOP((#1083,#1237,#1238,#1233));
#1240= IFCFACEOUTERBOUND(#1239,.T.);
#1241= IFCFACE((#1240));
#1242= IFCCARTESIANPOINT((128.998562802402,-27.1705236598737,65.5954468083));
#1243= IFCCARTESIANPOINT((192.997896840466,-60.4673676016482,145.972966136782));
#1244= IFCPOLYLOOP((#1237,#1087,#1242,#1243,#1238));
#1245= IFCFACEOUTERBOUND(#1244,.T.);
#1246= IFCFACE((#1245));
#1247= IFCCARTESIANPOINT((128.997913511583,-39.4454864892014,59.034342473482));
#1248= IFCCARTESIANPOINT((192.99645193977,-87.7834820669141,131.372198743804));
#1249= IFCPOLYLOOP((#1242,#1247,#1248,#1243));
#1250= IFCFACEOUTERBOUND(#1249,.T.);
#1251= IFCFACE((#1250));
#1252= IFCCARTESIANPOINT((128.99734440342,-50.2045813940313,50.2045814642443));
#1253= IFCCARTESIANPOINT((192.995185473717,-111.726256643857,111.722871427475));
#1254= IFCPOLYLOOP((#1247,#1091,#1252,#1253,#1248));
#1255= IFCFACEOUTERBOUND(#1254,.T.);
#1256= IFCFACE((#1255));
#1257= IFCCARTESIANPOINT((128.996877348421,-59.0343423909362,39.4454865443913));
#1258= IFCCARTESIANPOINT((192.994146111887,-131.375583932746,87.7800968170959));
#1259= IFCPOLYLOOP((#1252,#1095,#1257,#1258,#1253));
#1260= IFCFACEOUTERBOUND(#1259,.T.);
#1261= IFCFACE((#1260));
#1262= IFCPOLYLOOP((#1257,#1110,#1112,#1258));
#1263= IFCFACEOUTERBOUND(#1262,.T.);
#1264= IFCFACE((#1263));
#1265= IFCPOLYLOOP((#1257,#1095,#1099,#1110));
#1266= IFCFACEOUTERBOUND(#1265,.T.);
#1267= IFCFACE((#1266));
#1268= IFCCARTESIANPOINT((192.99604439782,190.010018882056,-243.980147474256));
#1269= IFCCARTESIANPOINT((193.006681586374,-189.989980826711,-243.990585313775));
#1270= IFCCARTESIANPOINT((193.006413709889,-190.003385218013,244.00941450159));
#1271= IFCCARTESIANPOINT((192.995776521335,189.996614490756,244.019852341109));
#1272= IFCPOLYLOOP((#1268,#1269,#1270,#1271));
#1273= IFCFACEOUTERBOUND(#1272,.T.);
#1274= IFCPOLYLOOP((#1248,#1253,#1258,#1112,#1111,#1116,#1121,#1126,#1131,#1136,#1141,#1146,#1151,#1155,#1160,#1165,#1170,#1175,#1180,#1185,#1190,#1194,#1199,#1204,#1209,#1214,#1219,#1224,#1229,#1233,#1238,#1243));
#1275= IFCFACEBOUND(#1274,.T.);
#1276= IFCFACE((#1273,#1275));
#1277= IFCCARTESIANPOINT((250.006413687554,-190.001789640504,244.009445834206));
#1278= IFCCARTESIANPOINT((250.006681564038,-189.988385249204,-243.990553981159));
#1279= IFCPOLYLOOP((#1277,#1270,#1269,#1278));
#1280= IFCFACEOUTERBOUND(#1279,.T.);
#1281= IFCFACE((#1280));
#1282= IFCCARTESIANPOINT((249.995776498999,189.998210068265,244.019883673725));
#1283= IFCPOLYLOOP((#1271,#1270,#1277,#1282));
#1284= IFCFACEOUTERBOUND(#1283,.T.);
#1285= IFCFACE((#1284));
#1286= IFCCARTESIANPOINT((249.996044375484,190.011614459565,-243.98011614164));
#1287= IFCPOLYLOOP((#1286,#1268,#1271,#1282));
#1288= IFCFACEOUTERBOUND(#1287,.T.);
#1289= IFCFACE((#1288));
#1290= IFCPOLYLOOP((#1286,#1278,#1269,#1268));
#1291= IFCFACEOUTERBOUND(#1290,.T.);
#1292= IFCFACE((#1291));
#1293= IFCPOLYLOOP((#1282,#1277,#1278,#1286));
#1294= IFCFACEOUTERBOUND(#1293,.T.);
#1295= IFCCARTESIANPOINT((249.996483550947,174.008427346049,-227.980122134275));
#1296= IFCCARTESIANPOINT((250.006225077473,-173.995171016693,-227.990560154103));
#1297= IFCCARTESIANPOINT((250.005974798903,-174.008848288624,228.009439639336));
#1298= IFCCARTESIANPOINT((249.996233272377,173.994750074118,228.019877659161));
#1299= IFCPOLYLOOP((#1295,#1296,#1297,#1298));
#1300= IFCFACEBOUND(#1299,.T.);
#1301= IFCFACE((#1294,#1300));
#1302= IFCCARTESIANPOINT((205.00822609281,-173.996453850343,-227.990587164186));
#1303= IFCCARTESIANPOINT((205.007952767462,-174.010131122932,228.009412629239));
#1304= IFCPOLYLOOP((#1302,#1303,#1297,#1296));
#1305= IFCFACEOUTERBOUND(#1304,.T.);
#1306= IFCCARTESIANPOINT((208.99761186469,-174.003026170343,-5.07761089607448));
#1307= IFCCARTESIANPOINT((208.997611852983,-174.003330673353,5.07451922587279));
#1308= IFCCARTESIANPOINT((208.629465509385,-174.003188963587,3.23780113831162E-10));
#1309= IFCPOLYLOOP((#1306,#1307,#1308));
#1310= IFCFACEBOUND(#1309,.T.);
#1311= IFCFACE((#1305,#1310));
#1312= IFCCARTESIANPOINT((208.997592656974,-174.503127192869,3.23780113831162E-10));
#1313= IFCPOLYLOOP((#1312,#1307,#1306));
#1314= IFCFACEOUTERBOUND(#1313,.T.);
#1315= IFCFACE((#1314));
#1316= IFCPOLYLOOP((#1312,#1308,#1307));
#1317= IFCFACEOUTERBOUND(#1316,.T.);
#1318= IFCFACE((#1317));
#1319= IFCPOLYLOOP((#1312,#1306,#1308));
#1320= IFCFACEOUTERBOUND(#1319,.T.);
#1321= IFCFACE((#1320));
#1322= IFCCARTESIANPOINT((204.998031637891,173.99346723469,228.019850648958));
#1323= IFCPOLYLOOP((#1303,#1322,#1298,#1297));
#1324= IFCFACEOUTERBOUND(#1323,.T.);
#1325= IFCFACE((#1324));
#1326= IFCCARTESIANPOINT((204.99830496324,174.007144507279,-227.980149144467));
#1327= IFCPOLYLOOP((#1322,#1326,#1295,#1298));
#1328= IFCFACEOUTERBOUND(#1327,.T.);
#1329= IFCCARTESIANPOINT((209.010977868528,174.000572006868,-5.03902399487924));
#1330= IFCCARTESIANPOINT((208.645370591507,174.000410443385,2.91038304567337E-11));
#1331= IFCCARTESIANPOINT((209.010977856903,174.000269633796,5.0420940401782));
#1332= IFCPOLYLOOP((#1329,#1330,#1331));
#1333= IFCFACEBOUND(#1332,.T.);
#1334= IFCFACE((#1328,#1333));
#1335= IFCCARTESIANPOINT((209.010996930265,174.49687255131,2.91038304567337E-11));
#1336= IFCPOLYLOOP((#1335,#1330,#1329));
#1337= IFCFACEOUTERBOUND(#1336,.T.);
#1338= IFCFACE((#1337));
#1339= IFCPOLYLOOP((#1335,#1331,#1330));
#1340= IFCFACEOUTERBOUND(#1339,.T.);
#1341= IFCFACE((#1340));
#1342= IFCPOLYLOOP((#1335,#1329,#1331));
#1343= IFCFACEOUTERBOUND(#1342,.T.);
#1344= IFCFACE((#1343));
#1345= IFCPOLYLOOP((#1326,#1302,#1296,#1295));
#1346= IFCFACEOUTERBOUND(#1345,.T.);
#1347= IFCFACE((#1346));
#1348= IFCPOLYLOOP((#1322,#1303,#1302,#1326));
#1349= IFCFACEOUTERBOUND(#1348,.T.);
#1350= IFCPOLYLOOP((#692,#697,#701,#693));
#1351= IFCFACEBOUND(#1350,.T.);
#1352= IFCFACE((#1349,#1351));
#1353= IFCPOLYLOOP((#1091,#1095,#1252));
#1354= IFCFACEOUTERBOUND(#1353,.T.);
#1355= IFCFACE((#1354));
#1356= IFCPOLYLOOP((#1242,#1087,#1091,#1247));
#1357= IFCFACEOUTERBOUND(#1356,.T.);
#1358= IFCFACE((#1357));
#1359= IFCPOLYLOOP((#1083,#1087,#1237));
#1360= IFCFACEOUTERBOUND(#1359,.T.);
#1361= IFCFACE((#1360));
#1362= IFCPOLYLOOP((#1079,#1083,#1228));
#1363= IFCFACEOUTERBOUND(#1362,.T.);
#1364= IFCFACE((#1363));
#1365= IFCPOLYLOOP((#1218,#1075,#1079,#1223));
#1366= IFCFACEOUTERBOUND(#1365,.T.);
#1367= IFCFACE((#1366));
#1368= IFCPOLYLOOP((#1071,#1075,#1213));
#1369= IFCFACEOUTERBOUND(#1368,.T.);
#1370= IFCFACE((#1369));
#1371= IFCPOLYLOOP((#1203,#1067,#1071,#1208));
#1372= IFCFACEOUTERBOUND(#1371,.T.);
#1373= IFCFACE((#1372));
#1374= IFCPOLYLOOP((#1063,#1067,#1198));
#1375= IFCFACEOUTERBOUND(#1374,.T.);
#1376= IFCFACE((#1375));
#1377= IFCPOLYLOOP((#1059,#1063,#1189));
#1378= IFCFACEOUTERBOUND(#1377,.T.);
#1379= IFCFACE((#1378));
#1380= IFCPOLYLOOP((#1179,#1055,#1059,#1184));
#1381= IFCFACEOUTERBOUND(#1380,.T.);
#1382= IFCFACE((#1381));
#1383= IFCPOLYLOOP((#1051,#1055,#1174));
#1384= IFCFACEOUTERBOUND(#1383,.T.);
#1385= IFCFACE((#1384));
#1386= IFCPOLYLOOP((#1164,#1047,#1051,#1169));
#1387= IFCFACEOUTERBOUND(#1386,.T.);
#1388= IFCFACE((#1387));
#1389= IFCPOLYLOOP((#1043,#1047,#1159));
#1390= IFCFACEOUTERBOUND(#1389,.T.);
#1391= IFCFACE((#1390));
#1392= IFCPOLYLOOP((#1039,#1043,#1150));
#1393= IFCFACEOUTERBOUND(#1392,.T.);
#1394= IFCFACE((#1393));
#1395= IFCPOLYLOOP((#1140,#1035,#1039,#1145));
#1396= IFCFACEOUTERBOUND(#1395,.T.);
#1397= IFCFACE((#1396));
#1398= IFCPOLYLOOP((#1031,#1035,#1135));
#1399= IFCFACEOUTERBOUND(#1398,.T.);
#1400= IFCFACE((#1399));
#1401= IFCPOLYLOOP((#1125,#1026,#1031,#1130));
#1402= IFCFACEOUTERBOUND(#1401,.T.);
#1403= IFCFACE((#1402));
#1404= IFCPOLYLOOP((#1027,#1026,#1120));
#1405= IFCFACEOUTERBOUND(#1404,.T.);
#1406= IFCFACE((#1405));
#1407= IFCPOLYLOOP((#775,#781,#432,#566,#404,#403));
#1408= IFCFACEOUTERBOUND(#1407,.T.);
#1409= IFCFACE((#1408));
#1410= IFCPOLYLOOP((#677,#676,#685,#681));
#1411= IFCFACEOUTERBOUND(#1410,.T.);
#1412= IFCFACE((#1411));
#1413= IFCCLOSEDSHELL((#284,#289,#294,#297,#397,#402,#407,#413,#498,#502,#505,#508,#511,#514,#518,#522,#526,#530,#533,#536,#540,#544,#547,#550,#554,#558,#562,#565,#569,#572,#575,#578,#581,#584,#588,#592,#595,#598,#602,#606,#609,#612,#615,#618,#621,#624,#627,#630,#633,#636,#639,#642,#645,#648,#651,#654,#657,#660,#663,#666,#669,#672,#675,#680,#684,#688,#691,#696,#700,#704,#707,#710,#714,#719,#725,#728,#732,#738,#741,#746,#750,#755,#759,#763,#768,#772,#778,#784,#789,#793,#798,#803,#806,#811,#816,#819,#824,#829,#832,#836,#841,#845,#849,#854,#858,#863,#868,#872,#877,#880,#883,#888,#892,#895,#899,#903,#906,#910,#914,#917,#921,#924,#928,#932,#935,#940,#943,#946,#950,#954,#957,#961,#965,#968,#972,#976,#979,#983,#986,#990,#994,#997,#1000,#1025,#1030,#1034,#1038,#1042,#1046,#1050,#1054,#1058,#1062,#1066,#1070,#1074,#1078,#1082,#1086,#1090,#1094,#1098,#1102,#1105,#1109,#1115,#1119,#1124,#1129,#1134,#1139,#1144,#1149,#1154,#1158,#1163,#1168,#1173,#1178,#1183,#1188,#1193,#1197,#1202,#1207,#1212,#1217,#1222,#1227,#1232,#1236,#1241,#1246,#1251,#1256,#1261,#1264,#1267,#1276,#1281,#1285,#1289,#1292,#1301,#1311,#1315,#1318,#1321,#1325,#1334,#1338,#1341,#1344,#1347,#1352,#1355,#1358,#1361,#1364,#1367,#1370,#1373,#1376,#1379,#1382,#1385,#1388,#1391,#1394,#1397,#1400,#1403,#1406,#1409,#1412));
#1414= IFCFACETEDBREP(#1413);
#1415= IFCSTYLEDITEM(#1414,(#277),$);
#1416= IFCSHAPEREPRESENTATION(#12,'Body','Brep',(#1414));
#1417= IFCPRODUCTDEFINITIONSHAPE($,$,(#1416));
#1418= IFCCARTESIANPOINT((12002.931463138,31000.,1105.59372717597));
#1419= IFCDIRECTION((0.,-1.,0.));
#1420= IFCDIRECTION((-0.0199798800054679,0.,0.999800382273865));
#1421= IFCAXIS2PLACEMENT3D(#1418,#1419,#1420);
#1422= IFCLOCALPLACEMENT(#42,#1421);
#1423= IFCBUILDINGELEMENTPROXY('3kD96$UMLCvBcVc7tZT4uu',#44,'Sluk','__Sluk__2',$,#1422,#1417,'IDee3491bf-7965-4ce4-b99f-987de3744e38',.ELEMENT.);
#1424= IFCBUILDINGELEMENTPROXYTYPE('3yK$PX_vX7P9lvHR0g9hnm',#5,'__Sluk__2',$,$,$,$,$,$,.NOTDEFINED.);
#1425= IFCCOLOURRGB('Unnamed',0.0117647058823529,0.647058823529412,0.988235294117647);
#1426= IFCSURFACESTYLERENDERING(#1425,0.,$,$,$,$,IFCNORMALISEDRATIOMEASURE(0.00390625),IFCSPECULAREXPONENT(10.),.NOTDEFINED.);
#1427= IFCSURFACESTYLE('MISCELLANEOUS/Misc_Undefined',.POSITIVE.,(#1426));
#1428= IFCPRESENTATIONSTYLEASSIGNMENT((#1427));
#1429= IFCCARTESIANPOINT((529.408364586885,174.984793985746,173.159809416176));
#1430= IFCCARTESIANPOINT((529.408364590247,2.5465851649642E-11,173.154648781792));
#1431= IFCCARTESIANPOINT((531.272592198946,1.01863406598568E-10,80.0000000001601));
#1432= IFCCARTESIANPOINT((531.312719833066,0.,78.));
#1433= IFCCARTESIANPOINT((531.365907916198,20.1878855179966,75.3422144505475));
#1434= IFCCARTESIANPOINT((531.521847485624,39.,67.5499814951854));
#1435= IFCCARTESIANPOINT((531.769911517391,55.1543289325491,55.1543289325509));
#1436= IFCCARTESIANPOINT((532.093194857679,67.5499814951872,39.));
#1437= IFCCARTESIANPOINT((532.469666281098,75.3422144505457,20.1878855179966));
#1438= IFCCARTESIANPOINT((532.873669882291,78.,0.));
#1439= IFCCARTESIANPOINT((533.277673483484,75.3422144505457,-20.1878855179966));
#1440= IFCCARTESIANPOINT((533.654144906904,67.5499814951872,-39.));
#1441= IFCCARTESIANPOINT((533.977428247191,55.1543289325491,-55.1543289325509));
#1442= IFCCARTESIANPOINT((534.225492278958,39.,-67.5499814951854));
#1443= IFCCARTESIANPOINT((534.381431848384,20.1878855179966,-75.3422144505475));
#1444= IFCCARTESIANPOINT((534.434619931516,0.,-78.));
#1445= IFCCARTESIANPOINT((534.474541015161,2.3283064365387E-10,-79.9999999995871));
#1446= IFCCARTESIANPOINT((536.411321500344,3.09228198602796E-10,-176.780084696562));
#1447= IFCCARTESIANPOINT((536.411321496982,174.995114227568,-176.774923757814));
#1448= IFCPOLYLOOP((#1429,#1430,#1431,#1432,#1433,#1434,#1435,#1436,#1437,#1438,#1439,#1440,#1441,#1442,#1443,#1444,#1445,#1446,#1447));
#1449= IFCFACEOUTERBOUND(#1448,.T.);
#1450= IFCFACE((#1449));
#1451= IFCCARTESIANPOINT((582.357338143776,176.984702560025,176.219917601513));
#1452= IFCCARTESIANPOINT((582.357338146995,-3.27418092638254E-11,176.214697985873));
#1453= IFCCARTESIANPOINT((582.397354982299,-3.27418092638254E-11,174.215074001766));
#1454= IFCCARTESIANPOINT((582.397354979119,174.984762712644,174.220234635231));
#1455= IFCCARTESIANPOINT((589.400311889072,174.995082954461,-175.714498538762));
#1456= IFCCARTESIANPOINT((589.400311892253,2.5465851649642E-10,-175.719659476592));
#1457= IFCCARTESIANPOINT((589.440327752961,2.58296495303512E-10,-177.719234760567));
#1458= IFCCARTESIANPOINT((589.440327749741,176.995140745563,-177.714014837085));
#1459= IFCPOLYLOOP((#1451,#1452,#1453,#1454,#1455,#1456,#1457,#1458));
#1460= IFCFACEOUTERBOUND(#1459,.T.);
#1461= IFCFACE((#1460));
#1462= IFCPOLYLOOP((#1447,#1446,#1456,#1455));
#1463= IFCFACEOUTERBOUND(#1462,.T.);
#1464= IFCFACE((#1463));
#1465= IFCPOLYLOOP((#1429,#1447,#1455,#1454));
#1466= IFCFACEOUTERBOUND(#1465,.T.);
#1467= IFCFACE((#1466));
#1468= IFCPOLYLOOP((#1454,#1453,#1430,#1429));
#1469= IFCFACEOUTERBOUND(#1468,.T.);
#1470= IFCFACE((#1469));
#1471= IFCCARTESIANPOINT((531.673294212623,69.2820323027263,-39.9999999997071));
#1472= IFCCARTESIANPOINT((531.287174392848,77.2740661030548,-20.705523607945));
#1473= IFCCARTESIANPOINT((530.872813334106,79.9999999999018,2.21916707232594E-10));
#1474= IFCCARTESIANPOINT((530.458449057785,77.2740661030221,20.7055236083925));
#1475= IFCCARTESIANPOINT((530.072319804548,69.2820323026608,40.0000000001673));
#1476= IFCCARTESIANPOINT((529.740739644894,56.5685424948606,56.5685424950752));
#1477= IFCCARTESIANPOINT((529.486305218741,39.9999999999818,69.2820323029009));
#1478= IFCCARTESIANPOINT((529.326355811758,20.7055236082415,77.2740661032731));
#1479= IFCCARTESIANPOINT((529.271791711703,1.0550138540566E-10,80.0000000001619));
#1480= IFCCARTESIANPOINT((527.368348242249,2.5465851649642E-11,175.114248415395));
#1481= IFCCARTESIANPOINT((527.36834823903,176.984735013437,175.11946803199));
#1482= IFCCARTESIANPOINT((534.451337844996,176.995173198971,-178.814464406607));
#1483= IFCCARTESIANPOINT((534.451337848215,3.12866177409887E-10,-178.819684331045));
#1484= IFCCARTESIANPOINT((532.473740527853,2.36468622460961E-10,-79.9999999995871));
#1485= IFCCARTESIANPOINT((532.419200867733,20.7055236083652,-77.2740661027328));
#1486= IFCCARTESIANPOINT((532.259274235144,40.0000000000909,-69.2820323023916));
#1487= IFCCARTESIANPOINT((532.004859365806,56.5685424949515,-56.5685424945932));
#1488= IFCPOLYLOOP((#1471,#1472,#1473,#1474,#1475,#1476,#1477,#1478,#1479,#1480,#1481,#1482,#1483,#1484,#1485,#1486,#1487));
#1489= IFCFACEOUTERBOUND(#1488,.T.);
#1490= IFCFACE((#1489));
#1491= IFCPOLYLOOP((#1458,#1457,#1483,#1482));
#1492= IFCFACEOUTERBOUND(#1491,.T.);
#1493= IFCFACE((#1492));
#1494= IFCPOLYLOOP((#1451,#1458,#1482,#1481));
#1495= IFCFACEOUTERBOUND(#1494,.T.);
#1496= IFCFACE((#1495));
#1497= IFCPOLYLOOP((#1481,#1480,#1452,#1451));
#1498= IFCFACEOUTERBOUND(#1497,.T.);
#1499= IFCFACE((#1498));
#1500= IFCCARTESIANPOINT((3.9999999955279,0.,-78.));
#1501= IFCCARTESIANPOINT((4.99999999440979,0.,-80.));
#1502= IFCPOLYLOOP((#1457,#1456,#1446,#1445,#1444,#1500,#1501,#1484,#1483));
#1503= IFCFACEOUTERBOUND(#1502,.T.);
#1504= IFCFACE((#1503));
#1505= IFCCARTESIANPOINT((3.6370330474964,20.7055236082015,-77.2740661031257));
#1506= IFCPOLYLOOP((#1501,#1505,#1485,#1484));
#1507= IFCFACEOUTERBOUND(#1506,.T.);
#1508= IFCFACE((#1507));
#1509= IFCCARTESIANPOINT((-0.358983848221101,40.,-69.2820323027554));
#1510= IFCPOLYLOOP((#1505,#1509,#1486,#1485));
#1511= IFCFACEOUTERBOUND(#1510,.T.);
#1512= IFCFACE((#1511));
#1513= IFCCARTESIANPOINT((-6.71572874502965,56.5685424949224,-56.5685424949243));
#1514= IFCPOLYLOOP((#1509,#1513,#1487,#1486));
#1515= IFCFACEOUTERBOUND(#1514,.T.);
#1516= IFCFACE((#1515));
#1517= IFCCARTESIANPOINT((-14.9999999832295,69.2820323027554,-40.));
#1518= IFCPOLYLOOP((#1513,#1517,#1471,#1487));
#1519= IFCFACEOUTERBOUND(#1518,.T.);
#1520= IFCFACE((#1519));
#1521= IFCCARTESIANPOINT((-24.6472381683427,77.2740661031239,-20.7055236082015));
#1522= IFCPOLYLOOP((#1517,#1521,#1472,#1471));
#1523= IFCFACEOUTERBOUND(#1522,.T.);
#1524= IFCFACE((#1523));
#1525= IFCCARTESIANPOINT((-34.9999999608689,80.,0.));
#1526= IFCPOLYLOOP((#1521,#1525,#1473,#1472));
#1527= IFCFACEOUTERBOUND(#1526,.T.);
#1528= IFCFACE((#1527));
#1529= IFCCARTESIANPOINT((-45.3527617533949,77.2740661031239,20.7055236082015));
#1530= IFCPOLYLOOP((#1525,#1529,#1474,#1473));
#1531= IFCFACEOUTERBOUND(#1530,.T.);
#1532= IFCFACE((#1531));
#1533= IFCCARTESIANPOINT((-54.9999999385082,69.2820323027554,40.));
#1534= IFCPOLYLOOP((#1529,#1533,#1475,#1474));
#1535= IFCFACEOUTERBOUND(#1534,.T.);
#1536= IFCFACE((#1535));
#1537= IFCCARTESIANPOINT((-63.284271176708,56.5685424949224,56.5685424949243));
#1538= IFCPOLYLOOP((#1533,#1537,#1476,#1475));
#1539= IFCFACEOUTERBOUND(#1538,.T.);
#1540= IFCFACE((#1539));
#1541= IFCCARTESIANPOINT((-69.6410160735165,40.,69.2820323027554));
#1542= IFCPOLYLOOP((#1537,#1541,#1477,#1476));
#1543= IFCFACEOUTERBOUND(#1542,.T.);
#1544= IFCFACE((#1543));
#1545= IFCCARTESIANPOINT((-73.637032969234,20.7055236082015,77.2740661031257));
#1546= IFCPOLYLOOP((#1541,#1545,#1478,#1477));
#1547= IFCFACEOUTERBOUND(#1546,.T.);
#1548= IFCFACE((#1547));
#1549= IFCCARTESIANPOINT((-74.9999999161474,0.,80.));
#1550= IFCPOLYLOOP((#1545,#1549,#1479,#1478));
#1551= IFCFACEOUTERBOUND(#1550,.T.);
#1552= IFCFACE((#1551));
#1553= IFCCARTESIANPOINT((-73.9999999172655,0.,78.));
#1554= IFCPOLYLOOP((#1453,#1452,#1480,#1479,#1549,#1553,#1432,#1431,#1430));
#1555= IFCFACEOUTERBOUND(#1554,.T.);
#1556= IFCFACE((#1555));
#1557= IFCCARTESIANPOINT((-72.6711071440249,20.1878855179966,75.3422144505475));
#1558= IFCPOLYLOOP((#1557,#1433,#1432,#1553));
#1559= IFCFACEOUTERBOUND(#1558,.T.);
#1560= IFCFACE((#1559));
#1561= IFCCARTESIANPOINT((-68.7749906707003,39.,67.5499814951854));
#1562= IFCPOLYLOOP((#1561,#1434,#1433,#1557));
#1563= IFCFACEOUTERBOUND(#1562,.T.);
#1564= IFCFACE((#1563));
#1565= IFCCARTESIANPOINT((-62.5771643963119,55.1543289325491,55.1543289325509));
#1566= IFCPOLYLOOP((#1565,#1435,#1434,#1561));
#1567= IFCFACEOUTERBOUND(#1566,.T.);
#1568= IFCFACE((#1567));
#1569= IFCCARTESIANPOINT((-54.4999999390672,67.5499814951872,39.));
#1570= IFCPOLYLOOP((#1569,#1436,#1435,#1565));
#1571= IFCFACEOUTERBOUND(#1570,.T.);
#1572= IFCFACE((#1571));
#1573= IFCCARTESIANPOINT((-45.0939427085817,75.3422144505457,20.1878855179966));
#1574= IFCPOLYLOOP((#1573,#1437,#1436,#1569));
#1575= IFCFACEOUTERBOUND(#1574,.T.);
#1576= IFCFACE((#1575));
#1577= IFCCARTESIANPOINT((-34.9999999608688,78.,0.));
#1578= IFCPOLYLOOP((#1577,#1438,#1437,#1573));
#1579= IFCFACEOUTERBOUND(#1578,.T.);
#1580= IFCFACE((#1579));
#1581= IFCCARTESIANPOINT((-24.9060572131559,75.3422144505457,-20.1878855179966));
#1582= IFCPOLYLOOP((#1581,#1439,#1438,#1577));
#1583= IFCFACEOUTERBOUND(#1582,.T.);
#1584= IFCFACE((#1583));
#1585= IFCCARTESIANPOINT((-15.4999999826705,67.5499814951872,-39.));
#1586= IFCPOLYLOOP((#1585,#1440,#1439,#1581));
#1587= IFCFACEOUTERBOUND(#1586,.T.);
#1588= IFCFACE((#1587));
#1589= IFCCARTESIANPOINT((-7.42283552542563,55.1543289325491,-55.1543289325509));
#1590= IFCPOLYLOOP((#1589,#1441,#1440,#1585));
#1591= IFCFACEOUTERBOUND(#1590,.T.);
#1592= IFCFACE((#1591));
#1593= IFCCARTESIANPOINT((-1.22500925103725,39.,-67.5499814951854));
#1594= IFCPOLYLOOP((#1593,#1442,#1441,#1589));
#1595= IFCFACEOUTERBOUND(#1594,.T.);
#1596= IFCFACE((#1595));
#1597= IFCCARTESIANPOINT((2.67110722228733,20.1878855179966,-75.3422144505475));
#1598= IFCPOLYLOOP((#1597,#1443,#1442,#1593));
#1599= IFCFACEOUTERBOUND(#1598,.T.);
#1600= IFCFACE((#1599));
#1601= IFCPOLYLOOP((#1500,#1444,#1443,#1597));
#1602= IFCFACEOUTERBOUND(#1601,.T.);
#1603= IFCFACE((#1602));
#1604= IFCPOLYLOOP((#1593,#1589,#1585,#1581,#1577,#1573,#1569,#1565,#1561,#1557,#1553,#1549,#1545,#1541,#1537,#1533,#1529,#1525,#1521,#1517,#1513,#1509,#1505,#1501,#1500,#1597));
#1605= IFCFACEOUTERBOUND(#1604,.T.);
#1606= IFCFACE((#1605));
#1607= IFCCLOSEDSHELL((#1450,#1461,#1464,#1467,#1470,#1490,#1493,#1496,#1499,#1504,#1508,#1512,#1516,#1520,#1524,#1528,#1532,#1536,#1540,#1544,#1548,#1552,#1556,#1560,#1564,#1568,#1572,#1576,#1580,#1584,#1588,#1592,#1596,#1600,#1603,#1606));
#1608= IFCFACETEDBREP(#1607);
#1609= IFCSTYLEDITEM(#1608,(#1428),$);
#1610= IFCSHAPEREPRESENTATION(#12,'Body','Brep',(#1608));
#1611= IFCPRODUCTDEFINITIONSHAPE($,$,(#1610));
#1612= IFCCARTESIANPOINT((12002.940679294,31000.,674.746830333836));
#1613= IFCDIRECTION((-1.,0.,0.));
#1614= IFCAXIS2PLACEMENT3D(#1612,#1613,#9);
#1615= IFCLOCALPLACEMENT(#42,#1614);
#1616= IFCBUILDINGELEMENTPROXY('1ewpgqeCL82wGKSOW3bTZt',#44,'Avl\S\xpsr\S\xr','__Avl\S\xpsr\S\xr__3',$,#1615,#1611,'ID68eb3ab4-a0c5-480b-a414-71880395d8f7',.ELEMENT.);
#1617= IFCBUILDINGELEMENTPROXYTYPE('28uWvbuPv7rf$Ax_gdO7hM',#5,'__Avl\S\xpsr\S\xr__3',$,$,$,$,$,$,.NOTDEFINED.);
#1618= IFCCOLOURRGB('Unnamed',0.349019607843137,0.501960784313725,0.525490196078431);
#1619= IFCSURFACESTYLERENDERING(#1618,0.,$,$,$,$,IFCNORMALISEDRATIOMEASURE(0.00390625),IFCSPECULAREXPONENT(10.),.NOTDEFINED.);
#1620= IFCSURFACESTYLE('MISCELLANEOUS/Misc_Undefined',.POSITIVE.,(#1619));
#1621= IFCPRESENTATIONSTYLEASSIGNMENT((#1620));
#1622= IFCCARTESIANPOINT((38.2467302134694,-79.9999999999782,87.8079564599702));
#1623= IFCCARTESIANPOINT((38.2467302120124,79.9999999997381,87.8079565336211));
#1624= IFCCARTESIANPOINT((-1.74106727792673,79.9999999997817,87.007781598837));
#1625= IFCCARTESIANPOINT((-1.74106727646995,-79.9999999999454,87.007781525188));
#1626= IFCPOLYLOOP((#1622,#1623,#1624,#1625));
#1627= IFCFACEOUTERBOUND(#1626,.T.);
#1628= IFCFACE((#1627));
#1629= IFCCARTESIANPOINT((40.0042941365955,-79.9999999998945,-2.5465851649642E-11));
#1630= IFCCARTESIANPOINT((-7.95807864051312E-12,-79.9999999998545,-4.36557456851006E-11));
#1631= IFCCARTESIANPOINT((7.50333128962666E-12,79.9999999998654,4.91127138957381E-11));
#1632= IFCCARTESIANPOINT((40.004294136611,79.999999999829,6.91215973347425E-11));
#1633= IFCPOLYLOOP((#1629,#1630,#1631,#1632));
#1634= IFCFACEOUTERBOUND(#1633,.T.);
#1635= IFCFACE((#1634));
#1636= IFCPOLYLOOP((#1630,#1629,#1622,#1625));
#1637= IFCFACEOUTERBOUND(#1636,.T.);
#1638= IFCFACE((#1637));
#1639= IFCPOLYLOOP((#1631,#1630,#1625,#1624));
#1640= IFCFACEOUTERBOUND(#1639,.T.);
#1641= IFCFACE((#1640));
#1642= IFCPOLYLOOP((#1632,#1631,#1624,#1623));
#1643= IFCFACEOUTERBOUND(#1642,.T.);
#1644= IFCFACE((#1643));
#1645= IFCPOLYLOOP((#1629,#1632,#1623,#1622));
#1646= IFCFACEOUTERBOUND(#1645,.T.);
#1647= IFCFACE((#1646));
#1648= IFCCARTESIANPOINT((30.6421739834623,-80.0000000003674,467.731857693869));
#1649= IFCCARTESIANPOINT((-9.34352688909189,-80.0000000003311,466.9317247134));
#1650= IFCCARTESIANPOINT((-9.34352689054867,79.9999999993925,466.931724787048));
#1651= IFCCARTESIANPOINT((30.6421739820053,79.9999999993524,467.731857767514));
#1652= IFCPOLYLOOP((#1648,#1649,#1650,#1651));
#1653= IFCFACEOUTERBOUND(#1652,.T.);
#1654= IFCFACE((#1653));
#1655= IFCCARTESIANPOINT((-15.5893511249337,-80.0000000006476,779.059416677957));
#1656= IFCCARTESIANPOINT((24.4106431575756,-80.0000000006839,779.059360630601));
#1657= IFCCARTESIANPOINT((24.4106431575908,79.9999999990359,779.059360630694));
#1658= IFCCARTESIANPOINT((-15.5893511249183,79.9999999990723,779.059416678054));
#1659= IFCPOLYLOOP((#1655,#1656,#1657,#1658));
#1660= IFCFACEOUTERBOUND(#1659,.T.);
#1661= IFCFACE((#1660));
#1662= IFCPOLYLOOP((#1657,#1656,#1648,#1651));
#1663= IFCFACEOUTERBOUND(#1662,.T.);
#1664= IFCFACE((#1663));
#1665= IFCPOLYLOOP((#1658,#1657,#1651,#1650));
#1666= IFCFACEOUTERBOUND(#1665,.T.);
#1667= IFCFACE((#1666));
#1668= IFCPOLYLOOP((#1655,#1658,#1650,#1649));
#1669= IFCFACEOUTERBOUND(#1668,.T.);
#1670= IFCFACE((#1669));
#1671= IFCPOLYLOOP((#1656,#1655,#1649,#1648));
#1672= IFCFACEOUTERBOUND(#1671,.T.);
#1673= IFCFACE((#1672));
#1674= IFCCLOSEDSHELL((#1628,#1635,#1638,#1641,#1644,#1647,#1654,#1661,#1664,#1667,#1670,#1673));
#1675= IFCFACETEDBREP(#1674);
#1676= IFCSTYLEDITEM(#1675,(#1621),$);
#1677= IFCSHAPEREPRESENTATION(#12,'Body','Brep',(#1675));
#1678= IFCPRODUCTDEFINITIONSHAPE($,$,(#1677));
#1679= IFCCARTESIANPOINT((11720.9575387001,31119.9785681493,1350.05698836618));
#1680= IFCDIRECTION((0.999999999270435,3.81729997934599E-05,1.39741023508577E-06));
#1681= IFCDIRECTION((1.37700000229962E-06,0.000534672000031067,-0.999999857061968));
#1682= IFCAXIS2PLACEMENT3D(#1679,#1680,#1681);
#1683= IFCLOCALPLACEMENT(#42,#1682);
#1684= IFCPLATE('2UsWD5hgH0UO_gwN_x_Od1',#44,'Asfaltdekker_slitelag','PL160X40',$,#1683,#1678,'ID9eda0345-aea4-4079-8faa-e97fbbf989c1');
#1685= IFCPLATETYPE('1EUJoOMujA2xx91UbjGbSp',#5,'PL160X40',$,$,$,$,$,$,.NOTDEFINED.);
#1686= IFCCOLOURRGB('Unnamed',0.501960784313725,0.647058823529412,0.666666666666667);
#1687= IFCSURFACESTYLERENDERING(#1686,0.,$,$,$,$,IFCNORMALISEDRATIOMEASURE(0.00390625),IFCSPECULAREXPONENT(10.),.NOTDEFINED.);
#1688= IFCSURFACESTYLE('MISCELLANEOUS/Misc_Undefined',.POSITIVE.,(#1687));
#1689= IFCPRESENTATIONSTYLEASSIGNMENT((#1688));
#1690= IFCCARTESIANPOINT((37.4677459472775,79.9999999997017,122.456599913405));
#1691= IFCCARTESIANPOINT((31.1693342024018,79.9999999993743,442.389835790016));
#1692= IFCCARTESIANPOINT((31.1693342023982,39.9525514870693,442.389835789993));
#1693= IFCCARTESIANPOINT((37.4677459472737,39.9614450566005,122.456599913381));
#1694= IFCPOLYLOOP((#1690,#1691,#1692,#1693));
#1695= IFCFACEOUTERBOUND(#1694,.T.);
#1696= IFCFACE((#1695));
#1697= IFCCARTESIANPOINT((105.559030311399,39.925038011017,123.821404485423));
#1698= IFCCARTESIANPOINT((99.1597316587906,39.9161420633536,443.752619022087));
#1699= IFCPOLYLOOP((#1697,#1693,#1692,#1698));
#1700= IFCFACEOUTERBOUND(#1699,.T.);
#1701= IFCFACE((#1700));
#1702= IFCCARTESIANPOINT((75.7384561533556,-50.4134523969442,265.545828854443));
#1703= IFCCARTESIANPOINT((75.8525952178027,-52.1493149553608,259.824030776983));
#1704= IFCCARTESIANPOINT((75.4631876512738,-49.0495885783093,279.394543802407));
#1705= IFCPOLYLOOP((#1702,#1703,#1704));
#1706= IFCFACEOUTERBOUND(#1705,.T.);
#1707= IFCFACE((#1706));
#1708= IFCCARTESIANPOINT((74.6708143543676,-61.0163296004175,318.831742265889));
#1709= IFCCARTESIANPOINT((74.9189085820929,-54.4548885024233,306.559466888146));
#1710= IFCCARTESIANPOINT((74.9893110265136,-53.3727893616742,302.993314997395));
#1711= IFCCARTESIANPOINT((74.6221797876876,-62.6105269892432,321.118449634856));
#1712= IFCPOLYLOOP((#1708,#1709,#1710,#1711));
#1713= IFCFACEOUTERBOUND(#1712,.T.);
#1714= IFCFACE((#1713));
#1715= IFCCARTESIANPOINT((8.42606850934953,-80.0000000003092,430.262618306813));
#1716= IFCCARTESIANPOINT((8.56057354315999,-59.5553592434189,424.062866896957));
#1717= IFCCARTESIANPOINT((48.7879937304392,-80.000000000291,375.543960579758));
#1718= IFCPOLYLOOP((#1715,#1716,#1717));
#1719= IFCFACEOUTERBOUND(#1718,.T.);
#1720= IFCFACE((#1719));
#1721= IFCCARTESIANPOINT((8.86610798057404,-32.2388469717735,409.466041007658));
#1722= IFCCARTESIANPOINT((73.4509360694167,-80.0000000002801,339.305755679718));
#1723= IFCPOLYLOOP((#1717,#1716,#1721,#1722));
#1724= IFCFACEOUTERBOUND(#1723,.T.);
#1725= IFCFACE((#1724));
#1726= IFCCARTESIANPOINT((74.4517117407775,-69.8463853426911,329.588364068668));
#1727= IFCCARTESIANPOINT((74.2999700818802,-78.3184101152801,336.822168663064));
#1728= IFCPOLYLOOP((#1726,#1711,#1727));
#1729= IFCFACEOUTERBOUND(#1728,.T.);
#1730= IFCFACE((#1729));
#1731= IFCCARTESIANPOINT((74.2779518637731,-80.0000000002801,337.993896098675));
#1732= IFCCARTESIANPOINT((74.2819533968375,-80.0000000002838,337.678734430161));
#1733= IFCPOLYLOOP((#1731,#1727,#1732));
#1734= IFCFACEOUTERBOUND(#1733,.T.);
#1735= IFCFACE((#1734));
#1736= IFCCARTESIANPOINT((9.2704344510596,-8.29553521374692,389.821528741155));
#1737= IFCPOLYLOOP((#1722,#1721,#1736,#1726,#1727,#1731));
#1738= IFCFACEOUTERBOUND(#1737,.T.);
#1739= IFCFACE((#1738));
#1740= IFCCARTESIANPOINT((9.75801491510538,11.3544479873708,365.884257687088));
#1741= IFCPOLYLOOP((#1740,#1708,#1711,#1726,#1736));
#1742= IFCFACEOUTERBOUND(#1741,.T.);
#1743= IFCFACE((#1742));
#1744= IFCCARTESIANPOINT((10.3101119289163,25.9559647969836,338.574123747881));
#1745= IFCPOLYLOOP((#1744,#1709,#1708,#1740));
#1746= IFCFACEOUTERBOUND(#1745,.T.);
#1747= IFCFACE((#1746));
#1748= IFCCARTESIANPOINT((75.1864603019139,-50.4142145504084,293.24315459583));
#1749= IFCCARTESIANPOINT((75.0704648351991,-52.1503908937812,298.964820135252));
#1750= IFCPOLYLOOP((#1748,#1704,#1749));
#1751= IFCFACEOUTERBOUND(#1750,.T.);
#1752= IFCFACE((#1751));
#1753= IFCCARTESIANPOINT((75.0229972459776,-52.5251784145039,301.330238694842));
#1754= IFCPOLYLOOP((#1749,#1753,#1710));
#1755= IFCFACEOUTERBOUND(#1754,.T.);
#1756= IFCFACE((#1755));
#1757= IFCCARTESIANPOINT((10.9055087138704,34.9478871127394,308.940640055125));
#1758= IFCPOLYLOOP((#1709,#1744,#1757,#1748,#1749,#1710));
#1759= IFCFACEOUTERBOUND(#1758,.T.);
#1760= IFCFACE((#1759));
#1761= IFCCARTESIANPOINT((11.5213245054251,37.9846604027589,278.122604768476));
#1762= IFCPOLYLOOP((#1761,#1704,#1748,#1757));
#1763= IFCFACEOUTERBOUND(#1762,.T.);
#1764= IFCFACE((#1763));
#1765= IFCCARTESIANPOINT((12.1338938480644,34.9495831725617,247.304337701053));
#1766= IFCPOLYLOOP((#1765,#1702,#1704,#1761));
#1767= IFCFACEOUTERBOUND(#1766,.T.);
#1768= IFCFACE((#1767));
#1769= IFCCARTESIANPOINT((76.0016873939678,-54.4533934846295,252.229208100774));
#1770= IFCCARTESIANPOINT((76.2427655441652,-61.0141591709762,239.956431808974));
#1771= IFCCARTESIANPOINT((76.2896954312012,-62.6082330698082,237.669602734004));
#1772= IFCCARTESIANPOINT((75.9324419802651,-53.3714919427839,255.795442597666));
#1773= IFCPOLYLOOP((#1769,#1770,#1771,#1772));
#1774= IFCFACEOUTERBOUND(#1773,.T.);
#1775= IFCFACE((#1774));
#1776= IFCCARTESIANPOINT((75.8996620997182,-52.5239724296844,257.458583608599));
#1777= IFCPOLYLOOP((#1772,#1776,#1703));
#1778= IFCFACEOUTERBOUND(#1777,.T.);
#1779= IFCFACE((#1778));
#1780= IFCCARTESIANPOINT((12.7196760454831,25.9592917379996,217.670167573169));
#1781= IFCPOLYLOOP((#1702,#1765,#1780,#1769,#1772,#1703));
#1782= IFCFACEOUTERBOUND(#1781,.T.);
#1783= IFCFACE((#1782));
#1784= IFCCARTESIANPOINT((13.256159816345,11.3592779571009,190.35891892381));
#1785= IFCPOLYLOOP((#1784,#1770,#1769,#1780));
#1786= IFCFACEOUTERBOUND(#1785,.T.);
#1787= IFCFACE((#1786));
#1788= IFCCARTESIANPOINT((13.7227283901993,-8.28938782832847,166.420147722241));
#1789= IFCCARTESIANPOINT((76.4524261058339,-69.8436229100043,229.199135889281));
#1790= IFCPOLYLOOP((#1788,#1789,#1771,#1770,#1784));
#1791= IFCFACEOUTERBOUND(#1790,.T.);
#1792= IFCFACE((#1791));
#1793= IFCCARTESIANPOINT((76.5951084657149,-78.3152528060418,221.964684504568));
#1794= IFCPOLYLOOP((#1789,#1793,#1771));
#1795= IFCFACEOUTERBOUND(#1794,.T.);
#1796= IFCFACE((#1795));
#1797= IFCCARTESIANPOINT((103.271042155671,-62.6226798237149,238.20875679402));
#1798= IFCCARTESIANPOINT((103.585170140326,-78.3297042262384,222.504012710848));
#1799= IFCPOLYLOOP((#1797,#1771,#1793,#1798));
#1800= IFCFACEOUTERBOUND(#1799,.T.);
#1801= IFCFACE((#1800));
#1802= IFCCARTESIANPOINT((102.875223138785,-52.5384160857357,257.997622056306));
#1803= IFCPOLYLOOP((#1802,#1776,#1772,#1771,#1797));
#1804= IFCFACEOUTERBOUND(#1803,.T.);
#1805= IFCFACE((#1804));
#1806= IFCCARTESIANPOINT((102.436458612872,-49.0640310081726,279.933536488701));
#1807= IFCPOLYLOOP((#1806,#1704,#1703,#1776,#1802));
#1808= IFCFACEOUTERBOUND(#1807,.T.);
#1809= IFCFACE((#1808));
#1810= IFCCARTESIANPOINT((101.997697906782,-52.5396216098743,301.869259950063));
#1811= IFCPOLYLOOP((#1810,#1753,#1749,#1704,#1806));
#1812= IFCFACEOUTERBOUND(#1811,.T.);
#1813= IFCFACE((#1812));
#1814= IFCCARTESIANPOINT((101.601889975452,-62.6249728668918,321.657570992818));
#1815= IFCPOLYLOOP((#1814,#1711,#1710,#1753,#1810));
#1816= IFCFACEOUTERBOUND(#1815,.T.);
#1817= IFCFACE((#1816));
#1818= IFCCARTESIANPOINT((101.287779256957,-78.3328603294103,337.361451858831));
#1819= IFCPOLYLOOP((#1818,#1727,#1711,#1814));
#1820= IFCFACEOUTERBOUND(#1819,.T.);
#1821= IFCFACE((#1820));
#1822= IFCCARTESIANPOINT((101.270793019001,-80.0000000003056,338.210674255617));
#1823= IFCPOLYLOOP((#1822,#1732,#1727,#1818));
#1824= IFCFACEOUTERBOUND(#1823,.T.);
#1825= IFCFACE((#1824));
#1826= IFCCARTESIANPOINT((99.159731658779,-80.0000000004111,443.752619022014));
#1827= IFCCARTESIANPOINT((31.1693342023866,-80.000000000342,442.389835789922));
#1828= IFCCARTESIANPOINT((-9.35953835037253,-80.0000000003347,467.731878661749));
#1829= IFCCARTESIANPOINT((7.65500979522312,-80.0000000003492,468.072347900348));
#1830= IFCPOLYLOOP((#1826,#1827,#1656,#1655,#1828,#1829,#1715,#1717,#1722,#1731,#1732,#1822));
#1831= IFCFACEOUTERBOUND(#1830,.T.);
#1832= IFCFACE((#1831));
#1833= IFCCARTESIANPOINT((-9.35953835182886,79.9999999993888,467.731878735396));
#1834= IFCPOLYLOOP((#1655,#1658,#1833,#1828));
#1835= IFCFACEOUTERBOUND(#1834,.T.);
#1836= IFCFACE((#1835));
#1837= IFCCARTESIANPOINT((7.74055731963404,79.9999999993743,468.074059820661));
#1838= IFCPOLYLOOP((#1828,#1833,#1837,#1829));
#1839= IFCFACEOUTERBOUND(#1838,.T.);
#1840= IFCFACE((#1839));
#1841= IFCCARTESIANPOINT((-1.75707873896931,-79.9999999999418,87.8079354735128));
#1842= IFCCARTESIANPOINT((-1.75707874042587,79.9999999997744,87.8079355471618));
#1843= IFCPOLYLOOP((#1631,#1630,#1841,#1842));
#1844= IFCFACEOUTERBOUND(#1843,.T.);
#1845= IFCFACE((#1844));
#1846= IFCCARTESIANPOINT((15.2574694337468,-79.99999999996,88.1484047120302));
#1847= IFCCARTESIANPOINT((15.3430169581579,79.9999999997599,88.1501166323433));
#1848= IFCPOLYLOOP((#1846,#1847,#1842,#1841));
#1849= IFCFACEOUTERBOUND(#1848,.T.);
#1850= IFCFACE((#1849));
#1851= IFCCARTESIANPOINT((14.4904649061891,-80.,125.971044075934));
#1852= IFCCARTESIANPOINT((14.3777759127834,-59.5473272972959,132.174896155404));
#1853= IFCCARTESIANPOINT((14.1014517984081,-32.2316184112424,146.773807520722));
#1854= IFCPOLYLOOP((#1851,#1852,#1853,#1788,#1784,#1780,#1765,#1761,#1757,#1744,#1740,#1736,#1721,#1716,#1715,#1829,#1837,#1847,#1846));
#1855= IFCFACEOUTERBOUND(#1854,.T.);
#1856= IFCFACE((#1855));
#1857= IFCCARTESIANPOINT((52.6500739760509,-80.0000000000982,182.269971917485));
#1858= IFCPOLYLOOP((#1857,#1852,#1851));
#1859= IFCFACEOUTERBOUND(#1858,.T.);
#1860= IFCFACE((#1859));
#1861= IFCCARTESIANPOINT((75.8438923265476,-80.0000000001564,219.454045827306));
#1862= IFCPOLYLOOP((#1861,#1853,#1852,#1857));
#1863= IFCFACEOUTERBOUND(#1862,.T.);
#1864= IFCFACE((#1863));
#1865= IFCCARTESIANPOINT((76.615367291643,-80.0000000001564,220.790581748253));
#1866= IFCPOLYLOOP((#1865,#1793,#1789,#1788,#1853,#1861));
#1867= IFCFACEOUTERBOUND(#1866,.T.);
#1868= IFCFACE((#1867));
#1869= IFCCARTESIANPOINT((76.6113578841773,-80.0000000001601,221.106357811259));
#1870= IFCPOLYLOOP((#1869,#1793,#1865));
#1871= IFCFACEOUTERBOUND(#1870,.T.);
#1872= IFCFACE((#1871));
#1873= IFCCARTESIANPOINT((103.60219084787,-80.0000000001855,221.653067016241));
#1874= IFCPOLYLOOP((#1798,#1793,#1869,#1873));
#1875= IFCFACEOUTERBOUND(#1874,.T.);
#1876= IFCFACE((#1875));
#1877= IFCCARTESIANPOINT((37.4677459472623,-80.0000000000218,122.456599913312));
#1878= IFCCARTESIANPOINT((105.559030311387,-80.0000000000873,123.821404485354));
#1879= IFCPOLYLOOP((#1865,#1861,#1857,#1851,#1846,#1841,#1630,#1629,#1877,#1878,#1873,#1869));
#1880= IFCFACEOUTERBOUND(#1879,.T.);
#1881= IFCFACE((#1880));
#1882= IFCPOLYLOOP((#1826,#1822,#1818,#1814,#1810,#1806,#1802,#1797,#1798,#1873,#1878,#1697,#1698));
#1883= IFCFACEOUTERBOUND(#1882,.T.);
#1884= IFCFACE((#1883));
#1885= IFCPOLYLOOP((#1827,#1826,#1698,#1692));
#1886= IFCFACEOUTERBOUND(#1885,.T.);
#1887= IFCFACE((#1886));
#1888= IFCCARTESIANPOINT((30.9282999201537,79.999999999367,454.396435406323));
#1889= IFCPOLYLOOP((#1656,#1827,#1692,#1691,#1888,#1657));
#1890= IFCFACEOUTERBOUND(#1889,.T.);
#1891= IFCFACE((#1890));
#1892= IFCCARTESIANPOINT((37.7162122458869,79.9999999997162,110.461425428557));
#1893= IFCPOLYLOOP((#1892,#1632,#1631,#1842,#1847,#1837,#1833,#1658,#1657,#1888,#1691,#1690));
#1894= IFCFACEOUTERBOUND(#1893,.T.);
#1895= IFCFACE((#1894));
#1896= IFCPOLYLOOP((#1693,#1877,#1629,#1632,#1892,#1690));
#1897= IFCFACEOUTERBOUND(#1896,.T.);
#1898= IFCFACE((#1897));
#1899= IFCPOLYLOOP((#1878,#1877,#1693,#1697));
#1900= IFCFACEOUTERBOUND(#1899,.T.);
#1901= IFCFACE((#1900));
#1902= IFCCLOSEDSHELL((#1696,#1701,#1707,#1714,#1720,#1725,#1730,#1735,#1739,#1743,#1747,#1752,#1756,#1760,#1764,#1768,#1775,#1779,#1783,#1787,#1792,#1796,#1801,#1805,#1809,#1813,#1817,#1821,#1825,#1832,#1661,#1836,#1840,#1635,#1845,#1850,#1856,#1860,#1864,#1868,#1872,#1876,#1881,#1884,#1887,#1891,#1895,#1898,#1901));
#1903= IFCFACETEDBREP(#1902);
#1904= IFCSTYLEDITEM(#1903,(#1689),$);
#1905= IFCSHAPEREPRESENTATION(#12,'Body','Brep',(#1903));
#1906= IFCPRODUCTDEFINITIONSHAPE($,$,(#1905));
#1907= IFCCARTESIANPOINT((11720.9575387001,31119.9985681493,1310.05698836612));
#1908= IFCAXIS2PLACEMENT3D(#1907,#1680,#1681);
#1909= IFCLOCALPLACEMENT(#42,#1908);
#1910= IFCPLATE('1bah3XxS5Bzh4U1Ftb7NXB',#44,'Asfaltdekker_bindlag','PL160X108',$,#1909,#1906,'ID6592b0e1-edc1-4bf6-b11e-04fde51d784b');
#1911= IFCPLATETYPE('1rNq_z9jn5tAb1FwpF0abL',#5,'PL160X108',$,$,$,$,$,$,.NOTDEFINED.);
#1912= IFCCARTESIANPOINT((2.72848410531878E-12,-89.9999999999636,-3.63797880709171E-11));
#1913= IFCCARTESIANPOINT((9.59538006413595,-89.9999999999673,20.0007235534467));
#1914= IFCCARTESIANPOINT((9.59538006413027,89.99999999996,20.0007235535231));
#1915= IFCCARTESIANPOINT((-2.72848410531878E-12,89.9999999999673,3.63797880709171E-11));
#1916= IFCPOLYLOOP((#1912,#1913,#1914,#1915));
#1917= IFCFACEOUTERBOUND(#1916,.T.);
#1918= IFCFACE((#1917));
#1919= IFCCARTESIANPOINT((89.5956676273975,-89.9999999999673,20.0000135409682));
#1920= IFCCARTESIANPOINT((89.595667627392,89.9999999999636,20.000013541041));
#1921= IFCPOLYLOOP((#1913,#1919,#1920,#1914));
#1922= IFCFACEOUTERBOUND(#1921,.T.);
#1923= IFCFACE((#1922));
#1924= IFCCARTESIANPOINT((89.9999853375225,-89.99999999996,-5.63886715099216E-11));
#1925= IFCCARTESIANPOINT((89.999985337517,89.9999999999673,1.81898940354586E-11));
#1926= IFCPOLYLOOP((#1919,#1924,#1925,#1920));
#1927= IFCFACEOUTERBOUND(#1926,.T.);
#1928= IFCFACE((#1927));
#1929= IFCPOLYLOOP((#1924,#1912,#1915,#1925));
#1930= IFCFACEOUTERBOUND(#1929,.T.);
#1931= IFCFACE((#1930));
#1932= IFCPOLYLOOP((#1920,#1925,#1915,#1914));
#1933= IFCFACEOUTERBOUND(#1932,.T.);
#1934= IFCFACE((#1933));
#1935= IFCPOLYLOOP((#1924,#1919,#1913,#1912));
#1936= IFCFACEOUTERBOUND(#1935,.T.);
#1937= IFCFACE((#1936));
#1938= IFCCLOSEDSHELL((#1918,#1923,#1928,#1931,#1934,#1937));
#1939= IFCFACETEDBREP(#1938);
#1940= IFCSTYLEDITEM(#1939,(#186),$);
#1941= IFCSHAPEREPRESENTATION(#12,'Body','Brep',(#1939));
#1942= IFCPRODUCTDEFINITIONSHAPE($,$,(#1941));
#1943= IFCCARTESIANPOINT((11701.0560791083,31109.9999168363,1359.58957646293));
#1944= IFCDIRECTION((0.999999428142477,-0.00106941500015455,8.14099535182322E-06));
#1945= IFCDIRECTION((8.14100000697464E-06,0.,-0.999999999966862));
#1946= IFCAXIS2PLACEMENT3D(#1943,#1944,#1945);
#1947= IFCLOCALPLACEMENT(#42,#1946);
#1948= IFCPLATE('2GnhlCo2HAwQ3842BRN3ji',#44,'Topeka','PL180X20',$,#1947,#1942,'ID90c6bbcc-c824-4ae9-a0c8-1022db5c3b6c');
#1949= IFCPLATETYPE('3il6T4dxv3mhsLu4$BGPBo',#5,'PL180X20',$,$,$,$,$,$,.NOTDEFINED.);
#1950= IFCCOLOURRGB('Unnamed',0.654901960784314,0.654901960784314,0.654901960784314);
#1951= IFCSURFACESTYLERENDERING(#1950,0.,$,$,$,$,IFCNORMALISEDRATIOMEASURE(0.00390625),IFCSPECULAREXPONENT(10.),.NOTDEFINED.);
#1952= IFCSURFACESTYLE('CONCRETE/B45_SV_Standard',.POSITIVE.,(#1951));
#1953= IFCPRESENTATIONSTYLEASSIGNMENT((#1952));
#1954= IFCCARTESIANPOINT((-384.934663511936,-100.,381.063983083882));
#1955= IFCCARTESIANPOINT((-384.991882540198,-100.,47.3728039730922));
#1956= IFCCARTESIANPOINT((-382.265939331315,-79.2944763917985,47.4268762083468));
#1957= IFCCARTESIANPOINT((-382.208764568148,-79.2944763917985,380.859909189064));
#1958= IFCPOLYLOOP((#1954,#1955,#1956,#1957));
#1959= IFCFACEOUTERBOUND(#1958,.T.);
#1960= IFCFACE((#1959));
#1961= IFCCARTESIANPOINT((-374.273878225336,-60.,47.5854324205693));
#1962= IFCCARTESIANPOINT((-374.21683324504,-60.,380.261594803293));
#1963= IFCPOLYLOOP((#1957,#1956,#1961,#1962));
#1964= IFCFACEOUTERBOUND(#1963,.T.);
#1965= IFCFACE((#1964));
#1966= IFCCARTESIANPOINT((-361.56034497912,-43.4314575050776,47.8376672659238));
#1967= IFCCARTESIANPOINT((-361.50350645499,-43.4314575050776,379.309814063199));
#1968= IFCPOLYLOOP((#1962,#1961,#1966,#1967));
#1969= IFCFACEOUTERBOUND(#1968,.T.);
#1970= IFCFACE((#1969));
#1971= IFCCARTESIANPOINT((-344.991745873293,-30.7179676972446,48.1663913565369));
#1972= IFCCARTESIANPOINT((-344.935176408979,-30.7179676972446,378.069429253328));
#1973= IFCPOLYLOOP((#1967,#1966,#1971,#1972));
#1974= IFCFACEOUTERBOUND(#1973,.T.);
#1975= IFCFACE((#1974));
#1976= IFCCARTESIANPOINT((-325.697203556012,-22.7259338968761,48.5492026888758));
#1977= IFCCARTESIANPOINT((-325.640947419175,-22.7259338968761,376.624970548638));
#1978= IFCPOLYLOOP((#1972,#1971,#1976,#1977));
#1979= IFCFACEOUTERBOUND(#1978,.T.);
#1980= IFCFACE((#1979));
#1981= IFCCARTESIANPOINT((-304.991609200461,-20.,48.960013303267));
#1982= IFCCARTESIANPOINT((-304.935689306019,-20.,375.074875422774));
#1983= IFCPOLYLOOP((#1977,#1976,#1981,#1982));
#1984= IFCFACEOUTERBOUND(#1983,.T.);
#1985= IFCFACE((#1984));
#1986= IFCCARTESIANPOINT((-284.286014844358,-22.7259338968761,49.3708271352364));
#1987= IFCCARTESIANPOINT((-284.230431192862,-22.7259338968761,373.52478029691));
#1988= IFCPOLYLOOP((#1982,#1981,#1986,#1987));
#1989= IFCFACEOUTERBOUND(#1988,.T.);
#1990= IFCFACE((#1989));
#1991= IFCCARTESIANPOINT((-264.99147252546,-30.7179676972446,49.7536479010371));
#1992= IFCCARTESIANPOINT((-264.93620220306,-30.7179676972446,372.08032159222));
#1993= IFCPOLYLOOP((#1987,#1986,#1991,#1992));
#1994= IFCFACEOUTERBOUND(#1993,.T.);
#1995= IFCFACE((#1994));
#1996= IFCCARTESIANPOINT((-248.422873417059,-43.4314575050776,50.0823869981216));
#1997= IFCCARTESIANPOINT((-248.367872157047,-43.4314575050776,370.839936782348));
#1998= IFCPOLYLOOP((#1992,#1991,#1996,#1997));
#1999= IFCFACEOUTERBOUND(#1998,.T.);
#2000= IFCFACE((#1999));
#2001= IFCCARTESIANPOINT((-235.709340167492,-60.,50.3346414002904));
#2002= IFCCARTESIANPOINT((-235.654545366999,-60.,369.888156042254));
#2003= IFCPOLYLOOP((#1997,#1996,#2001,#2002));
#2004= IFCFACEOUTERBOUND(#2003,.T.);
#2005= IFCFACE((#2004));
#2006= IFCCARTESIANPOINT((-227.717279057606,-79.2944763917985,50.4932203869053));
#2007= IFCCARTESIANPOINT((-227.662614043891,-79.2944763917985,369.289841656484));
#2008= IFCPOLYLOOP((#2002,#2001,#2006,#2007));
#2009= IFCFACEOUTERBOUND(#2008,.T.);
#2010= IFCFACE((#2009));
#2011= IFCCARTESIANPOINT((-224.936715100102,-100.,369.085767761666));
#2012= IFCCARTESIANPOINT((-224.991335844534,-100.,50.5473170620933));
#2013= IFCPOLYLOOP((#2011,#2007,#2006,#2012));
#2014= IFCFACEOUTERBOUND(#2013,.T.);
#2015= IFCFACE((#2014));
#2016= IFCCARTESIANPOINT((-802.072060209961,-100.,-15.9072527353221));
#2017= IFCCARTESIANPOINT((-801.998636180724,-100.,412.287396367323));
#2018= IFCCARTESIANPOINT((-801.998636180724,100.,412.287396367323));
#2019= IFCCARTESIANPOINT((-802.072060209961,100.,-15.9072527353221));
#2020= IFCPOLYLOOP((#2016,#2017,#2018,#2019));
#2021= IFCFACEOUTERBOUND(#2020,.T.);
#2022= IFCFACE((#2021));
#2023= IFCCARTESIANPOINT((30.0068830148448,-100.,2.72848410531878E-12));
#2024= IFCCARTESIANPOINT((-1.81898940354586E-12,-100.,-2.27373675443232E-13));
#2025= IFCCARTESIANPOINT((-1.81898940354586E-12,100.,-2.27373675443232E-13));
#2026= IFCCARTESIANPOINT((30.0068830148448,100.,2.72848410531878E-12));
#2027= IFCPOLYLOOP((#2023,#2024,#2025,#2026));
#2028= IFCFACEOUTERBOUND(#2027,.T.);
#2029= IFCFACE((#2028));
#2030= IFCCARTESIANPOINT((-482.721032647143,-100.,-9.57366033291783));
#2031= IFCCARTESIANPOINT((-482.715814794303,76.9951466482671,-9.57355684881986));
#2032= IFCCARTESIANPOINT((-483.806766336505,76.9951790996274,45.4121490760031));
#2033= IFCCARTESIANPOINT((-483.811986261042,-100.,45.4121499678597));
#2034= IFCPOLYLOOP((#2030,#2031,#2032,#2033));
#2035= IFCFACEOUTERBOUND(#2034,.T.);
#2036= IFCFACE((#2035));
#2037= IFCCARTESIANPOINT((-128.780617273094,76.9847084610738,-2.55406705706446));
#2038= IFCCARTESIANPOINT((-129.871624559491,76.984740914093,52.4344484644625));
#2039= IFCPOLYLOOP((#2037,#2038,#2032,#2031));
#2040= IFCFACEOUTERBOUND(#2039,.T.);
#2041= IFCFACE((#2040));
#2042= IFCCARTESIANPOINT((-128.785834817929,-100.,-2.55417053505403));
#2043= IFCCARTESIANPOINT((-129.876844176184,-100.,52.4344493562667));
#2044= IFCPOLYLOOP((#2042,#2043,#2038,#2037));
#2045= IFCFACEOUTERBOUND(#2044,.T.);
#2046= IFCFACE((#2045));
#2047= IFCPOLYLOOP((#2031,#2030,#2016,#2019,#2025,#2024,#2042,#2037));
#2048= IFCFACEOUTERBOUND(#2047,.T.);
#2049= IFCFACE((#2048));
#2050= IFCCARTESIANPOINT((30.0700246931683,100.,349.99473773172));
#2051= IFCPOLYLOOP((#2018,#2050,#2026,#2025,#2019));
#2052= IFCFACEOUTERBOUND(#2051,.T.);
#2053= IFCFACE((#2052));
#2054= IFCCARTESIANPOINT((30.0700246931683,-100.,349.99473773172));
#2055= IFCPOLYLOOP((#2054,#2023,#2026,#2050));
#2056= IFCFACEOUTERBOUND(#2055,.T.);
#2057= IFCFACE((#2056));
#2058= IFCPOLYLOOP((#2043,#2042,#2024,#2023,#2054,#2011,#2012));
#2059= IFCFACEOUTERBOUND(#2058,.T.);
#2060= IFCFACE((#2059));
#2061= IFCPOLYLOOP((#2001,#1996,#1991,#1986,#1981,#1976,#1971,#1966,#1961,#1956,#1955,#2033,#2032,#2038,#2043,#2012,#2006));
#2062= IFCFACEOUTERBOUND(#2061,.T.);
#2063= IFCFACE((#2062));
#2064= IFCPOLYLOOP((#2017,#2016,#2030,#2033,#1955,#1954));
#2065= IFCFACEOUTERBOUND(#2064,.T.);
#2066= IFCFACE((#2065));
#2067= IFCPOLYLOOP((#2054,#2050,#2018,#2017,#1954,#1957,#1962,#1967,#1972,#1977,#1982,#1987,#1992,#1997,#2002,#2007,#2011));
#2068= IFCFACEOUTERBOUND(#2067,.T.);
#2069= IFCFACE((#2068));
#2070= IFCCLOSEDSHELL((#1960,#1965,#1970,#1975,#1980,#1985,#1990,#1995,#2000,#2005,#2010,#2015,#2022,#2029,#2036,#2041,#2046,#2049,#2053,#2057,#2060,#2063,#2066,#2069));
#2071= IFCFACETEDBREP(#2070);
#2072= IFCSTYLEDITEM(#2071,(#1953),$);
#2073= IFCSHAPEREPRESENTATION(#12,'Body','Brep',(#2071));
#2074= IFCPRODUCTDEFINITIONSHAPE($,$,(#2073));
#2075= IFCCARTESIANPOINT((11697.9406792573,31100.,1254.52935862478));
#2076= IFCDIRECTION((0.000171473000049446,0.,-0.999999985298505));
#2077= IFCDIRECTION((-0.999999985298505,0.,-0.000171473000048789));
#2078= IFCAXIS2PLACEMENT3D(#2075,#2076,#2077);
#2079= IFCLOCALPLACEMENT(#42,#2078);
#2080= IFCSLAB('3NustORWHDRPUIHJA5CpCP',#44,'Bruplate','200X427',$,#2079,#2074,'IDd7e36dd8-6e04-4d6d-9792-453285333319',.NOTDEFINED.);
#2081= IFCSLABTYPE('2WQm$jnOz3tPGhVg4SxmeC',#5,'200X427',$,$,$,$,$,$,.NOTDEFINED.);
#2082= IFCMATERIAL('CONCRETE/B45_SV_Standard');
#2083= IFCCOLOURRGB('Unnamed',0.,0.,0.);
#2084= IFCSURFACESTYLERENDERING(#2083,0.,$,$,$,$,IFCNORMALISEDRATIOMEASURE(0.00390625),IFCSPECULAREXPONENT(10.),.NOTDEFINED.);
#2085= IFCSURFACESTYLE('MISCELLANEOUS/Misc_Undefined',.POSITIVE.,(#2084));
#2086= IFCPRESENTATIONSTYLEASSIGNMENT((#2085));
#2087= IFCCARTESIANPOINT((0.,10.,-100.));
#2088= IFCCARTESIANPOINT((-1020.,10.,-100.));
#2089= IFCCARTESIANPOINT((-1020.,10.,100.));
#2090= IFCCARTESIANPOINT((0.,10.,100.));
#2091= IFCCARTESIANPOINT((1020.,10.,100.));
#2092= IFCCARTESIANPOINT((1020.,10.,-100.));
#2093= IFCPOLYLOOP((#2087,#2088,#2089,#2090,#2091,#2092));
#2094= IFCFACEOUTERBOUND(#2093,.T.);
#2095= IFCFACE((#2094));
#2096= IFCCARTESIANPOINT((0.,-10.,100.));
#2097= IFCCARTESIANPOINT((-1000.,-10.,100.));
#2098= IFCCARTESIANPOINT((-1000.,-10.,-100.));
#2099= IFCCARTESIANPOINT((0.,-10.,-100.));
#2100= IFCCARTESIANPOINT((1000.,-10.,-100.));
#2101= IFCCARTESIANPOINT((1000.,-10.,100.));
#2102= IFCPOLYLOOP((#2096,#2097,#2098,#2099,#2100,#2101));
#2103= IFCFACEOUTERBOUND(#2102,.T.);
#2104= IFCFACE((#2103));
#2105= IFCCARTESIANPOINT((1020.,-2320.,100.));
#2106= IFCCARTESIANPOINT((1020.,-2320.,-100.));
#2107= IFCPOLYLOOP((#2092,#2091,#2105,#2106));
#2108= IFCFACEOUTERBOUND(#2107,.T.);
#2109= IFCFACE((#2108));
#2110= IFCCARTESIANPOINT((1000.,-2300.,-100.));
#2111= IFCCARTESIANPOINT((1000.,-2300.,100.));
#2112= IFCPOLYLOOP((#2101,#2100,#2110,#2111));
#2113= IFCFACEOUTERBOUND(#2112,.T.);
#2114= IFCFACE((#2113));
#2115= IFCCARTESIANPOINT((52.0301245623905,-2320.,100.));
#2116= IFCCARTESIANPOINT((52.0301245623905,-2320.,-100.));
#2117= IFCPOLYLOOP((#2106,#2105,#2115,#2116));
#2118= IFCFACEOUTERBOUND(#2117,.T.);
#2119= IFCFACE((#2118));
#2120= IFCCARTESIANPOINT((63.5705992207149,-2300.,-100.));
#2121= IFCCARTESIANPOINT((63.5705992207149,-2300.,100.));
#2122= IFCPOLYLOOP((#2111,#2110,#2120,#2121));
#2123= IFCFACEOUTERBOUND(#2122,.T.);
#2124= IFCFACE((#2123));
#2125= IFCCARTESIANPOINT((9.99982820693185,-2247.28367958263,100.));
#2126= IFCCARTESIANPOINT((9.99982820693185,-2247.28367958263,-100.));
#2127= IFCPOLYLOOP((#2116,#2115,#2125,#2126));
#2128= IFCFACEOUTERBOUND(#2127,.T.);
#2129= IFCFACE((#2128));
#2130= IFCCARTESIANPOINT((-9.99982820693185,-2172.71632041737,-100.));
#2131= IFCCARTESIANPOINT((-9.99982820693185,-2172.71632041737,100.));
#2132= IFCPOLYLOOP((#2121,#2120,#2130,#2131));
#2133= IFCFACEOUTERBOUND(#2132,.T.);
#2134= IFCFACE((#2133));
#2135= IFCCARTESIANPOINT((9.99890664283703,-2447.28755582285,100.));
#2136= IFCCARTESIANPOINT((9.99890664283703,-2447.28755582285,-100.));
#2137= IFCPOLYLOOP((#2126,#2125,#2135,#2136));
#2138= IFCFACEOUTERBOUND(#2137,.T.);
#2139= IFCFACE((#2138));
#2140= IFCCARTESIANPOINT((-10.0007497710285,-2372.72019665758,-100.));
#2141= IFCCARTESIANPOINT((-10.0007497710285,-2372.72019665758,100.));
#2142= IFCPOLYLOOP((#2131,#2130,#2140,#2141));
#2143= IFCFACEOUTERBOUND(#2142,.T.);
#2144= IFCFACE((#2143));
#2145= IFCCARTESIANPOINT((-63.5737612656831,-2320.,100.));
#2146= IFCCARTESIANPOINT((-63.5737612656831,-2320.,-100.));
#2147= IFCPOLYLOOP((#2136,#2135,#2145,#2146));
#2148= IFCFACEOUTERBOUND(#2147,.T.);
#2149= IFCFACE((#2148));
#2150= IFCCARTESIANPOINT((-52.0332866073586,-2300.,-100.));
#2151= IFCCARTESIANPOINT((-52.0332866073586,-2300.,100.));
#2152= IFCPOLYLOOP((#2141,#2140,#2150,#2151));
#2153= IFCFACEOUTERBOUND(#2152,.T.);
#2154= IFCFACE((#2153));
#2155= IFCCARTESIANPOINT((-1020.,-2320.,100.));
#2156= IFCCARTESIANPOINT((-1020.,-2320.,-100.));
#2157= IFCPOLYLOOP((#2146,#2145,#2155,#2156));
#2158= IFCFACEOUTERBOUND(#2157,.T.);
#2159= IFCFACE((#2158));
#2160= IFCCARTESIANPOINT((-1000.,-2300.,-100.));
#2161= IFCCARTESIANPOINT((-1000.,-2300.,100.));
#2162= IFCPOLYLOOP((#2151,#2150,#2160,#2161));
#2163= IFCFACEOUTERBOUND(#2162,.T.);
#2164= IFCFACE((#2163));
#2165= IFCPOLYLOOP((#2156,#2155,#2089,#2088));
#2166= IFCFACEOUTERBOUND(#2165,.T.);
#2167= IFCFACE((#2166));
#2168= IFCPOLYLOOP((#2161,#2160,#2098,#2097));
#2169= IFCFACEOUTERBOUND(#2168,.T.);
#2170= IFCFACE((#2169));
#2171= IFCPOLYLOOP((#2089,#2155,#2145,#2135,#2125,#2115,#2105,#2091,#2090));
#2172= IFCFACEOUTERBOUND(#2171,.T.);
#2173= IFCPOLYLOOP((#2101,#2111,#2121,#2131,#2141,#2151,#2161,#2097,#2096));
#2174= IFCFACEBOUND(#2173,.T.);
#2175= IFCFACE((#2172,#2174));
#2176= IFCPOLYLOOP((#2092,#2106,#2116,#2126,#2136,#2146,#2156,#2088,#2087));
#2177= IFCFACEOUTERBOUND(#2176,.T.);
#2178= IFCPOLYLOOP((#2098,#2160,#2150,#2140,#2130,#2120,#2110,#2100,#2099));
#2179= IFCFACEBOUND(#2178,.T.);
#2180= IFCFACE((#2177,#2179));
#2181= IFCCLOSEDSHELL((#2095,#2104,#2109,#2114,#2119,#2124,#2129,#2134,#2139,#2144,#2149,#2154,#2159,#2164,#2167,#2170,#2175,#2180));
#2182= IFCFACETEDBREP(#2181);
#2183= IFCSTYLEDITEM(#2182,(#2086),$);
#2184= IFCSHAPEREPRESENTATION(#12,'Body','Brep',(#2182));
#2185= IFCPRODUCTDEFINITIONSHAPE($,$,(#2184));
#2186= IFCCARTESIANPOINT((11500.,31100.,-10.));
#2187= IFCAXIS2PLACEMENT3D(#2186,#1419,#1613);
#2188= IFCLOCALPLACEMENT(#42,#2187);
#2189= IFCBEAM('1usUGg8r50rQjhn8TwkJCO',#44,'Ramme','PL200X20',$,#2188,#2185,'ID78d9e42a-2351-40d5-ab6b-c4877ab93318');
#2190= IFCBEAMTYPE('2n0PRcQY5EHfGlLoj8V2mC',#5,'PL200X20',$,$,$,$,$,$,.NOTDEFINED.);
#2191= IFCCOLOURRGB('Unnamed',0.823529411764706,0.823529411764706,0.823529411764706);
#2192= IFCSURFACESTYLERENDERING(#2191,0.,$,$,$,$,IFCNORMALISEDRATIOMEASURE(0.00390625),IFCSPECULAREXPONENT(10.),.NOTDEFINED.);
#2193= IFCSURFACESTYLE('CONCRETE/B45_SV_Standard',.POSITIVE.,(#2192));
#2194= IFCPRESENTATIONSTYLEASSIGNMENT((#2193));
#2195= IFCCARTESIANPOINT((-135.480881269506,-100.,500.702991068456));
#2196= IFCCARTESIANPOINT((-135.480881269506,100.,500.702991068456));
#2197= IFCPOLYLOOP((#2024,#2195,#2196,#2025));
#2198= IFCFACEOUTERBOUND(#2197,.T.);
#2199= IFCFACE((#2198));
#2200= IFCCARTESIANPOINT((-120.704657982863,-100.,520.008924242944));
#2201= IFCCARTESIANPOINT((-120.704657982863,100.,520.008924242944));
#2202= IFCPOLYLOOP((#2195,#2200,#2201,#2196));
#2203= IFCFACEOUTERBOUND(#2202,.T.);
#2204= IFCFACE((#2203));
#2205= IFCCARTESIANPOINT((601.635368879325,-100.,520.018738315939));
#2206= IFCCARTESIANPOINT((601.635368879325,100.,520.018738315939));
#2207= IFCPOLYLOOP((#2200,#2205,#2206,#2201));
#2208= IFCFACEOUTERBOUND(#2207,.T.);
#2209= IFCFACE((#2208));
#2210= IFCCARTESIANPOINT((620.55122624036,-100.,500.048322701552));
#2211= IFCCARTESIANPOINT((620.55122624036,100.,500.048322701552));
#2212= IFCPOLYLOOP((#2205,#2210,#2211,#2206));
#2213= IFCFACEOUTERBOUND(#2212,.T.);
#2214= IFCFACE((#2213));
#2215= IFCCARTESIANPOINT((595.54963050708,-100.,39.9953254582488));
#2216= IFCCARTESIANPOINT((595.54963050708,100.,39.9953254582488));
#2217= IFCPOLYLOOP((#2210,#2215,#2216,#2211));
#2218= IFCFACEOUTERBOUND(#2217,.T.);
#2219= IFCFACE((#2218));
#2220= IFCCARTESIANPOINT((525.550255873847,-100.,-30.005314199796));
#2221= IFCCARTESIANPOINT((525.550255873847,100.,-30.005314199796));
#2222= IFCPOLYLOOP((#2215,#2220,#2221,#2216));
#2223= IFCFACEOUTERBOUND(#2222,.T.);
#2224= IFCFACE((#2223));
#2225= IFCCARTESIANPOINT((350.000268088088,-100.,-30.0068825260114));
#2226= IFCCARTESIANPOINT((350.000268088088,100.,-30.0068825260114));
#2227= IFCPOLYLOOP((#2220,#2225,#2226,#2221));
#2228= IFCFACEOUTERBOUND(#2227,.T.);
#2229= IFCFACE((#2228));
#2230= IFCCARTESIANPOINT((349.994854622754,-100.,3.36513039655983E-10));
#2231= IFCCARTESIANPOINT((349.994854622754,100.,3.36513039655983E-10));
#2232= IFCPOLYLOOP((#2225,#2230,#2231,#2226));
#2233= IFCFACEOUTERBOUND(#2232,.T.);
#2234= IFCFACE((#2233));
#2235= IFCPOLYLOOP((#2230,#2024,#2025,#2231));
#2236= IFCFACEOUTERBOUND(#2235,.T.);
#2237= IFCFACE((#2236));
#2238= IFCPOLYLOOP((#2201,#2206,#2211,#2216,#2221,#2226,#2231,#2025,#2196));
#2239= IFCFACEOUTERBOUND(#2238,.T.);
#2240= IFCFACE((#2239));
#2241= IFCPOLYLOOP((#2230,#2225,#2220,#2215,#2210,#2205,#2200,#2195,#2024));
#2242= IFCFACEOUTERBOUND(#2241,.T.);
#2243= IFCFACE((#2242));
#2244= IFCCLOSEDSHELL((#2199,#2204,#2209,#2214,#2219,#2224,#2229,#2234,#2237,#2240,#2243));
#2245= IFCFACETEDBREP(#2244);
#2246= IFCSTYLEDITEM(#2245,(#2194),$);
#2247= IFCSHAPEREPRESENTATION(#12,'Body','Brep',(#2245));
#2248= IFCPRODUCTDEFINITIONSHAPE($,$,(#2247));
#2249= IFCCARTESIANPOINT((11667.9306698298,31100.,904.529358632627));
#2250= IFCDIRECTION((-0.999999999960092,0.,8.93400000086331E-06));
#2251= IFCDIRECTION((8.93400000086671E-06,0.,0.999999999960092));
#2252= IFCAXIS2PLACEMENT3D(#2249,#2250,#2251);
#2253= IFCLOCALPLACEMENT(#42,#2252);
#2254= IFCSLAB('2GcCdGA_n9h90j8iYuX3sr',#44,'Kantbjelke','200X550',$,#2253,#2248,'ID9098c9d0-2bec-49ac-902d-22c8b8843db5',.NOTDEFINED.);
#2255= IFCSLABTYPE('0VSMepzTL5RggxQu4ArAKF',#5,'200X550',$,$,$,$,$,$,.NOTDEFINED.);
#2256= IFCRELAGGREGATES('2OOoUA7F93wxODjMbIupeo',#5,$,$,#36,(#38));
#2257= IFCRELAGGREGATES('0HpetfHIr54hdtJvuA6KIk',#5,$,$,#38,(#41));
#2258= IFCRELAGGREGATES('0iAJcba7f0audwwSECHUXS',#5,$,$,#41,(#43));
#2259= IFCRELCONTAINEDINSPATIALSTRUCTURE('0ioDidDtDFCxC1CAsAMB0J',#5,$,$,(#2254,#2189,#2080,#1948,#1910,#1684,#1616,#1423,#272,#180),#43);
#2260= IFCRELDEFINESBYTYPE('3oSbdMLkH6DRomyPlv7RQG',#5,$,$,(#180),#181);
#2261= IFCRELDEFINESBYTYPE('0ybXFVaf1Ct81rlWWEH_WW',#5,$,$,(#272),#273);
#2262= IFCRELDEFINESBYTYPE('2cUPvo6Rj5pvOUj3mpEJEK',#5,$,$,(#1423),#1424);
#2263= IFCRELDEFINESBYTYPE('3Srl$XzIrB5AqG4xYmRAri',#5,$,$,(#1616),#1617);
#2264= IFCRELDEFINESBYTYPE('0Wqf7Tdon8wOzyzJZ9gUi4',#5,$,$,(#1684),#1685);
#2265= IFCRELDEFINESBYTYPE('19F4s816T07PPucCDWo9IL',#5,$,$,(#1910),#1911);
#2266= IFCRELDEFINESBYTYPE('0cRDcMFz5BFx4q3ZfmIlty',#5,$,$,(#1948),#1949);
#2267= IFCRELDEFINESBYTYPE('2r3muN7FHB4OjTi20S1J0x',#5,$,$,(#2080),#2081);
#2268= IFCRELDEFINESBYTYPE('1vQMo7W3fBbgHvE0IPHajz',#5,$,$,(#2189),#2190);
#2269= IFCRELDEFINESBYTYPE('1JJMlcfnn2lxwG$kFffWeu',#5,$,$,(#2254),#2255);
#2270= IFCRELASSOCIATESMATERIAL('3VObYRsxbEjPW$N8_KRVs0',#5,$,$,(#2189,#1948,#1910,#1684,#1616,#1423,#272,#180),#182);
#2271= IFCRELASSOCIATESMATERIAL('2pO9eReRzFbfZh8gT4ICLr',#5,$,$,(#2254,#2080),#2082);
#2272= IFCPRESENTATIONLAYERASSIGNMENT('C60BP2',$,(#173),$);
#2273= IFCPRESENTATIONLAYERASSIGNMENT('Topeka',$,(#267,#1941),$);
#2274= IFCPRESENTATIONLAYERASSIGNMENT('Sluk',$,(#1416),$);
#2275= IFCPRESENTATIONLAYERASSIGNMENT('Avl\S\xpsr\S\xr',$,(#1610),$);
#2276= IFCPRESENTATIONLAYERASSIGNMENT('Asfaltdekker_slitelag',$,(#1677),$);
#2277= IFCPRESENTATIONLAYERASSIGNMENT('Asfaltdekker_bindlag',$,(#1905),$);
#2278= IFCPRESENTATIONLAYERASSIGNMENT('Bruplate',$,(#2073),$);
#2279= IFCPRESENTATIONLAYERASSIGNMENT('Ramme',$,(#2184),$);
#2280= IFCPRESENTATIONLAYERASSIGNMENT('Kantbjelke',$,(#2247),$);
ENDSEC;

END-ISO-10303-21;
