ISO-10303-21;
HEADER;
FILE_DESCRIPTION(('ViewDefinition[CoordinationView_V2.0]', 'ExchangeRequirement[Structural, SurfaceGeometry]', 'Option [GridExport:Off]', 'Option [Assemblies:Off]', 'Option [Bolts:On]', 'Option [Rebars:On]', 'Option [PourObjects:Off]', 'Option [Welds:Off]', 'Option [SurfaceTreatments:Off]', 'Option [LocationBy:0]', 'Option [ViewColors:On]', 'Option [SectionedSpine:Off]', 'Option [PropertySets:On]', 'Option [Export all:Off]'),'2;1');
FILE_NAME('SNACKS_Detalj_Bolter.ifc','2026-08-26T15:41:51',('SWECO\\NOULVE'),('Structural Designer'),'IFC Parser','Tekla Structures 2025 Service Pack 7, IFC Export Version: 4.0.0.0 Feb 24 2026','');
FILE_SCHEMA(('IFC2X3'));
ENDSEC;

DATA;
#1= IFCPERSON('SWECO\\NOULVE','Undefined',$,$,$,$,$,$);
#2= IFCORGANIZATION($,'Trimble Solutions Corporation',$,$,$);
#3= IFCPERSONANDORGANIZATION(#1,#2,$);
#4= IFCAPPLICATION(#2,'2025 Service Pack 7','Tekla Structures','Multi material modeling');
#5= IFCOWNERHISTORY(#3,#4,$,.NOCHANGE.,$,$,$,1787751711);
#6= IFCCARTESIANPOINT((0.,0.,0.));
#7= IFCDIRECTION((1.,0.,0.));
#8= IFCDIRECTION((0.,1.,0.));
#9= IFCDIRECTION((0.,0.,1.));
#10= IFCAXIS2PLACEMENT3D(#6,#9,#7);
#11= IFCGEOMETRICREPRESENTATIONCONTEXT($,'Model',3,1.E-05,#10,$);
#12= IFCGEOMETRICREPRESENTATIONSUBCONTEXT('Body','Model',*,*,*,*,#11,$,.MODEL_VIEW.,$);
#13= IFCGEOMETRICREPRESENTATIONSUBCONTEXT('Axis','Model',*,*,*,*,#11,$,.GRAPH_VIEW.,$);
#14= IFCSIUNIT(*,.LENGTHUNIT.,.MILLI.,.METRE.);
#15= IFCMEASUREWITHUNIT(IFCRATIOMEASURE(304.8),#14);
#16= IFCDIMENSIONALEXPONENTS(1,0,0,0,0,0,0);
#17= IFCCONVERSIONBASEDUNIT(#16,.LENGTHUNIT.,'FOOT',#15);
#18= IFCSIUNIT(*,.AREAUNIT.,$,.SQUARE_METRE.);
#19= IFCMEASUREWITHUNIT(IFCRATIOMEASURE(0.09290304),#18);
#20= IFCDIMENSIONALEXPONENTS(2,0,0,0,0,0,0);
#21= IFCCONVERSIONBASEDUNIT(#20,.AREAUNIT.,'SQUARE FOOT',#19);
#22= IFCSIUNIT(*,.VOLUMEUNIT.,$,.CUBIC_METRE.);
#23= IFCMEASUREWITHUNIT(IFCRATIOMEASURE(0.028316846592),#22);
#24= IFCDIMENSIONALEXPONENTS(3,0,0,0,0,0,0);
#25= IFCCONVERSIONBASEDUNIT(#24,.VOLUMEUNIT.,'CUBIC FOOT',#23);
#26= IFCSIUNIT(*,.MASSUNIT.,.KILO.,.GRAM.);
#27= IFCSIUNIT(*,.TIMEUNIT.,$,.SECOND.);
#28= IFCSIUNIT(*,.PLANEANGLEUNIT.,$,.RADIAN.);
#29= IFCMEASUREWITHUNIT(IFCRATIOMEASURE(0.0174532925199433),#28);
#30= IFCDIMENSIONALEXPONENTS(0,0,0,0,0,0,0);
#31= IFCCONVERSIONBASEDUNIT(#30,.PLANEANGLEUNIT.,'DEGREE',#29);
#32= IFCSIUNIT(*,.SOLIDANGLEUNIT.,$,.STERADIAN.);
#33= IFCSIUNIT(*,.THERMODYNAMICTEMPERATUREUNIT.,$,.DEGREE_CELSIUS.);
#34= IFCSIUNIT(*,.LUMINOUSINTENSITYUNIT.,$,.LUMEN.);
#35= IFCUNITASSIGNMENT((#14,#18,#22,#26,#27,#28,#32,#33,#34));
#36= IFCPROJECT('2YG0JLJLPAvRd9NM8hMiC$',#5,'Trimble',$,$,$,$,(#11),#35);
#37= IFCLOCALPLACEMENT($,#10);
#38= IFCSITE('0cHbuZ7tTAAARUvYnq2GoH',#5,'Undefined',$,$,#37,$,$,.ELEMENT.,$,$,$,$,$);
#39= IFCPOSTALADDRESS($,' ',$,' ',$,' ',' ',' ',' ',' ');
#40= IFCLOCALPLACEMENT(#37,#10);
#41= IFCBUILDING('2cH2Ye1ODFPROjgJsPA4pC',#5,'Undefined',$,$,#40,$,$,.ELEMENT.,$,$,#39);
#42= IFCLOCALPLACEMENT(#40,#10);
#43= IFCBUILDINGSTOREY('09Zmb6wqH33AoobR5q1mOS',#5,'Undefined',$,$,#42,$,$,.ELEMENT.,0.);
#44= IFCOWNERHISTORY(#3,#4,$,.NOCHANGE.,$,$,$,1787756400);
#45= IFCCOLOURRGB('Unnamed',0.470588235294118,0.752941176470588,0.803921568627451);
#46= IFCSURFACESTYLERENDERING(#45,0.8,$,$,$,$,IFCNORMALISEDRATIOMEASURE(0.00390625),IFCSPECULAREXPONENT(10.),.NOTDEFINED.);
#47= IFCSURFACESTYLE('STEEL/Steel_Undefined',.POSITIVE.,(#46));
#48= IFCPRESENTATIONSTYLEASSIGNMENT((#47));
#49= IFCCARTESIANPOINT((3.27418092638254E-11,20.0000000000005,-30.0000000000036));
#50= IFCCARTESIANPOINT((1.81898940354586E-11,19.9999999999964,30.0000000000146));
#51= IFCCARTESIANPOINT((97.4900000184061,19.9999999999964,30.0000000000373));
#52= IFCCARTESIANPOINT((97.4900000184207,20.0000000000005,-29.9999999999818));
#53= IFCPOLYLOOP((#49,#50,#51,#52));
#54= IFCFACEOUTERBOUND(#53,.T.);
#55= IFCFACE((#54));
#56= IFCCARTESIANPOINT((-1.81898940354586E-11,-20.0000000000002,30.0000000000027));
#57= IFCCARTESIANPOINT((97.4900000183698,-20.0000000000002,30.0000000000255));
#58= IFCPOLYLOOP((#50,#56,#57,#51));
#59= IFCFACEOUTERBOUND(#58,.T.);
#60= IFCFACE((#59));
#61= IFCCARTESIANPOINT((-1.81898940354586E-11,-20.0000000000002,27.0000000000018));
#62= IFCCARTESIANPOINT((97.4900000183698,-20.0000000000002,27.0000000000236));
#63= IFCPOLYLOOP((#56,#61,#62,#57));
#64= IFCFACEOUTERBOUND(#63,.T.);
#65= IFCFACE((#64));
#66= IFCCARTESIANPOINT((1.81898940354586E-11,16.9999999999968,27.0000000000127));
#67= IFCCARTESIANPOINT((97.4900000184061,16.9999999999968,27.0000000000346));
#68= IFCPOLYLOOP((#61,#66,#67,#62));
#69= IFCFACEOUTERBOUND(#68,.T.);
#70= IFCFACE((#69));
#71= IFCCARTESIANPOINT((2.91038304567337E-11,17.0000000000005,-27.0000000000027));
#72= IFCCARTESIANPOINT((97.490000018417,17.0000000000005,-26.9999999999818));
#73= IFCPOLYLOOP((#66,#71,#72,#67));
#74= IFCFACEOUTERBOUND(#73,.T.);
#75= IFCFACE((#74));
#76= IFCCARTESIANPOINT((-7.27595761418343E-12,-19.9999999999966,-27.0000000000136));
#77= IFCCARTESIANPOINT((97.4900000183807,-19.9999999999966,-26.9999999999927));
#78= IFCPOLYLOOP((#71,#76,#77,#72));
#79= IFCFACEOUTERBOUND(#78,.T.);
#80= IFCFACE((#79));
#81= IFCCARTESIANPOINT((-7.27595761418343E-12,-19.9999999999964,-30.0000000000155));
#82= IFCCARTESIANPOINT((97.4900000183807,-19.9999999999964,-29.9999999999936));
#83= IFCPOLYLOOP((#76,#81,#82,#77));
#84= IFCFACEOUTERBOUND(#83,.T.);
#85= IFCFACE((#84));
#86= IFCPOLYLOOP((#81,#49,#52,#82));
#87= IFCFACEOUTERBOUND(#86,.T.);
#88= IFCFACE((#87));
#89= IFCPOLYLOOP((#57,#62,#67,#72,#77,#82,#52,#51));
#90= IFCFACEOUTERBOUND(#89,.T.);
#91= IFCFACE((#90));
#92= IFCPOLYLOOP((#81,#76,#71,#66,#61,#56,#50,#49));
#93= IFCFACEOUTERBOUND(#92,.T.);
#94= IFCFACE((#93));
#95= IFCCLOSEDSHELL((#55,#60,#65,#70,#75,#80,#85,#88,#91,#94));
#96= IFCFACETEDBREP(#95);
#97= IFCSTYLEDITEM(#96,(#48),$);
#98= IFCSHAPEREPRESENTATION(#12,'Body','Brep',(#96));
#99= IFCPRODUCTDEFINITIONSHAPE($,$,(#98));
#100= IFCCARTESIANPOINT((5958.750853679,31000.0008593488,1769.36518920713));
#101= IFCDIRECTION((0.999999999782333,-1.93299999918963E-05,7.85399999813307E-06));
#102= IFCDIRECTION((1.93299999918909E-05,0.999999999813176,0.));
#103= IFCAXIS2PLACEMENT3D(#100,#101,#102);
#104= IFCLOCALPLACEMENT(#42,#103);
#105= IFCBEAM('1MkhHe$R9BLfrQuS8Gg9P$',#44,'Rekkverk','U60X40X3',$,#104,#99,'ID56bab468-fdb2-4b56-9d5a-e1c210a8967f');
#106= IFCBEAMTYPE('09QEpPcsn3ReenxvL2_Gb1',#5,'U60X40X3',$,$,$,$,$,$,.NOTDEFINED.);
#107= IFCMATERIAL('STEEL/Steel_Undefined');
#108= IFCCARTESIANPOINT((1.77660695044324E-08,1.5000000000166,-100.000000000138));
#109= IFCCARTESIANPOINT((1.7731508705765E-08,1.49999999998386,100.000000000127));
#110= IFCCARTESIANPOINT((36.7317898358906,1.49999956538022,100.000000000109));
#111= IFCCARTESIANPOINT((36.7317898359252,1.49999956540637,-100.000000000153));
#112= IFCPOLYLOOP((#108,#109,#110,#111));
#113= IFCFACEOUTERBOUND(#112,.T.);
#114= IFCFACE((#113));
#115= IFCCARTESIANPOINT((-1.77642505150288E-08,-1.50000000001592,100.000000000131));
#116= IFCCARTESIANPOINT((-1.77296897163615E-08,-1.49999999998317,-100.000000000131));
#117= IFCCARTESIANPOINT((36.7317898004303,-1.50000043458704,-100.000000000149));
#118= IFCCARTESIANPOINT((36.7317898003957,-1.50000043461955,100.000000000116));
#119= IFCPOLYLOOP((#115,#116,#117,#118));
#120= IFCFACEOUTERBOUND(#119,.T.);
#121= IFCFACE((#120));
#122= IFCPOLYLOOP((#116,#115,#109,#108));
#123= IFCFACEOUTERBOUND(#122,.T.);
#124= IFCFACE((#123));
#125= IFCCARTESIANPOINT((44.7431646702435,-0.381133543462511,100.000000000113));
#126= IFCCARTESIANPOINT((44.743164670369,-0.381133543465921,-100.000000000149));
#127= IFCPOLYLOOP((#111,#110,#125,#126));
#128= IFCFACEOUTERBOUND(#127,.T.);
#129= IFCFACE((#128));
#130= IFCCARTESIANPOINT((43.4079354958849,-3.06761135867282,-100.000000000149));
#131= IFCCARTESIANPOINT((43.4079354957585,-3.06761135867032,100.000000000113));
#132= IFCPOLYLOOP((#118,#117,#130,#131));
#133= IFCFACEOUTERBOUND(#132,.T.);
#134= IFCFACE((#133));
#135= IFCCARTESIANPOINT((83.2794091739115,-19.5343599892874,100.000000000131));
#136= IFCCARTESIANPOINT((83.2794091740061,-19.5343599893542,-100.000000000131));
#137= IFCPOLYLOOP((#126,#125,#135,#136));
#138= IFCFACEOUTERBOUND(#137,.T.);
#139= IFCFACE((#138));
#140= IFCCARTESIANPOINT((81.9441799995529,-22.2208378044993,-100.000000000127));
#141= IFCCARTESIANPOINT((81.9441799994256,-22.2208378044952,100.000000000135));
#142= IFCPOLYLOOP((#131,#130,#140,#141));
#143= IFCFACEOUTERBOUND(#142,.T.);
#144= IFCFACE((#143));
#145= IFCCARTESIANPOINT((93.0490746852038,-27.5862003441432,100.000000000142));
#146= IFCCARTESIANPOINT((93.0490746852838,-27.5862003442842,-100.00000000012));
#147= IFCPOLYLOOP((#136,#135,#145,#146));
#148= IFCFACEOUTERBOUND(#147,.T.);
#149= IFCFACE((#148));
#150= IFCCARTESIANPOINT((90.6670956346297,-29.4099809786394,-100.000000000116));
#151= IFCCARTESIANPOINT((90.6670956345506,-29.409980978498,100.000000000146));
#152= IFCPOLYLOOP((#141,#140,#150,#151));
#153= IFCFACEOUTERBOUND(#152,.T.);
#154= IFCFACE((#153));
#155= IFCCARTESIANPOINT((95.3319753127389,-39.7061906862598,-100.000000000098));
#156= IFCCARTESIANPOINT((95.3319753126525,-39.7061906861013,100.000000000164));
#157= IFCPOLYLOOP((#150,#155,#156,#151));
#158= IFCFACEOUTERBOUND(#157,.T.);
#159= IFCFACE((#158));
#160= IFCCARTESIANPOINT((98.2737399246553,-39.1179552166088,100.00000000016));
#161= IFCCARTESIANPOINT((98.2737399247408,-39.1179552167662,-100.000000000102));
#162= IFCPOLYLOOP((#145,#160,#161,#146));
#163= IFCFACEOUTERBOUND(#162,.T.);
#164= IFCFACE((#163));
#165= IFCCARTESIANPOINT((94.985145685826,-51.0045421573554,-100.00000000008));
#166= IFCCARTESIANPOINT((94.9851456857386,-51.0045421571785,100.000000000182));
#167= IFCPOLYLOOP((#155,#165,#166,#156));
#168= IFCFACEOUTERBOUND(#167,.T.);
#169= IFCFACE((#168));
#170= IFCCARTESIANPOINT((97.8852907425153,-51.7721088641601,100.000000000186));
#171= IFCCARTESIANPOINT((97.8852907426008,-51.7721088643359,-100.000000000076));
#172= IFCPOLYLOOP((#160,#170,#171,#161));
#173= IFCFACEOUTERBOUND(#172,.T.);
#174= IFCFACE((#173));
#175= IFCCARTESIANPOINT((89.69751151335,-60.9952359076706,-100.000000000058));
#176= IFCCARTESIANPOINT((89.6975115132727,-60.995235907478,100.000000000204));
#177= IFCPOLYLOOP((#165,#175,#176,#166));
#178= IFCFACEOUTERBOUND(#177,.T.);
#179= IFCFACE((#178));
#180= IFCCARTESIANPOINT((91.9631404693764,-62.9616858644465,100.000000000211));
#181= IFCCARTESIANPOINT((91.9631404694228,-62.961685864612,-100.000000000055));
#182= IFCPOLYLOOP((#170,#180,#181,#171));
#183= IFCFACEOUTERBOUND(#182,.T.);
#184= IFCFACE((#183));
#185= IFCCARTESIANPOINT((44.973123957936,-117.100842408437,100.000000000331));
#186= IFCCARTESIANPOINT((44.9731239579332,-117.100842408562,-99.9999999999309));
#187= IFCPOLYLOOP((#181,#180,#185,#186));
#188= IFCFACEOUTERBOUND(#187,.T.);
#189= IFCFACE((#188));
#190= IFCCARTESIANPOINT((42.7074950018432,-115.134392451606,-99.9999999999309));
#191= IFCCARTESIANPOINT((42.7074950018305,-115.134392451468,100.000000000331));
#192= IFCPOLYLOOP((#176,#175,#190,#191));
#193= IFCFACEOUTERBOUND(#192,.T.);
#194= IFCFACE((#193));
#195= IFCCARTESIANPOINT((41.2119661740508,-124.576739117279,100.000000000346));
#196= IFCCARTESIANPOINT((41.2119661740498,-124.576739117358,-99.9999999999163));
#197= IFCPOLYLOOP((#186,#185,#195,#196));
#198= IFCFACEOUTERBOUND(#197,.T.);
#199= IFCFACE((#198));
#200= IFCCARTESIANPOINT((38.2826034913351,-123.92956505026,-99.99999999992));
#201= IFCCARTESIANPOINT((38.2826034913369,-123.929565050181,100.000000000342));
#202= IFCPOLYLOOP((#191,#190,#200,#201));
#203= IFCFACEOUTERBOUND(#202,.T.);
#204= IFCFACE((#203));
#205= IFCCARTESIANPOINT((38.5903281272485,-133.770298329261,-99.9999999999054));
#206= IFCCARTESIANPOINT((38.5903281272513,-133.770298329216,100.000000000357));
#207= IFCPOLYLOOP((#200,#205,#206,#201));
#208= IFCFACEOUTERBOUND(#207,.T.);
#209= IFCFACE((#208));
#210= IFCCARTESIANPOINT((41.4735321145754,-132.941362404385,100.000000000353));
#211= IFCCARTESIANPOINT((41.4735321145636,-132.941362404434,-99.9999999999091));
#212= IFCPOLYLOOP((#195,#210,#211,#196));
#213= IFCFACEOUTERBOUND(#212,.T.);
#214= IFCFACE((#213));
#215= IFCCARTESIANPOINT((48.2643843257583,-156.561296811927,100.000000000378));
#216= IFCCARTESIANPOINT((48.2643843257474,-156.561296811976,-99.9999999998836));
#217= IFCPOLYLOOP((#211,#210,#215,#216));
#218= IFCFACEOUTERBOUND(#217,.T.);
#219= IFCFACE((#218));
#220= IFCCARTESIANPOINT((45.3811803384115,-157.39023273681,-99.9999999998799));
#221= IFCCARTESIANPOINT((45.3811803384342,-157.390232736758,100.000000000382));
#222= IFCPOLYLOOP((#206,#205,#220,#221));
#223= IFCFACEOUTERBOUND(#222,.T.);
#224= IFCFACE((#223));
#225= IFCCARTESIANPOINT((52.484762652497,-163.787057692884,100.000000000389));
#226= IFCCARTESIANPOINT((52.4847626525143,-163.787057692958,-99.999999999869));
#227= IFCPOLYLOOP((#216,#215,#225,#226));
#228= IFCFACEOUTERBOUND(#227,.T.);
#229= IFCFACE((#228));
#230= IFCCARTESIANPOINT((50.346331311137,-165.891127890981,-99.9999999998654));
#231= IFCCARTESIANPOINT((50.346331311116,-165.891127890904,100.000000000393));
#232= IFCPOLYLOOP((#221,#220,#230,#231));
#233= IFCFACEOUTERBOUND(#232,.T.);
#234= IFCFACE((#233));
#235= IFCCARTESIANPOINT((58.7656883841328,-170.993320466873,-99.9999999998618));
#236= IFCCARTESIANPOINT((58.7656883840791,-170.993320466777,100.0000000004));
#237= IFCPOLYLOOP((#230,#235,#236,#231));
#238= IFCFACEOUTERBOUND(#237,.T.);
#239= IFCFACE((#238));
#240= IFCCARTESIANPOINT((59.6412161644475,-168.123921382335,100.000000000393));
#241= IFCCARTESIANPOINT((59.6412161645012,-168.123921382426,-99.9999999998654));
#242= IFCPOLYLOOP((#225,#240,#241,#226));
#243= IFCFACEOUTERBOUND(#242,.T.);
#244= IFCFACE((#243));
#245= IFCCARTESIANPOINT((128.210873448212,-189.046295048579,100.0000000004));
#246= IFCCARTESIANPOINT((128.21087344826,-189.046295048677,-99.9999999998618));
#247= IFCPOLYLOOP((#241,#240,#245,#246));
#248= IFCFACEOUTERBOUND(#247,.T.);
#249= IFCFACE((#248));
#250= IFCCARTESIANPOINT((127.335345667895,-191.915694133109,-99.9999999998545));
#251= IFCCARTESIANPOINT((127.335345667844,-191.915694133022,100.000000000404));
#252= IFCPOLYLOOP((#236,#235,#250,#251));
#253= IFCFACEOUTERBOUND(#252,.T.);
#254= IFCFACE((#253));
#255= IFCCARTESIANPOINT((139.170905074371,-195.382770664314,100.0000000004));
#256= IFCCARTESIANPOINT((139.170905074422,-195.382770664427,-99.9999999998581));
#257= IFCPOLYLOOP((#246,#245,#255,#256));
#258= IFCFACEOUTERBOUND(#257,.T.);
#259= IFCFACE((#258));
#260= IFCCARTESIANPOINT((137.121088191294,-197.573261647207,-99.9999999998508));
#261= IFCCARTESIANPOINT((137.121088191244,-197.573261647095,100.000000000407));
#262= IFCPOLYLOOP((#251,#250,#260,#261));
#263= IFCFACEOUTERBOUND(#262,.T.);
#264= IFCFACE((#263));
#265= IFCCARTESIANPOINT((143.414794734323,-206.962515337522,-99.9999999998399));
#266= IFCCARTESIANPOINT((143.414794734269,-206.962515337405,100.000000000418));
#267= IFCPOLYLOOP((#260,#265,#266,#261));
#268= IFCFACEOUTERBOUND(#267,.T.);
#269= IFCFACE((#268));
#270= IFCCARTESIANPOINT((146.219856402529,-205.898734797416,100.000000000415));
#271= IFCCARTESIANPOINT((146.219856402583,-205.898734797532,-99.9999999998436));
#272= IFCPOLYLOOP((#255,#270,#271,#256));
#273= IFCFACEOUTERBOUND(#272,.T.);
#274= IFCFACE((#273));
#275= IFCCARTESIANPOINT((144.929842094003,-218.164008916896,-99.9999999998217));
#276= IFCCARTESIANPOINT((144.929842093949,-218.164008916775,100.000000000437));
#277= IFCPOLYLOOP((#265,#275,#276,#266));
#278= IFCFACEOUTERBOUND(#277,.T.);
#279= IFCFACE((#278));
#280= IFCCARTESIANPOINT((147.916709445363,-218.444407606253,100.00000000044));
#281= IFCCARTESIANPOINT((147.916709445417,-218.444407606374,-99.9999999998217));
#282= IFCPOLYLOOP((#270,#280,#281,#271));
#283= IFCFACEOUTERBOUND(#282,.T.);
#284= IFCFACE((#283));
#285= IFCCARTESIANPOINT((141.356508952188,-228.887819674655,-99.9999999997999));
#286= IFCCARTESIANPOINT((141.356508952134,-228.887819674531,100.000000000458));
#287= IFCPOLYLOOP((#275,#285,#286,#276));
#288= IFCFACEOUTERBOUND(#287,.T.);
#289= IFCFACE((#288));
#290= IFCCARTESIANPOINT((143.914576326548,-230.455075654887,100.000000000455));
#291= IFCCARTESIANPOINT((143.914576326594,-230.455075655009,-99.9999999998035));
#292= IFCPOLYLOOP((#280,#290,#291,#281));
#293= IFCFACEOUTERBOUND(#292,.T.);
#294= IFCFACE((#293));
#295= IFCCARTESIANPOINT((121.426168788709,-267.16054198974,100.000000000531));
#296= IFCCARTESIANPOINT((121.426168788746,-267.160541989857,-99.9999999997272));
#297= IFCPOLYLOOP((#291,#290,#295,#296));
#298= IFCFACEOUTERBOUND(#297,.T.);
#299= IFCFACE((#298));
#300= IFCCARTESIANPOINT((118.868101414335,-265.593286009498,-99.9999999997308));
#301= IFCCARTESIANPOINT((118.868101414295,-265.593286009383,100.000000000528));
#302= IFCPOLYLOOP((#286,#285,#300,#301));
#303= IFCFACEOUTERBOUND(#302,.T.);
#304= IFCFACE((#303));
#305= IFCCARTESIANPOINT((115.637733456806,-273.008464869162,100.000000000546));
#306= IFCCARTESIANPOINT((115.637733456747,-273.00846486938,-99.9999999997126));
#307= IFCPOLYLOOP((#296,#295,#305,#306));
#308= IFCFACEOUTERBOUND(#307,.T.);
#309= IFCFACE((#308));
#310= IFCCARTESIANPOINT((114.044405304268,-270.466555075834,-99.9999999997162));
#311= IFCCARTESIANPOINT((114.04440530433,-270.466555075616,100.000000000542));
#312= IFCPOLYLOOP((#301,#300,#310,#311));
#313= IFCFACEOUTERBOUND(#312,.T.);
#314= IFCFACE((#313));
#315= IFCCARTESIANPOINT((84.5288716935202,-292.508222635853,100.000000000615));
#316= IFCCARTESIANPOINT((84.528871693462,-292.508222636071,-99.9999999996435));
#317= IFCPOLYLOOP((#306,#305,#315,#316));
#318= IFCFACEOUTERBOUND(#317,.T.);
#319= IFCFACE((#318));
#320= IFCCARTESIANPOINT((82.9355435410444,-289.966312842307,100.000000000611));
#321= IFCPOLYLOOP((#305,#295,#290,#280,#270,#255,#245,#240,#225,#215,#210,#195,#185,#180,#170,#160,#145,#135,#125,#110,#109,#115,#118,#131,#141,#151,#156,#166,#176,#191,#201,#206,#221,#231,#236,#251,#261,#266,#276,#286,#301,#311,#320,#315));
#322= IFCFACEOUTERBOUND(#321,.T.);
#323= IFCFACE((#322));
#324= IFCCARTESIANPOINT((82.9355435409834,-289.966312842525,-99.9999999996508));
#325= IFCPOLYLOOP((#311,#310,#324,#320));
#326= IFCFACEOUTERBOUND(#325,.T.);
#327= IFCFACE((#326));
#328= IFCPOLYLOOP((#310,#300,#285,#275,#265,#260,#250,#235,#230,#220,#205,#200,#190,#175,#165,#155,#150,#140,#130,#117,#116,#108,#111,#126,#136,#146,#161,#171,#181,#186,#196,#211,#216,#226,#241,#246,#256,#271,#281,#291,#296,#306,#316,#324));
#329= IFCFACEOUTERBOUND(#328,.T.);
#330= IFCFACE((#329));
#331= IFCPOLYLOOP((#320,#324,#316,#315));
#332= IFCFACEOUTERBOUND(#331,.T.);
#333= IFCFACE((#332));
#334= IFCCLOSEDSHELL((#114,#121,#124,#129,#134,#139,#144,#149,#154,#159,#164,#169,#174,#179,#184,#189,#194,#199,#204,#209,#214,#219,#224,#229,#234,#239,#244,#249,#254,#259,#264,#269,#274,#279,#284,#289,#294,#299,#304,#309,#314,#319,#323,#327,#330,#333));
#335= IFCFACETEDBREP(#334);
#336= IFCSTYLEDITEM(#335,(#48),$);
#337= IFCSHAPEREPRESENTATION(#12,'Body','Brep',(#335));
#338= IFCPRODUCTDEFINITIONSHAPE($,$,(#337));
#339= IFCCARTESIANPOINT((6086.62391773054,31099.9967231428,1272.8442829602));
#340= IFCDIRECTION((3.06795300275553E-10,0.999999999969595,7.79808820516338E-06));
#341= IFCDIRECTION((0.961067995774869,-2.15500000379466E-06,0.276311974935275));
#342= IFCAXIS2PLACEMENT3D(#339,#340,#341);
#343= IFCLOCALPLACEMENT(#42,#342);
#344= IFCBEAM('3ilCEfMz57GgtMuV6U_fPR',#44,'Rekkverk','PL3X200',$,#343,#338,'IDecbcc3a9-5bd1-4742-add6-e1f19efa965b');
#345= IFCBEAMTYPE('3dAUyArvD5LfxemPwc6YxO',#5,'PL3X200',$,$,$,$,$,$,.NOTDEFINED.);
#346= IFCSHAPEREPRESENTATION(#12,'Body','Brep',(#96));
#347= IFCPRODUCTDEFINITIONSHAPE($,$,(#346));
#348= IFCCARTESIANPOINT((6908.750853679,31000.0008593488,1769.36518920713));
#349= IFCAXIS2PLACEMENT3D(#348,#101,#102);
#350= IFCLOCALPLACEMENT(#42,#349);
#351= IFCBEAM('2Z_b5SVyXDGeh8mIUxtf8E',#44,'Rekkverk','U60X40X3',$,#350,#347,'IDa3fa515c-7fc8-4d42-8ac8-c127bbde920e');
#352= IFCSHAPEREPRESENTATION(#12,'Body','Brep',(#335));
#353= IFCPRODUCTDEFINITIONSHAPE($,$,(#352));
#354= IFCCARTESIANPOINT((7036.62391773054,31099.9967231428,1272.8442829602));
#355= IFCAXIS2PLACEMENT3D(#354,#340,#341);
#356= IFCLOCALPLACEMENT(#42,#355);
#357= IFCBEAM('1E_M$IzVvCPR30OnuR6njI',#44,'Rekkverk','PL3X200',$,#356,#353,'ID4ef96fd2-f5fe-4c65-b0c0-631e1b1b1b52');
#358= IFCSHAPEREPRESENTATION(#12,'Body','Brep',(#96));
#359= IFCPRODUCTDEFINITIONSHAPE($,$,(#358));
#360= IFCCARTESIANPOINT((5958.750853679,31102.4908593488,1769.36518920713));
#361= IFCAXIS2PLACEMENT3D(#360,#101,#102);
#362= IFCLOCALPLACEMENT(#42,#361);
#363= IFCBEAM('26vJuPcczAJPgMbgzi1XxA',#44,'Rekkverk','U60X40X3',$,#362,#359,'ID86e53e19-9a6f-4a4d-9a96-96af6c061eca');
#364= IFCCARTESIANPOINT((1.04591890703887E-11,-50.0000000000982,48.));
#365= IFCCARTESIANPOINT((1.04591890703887E-11,-50.0000000000982,40.));
#366= IFCCARTESIANPOINT((975.072396240026,-50.0000000016662,40.));
#367= IFCCARTESIANPOINT((975.072396240026,-50.0000000016662,48.));
#368= IFCPOLYLOOP((#364,#365,#366,#367));
#369= IFCFACEOUTERBOUND(#368,.T.);
#370= IFCFACE((#369));
#371= IFCCARTESIANPOINT((-1.06865627458319E-11,50.0000000000909,48.));
#372= IFCCARTESIANPOINT((975.072396240005,49.9999999985193,48.));
#373= IFCPOLYLOOP((#371,#364,#367,#372));
#374= IFCFACEOUTERBOUND(#373,.T.);
#375= IFCFACE((#374));
#376= IFCCARTESIANPOINT((-1.06865627458319E-11,50.0000000000909,40.));
#377= IFCCARTESIANPOINT((975.072396240005,49.9999999985193,40.));
#378= IFCPOLYLOOP((#376,#371,#372,#377));
#379= IFCFACEOUTERBOUND(#378,.T.);
#380= IFCFACE((#379));
#381= IFCCARTESIANPOINT((-4.54747350886464E-13,2.5,40.));
#382= IFCCARTESIANPOINT((975.072396240015,2.49999999842839,40.));
#383= IFCPOLYLOOP((#381,#376,#377,#382));
#384= IFCFACEOUTERBOUND(#383,.T.);
#385= IFCFACE((#384));
#386= IFCCARTESIANPOINT((-4.54747350886464E-13,2.5,-40.));
#387= IFCCARTESIANPOINT((975.072396240015,2.49999999842839,-40.));
#388= IFCPOLYLOOP((#386,#381,#382,#387));
#389= IFCFACEOUTERBOUND(#388,.T.);
#390= IFCFACE((#389));
#391= IFCCARTESIANPOINT((-1.06865627458319E-11,50.0000000000909,-40.));
#392= IFCCARTESIANPOINT((975.072396240005,49.9999999985193,-40.));
#393= IFCPOLYLOOP((#391,#386,#387,#392));
#394= IFCFACEOUTERBOUND(#393,.T.);
#395= IFCFACE((#394));
#396= IFCCARTESIANPOINT((-1.06865627458319E-11,50.0000000000909,-48.));
#397= IFCCARTESIANPOINT((975.072396240005,49.9999999985193,-48.));
#398= IFCPOLYLOOP((#396,#391,#392,#397));
#399= IFCFACEOUTERBOUND(#398,.T.);
#400= IFCFACE((#399));
#401= IFCCARTESIANPOINT((1.04591890703887E-11,-50.0000000000982,-40.));
#402= IFCCARTESIANPOINT((4.54747350886464E-13,-2.50000000001091,-40.));
#403= IFCCARTESIANPOINT((4.54747350886464E-13,-2.50000000001091,40.));
#404= IFCCARTESIANPOINT((1.04591890703887E-11,-50.0000000000982,-48.));
#405= IFCPOLYLOOP((#401,#402,#403,#365,#364,#371,#376,#381,#386,#391,#396,#404));
#406= IFCFACEOUTERBOUND(#405,.T.);
#407= IFCFACE((#406));
#408= IFCCARTESIANPOINT((975.072396240026,-50.0000000016662,-48.));
#409= IFCCARTESIANPOINT((975.072396240026,-50.0000000016662,-40.));
#410= IFCPOLYLOOP((#401,#404,#408,#409));
#411= IFCFACEOUTERBOUND(#410,.T.);
#412= IFCFACE((#411));
#413= IFCCARTESIANPOINT((975.072396240016,-2.50000000158252,-40.));
#414= IFCPOLYLOOP((#402,#401,#409,#413));
#415= IFCFACEOUTERBOUND(#414,.T.);
#416= IFCFACE((#415));
#417= IFCCARTESIANPOINT((975.072396240016,-2.50000000158252,40.));
#418= IFCPOLYLOOP((#403,#402,#413,#417));
#419= IFCFACEOUTERBOUND(#418,.T.);
#420= IFCFACE((#419));
#421= IFCPOLYLOOP((#365,#403,#417,#366));
#422= IFCFACEOUTERBOUND(#421,.T.);
#423= IFCFACE((#422));
#424= IFCCARTESIANPOINT((975.07086446467,97.0288707624459,83.0165121740401));
#425= IFCCARTESIANPOINT((1000.07086446392,97.0290645124005,83.0165121740401));
#426= IFCCARTESIANPOINT((1000.07084726844,99.2478358407243,76.6756280192021));
#427= IFCCARTESIANPOINT((975.070847269189,99.2476420907697,76.6756280192021));
#428= IFCPOLYLOOP((#424,#425,#426,#427));
#429= IFCFACEOUTERBOUND(#428,.T.);
#430= IFCFACE((#429));
#431= IFCCARTESIANPOINT((975.070892164115,93.4547491995108,88.704694056275));
#432= IFCCARTESIANPOINT((1000.07089216337,93.4549429494655,88.704694056275));
#433= IFCPOLYLOOP((#431,#432,#425,#424));
#434= IFCFACEOUTERBOUND(#433,.T.);
#435= IFCFACE((#434));
#436= IFCCARTESIANPOINT((975.070928978561,88.7044987813642,93.4549444745535));
#437= IFCCARTESIANPOINT((1000.07092897781,88.7046925313189,93.4549444745535));
#438= IFCPOLYLOOP((#436,#437,#432,#431));
#439= IFCFACEOUTERBOUND(#438,.T.);
#440= IFCFACE((#439));
#441= IFCCARTESIANPOINT((975.070973061976,83.0163168992804,97.0290660375858));
#442= IFCCARTESIANPOINT((1000.07097306123,83.016510649235,97.0290660375858));
#443= IFCPOLYLOOP((#441,#442,#437,#436));
#444= IFCFACEOUTERBOUND(#443,.T.);
#445= IFCFACE((#444));
#446= IFCCARTESIANPOINT((975.071022203835,76.6754327446179,99.2478373659678));
#447= IFCCARTESIANPOINT((1000.07102220309,76.6756264945725,99.2478373659678));
#448= IFCPOLYLOOP((#446,#447,#442,#441));
#449= IFCFACEOUTERBOUND(#448,.T.);
#450= IFCFACE((#449));
#451= IFCCARTESIANPOINT((975.071073939959,69.9998047261106,100.000000000513));
#452= IFCCARTESIANPOINT((1000.07107393921,69.9999984760652,100.000000000513));
#453= IFCPOLYLOOP((#451,#452,#447,#446));
#454= IFCFACEOUTERBOUND(#453,.T.);
#455= IFCFACE((#454));
#456= IFCCARTESIANPOINT((975.072158940101,-70.0001952700732,100.000000000513));
#457= IFCCARTESIANPOINT((1000.07215893935,-70.0000015201185,100.000000000513));
#458= IFCPOLYLOOP((#456,#457,#452,#451));
#459= IFCFACEOUTERBOUND(#458,.T.);
#460= IFCFACE((#459));
#461= IFCCARTESIANPOINT((975.072210676224,-76.6758232885804,99.2478373659678));
#462= IFCCARTESIANPOINT((1000.07221067548,-76.6756295386258,99.2478373659678));
#463= IFCPOLYLOOP((#461,#462,#457,#456));
#464= IFCFACEOUTERBOUND(#463,.T.);
#465= IFCFACE((#464));
#466= IFCCARTESIANPOINT((975.072259818083,-83.0167074432466,97.0290660375858));
#467= IFCCARTESIANPOINT((1000.07225981733,-83.0165136932919,97.0290660375858));
#468= IFCPOLYLOOP((#466,#467,#462,#461));
#469= IFCFACEOUTERBOUND(#468,.T.);
#470= IFCFACE((#469));
#471= IFCCARTESIANPOINT((975.072303901498,-88.7048893253268,93.4549444745535));
#472= IFCCARTESIANPOINT((1000.07230390075,-88.7046955753722,93.4549444745535));
#473= IFCPOLYLOOP((#471,#472,#467,#466));
#474= IFCFACEOUTERBOUND(#473,.T.);
#475= IFCFACE((#474));
#476= IFCCARTESIANPOINT((975.072340715944,-93.455139743477,88.704694056275));
#477= IFCCARTESIANPOINT((1000.07234071519,-93.4549459935224,88.704694056275));
#478= IFCPOLYLOOP((#476,#477,#472,#471));
#479= IFCFACEOUTERBOUND(#478,.T.);
#480= IFCFACE((#479));
#481= IFCCARTESIANPOINT((975.07236841539,-97.0292613064121,83.0165121740401));
#482= IFCCARTESIANPOINT((1000.07236841464,-97.0290675564538,83.0165121740401));
#483= IFCPOLYLOOP((#481,#482,#477,#476));
#484= IFCFACEOUTERBOUND(#483,.T.);
#485= IFCFACE((#484));
#486= IFCCARTESIANPOINT((975.07238561087,-99.2480326347322,76.6756280192021));
#487= IFCCARTESIANPOINT((1000.07238561012,-99.2478388847776,76.6756280192021));
#488= IFCPOLYLOOP((#486,#487,#482,#481));
#489= IFCFACEOUTERBOUND(#488,.T.);
#490= IFCFACE((#489));
#491= IFCCARTESIANPOINT((975.072391440131,-100.000195269258,70.000000000513));
#492= IFCCARTESIANPOINT((1000.07239143938,-100.000001519304,70.000000000513));
#493= IFCPOLYLOOP((#491,#492,#487,#486));
#494= IFCFACEOUTERBOUND(#493,.T.);
#495= IFCFACE((#494));
#496= IFCCARTESIANPOINT((975.072391440131,-100.000195269258,-69.999999999487));
#497= IFCCARTESIANPOINT((1000.07239143938,-100.000001519304,-69.999999999487));
#498= IFCPOLYLOOP((#496,#497,#492,#491));
#499= IFCFACEOUTERBOUND(#498,.T.);
#500= IFCFACE((#499));
#501= IFCCARTESIANPOINT((975.07238561087,-99.2480326347322,-76.6756280181762));
#502= IFCCARTESIANPOINT((1000.07238561012,-99.2478388847776,-76.6756280181762));
#503= IFCPOLYLOOP((#501,#502,#497,#496));
#504= IFCFACEOUTERBOUND(#503,.T.);
#505= IFCFACE((#504));
#506= IFCCARTESIANPOINT((975.07236841539,-97.0292613064121,-83.0165121730142));
#507= IFCCARTESIANPOINT((1000.07236841464,-97.0290675564538,-83.0165121730142));
#508= IFCPOLYLOOP((#506,#507,#502,#501));
#509= IFCFACEOUTERBOUND(#508,.T.);
#510= IFCFACE((#509));
#511= IFCCARTESIANPOINT((975.072340715944,-93.455139743477,-88.7046940552491));
#512= IFCCARTESIANPOINT((1000.07234071519,-93.4549459935224,-88.7046940552491));
#513= IFCPOLYLOOP((#511,#512,#507,#506));
#514= IFCFACEOUTERBOUND(#513,.T.);
#515= IFCFACE((#514));
#516= IFCCARTESIANPOINT((975.072303901498,-88.7048893253268,-93.4549444735276));
#517= IFCCARTESIANPOINT((1000.07230390075,-88.7046955753722,-93.4549444735276));
#518= IFCPOLYLOOP((#516,#517,#512,#511));
#519= IFCFACEOUTERBOUND(#518,.T.);
#520= IFCFACE((#519));
#521= IFCCARTESIANPOINT((975.072259818083,-83.0167074432466,-97.0290660365599));
#522= IFCCARTESIANPOINT((1000.07225981733,-83.0165136932919,-97.0290660365599));
#523= IFCPOLYLOOP((#521,#522,#517,#516));
#524= IFCFACEOUTERBOUND(#523,.T.);
#525= IFCFACE((#524));
#526= IFCCARTESIANPOINT((975.072210676224,-76.6758232885804,-99.2478373649419));
#527= IFCCARTESIANPOINT((1000.07221067548,-76.6756295386258,-99.2478373649419));
#528= IFCPOLYLOOP((#526,#527,#522,#521));
#529= IFCFACEOUTERBOUND(#528,.T.);
#530= IFCFACE((#529));
#531= IFCCARTESIANPOINT((975.072158940101,-70.0001952700732,-99.999999999487));
#532= IFCCARTESIANPOINT((1000.07215893935,-70.0000015201185,-99.999999999487));
#533= IFCPOLYLOOP((#531,#532,#527,#526));
#534= IFCFACEOUTERBOUND(#533,.T.);
#535= IFCFACE((#534));
#536= IFCCARTESIANPOINT((975.071073939959,69.9998047261106,-99.999999999487));
#537= IFCCARTESIANPOINT((1000.07107393921,69.9999984760652,-99.999999999487));
#538= IFCPOLYLOOP((#536,#537,#532,#531));
#539= IFCFACEOUTERBOUND(#538,.T.);
#540= IFCFACE((#539));
#541= IFCCARTESIANPOINT((975.071022203835,76.6754327446179,-99.2478373649419));
#542= IFCCARTESIANPOINT((1000.07102220309,76.6756264945725,-99.2478373649419));
#543= IFCPOLYLOOP((#541,#542,#537,#536));
#544= IFCFACEOUTERBOUND(#543,.T.);
#545= IFCFACE((#544));
#546= IFCCARTESIANPOINT((975.070973061976,83.0163168992804,-97.0290660365599));
#547= IFCCARTESIANPOINT((1000.07097306123,83.016510649235,-97.0290660365599));
#548= IFCPOLYLOOP((#546,#547,#542,#541));
#549= IFCFACEOUTERBOUND(#548,.T.);
#550= IFCFACE((#549));
#551= IFCCARTESIANPOINT((975.070928978561,88.7044987813642,-93.4549444735276));
#552= IFCCARTESIANPOINT((1000.07092897781,88.7046925313189,-93.4549444735276));
#553= IFCPOLYLOOP((#551,#552,#547,#546));
#554= IFCFACEOUTERBOUND(#553,.T.);
#555= IFCFACE((#554));
#556= IFCCARTESIANPOINT((975.070892164115,93.4547491995108,-88.7046940552491));
#557= IFCCARTESIANPOINT((1000.07089216337,93.4549429494655,-88.7046940552491));
#558= IFCPOLYLOOP((#556,#557,#552,#551));
#559= IFCFACEOUTERBOUND(#558,.T.);
#560= IFCFACE((#559));
#561= IFCCARTESIANPOINT((975.07086446467,97.0288707624459,-83.0165121730142));
#562= IFCCARTESIANPOINT((1000.07086446392,97.0290645124005,-83.0165121730142));
#563= IFCPOLYLOOP((#561,#562,#557,#556));
#564= IFCFACEOUTERBOUND(#563,.T.);
#565= IFCFACE((#564));
#566= IFCCARTESIANPOINT((975.070847269189,99.2476420907697,-76.6756280181762));
#567= IFCCARTESIANPOINT((1000.07084726844,99.2478358407243,-76.6756280181762));
#568= IFCPOLYLOOP((#566,#567,#562,#561));
#569= IFCFACEOUTERBOUND(#568,.T.);
#570= IFCFACE((#569));
#571= IFCCARTESIANPOINT((975.070841439928,99.9998047252921,-69.999999999487));
#572= IFCCARTESIANPOINT((1000.07084143918,99.9999984752467,-69.999999999487));
#573= IFCPOLYLOOP((#571,#572,#567,#566));
#574= IFCFACEOUTERBOUND(#573,.T.);
#575= IFCFACE((#574));
#576= IFCCARTESIANPOINT((975.070841439928,99.9998047252921,70.000000000513));
#577= IFCCARTESIANPOINT((1000.07084143918,99.9999984752467,70.000000000513));
#578= IFCPOLYLOOP((#576,#577,#572,#571));
#579= IFCFACEOUTERBOUND(#578,.T.);
#580= IFCFACE((#579));
#581= IFCPOLYLOOP((#427,#426,#577,#576));
#582= IFCFACEOUTERBOUND(#581,.T.);
#583= IFCFACE((#582));
#584= IFCCARTESIANPOINT((1000.07215891578,-69.9969604630496,-57.0149125926182));
#585= IFCCARTESIANPOINT((1000.07220929079,-76.496960462875,-58.7565823434206));
#586= IFCCARTESIANPOINT((975.072209291539,-76.4971542128296,-58.7565823434206));
#587= IFCCARTESIANPOINT((975.072158916532,-69.9971542130043,-57.0149125926182));
#588= IFCPOLYLOOP((#584,#585,#586,#587));
#589= IFCFACEOUTERBOUND(#588,.T.);
#590= IFCFACE((#589));
#591= IFCCARTESIANPOINT((1000.07210854078,-63.4969604632279,-58.7565823434206));
#592= IFCCARTESIANPOINT((975.072108541526,-63.4971542131825,-58.7565823434206));
#593= IFCPOLYLOOP((#591,#584,#587,#592));
#594= IFCFACEOUTERBOUND(#593,.T.);
#595= IFCFACE((#594));
#596= IFCCARTESIANPOINT((1000.07207166371,-58.7386302141604,-63.5149125926182));
#597= IFCCARTESIANPOINT((975.072071664461,-58.738823964115,-63.5149125926182));
#598= IFCPOLYLOOP((#596,#591,#592,#597));
#599= IFCFACEOUTERBOUND(#598,.T.);
#600= IFCFACE((#599));
#601= IFCCARTESIANPOINT((1000.07205816577,-56.9969604634061,-70.0149125926182));
#602= IFCCARTESIANPOINT((975.072058166519,-56.9971542133608,-70.0149125926182));
#603= IFCPOLYLOOP((#601,#596,#597,#602));
#604= IFCFACEOUTERBOUND(#603,.T.);
#605= IFCFACE((#604));
#606= IFCCARTESIANPOINT((1000.07207166371,-58.7386302141604,-76.5149125926182));
#607= IFCCARTESIANPOINT((975.072071664461,-58.738823964115,-76.5149125926182));
#608= IFCPOLYLOOP((#606,#601,#602,#607));
#609= IFCFACEOUTERBOUND(#608,.T.);
#610= IFCFACE((#609));
#611= IFCCARTESIANPOINT((1000.07210854078,-63.4969604632279,-81.2732428418158));
#612= IFCCARTESIANPOINT((975.072108541526,-63.4971542131825,-81.2732428418158));
#613= IFCPOLYLOOP((#611,#606,#607,#612));
#614= IFCFACEOUTERBOUND(#613,.T.);
#615= IFCFACE((#614));
#616= IFCCARTESIANPOINT((1000.07215891578,-69.9969604630496,-83.0149125926182));
#617= IFCCARTESIANPOINT((975.072158916532,-69.9971542130043,-83.0149125926182));
#618= IFCPOLYLOOP((#616,#611,#612,#617));
#619= IFCFACEOUTERBOUND(#618,.T.);
#620= IFCFACE((#619));
#621= IFCCARTESIANPOINT((1000.07220929079,-76.496960462875,-81.2732428418158));
#622= IFCCARTESIANPOINT((975.072209291539,-76.4971542128296,-81.2732428418158));
#623= IFCPOLYLOOP((#621,#616,#617,#622));
#624= IFCFACEOUTERBOUND(#623,.T.);
#625= IFCFACE((#624));
#626= IFCCARTESIANPOINT((1000.07224616785,-81.2552907119389,-76.5149125926182));
#627= IFCCARTESIANPOINT((975.072246168603,-81.2554844618971,-76.5149125926182));
#628= IFCPOLYLOOP((#626,#621,#622,#627));
#629= IFCFACEOUTERBOUND(#628,.T.);
#630= IFCFACE((#629));
#631= IFCCARTESIANPOINT((1000.0722596658,-82.9969604626967,-70.0149125926182));
#632= IFCCARTESIANPOINT((975.072259666546,-82.9971542126514,-70.0149125926182));
#633= IFCPOLYLOOP((#631,#626,#627,#632));
#634= IFCFACEOUTERBOUND(#633,.T.);
#635= IFCFACE((#634));
#636= IFCCARTESIANPOINT((1000.07224616785,-81.2552907119389,-63.5149125926182));
#637= IFCCARTESIANPOINT((975.072246168603,-81.2554844618971,-63.5149125926182));
#638= IFCPOLYLOOP((#636,#631,#632,#637));
#639= IFCFACEOUTERBOUND(#638,.T.);
#640= IFCFACE((#639));
#641= IFCPOLYLOOP((#585,#636,#637,#586));
#642= IFCFACEOUTERBOUND(#641,.T.);
#643= IFCFACE((#642));
#644= IFCCARTESIANPOINT((1000.07107391564,70.0030395364811,-57.01491259256));
#645= IFCCARTESIANPOINT((1000.07112429065,63.5030395366593,-58.7565823433624));
#646= IFCCARTESIANPOINT((975.071124291397,63.5028457867047,-58.7565823433624));
#647= IFCCARTESIANPOINT((975.071073916391,70.0028457865264,-57.01491259256));
#648= IFCPOLYLOOP((#644,#645,#646,#647));
#649= IFCFACEOUTERBOUND(#648,.T.);
#650= IFCFACE((#649));
#651= IFCCARTESIANPOINT((1000.07102354063,76.5030395363028,-58.7565823433624));
#652= IFCCARTESIANPOINT((975.071023541384,76.5028457863482,-58.7565823433624));
#653= IFCPOLYLOOP((#651,#644,#647,#652));
#654= IFCFACEOUTERBOUND(#653,.T.);
#655= IFCFACE((#654));
#656= IFCCARTESIANPOINT((1000.07098666357,81.2613697853703,-63.51491259256));
#657= IFCCARTESIANPOINT((975.07098666432,81.2611760354157,-63.51491259256));
#658= IFCPOLYLOOP((#656,#651,#652,#657));
#659= IFCFACEOUTERBOUND(#658,.T.);
#660= IFCFACE((#659));
#661= IFCCARTESIANPOINT((1000.07097316563,83.0030395361282,-70.01491259256));
#662= IFCCARTESIANPOINT((975.070973166377,83.0028457861736,-70.01491259256));
#663= IFCPOLYLOOP((#661,#656,#657,#662));
#664= IFCFACEOUTERBOUND(#663,.T.);
#665= IFCFACE((#664));
#666= IFCCARTESIANPOINT((1000.07098666357,81.2613697853703,-76.51491259256));
#667= IFCCARTESIANPOINT((975.07098666432,81.2611760354157,-76.51491259256));
#668= IFCPOLYLOOP((#666,#661,#662,#667));
#669= IFCFACEOUTERBOUND(#668,.T.);
#670= IFCFACE((#669));
#671= IFCCARTESIANPOINT((1000.07102354063,76.5030395363028,-81.2732428417576));
#672= IFCCARTESIANPOINT((975.071023541384,76.5028457863482,-81.2732428417576));
#673= IFCPOLYLOOP((#671,#666,#667,#672));
#674= IFCFACEOUTERBOUND(#673,.T.);
#675= IFCFACE((#674));
#676= IFCCARTESIANPOINT((1000.07107391564,70.0030395364811,-83.01491259256));
#677= IFCCARTESIANPOINT((975.071073916391,70.0028457865264,-83.01491259256));
#678= IFCPOLYLOOP((#676,#671,#672,#677));
#679= IFCFACEOUTERBOUND(#678,.T.);
#680= IFCFACE((#679));
#681= IFCCARTESIANPOINT((1000.07112429065,63.5030395366593,-81.2732428417576));
#682= IFCCARTESIANPOINT((975.071124291397,63.5028457867047,-81.2732428417576));
#683= IFCPOLYLOOP((#681,#676,#677,#682));
#684= IFCFACEOUTERBOUND(#683,.T.);
#685= IFCFACE((#684));
#686= IFCCARTESIANPOINT((1000.07116116771,58.7447092875918,-76.51491259256));
#687= IFCCARTESIANPOINT((975.071161168461,58.7445155376336,-76.51491259256));
#688= IFCPOLYLOOP((#686,#681,#682,#687));
#689= IFCFACEOUTERBOUND(#688,.T.);
#690= IFCFACE((#689));
#691= IFCCARTESIANPOINT((1000.07117466565,57.003039536834,-70.01491259256));
#692= IFCCARTESIANPOINT((975.071174666404,57.0028457868793,-70.01491259256));
#693= IFCPOLYLOOP((#691,#686,#687,#692));
#694= IFCFACEOUTERBOUND(#693,.T.);
#695= IFCFACE((#694));
#696= IFCCARTESIANPOINT((1000.07116116771,58.7447092875918,-63.51491259256));
#697= IFCCARTESIANPOINT((975.071161168461,58.7445155376336,-63.51491259256));
#698= IFCPOLYLOOP((#696,#691,#692,#697));
#699= IFCFACEOUTERBOUND(#698,.T.);
#700= IFCFACE((#699));
#701= IFCPOLYLOOP((#645,#696,#697,#646));
#702= IFCFACEOUTERBOUND(#701,.T.);
#703= IFCFACE((#702));
#704= IFCCARTESIANPOINT((1000.07215891578,-69.9969604630205,82.9850874107724));
#705= IFCCARTESIANPOINT((1000.07220929079,-76.4969604628459,81.24341765997));
#706= IFCCARTESIANPOINT((975.072209291539,-76.4971542128005,81.24341765997));
#707= IFCCARTESIANPOINT((975.072158916532,-69.9971542129751,82.9850874107724));
#708= IFCPOLYLOOP((#704,#705,#706,#707));
#709= IFCFACEOUTERBOUND(#708,.T.);
#710= IFCFACE((#709));
#711= IFCCARTESIANPOINT((1000.07210854078,-63.4969604631988,81.24341765997));
#712= IFCCARTESIANPOINT((975.072108541526,-63.4971542131534,81.24341765997));
#713= IFCPOLYLOOP((#711,#704,#707,#712));
#714= IFCFACEOUTERBOUND(#713,.T.);
#715= IFCFACE((#714));
#716= IFCCARTESIANPOINT((1000.07207166371,-58.7386302141313,76.4850874107724));
#717= IFCCARTESIANPOINT((975.072071664461,-58.7388239640859,76.4850874107724));
#718= IFCPOLYLOOP((#716,#711,#712,#717));
#719= IFCFACEOUTERBOUND(#718,.T.);
#720= IFCFACE((#719));
#721= IFCCARTESIANPOINT((1000.07205816577,-56.996960463377,69.9850874107724));
#722= IFCCARTESIANPOINT((975.072058166519,-56.9971542133317,69.9850874107724));
#723= IFCPOLYLOOP((#721,#716,#717,#722));
#724= IFCFACEOUTERBOUND(#723,.T.);
#725= IFCFACE((#724));
#726= IFCCARTESIANPOINT((1000.07207166371,-58.7386302141313,63.4850874107724));
#727= IFCCARTESIANPOINT((975.072071664461,-58.7388239640859,63.4850874107724));
#728= IFCPOLYLOOP((#726,#721,#722,#727));
#729= IFCFACEOUTERBOUND(#728,.T.);
#730= IFCFACE((#729));
#731= IFCCARTESIANPOINT((1000.07210854078,-63.4969604631988,58.7267571615748));
#732= IFCCARTESIANPOINT((975.072108541526,-63.4971542131534,58.7267571615748));
#733= IFCPOLYLOOP((#731,#726,#727,#732));
#734= IFCFACEOUTERBOUND(#733,.T.);
#735= IFCFACE((#734));
#736= IFCCARTESIANPOINT((1000.07215891578,-69.9969604630205,56.9850874107724));
#737= IFCCARTESIANPOINT((975.072158916532,-69.9971542129751,56.9850874107724));
#738= IFCPOLYLOOP((#736,#731,#732,#737));
#739= IFCFACEOUTERBOUND(#738,.T.);
#740= IFCFACE((#739));
#741= IFCCARTESIANPOINT((1000.07220929079,-76.4969604628459,58.7267571615748));
#742= IFCCARTESIANPOINT((975.072209291539,-76.4971542128005,58.7267571615748));
#743= IFCPOLYLOOP((#741,#736,#737,#742));
#744= IFCFACEOUTERBOUND(#743,.T.);
#745= IFCFACE((#744));
#746= IFCCARTESIANPOINT((1000.07224616785,-81.2552907119098,63.4850874107724));
#747= IFCCARTESIANPOINT((975.072246168603,-81.255484461868,63.4850874107724));
#748= IFCPOLYLOOP((#746,#741,#742,#747));
#749= IFCFACEOUTERBOUND(#748,.T.);
#750= IFCFACE((#749));
#751= IFCCARTESIANPOINT((1000.0722596658,-82.9969604626676,69.9850874107724));
#752= IFCCARTESIANPOINT((975.072259666546,-82.9971542126223,69.9850874107724));
#753= IFCPOLYLOOP((#751,#746,#747,#752));
#754= IFCFACEOUTERBOUND(#753,.T.);
#755= IFCFACE((#754));
#756= IFCCARTESIANPOINT((1000.07224616785,-81.2552907119098,76.4850874107724));
#757= IFCCARTESIANPOINT((975.072246168603,-81.255484461868,76.4850874107724));
#758= IFCPOLYLOOP((#756,#751,#752,#757));
#759= IFCFACEOUTERBOUND(#758,.T.);
#760= IFCFACE((#759));
#761= IFCPOLYLOOP((#705,#756,#757,#706));
#762= IFCFACEOUTERBOUND(#761,.T.);
#763= IFCFACE((#762));
#764= IFCPOLYLOOP((#425,#432,#437,#442,#447,#452,#457,#462,#467,#472,#477,#482,#487,#492,#497,#502,#507,#512,#517,#522,#527,#532,#537,#542,#547,#552,#557,#562,#567,#572,#577,#426));
#765= IFCFACEOUTERBOUND(#764,.T.);
#766= IFCCARTESIANPOINT((1000.07107391564,70.0030395364811,82.9850874107578));
#767= IFCCARTESIANPOINT((1000.07102354063,76.5030395363028,81.2434176599554));
#768= IFCCARTESIANPOINT((1000.07098666357,81.2613697853703,76.4850874107578));
#769= IFCCARTESIANPOINT((1000.07097316563,83.0030395361282,69.9850874107578));
#770= IFCCARTESIANPOINT((1000.07098666357,81.2613697853703,63.4850874107578));
#771= IFCCARTESIANPOINT((1000.07102354063,76.5030395363028,58.7267571615603));
#772= IFCCARTESIANPOINT((1000.07107391564,70.0030395364811,56.9850874107578));
#773= IFCCARTESIANPOINT((1000.07112429065,63.5030395366593,58.7267571615603));
#774= IFCCARTESIANPOINT((1000.07116116771,58.7447092875918,63.4850874107578));
#775= IFCCARTESIANPOINT((1000.07117466565,57.003039536834,69.9850874107578));
#776= IFCCARTESIANPOINT((1000.07116116771,58.7447092875918,76.4850874107578));
#777= IFCCARTESIANPOINT((1000.07112429065,63.5030395366593,81.2434176599554));
#778= IFCPOLYLOOP((#766,#767,#768,#769,#770,#771,#772,#773,#774,#775,#776,#777));
#779= IFCFACEBOUND(#778,.T.);
#780= IFCPOLYLOOP((#704,#711,#716,#721,#726,#731,#736,#741,#746,#751,#756,#705));
#781= IFCFACEBOUND(#780,.T.);
#782= IFCPOLYLOOP((#644,#651,#656,#661,#666,#671,#676,#681,#686,#691,#696,#645));
#783= IFCFACEBOUND(#782,.T.);
#784= IFCPOLYLOOP((#584,#591,#596,#601,#606,#611,#616,#621,#626,#631,#636,#585));
#785= IFCFACEBOUND(#784,.T.);
#786= IFCFACE((#765,#779,#781,#783,#785));
#787= IFCCARTESIANPOINT((975.071161168461,58.7445155376336,63.4850874107578));
#788= IFCCARTESIANPOINT((975.071174666404,57.0028457868793,69.9850874107578));
#789= IFCPOLYLOOP((#775,#774,#787,#788));
#790= IFCFACEOUTERBOUND(#789,.T.);
#791= IFCFACE((#790));
#792= IFCCARTESIANPOINT((975.071161168461,58.7445155376336,76.4850874107578));
#793= IFCPOLYLOOP((#776,#775,#788,#792));
#794= IFCFACEOUTERBOUND(#793,.T.);
#795= IFCFACE((#794));
#796= IFCCARTESIANPOINT((975.071124291397,63.5028457867047,81.2434176599554));
#797= IFCPOLYLOOP((#777,#776,#792,#796));
#798= IFCFACEOUTERBOUND(#797,.T.);
#799= IFCFACE((#798));
#800= IFCCARTESIANPOINT((975.071073916391,70.0028457865264,82.9850874107578));
#801= IFCPOLYLOOP((#766,#777,#796,#800));
#802= IFCFACEOUTERBOUND(#801,.T.);
#803= IFCFACE((#802));
#804= IFCCARTESIANPOINT((975.071023541384,76.5028457863482,81.2434176599554));
#805= IFCPOLYLOOP((#767,#766,#800,#804));
#806= IFCFACEOUTERBOUND(#805,.T.);
#807= IFCFACE((#806));
#808= IFCCARTESIANPOINT((975.07098666432,81.2611760354157,76.4850874107578));
#809= IFCPOLYLOOP((#768,#767,#804,#808));
#810= IFCFACEOUTERBOUND(#809,.T.);
#811= IFCFACE((#810));
#812= IFCCARTESIANPOINT((975.070973166377,83.0028457861736,69.9850874107578));
#813= IFCPOLYLOOP((#769,#768,#808,#812));
#814= IFCFACEOUTERBOUND(#813,.T.);
#815= IFCFACE((#814));
#816= IFCCARTESIANPOINT((975.07098666432,81.2611760354157,63.4850874107578));
#817= IFCPOLYLOOP((#770,#769,#812,#816));
#818= IFCFACEOUTERBOUND(#817,.T.);
#819= IFCFACE((#818));
#820= IFCCARTESIANPOINT((975.071023541384,76.5028457863482,58.7267571615603));
#821= IFCPOLYLOOP((#771,#770,#816,#820));
#822= IFCFACEOUTERBOUND(#821,.T.);
#823= IFCFACE((#822));
#824= IFCCARTESIANPOINT((975.071073916391,70.0028457865264,56.9850874107578));
#825= IFCPOLYLOOP((#772,#771,#820,#824));
#826= IFCFACEOUTERBOUND(#825,.T.);
#827= IFCFACE((#826));
#828= IFCCARTESIANPOINT((975.071124291397,63.5028457867047,58.7267571615603));
#829= IFCPOLYLOOP((#773,#772,#824,#828));
#830= IFCFACEOUTERBOUND(#829,.T.);
#831= IFCFACE((#830));
#832= IFCPOLYLOOP((#774,#773,#828,#787));
#833= IFCFACEOUTERBOUND(#832,.T.);
#834= IFCFACE((#833));
#835= IFCPOLYLOOP((#561,#556,#551,#546,#541,#536,#531,#526,#521,#516,#511,#506,#501,#496,#491,#486,#481,#476,#471,#466,#461,#456,#451,#446,#441,#436,#431,#424,#427,#576,#571,#566));
#836= IFCFACEOUTERBOUND(#835,.T.);
#837= IFCPOLYLOOP((#824,#820,#816,#812,#808,#804,#800,#796,#792,#788,#787,#828));
#838= IFCFACEBOUND(#837,.T.);
#839= IFCPOLYLOOP((#737,#732,#727,#722,#717,#712,#707,#706,#757,#752,#747,#742));
#840= IFCFACEBOUND(#839,.T.);
#841= IFCPOLYLOOP((#677,#672,#667,#662,#657,#652,#647,#646,#697,#692,#687,#682));
#842= IFCFACEBOUND(#841,.T.);
#843= IFCPOLYLOOP((#617,#612,#607,#602,#597,#592,#587,#586,#637,#632,#627,#622));
#844= IFCFACEBOUND(#843,.T.);
#845= IFCPOLYLOOP((#413,#409,#408,#397,#392,#387,#382,#377,#372,#367,#366,#417));
#846= IFCFACEBOUND(#845,.T.);
#847= IFCFACE((#836,#838,#840,#842,#844,#846));
#848= IFCPOLYLOOP((#404,#396,#397,#408));
#849= IFCFACEOUTERBOUND(#848,.T.);
#850= IFCCARTESIANPOINT((637.668841685411,-39.9999841107056,-47.9993057206684));
#851= IFCCARTESIANPOINT((680.007865115223,-39.9999861424621,-47.999305720803));
#852= IFCCARTESIANPOINT((680.007868954108,40.0000138577889,-47.9993057315951));
#853= IFCCARTESIANPOINT((637.668845524561,40.0000158895491,-47.999305731716));
#854= IFCPOLYLOOP((#850,#851,#852,#853));
#855= IFCFACEBOUND(#854,.T.);
#856= IFCCARTESIANPOINT((501.679992466512,-39.9999775843498,-47.9993057208158));
#857= IFCCARTESIANPOINT((546.269819369725,-39.9999797243327,-47.999305720763));
#858= IFCCARTESIANPOINT((546.269823208965,40.000020275922,-47.9993057315487));
#859= IFCCARTESIANPOINT((501.679996305693,40.0000224159012,-47.9993057314823));
#860= IFCPOLYLOOP((#856,#857,#858,#859));
#861= IFCFACEBOUND(#860,.T.);
#862= IFCFACE((#849,#855,#861));
#863= IFCCARTESIANPOINT((609.997031558948,40.0000172074433,-123.999511725146));
#864= IFCCARTESIANPOINT((609.997027719741,-39.9999827928114,-123.999511714426));
#865= IFCPOLYLOOP((#863,#864,#850,#853));
#866= IFCFACEOUTERBOUND(#865,.T.);
#867= IFCFACE((#866));
#868= IFCCARTESIANPOINT((573.937822477418,40.0000189380116,-123.999511725146));
#869= IFCCARTESIANPOINT((573.937818638156,-39.999981062243,-123.999511714414));
#870= IFCPOLYLOOP((#868,#869,#864,#863));
#871= IFCFACEOUTERBOUND(#870,.T.);
#872= IFCFACE((#871));
#873= IFCCARTESIANPOINT((490.837748678687,-39.9999770846334,-203.000585716282));
#874= IFCCARTESIANPOINT((494.827998611667,-39.9999772761657,-203.279701234226));
#875= IFCCARTESIANPOINT((505.409968828447,-39.9999777638877,-51.9993057208158));
#876= IFCCARTESIANPOINT((543.469203446621,-39.9999795904587,-51.9993057207621));
#877= IFCCARTESIANPOINT((571.137202715053,-39.9999809283618,-127.999511714414));
#878= IFCCARTESIANPOINT((612.797511556,-39.9999829277403,-127.999511714426));
#879= IFCCARTESIANPOINT((640.469325521671,-39.9999842456418,-51.9993057206675));
#880= IFCCARTESIANPOINT((676.277888753257,-39.9999859640047,-51.9993057208021));
#881= IFCCARTESIANPOINT((686.859858968472,-39.9999864919482,-203.279701229778));
#882= IFCCARTESIANPOINT((690.850108901454,-39.9999866833969,-203.000585711869));
#883= IFCPOLYLOOP((#864,#869,#857,#856,#873,#874,#875,#876,#877,#878,#879,#880,#881,#882,#851,#850));
#884= IFCFACEOUTERBOUND(#883,.T.);
#885= IFCFACE((#884));
#886= IFCCARTESIANPOINT((490.837752517861,40.0000229156212,-203.00058572706));
#887= IFCPOLYLOOP((#886,#873,#856,#859));
#888= IFCFACEOUTERBOUND(#887,.T.);
#889= IFCFACE((#888));
#890= IFCCARTESIANPOINT((494.82800245084,40.0000227240889,-203.279701245004));
#891= IFCPOLYLOOP((#890,#874,#873,#886));
#892= IFCFACEOUTERBOUND(#891,.T.);
#893= IFCFACE((#892));
#894= IFCCARTESIANPOINT((505.409972667629,40.0000222363669,-51.9993057314823));
#895= IFCPOLYLOOP((#874,#890,#894,#875));
#896= IFCFACEOUTERBOUND(#895,.T.);
#897= IFCFACE((#896));
#898= IFCCARTESIANPOINT((543.469207285861,40.000020409796,-51.9993057315478));
#899= IFCPOLYLOOP((#875,#894,#898,#876));
#900= IFCFACEOUTERBOUND(#899,.T.);
#901= IFCFACE((#900));
#902= IFCCARTESIANPOINT((571.137206554314,40.0000190718929,-127.999511725144));
#903= IFCPOLYLOOP((#876,#898,#902,#877));
#904= IFCFACEOUTERBOUND(#903,.T.);
#905= IFCFACE((#904));
#906= IFCCARTESIANPOINT((612.797515395207,40.0000170725107,-127.999511725146));
#907= IFCPOLYLOOP((#877,#902,#906,#878));
#908= IFCFACEOUTERBOUND(#907,.T.);
#909= IFCFACE((#908));
#910= IFCCARTESIANPOINT((640.469329360821,40.0000157546128,-51.999305731716));
#911= IFCPOLYLOOP((#878,#906,#910,#879));
#912= IFCFACEOUTERBOUND(#911,.T.);
#913= IFCFACE((#912));
#914= IFCCARTESIANPOINT((676.277892592142,40.0000140362499,-51.9993057315933));
#915= IFCPOLYLOOP((#879,#910,#914,#880));
#916= IFCFACEOUTERBOUND(#915,.T.);
#917= IFCFACE((#916));
#918= IFCCARTESIANPOINT((686.859862807372,40.0000135083028,-203.279701240567));
#919= IFCPOLYLOOP((#880,#914,#918,#881));
#920= IFCFACEOUTERBOUND(#919,.T.);
#921= IFCFACE((#920));
#922= IFCCARTESIANPOINT((690.850112740353,40.0000133168578,-203.000585722658));
#923= IFCPOLYLOOP((#881,#918,#922,#882));
#924= IFCFACEOUTERBOUND(#923,.T.);
#925= IFCFACE((#924));
#926= IFCPOLYLOOP((#882,#922,#852,#851));
#927= IFCFACEOUTERBOUND(#926,.T.);
#928= IFCFACE((#927));
#929= IFCPOLYLOOP((#922,#918,#914,#910,#906,#902,#898,#894,#890,#886,#859,#858,#868,#863,#853,#852));
#930= IFCFACEOUTERBOUND(#929,.T.);
#931= IFCFACE((#930));
#932= IFCPOLYLOOP((#869,#868,#858,#857));
#933= IFCFACEOUTERBOUND(#932,.T.);
#934= IFCFACE((#933));
#935= IFCCLOSEDSHELL((#370,#375,#380,#385,#390,#395,#400,#407,#412,#416,#420,#423,#430,#435,#440,#445,#450,#455,#460,#465,#470,#475,#480,#485,#490,#495,#500,#505,#510,#515,#520,#525,#530,#535,#540,#545,#550,#555,#560,#565,#570,#575,#580,#583,#590,#595,#600,#605,#610,#615,#620,#625,#630,#635,#640,#643,#650,#655,#660,#665,#670,#675,#680,#685,#690,#695,#700,#703,#710,#715,#720,#725,#730,#735,#740,#745,#750,#755,#760,#763,#786,#791,#795,#799,#803,#807,#811,#815,#819,#823,#827,#831,#834,#847,#862,#867,#872,#885,#889,#893,#897,#901,#905,#909,#913,#917,#921,#925,#928,#931,#934));
#936= IFCFACETEDBREP(#935);
#937= IFCSTYLEDITEM(#936,(#48),$);
#938= IFCSHAPEREPRESENTATION(#12,'Body','Brep',(#936));
#939= IFCPRODUCTDEFINITIONSHAPE($,$,(#938));
#940= IFCCARTESIANPOINT((5958.75000000052,31099.9909719481,2016.32605460918));
#941= IFCDIRECTION((-1.,0.,0.));
#942= IFCDIRECTION((0.,7.7499999987714E-06,-0.999999999969969));
#943= IFCAXIS2PLACEMENT3D(#940,#941,#942);
#944= IFCLOCALPLACEMENT(#42,#943);
#945= IFCBUILDINGELEMENTPROXY('0xuX0LHKT15AMtIG0RFHIj',#44,'Rekkverk','6>/B_+0>_Rekkverk__2',$,#944,#939,'ID3be21015-4547-4114-a5b7-49001b3d14ad',.ELEMENT.);
#946= IFCBUILDINGELEMENTPROXYTYPE('1QWA8QvZL0OR8DH_HagJxr',#5,'6>/B_+0>_Rekkverk__2',$,$,$,$,$,$,.NOTDEFINED.);
#947= IFCCARTESIANPOINT((4.36557456851006E-11,30.0000000000018,-59.9999999999764));
#948= IFCCARTESIANPOINT((-1.12777343019843E-10,29.9999999999939,59.9999999999927));
#949= IFCCARTESIANPOINT((200.000000008873,29.9999999999939,60.0000000000737));
#950= IFCCARTESIANPOINT((200.000000009033,30.0000000000018,-59.9999999998954));
#951= IFCPOLYLOOP((#947,#948,#949,#950));
#952= IFCFACEOUTERBOUND(#951,.T.);
#953= IFCFACE((#952));
#954= IFCCARTESIANPOINT((-4.00177668780088E-11,-30.0000000000014,59.9999999999745));
#955= IFCCARTESIANPOINT((200.000000008949,-30.0000000000014,60.0000000000555));
#956= IFCPOLYLOOP((#948,#954,#955,#949));
#957= IFCFACEOUTERBOUND(#956,.T.);
#958= IFCFACE((#957));
#959= IFCCARTESIANPOINT((-3.27418092638254E-11,-30.0000000000011,55.9999999999764));
#960= IFCCARTESIANPOINT((200.000000008953,-30.0000000000011,56.0000000000573));
#961= IFCPOLYLOOP((#954,#959,#960,#955));
#962= IFCFACEOUTERBOUND(#961,.T.);
#963= IFCFACE((#962));
#964= IFCCARTESIANPOINT((-1.01863406598568E-10,25.9999999999945,55.9999999999927));
#965= IFCCARTESIANPOINT((200.000000008884,25.9999999999945,56.0000000000737));
#966= IFCPOLYLOOP((#959,#964,#965,#960));
#967= IFCFACEOUTERBOUND(#966,.T.);
#968= IFCFACE((#967));
#969= IFCCARTESIANPOINT((4.36557456851006E-11,26.000000000002,-55.9999999999782));
#970= IFCCARTESIANPOINT((200.000000009029,26.000000000002,-55.9999999998972));
#971= IFCPOLYLOOP((#964,#969,#970,#965));
#972= IFCFACEOUTERBOUND(#971,.T.);
#973= IFCFACE((#972));
#974= IFCCARTESIANPOINT((1.12777343019843E-10,-29.9999999999936,-55.9999999999945));
#975= IFCCARTESIANPOINT((200.000000009102,-29.9999999999936,-55.9999999999136));
#976= IFCPOLYLOOP((#969,#974,#975,#970));
#977= IFCFACEOUTERBOUND(#976,.T.);
#978= IFCFACE((#977));
#979= IFCCARTESIANPOINT((1.20053300634027E-10,-29.9999999999934,-59.9999999999945));
#980= IFCCARTESIANPOINT((200.000000009106,-29.9999999999934,-59.9999999999136));
#981= IFCPOLYLOOP((#974,#979,#980,#975));
#982= IFCFACEOUTERBOUND(#981,.T.);
#983= IFCFACE((#982));
#984= IFCPOLYLOOP((#979,#947,#950,#980));
#985= IFCFACEOUTERBOUND(#984,.T.);
#986= IFCFACE((#985));
#987= IFCPOLYLOOP((#955,#960,#965,#970,#975,#980,#950,#949));
#988= IFCFACEOUTERBOUND(#987,.T.);
#989= IFCFACE((#988));
#990= IFCPOLYLOOP((#979,#974,#969,#964,#959,#954,#948,#947));
#991= IFCFACEOUTERBOUND(#990,.T.);
#992= IFCFACE((#991));
#993= IFCCLOSEDSHELL((#953,#958,#963,#968,#973,#978,#983,#986,#989,#992));
#994= IFCFACETEDBREP(#993);
#995= IFCSTYLEDITEM(#994,(#48),$);
#996= IFCSHAPEREPRESENTATION(#12,'Body','Brep',(#994));
#997= IFCPRODUCTDEFINITIONSHAPE($,$,(#996));
#998= IFCCARTESIANPOINT((5958.750932219,31000.0008593496,1990.32518920744));
#999= IFCDIRECTION((0.99999999992477,-9.42199999917648E-06,7.85399999926995E-06));
#1000= IFCDIRECTION((9.42199999785048E-06,0.999999999955613,0.));
#1001= IFCAXIS2PLACEMENT3D(#998,#999,#1000);
#1002= IFCLOCALPLACEMENT(#42,#1001);
#1003= IFCBEAM('05CTujHnL7chZNxyhSJMkH',#44,'Rekkverk','U120X60X4',$,#1002,#997,'ID0531de2d-4715-479a-b8d7-efcadc4d6b91');
#1004= IFCBEAMTYPE('2S4U_pIcnAlxvde0SS2bns',#5,'U120X60X4',$,$,$,$,$,$,.NOTDEFINED.);
#1005= IFCSHAPEREPRESENTATION(#12,'Body','Brep',(#96));
#1006= IFCPRODUCTDEFINITIONSHAPE($,$,(#1005));
#1007= IFCCARTESIANPOINT((6908.750853679,31102.4908593488,1769.36518920713));
#1008= IFCAXIS2PLACEMENT3D(#1007,#101,#102);
#1009= IFCLOCALPLACEMENT(#42,#1008);
#1010= IFCBEAM('2Jbxcf_S59wQ7utvOR3cSA',#44,'Rekkverk','U60X40X3',$,#1009,#1006,'ID9397b9a9-f9c1-49e9-a1f8-df961b0e670a');
#1011= IFCSHAPEREPRESENTATION(#12,'Body','Brep',(#936));
#1012= IFCPRODUCTDEFINITIONSHAPE($,$,(#1011));
#1013= IFCCARTESIANPOINT((6908.75000000052,31099.9909719481,2016.32605460918));
#1014= IFCAXIS2PLACEMENT3D(#1013,#941,#942);
#1015= IFCLOCALPLACEMENT(#42,#1014);
#1016= IFCBUILDINGELEMENTPROXY('2uiw8TPEHA1PZbQXLY3jRd',#44,'Rekkverk','6>/B_+0>_Rekkverk__2',$,#1015,#1012,'IDb8b3a21d-64e4-4a05-98e5-6a15620ed6e7',.ELEMENT.);
#1017= IFCSHAPEREPRESENTATION(#12,'Body','Brep',(#994));
#1018= IFCPRODUCTDEFINITIONSHAPE($,$,(#1017));
#1019= IFCCARTESIANPOINT((6908.750932219,31000.0008593496,1990.32518920744));
#1020= IFCAXIS2PLACEMENT3D(#1019,#999,#1000);
#1021= IFCLOCALPLACEMENT(#42,#1020);
#1022= IFCBEAM('3EmN_dOwr2WP6znALk_0Y_',#44,'Rekkverk','U120X60X4',$,#1021,#1018,'IDcec17fa7-63ad-4281-91bd-c4a56ef808be');
#1023= IFCCOLOURRGB('Unnamed',0.654901960784314,0.654901960784314,0.654901960784314);
#1024= IFCSURFACESTYLERENDERING(#1023,0.8,$,$,$,$,IFCNORMALISEDRATIOMEASURE(0.00390625),IFCSPECULAREXPONENT(10.),.NOTDEFINED.);
#1025= IFCSURFACESTYLE('CONCRETE/B45_SV_Standard',.POSITIVE.,(#1024));
#1026= IFCPRESENTATIONSTYLEASSIGNMENT((#1025));
#1027= IFCCARTESIANPOINT((1.13686837721616E-13,-50.,0.));
#1028= IFCCARTESIANPOINT((-0.00541366514539732,-50.,30.0068825216094));
#1029= IFCCARTESIANPOINT((-0.00541366514539732,50.,30.0068825216094));
#1030= IFCCARTESIANPOINT((1.13686837721616E-13,50.,0.));
#1031= IFCPOLYLOOP((#1027,#1028,#1029,#1030));
#1032= IFCFACEOUTERBOUND(#1031,.T.);
#1033= IFCFACE((#1032));
#1034= IFCCARTESIANPOINT((-2.5913592073457,-50.,159.796180176816));
#1035= IFCCARTESIANPOINT((-2.5913592073457,50.,159.796180176816));
#1036= IFCPOLYLOOP((#1028,#1034,#1035,#1029));
#1037= IFCFACEOUTERBOUND(#1036,.T.);
#1038= IFCFACE((#1037));
#1039= IFCCARTESIANPOINT((103.131996087856,-50.,159.787124703447));
#1040= IFCCARTESIANPOINT((103.131996087856,50.,159.787124703447));
#1041= IFCPOLYLOOP((#1034,#1039,#1040,#1035));
#1042= IFCFACEOUTERBOUND(#1041,.T.);
#1043= IFCFACE((#1042));
#1044= IFCCARTESIANPOINT((134.903207359324,-50.,102.646604226423));
#1045= IFCCARTESIANPOINT((134.903207359324,50.,102.646604226423));
#1046= IFCPOLYLOOP((#1039,#1044,#1045,#1040));
#1047= IFCFACEOUTERBOUND(#1046,.T.);
#1048= IFCFACE((#1047));
#1049= IFCCARTESIANPOINT((134.903235488791,-50.,202.650506310466));
#1050= IFCCARTESIANPOINT((134.903235488791,50.,202.650506310466));
#1051= IFCPOLYLOOP((#1044,#1049,#1050,#1045));
#1052= IFCFACEOUTERBOUND(#1051,.T.);
#1053= IFCFACE((#1052));
#1054= IFCCARTESIANPOINT((158.735884105052,-50.,159.787621468578));
#1055= IFCCARTESIANPOINT((158.735884105052,50.,159.787621468578));
#1056= IFCPOLYLOOP((#1049,#1054,#1055,#1050));
#1057= IFCFACEOUTERBOUND(#1056,.T.);
#1058= IFCFACE((#1057));
#1059= IFCCARTESIANPOINT((361.932785696991,-50.,159.789436829683));
#1060= IFCCARTESIANPOINT((361.932785696991,50.,159.789436829683));
#1061= IFCPOLYLOOP((#1054,#1059,#1060,#1055));
#1062= IFCFACEOUTERBOUND(#1061,.T.);
#1063= IFCFACE((#1062));
#1064= IFCCARTESIANPOINT((349.994854622781,-50.,-3.27418092638254E-11));
#1065= IFCCARTESIANPOINT((349.994854622781,50.,-3.27418092638254E-11));
#1066= IFCPOLYLOOP((#1059,#1064,#1065,#1060));
#1067= IFCFACEOUTERBOUND(#1066,.T.);
#1068= IFCFACE((#1067));
#1069= IFCPOLYLOOP((#1064,#1027,#1030,#1065));
#1070= IFCFACEOUTERBOUND(#1069,.T.);
#1071= IFCFACE((#1070));
#1072= IFCPOLYLOOP((#1035,#1040,#1045,#1050,#1055,#1060,#1065,#1030,#1029));
#1073= IFCFACEOUTERBOUND(#1072,.T.);
#1074= IFCFACE((#1073));
#1075= IFCPOLYLOOP((#1064,#1059,#1054,#1049,#1044,#1039,#1034,#1028,#1027));
#1076= IFCFACEOUTERBOUND(#1075,.T.);
#1077= IFCFACE((#1076));
#1078= IFCCLOSEDSHELL((#1033,#1038,#1043,#1048,#1053,#1058,#1063,#1068,#1071,#1074,#1077));
#1079= IFCFACETEDBREP(#1078);
#1080= IFCSTYLEDITEM(#1079,(#1026),$);
#1081= IFCSHAPEREPRESENTATION(#12,'Body','Brep',(#1079));
#1082= IFCPRODUCTDEFINITIONSHAPE($,$,(#1081));
#1083= IFCCARTESIANPOINT((7140.2537966839,31150.,724.854213241417));
#1084= IFCDIRECTION((0.999999999960092,0.,-8.9340000008633E-06));
#1085= IFCDIRECTION((-8.93400000087713E-06,0.,-0.999999999960092));
#1086= IFCAXIS2PLACEMENT3D(#1083,#1084,#1085);
#1087= IFCLOCALPLACEMENT(#42,#1086);
#1088= IFCSLAB('2wfD9JvELEpRJTbxL29eOR',#44,'Bruplate','100X203',$,#1087,#1082,'IDbaa4d253-e4e5-4ecd-b4dd-97b54226861b',.NOTDEFINED.);
#1089= IFCSLABTYPE('0uGizCaSrECAAl5Fbqkw0L',#5,'100X203',$,$,$,$,$,$,.NOTDEFINED.);
#1090= IFCMATERIAL('CONCRETE/B45_SV_Standard');
#1091= IFCSHAPEREPRESENTATION(#12,'Body','Brep',(#1079));
#1092= IFCPRODUCTDEFINITIONSHAPE($,$,(#1091));
#1093= IFCCARTESIANPOINT((6190.2537966839,31150.,724.854213241417));
#1094= IFCAXIS2PLACEMENT3D(#1093,#1084,#1085);
#1095= IFCLOCALPLACEMENT(#42,#1094);
#1096= IFCSLAB('0gwGV9xbv83vQc1e3lPmVi',#44,'Bruplate','100X203',$,#1095,#1092,'ID2ae907c9-ee5e-480f-96a6-0680ef6707ec',.NOTDEFINED.);
#1097= IFCCOLOURRGB('Unnamed',0.63921568627451,0.733333333333333,0.76078431372549);
#1098= IFCSURFACESTYLERENDERING(#1097,0.8,$,$,$,$,IFCNORMALISEDRATIOMEASURE(0.00390625),IFCSPECULAREXPONENT(10.),.NOTDEFINED.);
#1099= IFCSURFACESTYLE('MISCELLANEOUS/Misc_Undefined',.POSITIVE.,(#1098));
#1100= IFCPRESENTATIONSTYLEASSIGNMENT((#1099));
#1101= IFCCARTESIANPOINT((-2.13028947174803,-50.0000000000327,106.779397608037));
#1102= IFCCARTESIANPOINT((-2.13028947174996,50.0000000000473,106.77939760806));
#1103= IFCPOLYLOOP((#1027,#1101,#1102,#1030));
#1104= IFCFACEOUTERBOUND(#1103,.T.);
#1105= IFCFACE((#1104));
#1106= IFCCARTESIANPOINT((37.8697048107672,-50.0000000000691,106.779341560687));
#1107= IFCCARTESIANPOINT((37.8697048107653,50.0000000000073,106.779341560711));
#1108= IFCPOLYLOOP((#1101,#1106,#1107,#1102));
#1109= IFCFACEOUTERBOUND(#1108,.T.);
#1110= IFCFACE((#1109));
#1111= IFCCARTESIANPOINT((40.0042941366098,-50.0000000000764,5.45696821063757E-12));
#1112= IFCCARTESIANPOINT((40.0042941366079,50.0000000000036,2.91038304567337E-11));
#1113= IFCPOLYLOOP((#1106,#1111,#1112,#1107));
#1114= IFCFACEOUTERBOUND(#1113,.T.);
#1115= IFCFACE((#1114));
#1116= IFCPOLYLOOP((#1111,#1027,#1030,#1112));
#1117= IFCFACEOUTERBOUND(#1116,.T.);
#1118= IFCFACE((#1117));
#1119= IFCPOLYLOOP((#1107,#1112,#1030,#1102));
#1120= IFCFACEOUTERBOUND(#1119,.T.);
#1121= IFCFACE((#1120));
#1122= IFCPOLYLOOP((#1111,#1106,#1101,#1027));
#1123= IFCFACEOUTERBOUND(#1122,.T.);
#1124= IFCFACE((#1123));
#1125= IFCCLOSEDSHELL((#1105,#1110,#1115,#1118,#1121,#1124));
#1126= IFCFACETEDBREP(#1125);
#1127= IFCSTYLEDITEM(#1126,(#1100),$);
#1128= IFCSHAPEREPRESENTATION(#12,'Body','Brep',(#1126));
#1129= IFCPRODUCTDEFINITIONSHAPE($,$,(#1128));
#1130= IFCCARTESIANPOINT((6243.2594017124,31149.9785724817,820.350948222201));
#1131= IFCDIRECTION((0.99999999971541,2.38169996009674E-05,1.3897344833822E-06));
#1132= IFCDIRECTION((1.37700000229956E-06,0.000534672000031045,-0.999999857061968));
#1133= IFCAXIS2PLACEMENT3D(#1130,#1131,#1132);
#1134= IFCLOCALPLACEMENT(#42,#1133);
#1135= IFCPLATE('0EFxidA_bFJOl$TKqeeo1J',#44,'Asfaltdekker_slitelag','PL100X40',$,#1134,#1129,'ID0e3fbb27-2be9-4f4d-8bff-754d28a32053');
#1136= IFCPLATETYPE('0ZOQ1kGxn76uImtu4InVfu',#5,'PL100X40',$,$,$,$,$,$,.NOTDEFINED.);
#1137= IFCMATERIAL('MISCELLANEOUS/Misc_Undefined');
#1138= IFCCOLOURRGB('Unnamed',0.490196078431373,0.623529411764706,0.666666666666667);
#1139= IFCSURFACESTYLERENDERING(#1138,0.8,$,$,$,$,IFCNORMALISEDRATIOMEASURE(0.00390625),IFCSPECULAREXPONENT(10.),.NOTDEFINED.);
#1140= IFCSURFACESTYLE('MISCELLANEOUS/Misc_Undefined',.POSITIVE.,(#1139));
#1141= IFCPRESENTATIONSTYLEASSIGNMENT((#1140));
#1142= IFCFACETEDBREP(#1125);
#1143= IFCSTYLEDITEM(#1142,(#1141),$);
#1144= IFCSHAPEREPRESENTATION(#12,'Body','Brep',(#1142));
#1145= IFCPRODUCTDEFINITIONSHAPE($,$,(#1144));
#1146= IFCCARTESIANPOINT((6243.2594017124,31149.9785724817,780.350948222201));
#1147= IFCAXIS2PLACEMENT3D(#1146,#1131,#1132);
#1148= IFCLOCALPLACEMENT(#42,#1147);
#1149= IFCPLATE('1_4vqx3V52cxkbIV86F8yC',#44,'Asfaltdekker_bindlag','PL100X40',$,#1148,#1145,'ID7e139d3b-0df1-429b-bba5-49f2063c8f0c');
#1150= IFCCOLOURRGB('Unnamed',0.333333333333333,1.,0.333333333333333);
#1151= IFCSURFACESTYLERENDERING(#1150,0.8,$,$,$,$,IFCNORMALISEDRATIOMEASURE(0.00390625),IFCSPECULAREXPONENT(10.),.NOTDEFINED.);
#1152= IFCSURFACESTYLE('MISCELLANEOUS/Misc_Undefined',.POSITIVE.,(#1151));
#1153= IFCPRESENTATIONSTYLEASSIGNMENT((#1152));
#1154= IFCCARTESIANPOINT((9.59538006413948,-49.9999999999854,20.0007235534658));
#1155= IFCCARTESIANPOINT((9.59538006413641,49.9999999999709,20.0007235535058));
#1156= IFCPOLYLOOP((#1027,#1154,#1155,#1030));
#1157= IFCFACEOUTERBOUND(#1156,.T.);
#1158= IFCFACE((#1157));
#1159= IFCCARTESIANPOINT((89.5956676274648,-49.9999999999854,20.0000135409846));
#1160= IFCCARTESIANPOINT((89.5956676274617,49.9999999999745,20.0000135410255));
#1161= IFCPOLYLOOP((#1154,#1159,#1160,#1155));
#1162= IFCFACEOUTERBOUND(#1161,.T.);
#1163= IFCFACE((#1162));
#1164= IFCCARTESIANPOINT((89.9999853375926,-49.9999999999745,-3.63797880709171E-11));
#1165= IFCCARTESIANPOINT((89.9999853375896,49.9999999999854,5.45696821063757E-12));
#1166= IFCPOLYLOOP((#1159,#1164,#1165,#1160));
#1167= IFCFACEOUTERBOUND(#1166,.T.);
#1168= IFCFACE((#1167));
#1169= IFCPOLYLOOP((#1164,#1027,#1030,#1165));
#1170= IFCFACEOUTERBOUND(#1169,.T.);
#1171= IFCFACE((#1170));
#1172= IFCPOLYLOOP((#1160,#1165,#1030,#1155));
#1173= IFCFACEOUTERBOUND(#1172,.T.);
#1174= IFCFACE((#1173));
#1175= IFCPOLYLOOP((#1164,#1159,#1154,#1027));
#1176= IFCFACEOUTERBOUND(#1175,.T.);
#1177= IFCFACE((#1176));
#1178= IFCCLOSEDSHELL((#1158,#1163,#1168,#1171,#1174,#1177));
#1179= IFCFACETEDBREP(#1178);
#1180= IFCSTYLEDITEM(#1179,(#1153),$);
#1181= IFCSHAPEREPRESENTATION(#12,'Body','Brep',(#1179));
#1182= IFCPRODUCTDEFINITIONSHAPE($,$,(#1181));
#1183= IFCCARTESIANPOINT((6223.31330250824,31149.9999397093,829.919576114695));
#1184= IFCDIRECTION((0.999999428142477,-0.00106941500015455,8.14099534159141E-06));
#1185= IFCDIRECTION((8.1409999968673E-06,0.,-0.999999999966862));
#1186= IFCAXIS2PLACEMENT3D(#1183,#1184,#1185);
#1187= IFCLOCALPLACEMENT(#42,#1186);
#1188= IFCPLATE('3gX6l085n4r9KNn3bGGbq5',#44,'Topeka','PL100X20',$,#1187,#1182,'IDea846bc0-205c-44d4-9517-c43950425d05');
#1189= IFCPLATETYPE('2zUj1LkbPEHuCFTLgVzUnw',#5,'PL100X20',$,$,$,$,$,$,.NOTDEFINED.);
#1190= IFCCARTESIANPOINT((-2.53384843036656,-49.9999999999891,126.779448661902));
#1191= IFCCARTESIANPOINT((-2.53384843037122,49.9999999998654,126.7794486619));
#1192= IFCPOLYLOOP((#1027,#1190,#1191,#1030));
#1193= IFCFACEOUTERBOUND(#1192,.T.);
#1194= IFCFACE((#1193));
#1195= IFCCARTESIANPOINT((9.46615156906444,-49.9999999999891,126.779333823809));
#1196= IFCCARTESIANPOINT((9.46615156905978,49.9999999998654,126.779333823807));
#1197= IFCPOLYLOOP((#1190,#1195,#1196,#1191));
#1198= IFCFACEOUTERBOUND(#1197,.T.);
#1199= IFCFACE((#1198));
#1200= IFCCARTESIANPOINT((11.9997069576528,-49.9999999999236,-9.09494701772928E-13));
#1201= IFCCARTESIANPOINT((11.9997069576482,49.9999999999345,-2.72848410531878E-12));
#1202= IFCPOLYLOOP((#1195,#1200,#1201,#1196));
#1203= IFCFACEOUTERBOUND(#1202,.T.);
#1204= IFCFACE((#1203));
#1205= IFCPOLYLOOP((#1200,#1027,#1030,#1201));
#1206= IFCFACEOUTERBOUND(#1205,.T.);
#1207= IFCFACE((#1206));
#1208= IFCPOLYLOOP((#1196,#1201,#1030,#1191));
#1209= IFCFACEOUTERBOUND(#1208,.T.);
#1210= IFCFACE((#1209));
#1211= IFCPOLYLOOP((#1200,#1195,#1190,#1027));
#1212= IFCFACEOUTERBOUND(#1211,.T.);
#1213= IFCFACE((#1212));
#1214= IFCCLOSEDSHELL((#1194,#1199,#1204,#1207,#1210,#1213));
#1215= IFCFACETEDBREP(#1214);
#1216= IFCSTYLEDITEM(#1215,(#1153),$);
#1217= IFCSHAPEREPRESENTATION(#12,'Body','Brep',(#1215));
#1218= IFCPRODUCTDEFINITIONSHAPE($,$,(#1217));
#1219= IFCCARTESIANPOINT((6223.2684465687,31149.9999676792,739.919554414039));
#1220= IFCDIRECTION((0.999999987528549,-0.000157642999925884,9.57011339562541E-06));
#1221= IFCDIRECTION((9.57000001162442E-06,-7.19999963809612E-07,-0.999999999953948));
#1222= IFCAXIS2PLACEMENT3D(#1219,#1220,#1221);
#1223= IFCLOCALPLACEMENT(#42,#1222);
#1224= IFCPLATE('02RrDcQkv2HemMuXlBBE8V',#44,'Topeka','PL100X12',$,#1223,#1218,'ID026f5366-6aee-4246-8c16-e21bcb2ce21f');
#1225= IFCPLATETYPE('3YJ7ov$y568vE7jbMgh2ll',#5,'PL100X12',$,$,$,$,$,$,.NOTDEFINED.);
#1226= IFCCOLOURRGB('Unnamed',0.945098039215686,0.741176470588235,0.0392156862745098);
#1227= IFCSURFACESTYLERENDERING(#1226,0.8,$,$,$,$,IFCNORMALISEDRATIOMEASURE(0.00390625),IFCSPECULAREXPONENT(10.),.NOTDEFINED.);
#1228= IFCSURFACESTYLE('MISCELLANEOUS/Misc_Undefined',.POSITIVE.,(#1227));
#1229= IFCPRESENTATIONSTYLEASSIGNMENT((#1228));
#1230= IFCCARTESIANPOINT((-4.69299266114831E-10,-1.49999999999864,-50.0000000000655));
#1231= IFCCARTESIANPOINT((-4.76575223729014E-10,-1.50000000000182,50.0000000000546));
#1232= IFCCARTESIANPOINT((4.67480276711285E-10,1.49999999999841,50.0000000000546));
#1233= IFCCARTESIANPOINT((4.74756234325469E-10,1.50000000000171,-50.0000000000691));
#1234= IFCPOLYLOOP((#1230,#1231,#1232,#1233));
#1235= IFCFACEOUTERBOUND(#1234,.T.);
#1236= IFCFACE((#1235));
#1237= IFCCARTESIANPOINT((129.815058081522,1.49999995905455,49.9999999998945));
#1238= IFCCARTESIANPOINT((129.815058081515,1.49999995905796,-50.0000000002256));
#1239= IFCPOLYLOOP((#1233,#1232,#1237,#1238));
#1240= IFCFACEOUTERBOUND(#1239,.T.);
#1241= IFCFACE((#1240));
#1242= IFCCARTESIANPOINT((126.754717481816,-1.50000003997695,-50.0000000002183));
#1243= IFCCARTESIANPOINT((126.754717481821,-1.50000003998025,49.9999999999054));
#1244= IFCPOLYLOOP((#1231,#1230,#1242,#1243));
#1245= IFCFACEOUTERBOUND(#1244,.T.);
#1246= IFCFACE((#1245));
#1247= IFCCARTESIANPOINT((126.319630275871,-174.015184895178,49.9999999999927));
#1248= IFCCARTESIANPOINT((126.319630275883,-174.015184895164,-50.0000000001273));
#1249= IFCPOLYLOOP((#1238,#1237,#1247,#1248));
#1250= IFCFACEOUTERBOUND(#1249,.T.);
#1251= IFCFACE((#1250));
#1252= IFCCARTESIANPOINT((123.3202250244,-173.955451006482,50.));
#1253= IFCPOLYLOOP((#1237,#1232,#1231,#1243,#1252,#1247));
#1254= IFCFACEOUTERBOUND(#1253,.T.);
#1255= IFCFACE((#1254));
#1256= IFCCARTESIANPOINT((123.320225024414,-173.955451006467,-50.0000000001237));
#1257= IFCPOLYLOOP((#1243,#1242,#1256,#1252));
#1258= IFCFACEOUTERBOUND(#1257,.T.);
#1259= IFCFACE((#1258));
#1260= IFCPOLYLOOP((#1242,#1230,#1233,#1238,#1248,#1256));
#1261= IFCFACEOUTERBOUND(#1260,.T.);
#1262= IFCFACE((#1261));
#1263= IFCPOLYLOOP((#1252,#1256,#1248,#1247));
#1264= IFCFACEOUTERBOUND(#1263,.T.);
#1265= IFCFACE((#1264));
#1266= IFCCLOSEDSHELL((#1236,#1241,#1246,#1251,#1255,#1259,#1262,#1265));
#1267= IFCFACETEDBREP(#1266);
#1268= IFCSTYLEDITEM(#1267,(#1229),$);
#1269= IFCSHAPEREPRESENTATION(#12,'Body','Brep',(#1267));
#1270= IFCPRODUCTDEFINITIONSHAPE($,$,(#1269));
#1271= IFCCARTESIANPOINT((6350.0278218968,31149.9799799637,728.944648654718));
#1272= IFCDIRECTION((-0.000153776427640878,-0.999999988048021,-1.60239886020008E-05));
#1273= IFCDIRECTION((-0.999801738624151,0.000154064999936547,-0.0199112959925153));
#1274= IFCAXIS2PLACEMENT3D(#1271,#1272,#1273);
#1275= IFCLOCALPLACEMENT(#42,#1274);
#1276= IFCBEAM('1LeY1q_Mv5hOMdCjecUOhQ',#44,'C60BP2','PL3X100',$,#1275,#1270,'ID55a22074-f96e-45ad-85a7-32da26798ada');
#1277= IFCBEAMTYPE('1CJz8adxr70RtuDNAcArX5',#5,'PL3X100',$,$,$,$,$,$,.NOTDEFINED.);
#1278= IFCCOLOURRGB('Unnamed',0.823529411764706,0.823529411764706,0.823529411764706);
#1279= IFCSURFACESTYLERENDERING(#1278,0.8,$,$,$,$,IFCNORMALISEDRATIOMEASURE(0.00390625),IFCSPECULAREXPONENT(10.),.NOTDEFINED.);
#1280= IFCSURFACESTYLE('CONCRETE/B45_SV_Standard',.POSITIVE.,(#1279));
#1281= IFCPRESENTATIONSTYLEASSIGNMENT((#1280));
#1282= IFCCARTESIANPOINT((-135.480881269623,-50.,500.702991068265));
#1283= IFCCARTESIANPOINT((-135.480881269623,50.,500.702991068265));
#1284= IFCPOLYLOOP((#1027,#1282,#1283,#1030));
#1285= IFCFACEOUTERBOUND(#1284,.T.);
#1286= IFCFACE((#1285));
#1287= IFCCARTESIANPOINT((-120.704657982984,-50.,520.008924242726));
#1288= IFCCARTESIANPOINT((-120.704657982984,50.,520.008924242726));
#1289= IFCPOLYLOOP((#1282,#1287,#1288,#1283));
#1290= IFCFACEOUTERBOUND(#1289,.T.);
#1291= IFCFACE((#1290));
#1292= IFCCARTESIANPOINT((601.635368879221,-50.,520.01873831498));
#1293= IFCCARTESIANPOINT((601.635368879221,50.,520.01873831498));
#1294= IFCPOLYLOOP((#1287,#1292,#1293,#1288));
#1295= IFCFACEOUTERBOUND(#1294,.T.);
#1296= IFCFACE((#1295));
#1297= IFCCARTESIANPOINT((620.551226240262,-50.,500.048322700586));
#1298= IFCCARTESIANPOINT((620.551226240262,50.,500.048322700586));
#1299= IFCPOLYLOOP((#1292,#1297,#1298,#1293));
#1300= IFCFACEOUTERBOUND(#1299,.T.);
#1301= IFCFACE((#1300));
#1302= IFCCARTESIANPOINT((595.549630507085,-50.,39.9953254576112));
#1303= IFCCARTESIANPOINT((595.549630507085,50.,39.9953254576112));
#1304= IFCPOLYLOOP((#1297,#1302,#1303,#1298));
#1305= IFCFACEOUTERBOUND(#1304,.T.);
#1306= IFCFACE((#1305));
#1307= IFCCARTESIANPOINT((525.550255873866,-50.,-30.0053142003171));
#1308= IFCCARTESIANPOINT((525.550255873866,50.,-30.0053142003171));
#1309= IFCPOLYLOOP((#1302,#1307,#1308,#1303));
#1310= IFCFACEOUTERBOUND(#1309,.T.);
#1311= IFCFACE((#1310));
#1312= IFCCARTESIANPOINT((350.000268088104,-50.,-30.0068825263515));
#1313= IFCCARTESIANPOINT((350.000268088104,50.,-30.0068825263515));
#1314= IFCPOLYLOOP((#1307,#1312,#1313,#1308));
#1315= IFCFACEOUTERBOUND(#1314,.T.);
#1316= IFCFACE((#1315));
#1317= IFCPOLYLOOP((#1312,#1064,#1065,#1313));
#1318= IFCFACEOUTERBOUND(#1317,.T.);
#1319= IFCFACE((#1318));
#1320= IFCPOLYLOOP((#1288,#1293,#1298,#1303,#1308,#1313,#1065,#1030,#1283));
#1321= IFCFACEOUTERBOUND(#1320,.T.);
#1322= IFCFACE((#1321));
#1323= IFCPOLYLOOP((#1064,#1312,#1307,#1302,#1297,#1292,#1287,#1282,#1027));
#1324= IFCFACEOUTERBOUND(#1323,.T.);
#1325= IFCFACE((#1324));
#1326= IFCCLOSEDSHELL((#1286,#1291,#1296,#1301,#1306,#1311,#1316,#1319,#1071,#1322,#1325));
#1327= IFCFACETEDBREP(#1326);
#1328= IFCSTYLEDITEM(#1327,(#1281),$);
#1329= IFCSHAPEREPRESENTATION(#12,'Body','Brep',(#1327));
#1330= IFCPRODUCTDEFINITIONSHAPE($,$,(#1329));
#1331= IFCCARTESIANPOINT((6190.25066982984,31150.,374.859358632627));
#1332= IFCDIRECTION((-0.999999999960092,0.,8.93400000086331E-06));
#1333= IFCDIRECTION((8.93400000086663E-06,0.,0.999999999960092));
#1334= IFCAXIS2PLACEMENT3D(#1331,#1332,#1333);
#1335= IFCLOCALPLACEMENT(#42,#1334);
#1336= IFCSLAB('1SW9oZA7PCje6gQRUTz2OS',#44,'Kantbjelke','100X550',$,#1335,#1330,'ID5c809ca3-2876-4cb6-81aa-69b79df4261c',.NOTDEFINED.);
#1337= IFCSLABTYPE('1q264ImuH8DujNbu5uPI3n',#5,'100X550',$,$,$,$,$,$,.NOTDEFINED.);
#1338= IFCSHAPEREPRESENTATION(#12,'Body','Brep',(#1126));
#1339= IFCPRODUCTDEFINITIONSHAPE($,$,(#1338));
#1340= IFCCARTESIANPOINT((7193.2594017124,31149.9785724817,820.350948222201));
#1341= IFCAXIS2PLACEMENT3D(#1340,#1131,#1132);
#1342= IFCLOCALPLACEMENT(#42,#1341);
#1343= IFCPLATE('2t0baiuuTFzuwO29hEvDu6',#44,'Asfaltdekker_slitelag','PL100X40',$,#1342,#1339,'IDb702592c-e387-4ff7-8e98-089acee4de06');
#1344= IFCSHAPEREPRESENTATION(#12,'Body','Brep',(#1142));
#1345= IFCPRODUCTDEFINITIONSHAPE($,$,(#1344));
#1346= IFCCARTESIANPOINT((7193.2594017124,31149.9785724817,780.350948222201));
#1347= IFCAXIS2PLACEMENT3D(#1346,#1131,#1132);
#1348= IFCLOCALPLACEMENT(#42,#1347);
#1349= IFCPLATE('0a3qU$V4X1$vJL5wAmCLvH',#44,'Asfaltdekker_bindlag','PL100X40',$,#1348,#1345,'ID240f47bf-7c48-41ff-94d5-17a2b0315e51');
#1350= IFCSHAPEREPRESENTATION(#12,'Body','Brep',(#1179));
#1351= IFCPRODUCTDEFINITIONSHAPE($,$,(#1350));
#1352= IFCCARTESIANPOINT((7173.31330250824,31149.9999397093,829.919576114695));
#1353= IFCAXIS2PLACEMENT3D(#1352,#1184,#1185);
#1354= IFCLOCALPLACEMENT(#42,#1353);
#1355= IFCPLATE('2ffIaTOYzBqe0Cd97QBpGL',#44,'Topeka','PL100X20',$,#1354,#1351,'IDa9a5291d-622f-4bd2-800c-9c91da2f3415');
#1356= IFCSHAPEREPRESENTATION(#12,'Body','Brep',(#1215));
#1357= IFCPRODUCTDEFINITIONSHAPE($,$,(#1356));
#1358= IFCCARTESIANPOINT((7173.2684465687,31149.9999676792,739.919554414039));
#1359= IFCAXIS2PLACEMENT3D(#1358,#1220,#1221);
#1360= IFCLOCALPLACEMENT(#42,#1359);
#1361= IFCPLATE('306EcOwkv7PBF0GKkBDBoX',#44,'Topeka','PL100X12',$,#1360,#1357,'IDc018e998-eaee-4764-b3c0-414b8b34bca1');
#1362= IFCSHAPEREPRESENTATION(#12,'Body','Brep',(#1267));
#1363= IFCPRODUCTDEFINITIONSHAPE($,$,(#1362));
#1364= IFCCARTESIANPOINT((7300.0278218968,31149.9799799637,728.944648654718));
#1365= IFCAXIS2PLACEMENT3D(#1364,#1272,#1273);
#1366= IFCLOCALPLACEMENT(#42,#1365);
#1367= IFCBEAM('1Q4MaFsGfCWQ$uJnWiwXvx',#44,'C60BP2','PL3X100',$,#1366,#1363,'ID5a11690f-d90a-4c81-aff8-4f182cea1e7b');
#1368= IFCSHAPEREPRESENTATION(#12,'Body','Brep',(#1327));
#1369= IFCPRODUCTDEFINITIONSHAPE($,$,(#1368));
#1370= IFCCARTESIANPOINT((7140.25066982984,31150.,374.859358632627));
#1371= IFCAXIS2PLACEMENT3D(#1370,#1332,#1333);
#1372= IFCLOCALPLACEMENT(#42,#1371);
#1373= IFCSLAB('2vYyfCd8v01wDHLQ5QzoR_',#44,'Kantbjelke','100X550',$,#1372,#1369,'IDb98bca4c-9c8e-4007-a351-55a15af726fe',.NOTDEFINED.);
#1374= IFCCOLOURRGB('Unnamed',0.,0.,0.);
#1375= IFCSURFACESTYLERENDERING(#1374,0.,$,$,$,$,IFCNORMALISEDRATIOMEASURE(0.00390625),IFCSPECULAREXPONENT(10.),.NOTDEFINED.);
#1376= IFCSURFACESTYLE('MISCELLANEOUS/Misc_Undefined',.POSITIVE.,(#1375));
#1377= IFCPRESENTATIONSTYLEASSIGNMENT((#1376));
#1378= IFCCARTESIANPOINT((1.81898940354586E-12,-2.5,-50.));
#1379= IFCCARTESIANPOINT((-1.70530256582424E-12,-2.5,50.));
#1380= IFCCARTESIANPOINT((-1.81898940354586E-12,2.5,50.));
#1381= IFCCARTESIANPOINT((1.70530256582424E-12,2.5,-50.));
#1382= IFCPOLYLOOP((#1378,#1379,#1380,#1381));
#1383= IFCFACEOUTERBOUND(#1382,.T.);
#1384= IFCFACE((#1383));
#1385= IFCCARTESIANPOINT((210.729210380565,2.50000000000455,50.0000000000073));
#1386= IFCCARTESIANPOINT((210.729210380558,2.50000000000455,-49.9999999999927));
#1387= IFCPOLYLOOP((#1381,#1380,#1385,#1386));
#1388= IFCFACEOUTERBOUND(#1387,.T.);
#1389= IFCFACE((#1388));
#1390= IFCCARTESIANPOINT((213.670065836332,-2.49999999999545,-49.9999999999927));
#1391= IFCCARTESIANPOINT((213.670065836338,-2.49999999999545,50.0000000000073));
#1392= IFCPOLYLOOP((#1379,#1378,#1390,#1391));
#1393= IFCFACEOUTERBOUND(#1392,.T.);
#1394= IFCFACE((#1393));
#1395= IFCCARTESIANPOINT((242.499911157379,59.6408043189404,50.));
#1396= IFCCARTESIANPOINT((242.499911157343,59.6408043188758,-50.));
#1397= IFCPOLYLOOP((#1386,#1385,#1395,#1396));
#1398= IFCFACEOUTERBOUND(#1397,.T.);
#1399= IFCFACE((#1398));
#1400= IFCCARTESIANPOINT((237.500088842625,40.3591956810687,-50.));
#1401= IFCCARTESIANPOINT((237.500088842661,40.3591956811333,50.));
#1402= IFCPOLYLOOP((#1391,#1390,#1400,#1401));
#1403= IFCFACEOUTERBOUND(#1402,.T.);
#1404= IFCFACE((#1403));
#1405= IFCCARTESIANPOINT((242.500832721695,-40.3630977609719,50.0000000000036));
#1406= IFCCARTESIANPOINT((242.500832721689,-40.3630977610728,-49.9999999999964));
#1407= IFCPOLYLOOP((#1396,#1395,#1405,#1406));
#1408= IFCFACEOUTERBOUND(#1407,.T.);
#1409= IFCFACE((#1408));
#1410= IFCCARTESIANPOINT((237.501010406495,-59.6446547194482,-49.9999999999964));
#1411= IFCCARTESIANPOINT((237.501010406501,-59.6446547193473,50.0000000000036));
#1412= IFCPOLYLOOP((#1401,#1400,#1410,#1411));
#1413= IFCFACEOUTERBOUND(#1412,.T.);
#1414= IFCFACE((#1413));
#1415= IFCCARTESIANPOINT((266.333098399967,2.50000000000091,50.0000000000073));
#1416= IFCCARTESIANPOINT((266.333098399967,2.50000000000819,-49.9999999999927));
#1417= IFCPOLYLOOP((#1406,#1405,#1415,#1416));
#1418= IFCFACEOUTERBOUND(#1417,.T.);
#1419= IFCFACE((#1418));
#1420= IFCCARTESIANPOINT((269.27394947308,-2.49999999999181,-49.9999999999927));
#1421= IFCCARTESIANPOINT((269.273949473081,-2.49999999999909,50.0000000000073));
#1422= IFCPOLYLOOP((#1411,#1410,#1420,#1421));
#1423= IFCFACEOUTERBOUND(#1422,.T.);
#1424= IFCFACE((#1423));
#1425= IFCCARTESIANPOINT((479.530000000002,2.50000000000182,50.0000000000073));
#1426= IFCCARTESIANPOINT((479.530000000002,2.50000000001273,-49.9999999999927));
#1427= IFCPOLYLOOP((#1416,#1415,#1425,#1426));
#1428= IFCFACEOUTERBOUND(#1427,.T.);
#1429= IFCFACE((#1428));
#1430= IFCCARTESIANPOINT((479.530000000002,-2.49999999999818,50.0000000000073));
#1431= IFCPOLYLOOP((#1415,#1405,#1395,#1385,#1380,#1379,#1391,#1401,#1411,#1421,#1430,#1425));
#1432= IFCFACEOUTERBOUND(#1431,.T.);
#1433= IFCFACE((#1432));
#1434= IFCCARTESIANPOINT((479.530000000002,-2.49999999998727,-49.9999999999927));
#1435= IFCPOLYLOOP((#1421,#1420,#1434,#1430));
#1436= IFCFACEOUTERBOUND(#1435,.T.);
#1437= IFCFACE((#1436));
#1438= IFCPOLYLOOP((#1420,#1410,#1400,#1390,#1378,#1381,#1386,#1396,#1406,#1416,#1426,#1434));
#1439= IFCFACEOUTERBOUND(#1438,.T.);
#1440= IFCFACE((#1439));
#1441= IFCPOLYLOOP((#1430,#1434,#1426,#1425));
#1442= IFCFACEOUTERBOUND(#1441,.T.);
#1443= IFCFACE((#1442));
#1444= IFCCLOSEDSHELL((#1384,#1389,#1394,#1399,#1404,#1409,#1414,#1419,#1424,#1429,#1433,#1437,#1440,#1443));
#1445= IFCFACETEDBREP(#1444);
#1446= IFCSTYLEDITEM(#1445,(#1377),$);
#1447= IFCSHAPEREPRESENTATION(#12,'Body','Brep',(#1445));
#1448= IFCPRODUCTDEFINITIONSHAPE($,$,(#1447));
#1449= IFCCARTESIANPOINT((7302.54,31149.98,832.450000000012));
#1450= IFCDIRECTION((0.,0.,-1.));
#1451= IFCAXIS2PLACEMENT3D(#1449,#8,#1450);
#1452= IFCLOCALPLACEMENT(#42,#1451);
#1453= IFCBEAM('32I9$jgvH8nRa36UanMAvA',#44,'Ramme','PL100X5',$,#1452,#1448,'IDc2489fed-ab94-48c5-b903-19e93158ae4a');
#1454= IFCBEAMTYPE('3TT7hKt418PhhK64BT5rqj',#5,'PL100X5',$,$,$,$,$,$,.NOTDEFINED.);
#1455= IFCSHAPEREPRESENTATION(#12,'Body','Brep',(#1445));
#1456= IFCPRODUCTDEFINITIONSHAPE($,$,(#1455));
#1457= IFCCARTESIANPOINT((6352.54,31149.98,832.450000000012));
#1458= IFCAXIS2PLACEMENT3D(#1457,#8,#1450);
#1459= IFCLOCALPLACEMENT(#42,#1458);
#1460= IFCBEAM('3slitw2AfCtvFuA6rQ85n3',#44,'Ramme','PL100X5',$,#1459,#1456,'IDf6becdfa-08aa-4cdf-93f8-286d5a205c43');
#1461= IFCCOLOURRGB('Unnamed',0.929411764705882,0.796078431372549,0.0470588235294118);
#1462= IFCSURFACESTYLERENDERING(#1461,0.,$,$,$,$,IFCNORMALISEDRATIOMEASURE(0.00390625),IFCSPECULAREXPONENT(10.),.NOTDEFINED.);
#1463= IFCSURFACESTYLE('STEEL/Steel_Undefined',.POSITIVE.,(#1462));
#1464= IFCPRESENTATIONSTYLEASSIGNMENT((#1463));
#1465= IFCCARTESIANPOINT((-44.3012037554727,-228.003884415131,178.248624679407));
#1466= IFCCARTESIANPOINT((-30.011784593029,-228.003884415127,186.498624679407));
#1467= IFCCARTESIANPOINT((-15.7223654305853,-228.003884415131,178.248624679407));
#1468= IFCCARTESIANPOINT((-15.7223654305853,-228.003884415139,161.748624679407));
#1469= IFCCARTESIANPOINT((-30.011784593029,-228.003884415142,153.498624679407));
#1470= IFCCARTESIANPOINT((-44.3012037554727,-228.003884415139,161.748624679407));
#1471= IFCPOLYLOOP((#1465,#1466,#1467,#1468,#1469,#1470));
#1472= IFCFACEOUTERBOUND(#1471,.T.);
#1473= IFCCARTESIANPOINT((-42.0008226986793,-228.003884415135,169.998624679432));
#1474= IFCCARTESIANPOINT((-40.3931275440927,-228.003884415138,163.998624679432));
#1475= IFCCARTESIANPOINT((-36.0008226986793,-228.00388441514,159.60631983402));
#1476= IFCCARTESIANPOINT((-30.0008226986793,-228.00388441514,157.998624679432));
#1477= IFCCARTESIANPOINT((-24.0008226986793,-228.00388441514,159.60631983402));
#1478= IFCCARTESIANPOINT((-19.6085178532658,-228.003884415138,163.998624679432));
#1479= IFCCARTESIANPOINT((-18.0008226986793,-228.003884415135,169.998624679432));
#1480= IFCCARTESIANPOINT((-19.6085178532658,-228.003884415132,175.998624679432));
#1481= IFCCARTESIANPOINT((-24.0008226986793,-228.00388441513,180.390929524845));
#1482= IFCCARTESIANPOINT((-30.0008226986793,-228.00388441513,181.998624679432));
#1483= IFCCARTESIANPOINT((-36.0008226986793,-228.00388441513,180.390929524845));
#1484= IFCCARTESIANPOINT((-40.3931275440927,-228.003884415132,175.998624679432));
#1485= IFCPOLYLOOP((#1473,#1474,#1475,#1476,#1477,#1478,#1479,#1480,#1481,#1482,#1483,#1484));
#1486= IFCFACEBOUND(#1485,.T.);
#1487= IFCFACE((#1472,#1486));
#1488= IFCCARTESIANPOINT((-15.7223654305853,-244.003884415139,161.7486246794));
#1489= IFCCARTESIANPOINT((-30.011784593029,-244.003884415142,153.4986246794));
#1490= IFCPOLYLOOP((#1468,#1488,#1489,#1469));
#1491= IFCFACEOUTERBOUND(#1490,.T.);
#1492= IFCFACE((#1491));
#1493= IFCCARTESIANPOINT((-44.3012037554727,-244.003884415131,178.2486246794));
#1494= IFCCARTESIANPOINT((-30.011784593029,-244.003884415127,186.4986246794));
#1495= IFCPOLYLOOP((#1465,#1493,#1494,#1466));
#1496= IFCFACEOUTERBOUND(#1495,.T.);
#1497= IFCFACE((#1496));
#1498= IFCCARTESIANPOINT((-44.3012037554727,-244.003884415139,161.7486246794));
#1499= IFCPOLYLOOP((#1470,#1498,#1493,#1465));
#1500= IFCFACEOUTERBOUND(#1499,.T.);
#1501= IFCFACE((#1500));
#1502= IFCPOLYLOOP((#1469,#1489,#1498,#1470));
#1503= IFCFACEOUTERBOUND(#1502,.T.);
#1504= IFCFACE((#1503));
#1505= IFCCARTESIANPOINT((-15.7223654305853,-244.003884415131,178.2486246794));
#1506= IFCPOLYLOOP((#1466,#1494,#1505,#1467));
#1507= IFCFACEOUTERBOUND(#1506,.T.);
#1508= IFCFACE((#1507));
#1509= IFCPOLYLOOP((#1467,#1505,#1488,#1468));
#1510= IFCFACEOUTERBOUND(#1509,.T.);
#1511= IFCFACE((#1510));
#1512= IFCCARTESIANPOINT((-30.0008226986793,-28.9999986386003,181.998624679523));
#1513= IFCCARTESIANPOINT((-36.0008226986793,-28.999998638601,180.390929524936));
#1514= IFCPOLYLOOP((#1512,#1513,#1483,#1482));
#1515= IFCFACEOUTERBOUND(#1514,.T.);
#1516= IFCFACE((#1515));
#1517= IFCCARTESIANPOINT((-40.3931275440927,-28.9999986386031,175.998624679523));
#1518= IFCPOLYLOOP((#1513,#1517,#1484,#1483));
#1519= IFCFACEOUTERBOUND(#1518,.T.);
#1520= IFCFACE((#1519));
#1521= IFCCARTESIANPOINT((-42.0008226986793,-28.9999986386058,169.998624679523));
#1522= IFCPOLYLOOP((#1517,#1521,#1473,#1484));
#1523= IFCFACEOUTERBOUND(#1522,.T.);
#1524= IFCFACE((#1523));
#1525= IFCCARTESIANPOINT((-40.3931275440927,-28.9999986386085,163.998624679523));
#1526= IFCPOLYLOOP((#1521,#1525,#1474,#1473));
#1527= IFCFACEOUTERBOUND(#1526,.T.);
#1528= IFCFACE((#1527));
#1529= IFCCARTESIANPOINT((-36.0008226986793,-28.9999986386106,159.606319834111));
#1530= IFCPOLYLOOP((#1525,#1529,#1475,#1474));
#1531= IFCFACEOUTERBOUND(#1530,.T.);
#1532= IFCFACE((#1531));
#1533= IFCCARTESIANPOINT((-30.0008226986793,-28.9999986386113,157.998624679523));
#1534= IFCPOLYLOOP((#1529,#1533,#1476,#1475));
#1535= IFCFACEOUTERBOUND(#1534,.T.);
#1536= IFCFACE((#1535));
#1537= IFCCARTESIANPOINT((-24.0008226986793,-28.9999986386106,159.606319834111));
#1538= IFCPOLYLOOP((#1533,#1537,#1477,#1476));
#1539= IFCFACEOUTERBOUND(#1538,.T.);
#1540= IFCFACE((#1539));
#1541= IFCCARTESIANPOINT((-19.6085178532658,-28.9999986386085,163.998624679523));
#1542= IFCPOLYLOOP((#1537,#1541,#1478,#1477));
#1543= IFCFACEOUTERBOUND(#1542,.T.);
#1544= IFCFACE((#1543));
#1545= IFCCARTESIANPOINT((-18.0008226986793,-28.9999986386058,169.998624679523));
#1546= IFCPOLYLOOP((#1541,#1545,#1479,#1478));
#1547= IFCFACEOUTERBOUND(#1546,.T.);
#1548= IFCFACE((#1547));
#1549= IFCCARTESIANPOINT((-19.6085178532658,-28.9999986386031,175.998624679523));
#1550= IFCPOLYLOOP((#1545,#1549,#1480,#1479));
#1551= IFCFACEOUTERBOUND(#1550,.T.);
#1552= IFCFACE((#1551));
#1553= IFCCARTESIANPOINT((-24.0008226986793,-28.999998638601,180.390929524936));
#1554= IFCPOLYLOOP((#1549,#1553,#1481,#1480));
#1555= IFCFACEOUTERBOUND(#1554,.T.);
#1556= IFCFACE((#1555));
#1557= IFCPOLYLOOP((#1553,#1512,#1482,#1481));
#1558= IFCFACEOUTERBOUND(#1557,.T.);
#1559= IFCFACE((#1558));
#1560= IFCCARTESIANPOINT((-45.588886408771,-28.9999986386099,160.998665839303));
#1561= IFCCARTESIANPOINT((-30.0004291406512,-28.999998638614,151.998665839303));
#1562= IFCCARTESIANPOINT((-14.4119718725315,-28.9999986386099,160.998665839303));
#1563= IFCCARTESIANPOINT((-14.4119718725315,-28.9999986386017,178.998665839303));
#1564= IFCCARTESIANPOINT((-30.0004291406512,-28.9999986385976,187.998665839303));
#1565= IFCCARTESIANPOINT((-45.588886408771,-28.9999986386017,178.998665839303));
#1566= IFCPOLYLOOP((#1560,#1561,#1562,#1563,#1564,#1565));
#1567= IFCFACEOUTERBOUND(#1566,.T.);
#1568= IFCPOLYLOOP((#1545,#1541,#1537,#1533,#1529,#1525,#1521,#1517,#1513,#1512,#1553,#1549));
#1569= IFCFACEBOUND(#1568,.T.);
#1570= IFCFACE((#1567,#1569));
#1571= IFCCARTESIANPOINT((-14.4119718725315,-12.9999986386563,178.99866583931));
#1572= IFCCARTESIANPOINT((-30.0004291406512,-12.9999986386522,187.99866583931));
#1573= IFCPOLYLOOP((#1563,#1571,#1572,#1564));
#1574= IFCFACEOUTERBOUND(#1573,.T.);
#1575= IFCFACE((#1574));
#1576= IFCCARTESIANPOINT((-13.9789591704211,-12.9999986386646,160.748665844185));
#1577= IFCCARTESIANPOINT((-11.500429140433,-12.9999986386604,169.998665844185));
#1578= IFCCARTESIANPOINT((-13.9789591704211,-12.9999986386562,179.248665844185));
#1579= IFCCARTESIANPOINT((-20.750429140433,-12.9999986386531,186.020135814197));
#1580= IFCCARTESIANPOINT((-30.000429140433,-12.999998638652,188.498665844185));
#1581= IFCCARTESIANPOINT((-39.250429140433,-12.9999986386531,186.020135814197));
#1582= IFCCARTESIANPOINT((-46.0218991104448,-12.9999986386562,179.248665844185));
#1583= IFCCARTESIANPOINT((-48.500429140433,-12.9999986386604,169.998665844185));
#1584= IFCCARTESIANPOINT((-46.0218991104448,-12.9999986386646,160.748665844185));
#1585= IFCCARTESIANPOINT((-39.250429140433,-12.9999986386676,153.977195874173));
#1586= IFCCARTESIANPOINT((-30.000429140433,-12.9999986386688,151.498665844185));
#1587= IFCCARTESIANPOINT((-20.750429140433,-12.9999986386676,153.977195874173));
#1588= IFCPOLYLOOP((#1576,#1577,#1578,#1579,#1580,#1581,#1582,#1583,#1584,#1585,#1586,#1587));
#1589= IFCFACEOUTERBOUND(#1588,.T.);
#1590= IFCCARTESIANPOINT((-14.4119718725315,-12.9999986386645,160.99866583931));
#1591= IFCCARTESIANPOINT((-30.0004291406512,-12.9999986386686,151.99866583931));
#1592= IFCCARTESIANPOINT((-45.588886408771,-12.9999986386645,160.99866583931));
#1593= IFCCARTESIANPOINT((-45.588886408771,-12.9999986386563,178.99866583931));
#1594= IFCPOLYLOOP((#1572,#1571,#1590,#1591,#1592,#1593));
#1595= IFCFACEBOUND(#1594,.T.);
#1596= IFCFACE((#1589,#1595));
#1597= IFCPOLYLOOP((#1560,#1592,#1591,#1561));
#1598= IFCFACEOUTERBOUND(#1597,.T.);
#1599= IFCFACE((#1598));
#1600= IFCPOLYLOOP((#1565,#1593,#1592,#1560));
#1601= IFCFACEOUTERBOUND(#1600,.T.);
#1602= IFCFACE((#1601));
#1603= IFCPOLYLOOP((#1564,#1572,#1593,#1565));
#1604= IFCFACEOUTERBOUND(#1603,.T.);
#1605= IFCFACE((#1604));
#1606= IFCPOLYLOOP((#1561,#1591,#1590,#1562));
#1607= IFCFACEOUTERBOUND(#1606,.T.);
#1608= IFCFACE((#1607));
#1609= IFCPOLYLOOP((#1562,#1590,#1571,#1563));
#1610= IFCFACEOUTERBOUND(#1609,.T.);
#1611= IFCFACE((#1610));
#1612= IFCCARTESIANPOINT((-39.250429140433,-9.99999863867833,153.977195874173));
#1613= IFCCARTESIANPOINT((-30.000429140433,-9.99999863867947,151.498665844185));
#1614= IFCPOLYLOOP((#1585,#1612,#1613,#1586));
#1615= IFCFACEOUTERBOUND(#1614,.T.);
#1616= IFCFACE((#1615));
#1617= IFCCARTESIANPOINT((-200.,-10.0000001999979,199.999999991978));
#1618= IFCCARTESIANPOINT((-200.,-10.,-8.07995093055069E-09));
#1619= IFCCARTESIANPOINT((0.,-10.,-8.02174326963723E-09));
#1620= IFCCARTESIANPOINT((0.,-10.0000001999979,199.999999991978));
#1621= IFCPOLYLOOP((#1617,#1618,#1619,#1620));
#1622= IFCFACEOUTERBOUND(#1621,.T.);
#1623= IFCCARTESIANPOINT((-47.4143245098085,-10.0000001382033,138.204707242396));
#1624= IFCCARTESIANPOINT((-38.1817555849948,-10.0000001200835,120.084770477759));
#1625= IFCCARTESIANPOINT((-35.0004291441801,-10.0000000999976,99.9986658433845));
#1626= IFCCARTESIANPOINT((-38.1817555849948,-10.0000000799117,79.9125612090138));
#1627= IFCCARTESIANPOINT((-47.4143245098085,-10.000000061792,61.7926244443734));
#1628= IFCCARTESIANPOINT((-61.7943877451689,-10.0000000474121,47.4125612090138));
#1629= IFCCARTESIANPOINT((-79.9143245098085,-10.0000000381796,38.1799922842001));
#1630= IFCCARTESIANPOINT((-100.00042914418,-10.0000000349983,34.9986658433845));
#1631= IFCCARTESIANPOINT((-120.086533778552,-10.0000000381796,38.1799922842001));
#1632= IFCCARTESIANPOINT((-138.206470543191,-10.0000000474121,47.4125612090138));
#1633= IFCCARTESIANPOINT((-152.586533778552,-10.000000061792,61.7926244443734));
#1634= IFCCARTESIANPOINT((-161.819102703365,-10.0000000799117,79.9125612090138));
#1635= IFCCARTESIANPOINT((-165.00042914418,-10.0000000999976,99.9986658433845));
#1636= IFCCARTESIANPOINT((-161.819102703365,-10.0000001200835,120.084770477759));
#1637= IFCCARTESIANPOINT((-152.586533778552,-10.0000001382033,138.204707242396));
#1638= IFCCARTESIANPOINT((-138.206470543191,-10.0000001525832,152.584770477759));
#1639= IFCCARTESIANPOINT((-120.086533778552,-10.0000001618156,161.817339402573));
#1640= IFCCARTESIANPOINT((-100.00042914418,-10.0000001649969,164.998665843385));
#1641= IFCCARTESIANPOINT((-79.9143245098085,-10.0000001618156,161.817339402573));
#1642= IFCCARTESIANPOINT((-61.7943877451689,-10.0000001525832,152.584770477759));
#1643= IFCPOLYLOOP((#1623,#1624,#1625,#1626,#1627,#1628,#1629,#1630,#1631,#1632,#1633,#1634,#1635,#1636,#1637,#1638,#1639,#1640,#1641,#1642));
#1644= IFCFACEBOUND(#1643,.T.);
#1645= IFCCARTESIANPOINT((-30.0004291429868,-9.99999859740433,48.4986658386406));
#1646= IFCCARTESIANPOINT((-20.7504291429868,-9.99999859740547,46.0201358086524));
#1647= IFCCARTESIANPOINT((-13.978959172975,-9.99999859740853,39.2486658386406));
#1648= IFCCARTESIANPOINT((-11.5004291429868,-9.99999859741274,29.9986658386406));
#1649= IFCCARTESIANPOINT((-13.978959172975,-9.99999859741695,20.7486658386406));
#1650= IFCCARTESIANPOINT((-20.7504291429868,-9.99999859742002,13.9771958686288));
#1651= IFCCARTESIANPOINT((-30.0004291429868,-9.99999859742115,11.4986658386406));
#1652= IFCCARTESIANPOINT((-39.2504291429868,-9.99999859742002,13.9771958686288));
#1653= IFCCARTESIANPOINT((-46.0218991129987,-9.99999859741695,20.7486658386406));
#1654= IFCCARTESIANPOINT((-48.5004291429868,-9.99999859741274,29.9986658386406));
#1655= IFCCARTESIANPOINT((-46.0218991129987,-9.99999859740853,39.2486658386406));
#1656= IFCCARTESIANPOINT((-39.2504291429868,-9.99999859740547,46.0201358086524));
#1657= IFCPOLYLOOP((#1645,#1646,#1647,#1648,#1649,#1650,#1651,#1652,#1653,#1654,#1655,#1656));
#1658= IFCFACEBOUND(#1657,.T.);
#1659= IFCCARTESIANPOINT((-30.000429140433,-9.99999863866265,188.498665844185));
#1660= IFCCARTESIANPOINT((-20.750429140433,-9.99999863866378,186.020135814197));
#1661= IFCCARTESIANPOINT((-13.9789591704211,-9.99999863866685,179.248665844185));
#1662= IFCCARTESIANPOINT((-11.500429140433,-9.99999863867106,169.998665844185));
#1663= IFCCARTESIANPOINT((-13.9789591704211,-9.99999863867527,160.748665844185));
#1664= IFCCARTESIANPOINT((-20.750429140433,-9.99999863867833,153.977195874173));
#1665= IFCCARTESIANPOINT((-46.0218991104448,-9.99999863867527,160.748665844185));
#1666= IFCCARTESIANPOINT((-48.500429140433,-9.99999863867106,169.998665844185));
#1667= IFCCARTESIANPOINT((-46.0218991104448,-9.99999863866685,179.248665844185));
#1668= IFCCARTESIANPOINT((-39.250429140433,-9.99999863866378,186.020135814197));
#1669= IFCPOLYLOOP((#1659,#1660,#1661,#1662,#1663,#1664,#1613,#1612,#1665,#1666,#1667,#1668));
#1670= IFCFACEBOUND(#1669,.T.);
#1671= IFCCARTESIANPOINT((-170.00042914418,-9.99999859614741,48.4986658433845));
#1672= IFCCARTESIANPOINT((-160.75042914418,-9.99999859614854,46.0201358133963));
#1673= IFCCARTESIANPOINT((-153.978959174168,-9.99999859615161,39.2486658433845));
#1674= IFCCARTESIANPOINT((-151.50042914418,-9.99999859615582,29.9986658433845));
#1675= IFCCARTESIANPOINT((-153.978959174168,-9.99999859616003,20.7486658433845));
#1676= IFCCARTESIANPOINT((-160.75042914418,-9.9999985961631,13.9771958733727));
#1677= IFCCARTESIANPOINT((-170.00042914418,-9.99999859616423,11.4986658433845));
#1678= IFCCARTESIANPOINT((-179.25042914418,-9.9999985961631,13.9771958733727));
#1679= IFCCARTESIANPOINT((-186.021899114192,-9.99999859616003,20.7486658433845));
#1680= IFCCARTESIANPOINT((-188.50042914418,-9.99999859615582,29.9986658433845));
#1681= IFCCARTESIANPOINT((-186.021899114192,-9.99999859615161,39.2486658433845));
#1682= IFCCARTESIANPOINT((-179.25042914418,-9.99999859614854,46.0201358133963));
#1683= IFCPOLYLOOP((#1671,#1672,#1673,#1674,#1675,#1676,#1677,#1678,#1679,#1680,#1681,#1682));
#1684= IFCFACEBOUND(#1683,.T.);
#1685= IFCCARTESIANPOINT((-170.000429141677,-9.99999863740572,188.498665848929));
#1686= IFCCARTESIANPOINT((-160.750429141677,-9.99999863740686,186.020135818941));
#1687= IFCCARTESIANPOINT((-153.978959171665,-9.99999863740993,179.248665848929));
#1688= IFCCARTESIANPOINT((-151.500429141677,-9.99999863741414,169.998665848929));
#1689= IFCCARTESIANPOINT((-153.978959171665,-9.99999863741834,160.748665848929));
#1690= IFCCARTESIANPOINT((-160.750429141677,-9.99999863742141,153.977195878917));
#1691= IFCCARTESIANPOINT((-170.000429141677,-9.99999863742255,151.498665848929));
#1692= IFCCARTESIANPOINT((-179.250429141677,-9.99999863742141,153.977195878917));
#1693= IFCCARTESIANPOINT((-186.021899111689,-9.99999863741834,160.748665848929));
#1694= IFCCARTESIANPOINT((-188.500429141677,-9.99999863741414,169.998665848929));
#1695= IFCCARTESIANPOINT((-186.021899111689,-9.99999863740993,179.248665848929));
#1696= IFCCARTESIANPOINT((-179.250429141677,-9.99999863740686,186.020135818941));
#1697= IFCPOLYLOOP((#1685,#1686,#1687,#1688,#1689,#1690,#1691,#1692,#1693,#1694,#1695,#1696));
#1698= IFCFACEBOUND(#1697,.T.);
#1699= IFCFACE((#1622,#1644,#1658,#1670,#1684,#1698));
#1700= IFCCARTESIANPOINT((-186.021899111689,-12.9999986373992,179.248665848929));
#1701= IFCCARTESIANPOINT((-188.500429141677,-12.9999986374035,169.998665848929));
#1702= IFCPOLYLOOP((#1700,#1695,#1694,#1701));
#1703= IFCFACEOUTERBOUND(#1702,.T.);
#1704= IFCFACE((#1703));
#1705= IFCCARTESIANPOINT((-179.250429141677,-12.9999986373962,186.020135818941));
#1706= IFCPOLYLOOP((#1705,#1696,#1695,#1700));
#1707= IFCFACEOUTERBOUND(#1706,.T.);
#1708= IFCFACE((#1707));
#1709= IFCCARTESIANPOINT((-170.000429141677,-12.999998637395,188.498665848929));
#1710= IFCPOLYLOOP((#1709,#1685,#1696,#1705));
#1711= IFCFACEOUTERBOUND(#1710,.T.);
#1712= IFCFACE((#1711));
#1713= IFCCARTESIANPOINT((-160.750429141677,-12.9999986373962,186.020135818941));
#1714= IFCPOLYLOOP((#1713,#1686,#1685,#1709));
#1715= IFCFACEOUTERBOUND(#1714,.T.);
#1716= IFCFACE((#1715));
#1717= IFCCARTESIANPOINT((-153.978959171665,-12.9999986373992,179.248665848929));
#1718= IFCPOLYLOOP((#1717,#1687,#1686,#1713));
#1719= IFCFACEOUTERBOUND(#1718,.T.);
#1720= IFCFACE((#1719));
#1721= IFCCARTESIANPOINT((-151.500429141677,-12.9999986374035,169.998665848929));
#1722= IFCPOLYLOOP((#1721,#1688,#1687,#1717));
#1723= IFCFACEOUTERBOUND(#1722,.T.);
#1724= IFCFACE((#1723));
#1725= IFCCARTESIANPOINT((-153.978959171665,-12.9999986374077,160.748665848929));
#1726= IFCPOLYLOOP((#1725,#1689,#1688,#1721));
#1727= IFCFACEOUTERBOUND(#1726,.T.);
#1728= IFCFACE((#1727));
#1729= IFCCARTESIANPOINT((-160.750429141677,-12.9999986374107,153.977195878917));
#1730= IFCPOLYLOOP((#1729,#1690,#1689,#1725));
#1731= IFCFACEOUTERBOUND(#1730,.T.);
#1732= IFCFACE((#1731));
#1733= IFCCARTESIANPOINT((-170.000429141677,-12.9999986374119,151.498665848929));
#1734= IFCPOLYLOOP((#1733,#1691,#1690,#1729));
#1735= IFCFACEOUTERBOUND(#1734,.T.);
#1736= IFCFACE((#1735));
#1737= IFCCARTESIANPOINT((-179.250429141677,-12.9999986374107,153.977195878917));
#1738= IFCPOLYLOOP((#1737,#1692,#1691,#1733));
#1739= IFCFACEOUTERBOUND(#1738,.T.);
#1740= IFCFACE((#1739));
#1741= IFCCARTESIANPOINT((-186.021899111689,-12.9999986374077,160.748665848929));
#1742= IFCPOLYLOOP((#1741,#1693,#1692,#1737));
#1743= IFCFACEOUTERBOUND(#1742,.T.);
#1744= IFCFACE((#1743));
#1745= IFCPOLYLOOP((#1701,#1694,#1693,#1741));
#1746= IFCFACEOUTERBOUND(#1745,.T.);
#1747= IFCFACE((#1746));
#1748= IFCPOLYLOOP((#1725,#1721,#1717,#1713,#1709,#1705,#1700,#1701,#1741,#1737,#1733,#1729));
#1749= IFCFACEOUTERBOUND(#1748,.T.);
#1750= IFCCARTESIANPOINT((-170.000429141903,-12.9999986374116,151.998665844054));
#1751= IFCCARTESIANPOINT((-185.588886410022,-12.9999986374075,160.998665844054));
#1752= IFCCARTESIANPOINT((-185.588886410022,-12.9999986373994,178.998665844054));
#1753= IFCCARTESIANPOINT((-170.000429141903,-12.9999986373953,187.998665844054));
#1754= IFCCARTESIANPOINT((-154.411971873783,-12.9999986373994,178.998665844054));
#1755= IFCCARTESIANPOINT((-154.411971873783,-12.9999986374075,160.998665844054));
#1756= IFCPOLYLOOP((#1750,#1751,#1752,#1753,#1754,#1755));
#1757= IFCFACEBOUND(#1756,.T.);
#1758= IFCFACE((#1749,#1757));
#1759= IFCCARTESIANPOINT((-170.000429141903,-28.9999986373389,187.998665844047));
#1760= IFCCARTESIANPOINT((-154.411971873783,-28.999998637343,178.998665844047));
#1761= IFCPOLYLOOP((#1759,#1760,#1754,#1753));
#1762= IFCFACEOUTERBOUND(#1761,.T.);
#1763= IFCFACE((#1762));
#1764= IFCCARTESIANPOINT((-154.411971873783,-28.9999986373512,160.998665844047));
#1765= IFCPOLYLOOP((#1760,#1764,#1755,#1754));
#1766= IFCFACEOUTERBOUND(#1765,.T.);
#1767= IFCFACE((#1766));
#1768= IFCCARTESIANPOINT((-170.000429141903,-28.9999986373552,151.998665844047));
#1769= IFCPOLYLOOP((#1764,#1768,#1750,#1755));
#1770= IFCFACEOUTERBOUND(#1769,.T.);
#1771= IFCFACE((#1770));
#1772= IFCCARTESIANPOINT((-185.588886410022,-28.9999986373512,160.998665844047));
#1773= IFCPOLYLOOP((#1768,#1772,#1751,#1750));
#1774= IFCFACEOUTERBOUND(#1773,.T.);
#1775= IFCFACE((#1774));
#1776= IFCCARTESIANPOINT((-185.588886410022,-28.999998637343,178.998665844047));
#1777= IFCPOLYLOOP((#1772,#1776,#1752,#1751));
#1778= IFCFACEOUTERBOUND(#1777,.T.);
#1779= IFCFACE((#1778));
#1780= IFCPOLYLOOP((#1776,#1759,#1753,#1752));
#1781= IFCFACEOUTERBOUND(#1780,.T.);
#1782= IFCFACE((#1781));
#1783= IFCPOLYLOOP((#1772,#1768,#1764,#1760,#1759,#1776));
#1784= IFCFACEOUTERBOUND(#1783,.T.);
#1785= IFCCARTESIANPOINT((-170.000429141903,-28.9999986373396,186.498665844047));
#1786= IFCCARTESIANPOINT((-155.711009979459,-28.9999986373433,178.248665844047));
#1787= IFCCARTESIANPOINT((-155.711009979459,-28.9999986373508,161.748665844047));
#1788= IFCCARTESIANPOINT((-170.000429141903,-28.9999986373546,153.498665844047));
#1789= IFCCARTESIANPOINT((-184.289848304346,-28.9999986373508,161.748665844047));
#1790= IFCCARTESIANPOINT((-184.289848304346,-28.9999986373433,178.248665844047));
#1791= IFCPOLYLOOP((#1785,#1786,#1787,#1788,#1789,#1790));
#1792= IFCFACEBOUND(#1791,.T.);
#1793= IFCFACE((#1784,#1792));
#1794= IFCPOLYLOOP((#1789,#1788,#1787,#1786,#1785,#1790));
#1795= IFCFACEOUTERBOUND(#1794,.T.);
#1796= IFCCARTESIANPOINT((-158.00082270207,-28.9999986373471,169.998624679494));
#1797= IFCCARTESIANPOINT((-159.608517856656,-28.9999986373498,163.998624679494));
#1798= IFCCARTESIANPOINT((-164.00082270207,-28.9999986373518,159.606319834082));
#1799= IFCCARTESIANPOINT((-170.00082270207,-28.9999986373525,157.998624679494));
#1800= IFCCARTESIANPOINT((-176.00082270207,-28.9999986373518,159.606319834082));
#1801= IFCCARTESIANPOINT((-180.393127547483,-28.9999986373498,163.998624679494));
#1802= IFCCARTESIANPOINT((-182.00082270207,-28.9999986373471,169.998624679494));
#1803= IFCCARTESIANPOINT((-180.393127547483,-28.9999986373443,175.998624679494));
#1804= IFCCARTESIANPOINT((-176.00082270207,-28.9999986373423,180.390929524907));
#1805= IFCCARTESIANPOINT((-170.00082270207,-28.9999986373416,181.998624679494));
#1806= IFCCARTESIANPOINT((-164.00082270207,-28.9999986373423,180.390929524907));
#1807= IFCCARTESIANPOINT((-159.608517856656,-28.9999986373443,175.998624679494));
#1808= IFCPOLYLOOP((#1796,#1797,#1798,#1799,#1800,#1801,#1802,#1803,#1804,#1805,#1806,#1807));
#1809= IFCFACEBOUND(#1808,.T.);
#1810= IFCFACE((#1795,#1809));
#1811= IFCCARTESIANPOINT((-170.00082270207,-228.00388441513,181.998624679403));
#1812= IFCCARTESIANPOINT((-164.00082270207,-228.00388441513,180.390929524816));
#1813= IFCPOLYLOOP((#1806,#1805,#1811,#1812));
#1814= IFCFACEOUTERBOUND(#1813,.T.);
#1815= IFCFACE((#1814));
#1816= IFCCARTESIANPOINT((-176.00082270207,-228.00388441513,180.390929524816));
#1817= IFCPOLYLOOP((#1805,#1804,#1816,#1811));
#1818= IFCFACEOUTERBOUND(#1817,.T.);
#1819= IFCFACE((#1818));
#1820= IFCCARTESIANPOINT((-180.393127547483,-228.003884415132,175.998624679403));
#1821= IFCPOLYLOOP((#1804,#1803,#1820,#1816));
#1822= IFCFACEOUTERBOUND(#1821,.T.);
#1823= IFCFACE((#1822));
#1824= IFCCARTESIANPOINT((-182.00082270207,-228.003884415135,169.998624679403));
#1825= IFCPOLYLOOP((#1803,#1802,#1824,#1820));
#1826= IFCFACEOUTERBOUND(#1825,.T.);
#1827= IFCFACE((#1826));
#1828= IFCCARTESIANPOINT((-180.393127547483,-228.003884415138,163.998624679403));
#1829= IFCPOLYLOOP((#1802,#1801,#1828,#1824));
#1830= IFCFACEOUTERBOUND(#1829,.T.);
#1831= IFCFACE((#1830));
#1832= IFCCARTESIANPOINT((-176.00082270207,-228.00388441514,159.606319833991));
#1833= IFCPOLYLOOP((#1801,#1800,#1832,#1828));
#1834= IFCFACEOUTERBOUND(#1833,.T.);
#1835= IFCFACE((#1834));
#1836= IFCCARTESIANPOINT((-170.00082270207,-228.00388441514,157.998624679403));
#1837= IFCPOLYLOOP((#1800,#1799,#1836,#1832));
#1838= IFCFACEOUTERBOUND(#1837,.T.);
#1839= IFCFACE((#1838));
#1840= IFCCARTESIANPOINT((-164.00082270207,-228.00388441514,159.606319833991));
#1841= IFCPOLYLOOP((#1799,#1798,#1840,#1836));
#1842= IFCFACEOUTERBOUND(#1841,.T.);
#1843= IFCFACE((#1842));
#1844= IFCCARTESIANPOINT((-159.608517856656,-228.003884415138,163.998624679403));
#1845= IFCPOLYLOOP((#1798,#1797,#1844,#1840));
#1846= IFCFACEOUTERBOUND(#1845,.T.);
#1847= IFCFACE((#1846));
#1848= IFCCARTESIANPOINT((-158.00082270207,-228.003884415135,169.998624679403));
#1849= IFCPOLYLOOP((#1797,#1796,#1848,#1844));
#1850= IFCFACEOUTERBOUND(#1849,.T.);
#1851= IFCFACE((#1850));
#1852= IFCCARTESIANPOINT((-159.608517856656,-228.003884415132,175.998624679403));
#1853= IFCPOLYLOOP((#1796,#1807,#1852,#1848));
#1854= IFCFACEOUTERBOUND(#1853,.T.);
#1855= IFCFACE((#1854));
#1856= IFCPOLYLOOP((#1807,#1806,#1812,#1852));
#1857= IFCFACEOUTERBOUND(#1856,.T.);
#1858= IFCFACE((#1857));
#1859= IFCCARTESIANPOINT((-184.301203755473,-228.003884415131,178.248624679407));
#1860= IFCCARTESIANPOINT((-170.011784593029,-228.003884415127,186.498624679407));
#1861= IFCCARTESIANPOINT((-155.722365430585,-228.003884415131,178.248624679407));
#1862= IFCCARTESIANPOINT((-155.722365430585,-228.003884415139,161.748624679407));
#1863= IFCCARTESIANPOINT((-170.011784593029,-228.003884415142,153.498624679407));
#1864= IFCCARTESIANPOINT((-184.301203755473,-228.003884415139,161.748624679407));
#1865= IFCPOLYLOOP((#1859,#1860,#1861,#1862,#1863,#1864));
#1866= IFCFACEOUTERBOUND(#1865,.T.);
#1867= IFCPOLYLOOP((#1824,#1828,#1832,#1836,#1840,#1844,#1848,#1852,#1812,#1811,#1816,#1820));
#1868= IFCFACEBOUND(#1867,.T.);
#1869= IFCFACE((#1866,#1868));
#1870= IFCCARTESIANPOINT((-155.722365430585,-244.003884415139,161.7486246794));
#1871= IFCCARTESIANPOINT((-170.011784593029,-244.003884415142,153.4986246794));
#1872= IFCPOLYLOOP((#1862,#1870,#1871,#1863));
#1873= IFCFACEOUTERBOUND(#1872,.T.);
#1874= IFCFACE((#1873));
#1875= IFCCARTESIANPOINT((-188.511784593029,-244.002919416373,170.002190159714));
#1876= IFCCARTESIANPOINT((-186.033254563041,-244.002919416368,179.252190159714));
#1877= IFCCARTESIANPOINT((-179.261784593029,-244.002919416365,186.023660129726));
#1878= IFCCARTESIANPOINT((-170.011784593029,-244.002919416364,188.502190159714));
#1879= IFCCARTESIANPOINT((-160.761784593029,-244.002919416365,186.023660129726));
#1880= IFCCARTESIANPOINT((-153.990314623017,-244.002919416368,179.252190159714));
#1881= IFCCARTESIANPOINT((-151.511784593029,-244.002919416373,170.002190159714));
#1882= IFCCARTESIANPOINT((-153.990314623017,-244.002919416377,160.752190159714));
#1883= IFCCARTESIANPOINT((-160.761784593029,-244.00291941638,153.980720189702));
#1884= IFCCARTESIANPOINT((-170.011784593029,-244.002919416381,151.502190159714));
#1885= IFCCARTESIANPOINT((-179.261784593029,-244.00291941638,153.980720189702));
#1886= IFCCARTESIANPOINT((-186.033254563041,-244.002919416377,160.752190159714));
#1887= IFCPOLYLOOP((#1875,#1876,#1877,#1878,#1879,#1880,#1881,#1882,#1883,#1884,#1885,#1886));
#1888= IFCFACEOUTERBOUND(#1887,.T.);
#1889= IFCCARTESIANPOINT((-170.011784593029,-244.003884415127,186.4986246794));
#1890= IFCCARTESIANPOINT((-184.301203755473,-244.003884415131,178.2486246794));
#1891= IFCCARTESIANPOINT((-184.301203755473,-244.003884415139,161.7486246794));
#1892= IFCCARTESIANPOINT((-155.722365430585,-244.003884415131,178.2486246794));
#1893= IFCPOLYLOOP((#1889,#1890,#1891,#1871,#1870,#1892));
#1894= IFCFACEBOUND(#1893,.T.);
#1895= IFCFACE((#1888,#1894));
#1896= IFCPOLYLOOP((#1863,#1871,#1891,#1864));
#1897= IFCFACEOUTERBOUND(#1896,.T.);
#1898= IFCFACE((#1897));
#1899= IFCPOLYLOOP((#1864,#1891,#1890,#1859));
#1900= IFCFACEOUTERBOUND(#1899,.T.);
#1901= IFCFACE((#1900));
#1902= IFCPOLYLOOP((#1859,#1890,#1889,#1860));
#1903= IFCFACEOUTERBOUND(#1902,.T.);
#1904= IFCFACE((#1903));
#1905= IFCPOLYLOOP((#1860,#1889,#1892,#1861));
#1906= IFCFACEOUTERBOUND(#1905,.T.);
#1907= IFCFACE((#1906));
#1908= IFCPOLYLOOP((#1861,#1892,#1870,#1862));
#1909= IFCFACEOUTERBOUND(#1908,.T.);
#1910= IFCFACE((#1909));
#1911= IFCCARTESIANPOINT((-179.261784593029,-247.00291941638,153.980720189702));
#1912= IFCCARTESIANPOINT((-170.011784593029,-247.002919416381,151.502190159714));
#1913= IFCPOLYLOOP((#1911,#1885,#1884,#1912));
#1914= IFCFACEOUTERBOUND(#1913,.T.);
#1915= IFCFACE((#1914));
#1916= IFCCARTESIANPOINT((-186.033254563041,-247.002919416377,160.752190159714));
#1917= IFCPOLYLOOP((#1916,#1886,#1885,#1911));
#1918= IFCFACEOUTERBOUND(#1917,.T.);
#1919= IFCFACE((#1918));
#1920= IFCCARTESIANPOINT((-188.511784593029,-247.002919416373,170.002190159714));
#1921= IFCPOLYLOOP((#1920,#1875,#1886,#1916));
#1922= IFCFACEOUTERBOUND(#1921,.T.);
#1923= IFCFACE((#1922));
#1924= IFCCARTESIANPOINT((-186.033254563041,-247.002919416368,179.252190159714));
#1925= IFCPOLYLOOP((#1924,#1876,#1875,#1920));
#1926= IFCFACEOUTERBOUND(#1925,.T.);
#1927= IFCFACE((#1926));
#1928= IFCCARTESIANPOINT((-179.261784593029,-247.002919416365,186.023660129726));
#1929= IFCPOLYLOOP((#1928,#1877,#1876,#1924));
#1930= IFCFACEOUTERBOUND(#1929,.T.);
#1931= IFCFACE((#1930));
#1932= IFCCARTESIANPOINT((-170.011784593029,-247.002919416364,188.502190159714));
#1933= IFCPOLYLOOP((#1932,#1878,#1877,#1928));
#1934= IFCFACEOUTERBOUND(#1933,.T.);
#1935= IFCFACE((#1934));
#1936= IFCCARTESIANPOINT((-160.761784593029,-247.002919416365,186.023660129726));
#1937= IFCPOLYLOOP((#1936,#1879,#1878,#1932));
#1938= IFCFACEOUTERBOUND(#1937,.T.);
#1939= IFCFACE((#1938));
#1940= IFCCARTESIANPOINT((-153.990314623017,-247.002919416368,179.252190159714));
#1941= IFCPOLYLOOP((#1940,#1880,#1879,#1936));
#1942= IFCFACEOUTERBOUND(#1941,.T.);
#1943= IFCFACE((#1942));
#1944= IFCCARTESIANPOINT((-151.511784593029,-247.002919416373,170.002190159714));
#1945= IFCPOLYLOOP((#1944,#1881,#1880,#1940));
#1946= IFCFACEOUTERBOUND(#1945,.T.);
#1947= IFCFACE((#1946));
#1948= IFCCARTESIANPOINT((-153.990314623017,-247.002919416377,160.752190159714));
#1949= IFCPOLYLOOP((#1948,#1882,#1881,#1944));
#1950= IFCFACEOUTERBOUND(#1949,.T.);
#1951= IFCFACE((#1950));
#1952= IFCCARTESIANPOINT((-160.761784593029,-247.00291941638,153.980720189702));
#1953= IFCPOLYLOOP((#1952,#1883,#1882,#1948));
#1954= IFCFACEOUTERBOUND(#1953,.T.);
#1955= IFCFACE((#1954));
#1956= IFCPOLYLOOP((#1912,#1884,#1883,#1952));
#1957= IFCFACEOUTERBOUND(#1956,.T.);
#1958= IFCFACE((#1957));
#1959= IFCPOLYLOOP((#1948,#1944,#1940,#1936,#1932,#1928,#1924,#1920,#1916,#1911,#1912,#1952));
#1960= IFCFACEOUTERBOUND(#1959,.T.);
#1961= IFCCARTESIANPOINT((-158.00082270207,-247.002919416373,169.998624679396));
#1962= IFCCARTESIANPOINT((-159.608517856656,-247.002919416375,163.998624679396));
#1963= IFCCARTESIANPOINT((-164.00082270207,-247.002919416377,159.606319833983));
#1964= IFCCARTESIANPOINT((-170.00082270207,-247.002919416378,157.998624679396));
#1965= IFCCARTESIANPOINT((-176.00082270207,-247.002919416377,159.606319833983));
#1966= IFCCARTESIANPOINT((-180.393127547483,-247.002919416375,163.998624679396));
#1967= IFCCARTESIANPOINT((-182.00082270207,-247.002919416373,169.998624679396));
#1968= IFCCARTESIANPOINT((-180.393127547483,-247.00291941637,175.998624679396));
#1969= IFCCARTESIANPOINT((-176.00082270207,-247.002919416368,180.390929524809));
#1970= IFCCARTESIANPOINT((-170.00082270207,-247.002919416367,181.998624679396));
#1971= IFCCARTESIANPOINT((-164.00082270207,-247.002919416368,180.390929524809));
#1972= IFCCARTESIANPOINT((-159.608517856656,-247.00291941637,175.998624679396));
#1973= IFCPOLYLOOP((#1961,#1962,#1963,#1964,#1965,#1966,#1967,#1968,#1969,#1970,#1971,#1972));
#1974= IFCFACEBOUND(#1973,.T.);
#1975= IFCFACE((#1960,#1974));
#1976= IFCCARTESIANPOINT((-170.00082270207,-272.002919416367,181.998624679385));
#1977= IFCCARTESIANPOINT((-164.00082270207,-272.002919416368,180.390929524798));
#1978= IFCPOLYLOOP((#1976,#1977,#1971,#1970));
#1979= IFCFACEOUTERBOUND(#1978,.T.);
#1980= IFCFACE((#1979));
#1981= IFCCARTESIANPOINT((-159.608517856656,-272.00291941637,175.998624679385));
#1982= IFCPOLYLOOP((#1977,#1981,#1972,#1971));
#1983= IFCFACEOUTERBOUND(#1982,.T.);
#1984= IFCFACE((#1983));
#1985= IFCCARTESIANPOINT((-158.00082270207,-272.002919416373,169.998624679385));
#1986= IFCPOLYLOOP((#1981,#1985,#1961,#1972));
#1987= IFCFACEOUTERBOUND(#1986,.T.);
#1988= IFCFACE((#1987));
#1989= IFCCARTESIANPOINT((-159.608517856656,-272.002919416375,163.998624679385));
#1990= IFCPOLYLOOP((#1985,#1989,#1962,#1961));
#1991= IFCFACEOUTERBOUND(#1990,.T.);
#1992= IFCFACE((#1991));
#1993= IFCCARTESIANPOINT((-164.00082270207,-272.002919416377,159.606319833969));
#1994= IFCPOLYLOOP((#1989,#1993,#1963,#1962));
#1995= IFCFACEOUTERBOUND(#1994,.T.);
#1996= IFCFACE((#1995));
#1997= IFCCARTESIANPOINT((-170.00082270207,-272.002919416378,157.998624679385));
#1998= IFCPOLYLOOP((#1993,#1997,#1964,#1963));
#1999= IFCFACEOUTERBOUND(#1998,.T.);
#2000= IFCFACE((#1999));
#2001= IFCCARTESIANPOINT((-176.00082270207,-272.002919416377,159.606319833969));
#2002= IFCPOLYLOOP((#1997,#2001,#1965,#1964));
#2003= IFCFACEOUTERBOUND(#2002,.T.);
#2004= IFCFACE((#2003));
#2005= IFCCARTESIANPOINT((-180.393127547483,-272.002919416375,163.998624679385));
#2006= IFCPOLYLOOP((#2001,#2005,#1966,#1965));
#2007= IFCFACEOUTERBOUND(#2006,.T.);
#2008= IFCFACE((#2007));
#2009= IFCCARTESIANPOINT((-182.00082270207,-272.002919416373,169.998624679385));
#2010= IFCPOLYLOOP((#2005,#2009,#1967,#1966));
#2011= IFCFACEOUTERBOUND(#2010,.T.);
#2012= IFCFACE((#2011));
#2013= IFCCARTESIANPOINT((-180.393127547483,-272.00291941637,175.998624679385));
#2014= IFCPOLYLOOP((#2009,#2013,#1968,#1967));
#2015= IFCFACEOUTERBOUND(#2014,.T.);
#2016= IFCFACE((#2015));
#2017= IFCCARTESIANPOINT((-176.00082270207,-272.002919416368,180.390929524798));
#2018= IFCPOLYLOOP((#2013,#2017,#1969,#1968));
#2019= IFCFACEOUTERBOUND(#2018,.T.);
#2020= IFCFACE((#2019));
#2021= IFCPOLYLOOP((#2017,#1976,#1970,#1969));
#2022= IFCFACEOUTERBOUND(#2021,.T.);
#2023= IFCFACE((#2022));
#2024= IFCCARTESIANPOINT((-188.511784593029,-272.002919416373,170.002190159703));
#2025= IFCCARTESIANPOINT((-186.033254563041,-272.002919416369,179.252190159703));
#2026= IFCCARTESIANPOINT((-179.261784593029,-272.002919416365,186.023660129715));
#2027= IFCCARTESIANPOINT((-170.011784593029,-272.002919416364,188.502190159703));
#2028= IFCCARTESIANPOINT((-160.761784593029,-272.002919416365,186.023660129715));
#2029= IFCCARTESIANPOINT((-153.990314623017,-272.002919416369,179.252190159703));
#2030= IFCCARTESIANPOINT((-151.511784593029,-272.002919416373,170.002190159703));
#2031= IFCCARTESIANPOINT((-153.990314623017,-272.002919416377,160.752190159703));
#2032= IFCCARTESIANPOINT((-160.761784593029,-272.00291941638,153.980720189691));
#2033= IFCCARTESIANPOINT((-170.011784593029,-272.002919416381,151.502190159703));
#2034= IFCCARTESIANPOINT((-179.261784593029,-272.00291941638,153.980720189691));
#2035= IFCCARTESIANPOINT((-186.033254563041,-272.002919416377,160.752190159703));
#2036= IFCPOLYLOOP((#2024,#2025,#2026,#2027,#2028,#2029,#2030,#2031,#2032,#2033,#2034,#2035));
#2037= IFCFACEOUTERBOUND(#2036,.T.);
#2038= IFCPOLYLOOP((#2009,#2005,#2001,#1997,#1993,#1989,#1985,#1981,#1977,#1976,#2017,#2013));
#2039= IFCFACEBOUND(#2038,.T.);
#2040= IFCFACE((#2037,#2039));
#2041= IFCCARTESIANPOINT((-179.261784593029,-275.00291941638,153.980720189687));
#2042= IFCCARTESIANPOINT((-170.011784593029,-275.002919416381,151.502190159699));
#2043= IFCPOLYLOOP((#2041,#2034,#2033,#2042));
#2044= IFCFACEOUTERBOUND(#2043,.T.);
#2045= IFCFACE((#2044));
#2046= IFCCARTESIANPOINT((-186.033254563041,-275.002919416377,160.752190159699));
#2047= IFCPOLYLOOP((#2046,#2035,#2034,#2041));
#2048= IFCFACEOUTERBOUND(#2047,.T.);
#2049= IFCFACE((#2048));
#2050= IFCCARTESIANPOINT((-188.511784593029,-275.002919416373,170.002190159699));
#2051= IFCPOLYLOOP((#2050,#2024,#2035,#2046));
#2052= IFCFACEOUTERBOUND(#2051,.T.);
#2053= IFCFACE((#2052));
#2054= IFCCARTESIANPOINT((-186.033254563041,-275.002919416369,179.252190159699));
#2055= IFCPOLYLOOP((#2054,#2025,#2024,#2050));
#2056= IFCFACEOUTERBOUND(#2055,.T.);
#2057= IFCFACE((#2056));
#2058= IFCCARTESIANPOINT((-179.261784593029,-275.002919416365,186.023660129711));
#2059= IFCPOLYLOOP((#2058,#2026,#2025,#2054));
#2060= IFCFACEOUTERBOUND(#2059,.T.);
#2061= IFCFACE((#2060));
#2062= IFCCARTESIANPOINT((-170.011784593029,-275.002919416364,188.502190159699));
#2063= IFCPOLYLOOP((#2062,#2027,#2026,#2058));
#2064= IFCFACEOUTERBOUND(#2063,.T.);
#2065= IFCFACE((#2064));
#2066= IFCCARTESIANPOINT((-160.761784593029,-275.002919416365,186.023660129711));
#2067= IFCPOLYLOOP((#2066,#2028,#2027,#2062));
#2068= IFCFACEOUTERBOUND(#2067,.T.);
#2069= IFCFACE((#2068));
#2070= IFCCARTESIANPOINT((-153.990314623017,-275.002919416369,179.252190159699));
#2071= IFCPOLYLOOP((#2070,#2029,#2028,#2066));
#2072= IFCFACEOUTERBOUND(#2071,.T.);
#2073= IFCFACE((#2072));
#2074= IFCCARTESIANPOINT((-151.511784593029,-275.002919416373,170.002190159699));
#2075= IFCPOLYLOOP((#2074,#2030,#2029,#2070));
#2076= IFCFACEOUTERBOUND(#2075,.T.);
#2077= IFCFACE((#2076));
#2078= IFCCARTESIANPOINT((-153.990314623017,-275.002919416377,160.752190159699));
#2079= IFCPOLYLOOP((#2078,#2031,#2030,#2074));
#2080= IFCFACEOUTERBOUND(#2079,.T.);
#2081= IFCFACE((#2080));
#2082= IFCCARTESIANPOINT((-160.761784593029,-275.00291941638,153.980720189687));
#2083= IFCPOLYLOOP((#2082,#2032,#2031,#2078));
#2084= IFCFACEOUTERBOUND(#2083,.T.);
#2085= IFCFACE((#2084));
#2086= IFCPOLYLOOP((#2042,#2033,#2032,#2082));
#2087= IFCFACEOUTERBOUND(#2086,.T.);
#2088= IFCFACE((#2087));
#2089= IFCPOLYLOOP((#2078,#2074,#2070,#2066,#2062,#2058,#2054,#2050,#2046,#2041,#2042,#2082));
#2090= IFCFACEOUTERBOUND(#2089,.T.);
#2091= IFCCARTESIANPOINT((-170.011784593029,-275.003884415142,153.498624679385));
#2092= IFCCARTESIANPOINT((-184.301203755473,-275.003884415139,161.748624679385));
#2093= IFCCARTESIANPOINT((-184.301203755473,-275.003884415131,178.248624679385));
#2094= IFCCARTESIANPOINT((-170.011784593029,-275.003884415127,186.498624679385));
#2095= IFCCARTESIANPOINT((-155.722365430585,-275.003884415131,178.248624679385));
#2096= IFCCARTESIANPOINT((-155.722365430585,-275.003884415139,161.748624679385));
#2097= IFCPOLYLOOP((#2091,#2092,#2093,#2094,#2095,#2096));
#2098= IFCFACEBOUND(#2097,.T.);
#2099= IFCFACE((#2090,#2098));
#2100= IFCCARTESIANPOINT((-170.011784593029,-291.003884415127,186.498624679378));
#2101= IFCCARTESIANPOINT((-155.722365430585,-291.003884415131,178.248624679378));
#2102= IFCPOLYLOOP((#2100,#2101,#2095,#2094));
#2103= IFCFACEOUTERBOUND(#2102,.T.);
#2104= IFCFACE((#2103));
#2105= IFCCARTESIANPOINT((-155.722365430585,-291.003884415139,161.748624679378));
#2106= IFCPOLYLOOP((#2101,#2105,#2096,#2095));
#2107= IFCFACEOUTERBOUND(#2106,.T.);
#2108= IFCFACE((#2107));
#2109= IFCCARTESIANPOINT((-170.011784593029,-291.003884415142,153.498624679378));
#2110= IFCPOLYLOOP((#2105,#2109,#2091,#2096));
#2111= IFCFACEOUTERBOUND(#2110,.T.);
#2112= IFCFACE((#2111));
#2113= IFCCARTESIANPOINT((-184.301203755473,-291.003884415139,161.748624679378));
#2114= IFCPOLYLOOP((#2109,#2113,#2092,#2091));
#2115= IFCFACEOUTERBOUND(#2114,.T.);
#2116= IFCFACE((#2115));
#2117= IFCCARTESIANPOINT((-184.301203755473,-291.003884415131,178.248624679378));
#2118= IFCPOLYLOOP((#2113,#2117,#2093,#2092));
#2119= IFCFACEOUTERBOUND(#2118,.T.);
#2120= IFCFACE((#2119));
#2121= IFCPOLYLOOP((#2117,#2100,#2094,#2093));
#2122= IFCFACEOUTERBOUND(#2121,.T.);
#2123= IFCFACE((#2122));
#2124= IFCPOLYLOOP((#2100,#2117,#2113,#2109,#2105,#2101));
#2125= IFCFACEOUTERBOUND(#2124,.T.);
#2126= IFCCARTESIANPOINT((-158.00082270207,-291.003884415135,169.998624679374));
#2127= IFCCARTESIANPOINT((-159.608517856656,-291.003884415138,163.998624679374));
#2128= IFCCARTESIANPOINT((-164.00082270207,-291.00388441514,159.606319833962));
#2129= IFCCARTESIANPOINT((-170.00082270207,-291.00388441514,157.998624679374));
#2130= IFCCARTESIANPOINT((-176.00082270207,-291.00388441514,159.606319833962));
#2131= IFCCARTESIANPOINT((-180.393127547483,-291.003884415138,163.998624679374));
#2132= IFCCARTESIANPOINT((-182.00082270207,-291.003884415135,169.998624679374));
#2133= IFCCARTESIANPOINT((-180.393127547483,-291.003884415132,175.998624679374));
#2134= IFCCARTESIANPOINT((-176.00082270207,-291.00388441513,180.390929524787));
#2135= IFCCARTESIANPOINT((-170.00082270207,-291.00388441513,181.998624679374));
#2136= IFCCARTESIANPOINT((-164.00082270207,-291.00388441513,180.390929524787));
#2137= IFCCARTESIANPOINT((-159.608517856656,-291.003884415132,175.998624679374));
#2138= IFCPOLYLOOP((#2126,#2127,#2128,#2129,#2130,#2131,#2132,#2133,#2134,#2135,#2136,#2137));
#2139= IFCFACEBOUND(#2138,.T.);
#2140= IFCFACE((#2125,#2139));
#2141= IFCCARTESIANPOINT((-170.00082270207,-301.003884415131,181.998624679371));
#2142= IFCCARTESIANPOINT((-164.00082270207,-301.003884415132,180.390929524783));
#2143= IFCPOLYLOOP((#2141,#2142,#2136,#2135));
#2144= IFCFACEOUTERBOUND(#2143,.T.);
#2145= IFCFACE((#2144));
#2146= IFCCARTESIANPOINT((-159.608517856656,-301.003884415134,175.998624679371));
#2147= IFCPOLYLOOP((#2142,#2146,#2137,#2136));
#2148= IFCFACEOUTERBOUND(#2147,.T.);
#2149= IFCFACE((#2148));
#2150= IFCCARTESIANPOINT((-158.00082270207,-301.003884415137,169.998624679371));
#2151= IFCPOLYLOOP((#2146,#2150,#2126,#2137));
#2152= IFCFACEOUTERBOUND(#2151,.T.);
#2153= IFCFACE((#2152));
#2154= IFCCARTESIANPOINT((-159.608517856656,-301.00388441514,163.998624679371));
#2155= IFCPOLYLOOP((#2150,#2154,#2127,#2126));
#2156= IFCFACEOUTERBOUND(#2155,.T.);
#2157= IFCFACE((#2156));
#2158= IFCCARTESIANPOINT((-164.00082270207,-301.003884415142,159.606319833958));
#2159= IFCPOLYLOOP((#2154,#2158,#2128,#2127));
#2160= IFCFACEOUTERBOUND(#2159,.T.);
#2161= IFCFACE((#2160));
#2162= IFCCARTESIANPOINT((-170.00082270207,-301.003884415142,157.998624679371));
#2163= IFCPOLYLOOP((#2158,#2162,#2129,#2128));
#2164= IFCFACEOUTERBOUND(#2163,.T.);
#2165= IFCFACE((#2164));
#2166= IFCCARTESIANPOINT((-176.00082270207,-301.003884415142,159.606319833958));
#2167= IFCPOLYLOOP((#2162,#2166,#2130,#2129));
#2168= IFCFACEOUTERBOUND(#2167,.T.);
#2169= IFCFACE((#2168));
#2170= IFCCARTESIANPOINT((-180.393127547483,-301.00388441514,163.998624679371));
#2171= IFCPOLYLOOP((#2166,#2170,#2131,#2130));
#2172= IFCFACEOUTERBOUND(#2171,.T.);
#2173= IFCFACE((#2172));
#2174= IFCCARTESIANPOINT((-182.00082270207,-301.003884415137,169.998624679371));
#2175= IFCPOLYLOOP((#2170,#2174,#2132,#2131));
#2176= IFCFACEOUTERBOUND(#2175,.T.);
#2177= IFCFACE((#2176));
#2178= IFCCARTESIANPOINT((-180.393127547483,-301.003884415134,175.998624679371));
#2179= IFCPOLYLOOP((#2174,#2178,#2133,#2132));
#2180= IFCFACEOUTERBOUND(#2179,.T.);
#2181= IFCFACE((#2180));
#2182= IFCCARTESIANPOINT((-176.00082270207,-301.003884415132,180.390929524783));
#2183= IFCPOLYLOOP((#2178,#2182,#2134,#2133));
#2184= IFCFACEOUTERBOUND(#2183,.T.);
#2185= IFCFACE((#2184));
#2186= IFCPOLYLOOP((#2182,#2141,#2135,#2134));
#2187= IFCFACEOUTERBOUND(#2186,.T.);
#2188= IFCFACE((#2187));
#2189= IFCPOLYLOOP((#2154,#2150,#2146,#2142,#2141,#2182,#2178,#2174,#2170,#2166,#2162,#2158));
#2190= IFCFACEOUTERBOUND(#2189,.T.);
#2191= IFCFACE((#2190));
#2192= IFCCARTESIANPOINT((-186.021899114192,-12.9999985961409,39.2486658433845));
#2193= IFCCARTESIANPOINT((-188.50042914418,-12.9999985961451,29.9986658433845));
#2194= IFCPOLYLOOP((#2192,#1681,#1680,#2193));
#2195= IFCFACEOUTERBOUND(#2194,.T.);
#2196= IFCFACE((#2195));
#2197= IFCCARTESIANPOINT((-179.25042914418,-12.9999985961379,46.0201358133963));
#2198= IFCPOLYLOOP((#2197,#1682,#1681,#2192));
#2199= IFCFACEOUTERBOUND(#2198,.T.);
#2200= IFCFACE((#2199));
#2201= IFCCARTESIANPOINT((-170.00042914418,-12.9999985961367,48.4986658433845));
#2202= IFCPOLYLOOP((#2201,#1671,#1682,#2197));
#2203= IFCFACEOUTERBOUND(#2202,.T.);
#2204= IFCFACE((#2203));
#2205= IFCCARTESIANPOINT((-160.75042914418,-12.9999985961379,46.0201358133963));
#2206= IFCPOLYLOOP((#2205,#1672,#1671,#2201));
#2207= IFCFACEOUTERBOUND(#2206,.T.);
#2208= IFCFACE((#2207));
#2209= IFCCARTESIANPOINT((-153.978959174168,-12.9999985961409,39.2486658433845));
#2210= IFCPOLYLOOP((#2209,#1673,#1672,#2205));
#2211= IFCFACEOUTERBOUND(#2210,.T.);
#2212= IFCFACE((#2211));
#2213= IFCCARTESIANPOINT((-151.50042914418,-12.9999985961451,29.9986658433845));
#2214= IFCPOLYLOOP((#2213,#1674,#1673,#2209));
#2215= IFCFACEOUTERBOUND(#2214,.T.);
#2216= IFCFACE((#2215));
#2217= IFCCARTESIANPOINT((-153.978959174168,-12.9999985961493,20.7486658433845));
#2218= IFCPOLYLOOP((#2217,#1675,#1674,#2213));
#2219= IFCFACEOUTERBOUND(#2218,.T.);
#2220= IFCFACE((#2219));
#2221= IFCCARTESIANPOINT((-160.75042914418,-12.9999985961524,13.9771958733727));
#2222= IFCPOLYLOOP((#2221,#1676,#1675,#2217));
#2223= IFCFACEOUTERBOUND(#2222,.T.);
#2224= IFCFACE((#2223));
#2225= IFCCARTESIANPOINT((-170.00042914418,-12.9999985961535,11.4986658433845));
#2226= IFCPOLYLOOP((#2225,#1677,#1676,#2221));
#2227= IFCFACEOUTERBOUND(#2226,.T.);
#2228= IFCFACE((#2227));
#2229= IFCCARTESIANPOINT((-179.25042914418,-12.9999985961524,13.9771958733727));
#2230= IFCPOLYLOOP((#2229,#1678,#1677,#2225));
#2231= IFCFACEOUTERBOUND(#2230,.T.);
#2232= IFCFACE((#2231));
#2233= IFCCARTESIANPOINT((-186.021899114192,-12.9999985961493,20.7486658433845));
#2234= IFCPOLYLOOP((#2233,#1679,#1678,#2229));
#2235= IFCFACEOUTERBOUND(#2234,.T.);
#2236= IFCFACE((#2235));
#2237= IFCPOLYLOOP((#2193,#1680,#1679,#2233));
#2238= IFCFACEOUTERBOUND(#2237,.T.);
#2239= IFCFACE((#2238));
#2240= IFCPOLYLOOP((#2217,#2213,#2209,#2205,#2201,#2197,#2192,#2193,#2233,#2229,#2225,#2221));
#2241= IFCFACEOUTERBOUND(#2240,.T.);
#2242= IFCCARTESIANPOINT((-170.000429144398,-12.9999985961369,47.9986658385169));
#2243= IFCCARTESIANPOINT((-154.411971876279,-12.999998596141,38.9986658385169));
#2244= IFCCARTESIANPOINT((-154.411971876279,-12.9999985961492,20.9986658385169));
#2245= IFCCARTESIANPOINT((-170.000429144398,-12.9999985961533,11.9986658385169));
#2246= IFCCARTESIANPOINT((-185.588886412518,-12.9999985961492,20.9986658385169));
#2247= IFCCARTESIANPOINT((-185.588886412518,-12.999998596141,38.9986658385169));
#2248= IFCPOLYLOOP((#2242,#2243,#2244,#2245,#2246,#2247));
#2249= IFCFACEBOUND(#2248,.T.);
#2250= IFCFACE((#2241,#2249));
#2251= IFCCARTESIANPOINT((-185.588886412518,-28.9999985960947,20.9986658385096));
#2252= IFCCARTESIANPOINT((-170.000429144398,-28.9999985960987,11.9986658385096));
#2253= IFCPOLYLOOP((#2251,#2246,#2245,#2252));
#2254= IFCFACEOUTERBOUND(#2253,.T.);
#2255= IFCFACE((#2254));
#2256= IFCCARTESIANPOINT((-185.588886412518,-28.9999985960865,38.9986658385096));
#2257= IFCPOLYLOOP((#2256,#2247,#2246,#2251));
#2258= IFCFACEOUTERBOUND(#2257,.T.);
#2259= IFCFACE((#2258));
#2260= IFCCARTESIANPOINT((-170.000429144398,-28.9999985960824,47.9986658385096));
#2261= IFCPOLYLOOP((#2260,#2242,#2247,#2256));
#2262= IFCFACEOUTERBOUND(#2261,.T.);
#2263= IFCFACE((#2262));
#2264= IFCCARTESIANPOINT((-154.411971876279,-28.9999985960865,38.9986658385096));
#2265= IFCPOLYLOOP((#2264,#2243,#2242,#2260));
#2266= IFCFACEOUTERBOUND(#2265,.T.);
#2267= IFCFACE((#2266));
#2268= IFCCARTESIANPOINT((-154.411971876279,-28.9999985960947,20.9986658385096));
#2269= IFCPOLYLOOP((#2268,#2244,#2243,#2264));
#2270= IFCFACEOUTERBOUND(#2269,.T.);
#2271= IFCFACE((#2270));
#2272= IFCPOLYLOOP((#2252,#2245,#2244,#2268));
#2273= IFCFACEOUTERBOUND(#2272,.T.);
#2274= IFCFACE((#2273));
#2275= IFCPOLYLOOP((#2251,#2252,#2268,#2264,#2260,#2256));
#2276= IFCFACEOUTERBOUND(#2275,.T.);
#2277= IFCCARTESIANPOINT((-158.000822702055,-28.9999985960906,29.9986246761764));
#2278= IFCCARTESIANPOINT((-159.608517856642,-28.9999985960933,23.9986246761764));
#2279= IFCCARTESIANPOINT((-164.000822702055,-28.9999985960953,19.6063198307638));
#2280= IFCCARTESIANPOINT((-170.000822702055,-28.999998596096,17.9986246761764));
#2281= IFCCARTESIANPOINT((-176.000822702055,-28.9999985960953,19.6063198307638));
#2282= IFCCARTESIANPOINT((-180.393127547469,-28.9999985960933,23.9986246761764));
#2283= IFCCARTESIANPOINT((-182.000822702055,-28.9999985960906,29.9986246761764));
#2284= IFCCARTESIANPOINT((-180.393127547469,-28.9999985960878,35.9986246761764));
#2285= IFCCARTESIANPOINT((-176.000822702055,-28.9999985960858,40.390929521589));
#2286= IFCCARTESIANPOINT((-170.000822702055,-28.9999985960851,41.9986246761764));
#2287= IFCCARTESIANPOINT((-164.000822702055,-28.9999985960858,40.390929521589));
#2288= IFCCARTESIANPOINT((-159.608517856642,-28.9999985960878,35.9986246761764));
#2289= IFCPOLYLOOP((#2277,#2278,#2279,#2280,#2281,#2282,#2283,#2284,#2285,#2286,#2287,#2288));
#2290= IFCFACEBOUND(#2289,.T.);
#2291= IFCFACE((#2276,#2290));
#2292= IFCCARTESIANPOINT((-170.000822702055,-228.003884415193,41.9986246760855));
#2293= IFCCARTESIANPOINT((-164.000822702055,-228.003884415194,40.390929521498));
#2294= IFCPOLYLOOP((#2287,#2286,#2292,#2293));
#2295= IFCFACEOUTERBOUND(#2294,.T.);
#2296= IFCFACE((#2295));
#2297= IFCCARTESIANPOINT((-176.000822702055,-228.003884415194,40.390929521498));
#2298= IFCPOLYLOOP((#2286,#2285,#2297,#2292));
#2299= IFCFACEOUTERBOUND(#2298,.T.);
#2300= IFCFACE((#2299));
#2301= IFCCARTESIANPOINT((-180.393127547469,-228.003884415196,35.9986246760855));
#2302= IFCPOLYLOOP((#2285,#2284,#2301,#2297));
#2303= IFCFACEOUTERBOUND(#2302,.T.);
#2304= IFCFACE((#2303));
#2305= IFCCARTESIANPOINT((-182.000822702055,-228.003884415199,29.9986246760855));
#2306= IFCPOLYLOOP((#2284,#2283,#2305,#2301));
#2307= IFCFACEOUTERBOUND(#2306,.T.);
#2308= IFCFACE((#2307));
#2309= IFCCARTESIANPOINT((-180.393127547469,-228.003884415201,23.9986246760855));
#2310= IFCPOLYLOOP((#2283,#2282,#2309,#2305));
#2311= IFCFACEOUTERBOUND(#2310,.T.);
#2312= IFCFACE((#2311));
#2313= IFCCARTESIANPOINT((-176.000822702055,-228.003884415203,19.6063198306729));
#2314= IFCPOLYLOOP((#2282,#2281,#2313,#2309));
#2315= IFCFACEOUTERBOUND(#2314,.T.);
#2316= IFCFACE((#2315));
#2317= IFCCARTESIANPOINT((-170.000822702055,-228.003884415204,17.9986246760855));
#2318= IFCPOLYLOOP((#2281,#2280,#2317,#2313));
#2319= IFCFACEOUTERBOUND(#2318,.T.);
#2320= IFCFACE((#2319));
#2321= IFCCARTESIANPOINT((-164.000822702055,-228.003884415203,19.6063198306729));
#2322= IFCPOLYLOOP((#2280,#2279,#2321,#2317));
#2323= IFCFACEOUTERBOUND(#2322,.T.);
#2324= IFCFACE((#2323));
#2325= IFCCARTESIANPOINT((-159.608517856642,-228.003884415201,23.9986246760855));
#2326= IFCPOLYLOOP((#2279,#2278,#2325,#2321));
#2327= IFCFACEOUTERBOUND(#2326,.T.);
#2328= IFCFACE((#2327));
#2329= IFCCARTESIANPOINT((-158.000822702055,-228.003884415199,29.9986246760855));
#2330= IFCPOLYLOOP((#2278,#2277,#2329,#2325));
#2331= IFCFACEOUTERBOUND(#2330,.T.);
#2332= IFCFACE((#2331));
#2333= IFCCARTESIANPOINT((-159.608517856642,-228.003884415196,35.9986246760855));
#2334= IFCPOLYLOOP((#2277,#2288,#2333,#2329));
#2335= IFCFACEOUTERBOUND(#2334,.T.);
#2336= IFCFACE((#2335));
#2337= IFCPOLYLOOP((#2288,#2287,#2293,#2333));
#2338= IFCFACEOUTERBOUND(#2337,.T.);
#2339= IFCFACE((#2338));
#2340= IFCCARTESIANPOINT((-184.301203755473,-228.003884415195,38.2486246794069));
#2341= IFCCARTESIANPOINT((-170.011784593029,-228.003884415191,46.4986246794069));
#2342= IFCCARTESIANPOINT((-155.722365430585,-228.003884415195,38.2486246794069));
#2343= IFCCARTESIANPOINT((-155.722365430585,-228.003884415202,21.7486246794069));
#2344= IFCCARTESIANPOINT((-170.011784593029,-228.003884415206,13.4986246794069));
#2345= IFCCARTESIANPOINT((-184.301203755473,-228.003884415202,21.7486246794069));
#2346= IFCPOLYLOOP((#2340,#2341,#2342,#2343,#2344,#2345));
#2347= IFCFACEOUTERBOUND(#2346,.T.);
#2348= IFCPOLYLOOP((#2305,#2309,#2313,#2317,#2321,#2325,#2329,#2333,#2293,#2292,#2297,#2301));
#2349= IFCFACEBOUND(#2348,.T.);
#2350= IFCFACE((#2347,#2349));
#2351= IFCCARTESIANPOINT((-155.722365430585,-244.003884415202,21.7486246793997));
#2352= IFCCARTESIANPOINT((-170.011784593029,-244.003884415206,13.4986246793997));
#2353= IFCPOLYLOOP((#2343,#2351,#2352,#2344));
#2354= IFCFACEOUTERBOUND(#2353,.T.);
#2355= IFCFACE((#2354));
#2356= IFCCARTESIANPOINT((-188.511784593029,-244.002919416436,30.0021901597138));
#2357= IFCCARTESIANPOINT((-186.033254563041,-244.002919416432,39.2521901597138));
#2358= IFCCARTESIANPOINT((-179.261784593029,-244.002919416429,46.0236601297256));
#2359= IFCCARTESIANPOINT((-170.011784593029,-244.002919416428,48.5021901597138));
#2360= IFCCARTESIANPOINT((-160.761784593029,-244.002919416429,46.0236601297256));
#2361= IFCCARTESIANPOINT((-153.990314623017,-244.002919416432,39.2521901597138));
#2362= IFCCARTESIANPOINT((-151.511784593029,-244.002919416436,30.0021901597138));
#2363= IFCCARTESIANPOINT((-153.990314623017,-244.00291941644,20.7521901597138));
#2364= IFCCARTESIANPOINT((-160.761784593029,-244.002919416444,13.980720189702));
#2365= IFCCARTESIANPOINT((-170.011784593029,-244.002919416445,11.5021901597138));
#2366= IFCCARTESIANPOINT((-179.261784593029,-244.002919416444,13.980720189702));
#2367= IFCCARTESIANPOINT((-186.033254563041,-244.00291941644,20.7521901597138));
#2368= IFCPOLYLOOP((#2356,#2357,#2358,#2359,#2360,#2361,#2362,#2363,#2364,#2365,#2366,#2367));
#2369= IFCFACEOUTERBOUND(#2368,.T.);
#2370= IFCCARTESIANPOINT((-170.011784593029,-244.003884415191,46.4986246793997));
#2371= IFCCARTESIANPOINT((-184.301203755473,-244.003884415195,38.2486246793997));
#2372= IFCCARTESIANPOINT((-184.301203755473,-244.003884415202,21.7486246793997));
#2373= IFCCARTESIANPOINT((-155.722365430585,-244.003884415195,38.2486246793997));
#2374= IFCPOLYLOOP((#2370,#2371,#2372,#2352,#2351,#2373));
#2375= IFCFACEBOUND(#2374,.T.);
#2376= IFCFACE((#2369,#2375));
#2377= IFCPOLYLOOP((#2344,#2352,#2372,#2345));
#2378= IFCFACEOUTERBOUND(#2377,.T.);
#2379= IFCFACE((#2378));
#2380= IFCPOLYLOOP((#2345,#2372,#2371,#2340));
#2381= IFCFACEOUTERBOUND(#2380,.T.);
#2382= IFCFACE((#2381));
#2383= IFCPOLYLOOP((#2340,#2371,#2370,#2341));
#2384= IFCFACEOUTERBOUND(#2383,.T.);
#2385= IFCFACE((#2384));
#2386= IFCPOLYLOOP((#2341,#2370,#2373,#2342));
#2387= IFCFACEOUTERBOUND(#2386,.T.);
#2388= IFCFACE((#2387));
#2389= IFCPOLYLOOP((#2342,#2373,#2351,#2343));
#2390= IFCFACEOUTERBOUND(#2389,.T.);
#2391= IFCFACE((#2390));
#2392= IFCCARTESIANPOINT((-179.261784593029,-247.002919416444,13.980720189702));
#2393= IFCCARTESIANPOINT((-170.011784593029,-247.002919416445,11.5021901597138));
#2394= IFCPOLYLOOP((#2392,#2366,#2365,#2393));
#2395= IFCFACEOUTERBOUND(#2394,.T.);
#2396= IFCFACE((#2395));
#2397= IFCCARTESIANPOINT((-186.033254563041,-247.00291941644,20.7521901597138));
#2398= IFCPOLYLOOP((#2397,#2367,#2366,#2392));
#2399= IFCFACEOUTERBOUND(#2398,.T.);
#2400= IFCFACE((#2399));
#2401= IFCCARTESIANPOINT((-188.511784593029,-247.002919416436,30.0021901597138));
#2402= IFCPOLYLOOP((#2401,#2356,#2367,#2397));
#2403= IFCFACEOUTERBOUND(#2402,.T.);
#2404= IFCFACE((#2403));
#2405= IFCCARTESIANPOINT((-186.033254563041,-247.002919416432,39.2521901597138));
#2406= IFCPOLYLOOP((#2405,#2357,#2356,#2401));
#2407= IFCFACEOUTERBOUND(#2406,.T.);
#2408= IFCFACE((#2407));
#2409= IFCCARTESIANPOINT((-179.261784593029,-247.002919416429,46.0236601297256));
#2410= IFCPOLYLOOP((#2409,#2358,#2357,#2405));
#2411= IFCFACEOUTERBOUND(#2410,.T.);
#2412= IFCFACE((#2411));
#2413= IFCCARTESIANPOINT((-170.011784593029,-247.002919416428,48.5021901597138));
#2414= IFCPOLYLOOP((#2413,#2359,#2358,#2409));
#2415= IFCFACEOUTERBOUND(#2414,.T.);
#2416= IFCFACE((#2415));
#2417= IFCCARTESIANPOINT((-160.761784593029,-247.002919416429,46.0236601297256));
#2418= IFCPOLYLOOP((#2417,#2360,#2359,#2413));
#2419= IFCFACEOUTERBOUND(#2418,.T.);
#2420= IFCFACE((#2419));
#2421= IFCCARTESIANPOINT((-153.990314623017,-247.002919416432,39.2521901597138));
#2422= IFCPOLYLOOP((#2421,#2361,#2360,#2417));
#2423= IFCFACEOUTERBOUND(#2422,.T.);
#2424= IFCFACE((#2423));
#2425= IFCCARTESIANPOINT((-151.511784593029,-247.002919416436,30.0021901597138));
#2426= IFCPOLYLOOP((#2425,#2362,#2361,#2421));
#2427= IFCFACEOUTERBOUND(#2426,.T.);
#2428= IFCFACE((#2427));
#2429= IFCCARTESIANPOINT((-153.990314623017,-247.00291941644,20.7521901597138));
#2430= IFCPOLYLOOP((#2429,#2363,#2362,#2425));
#2431= IFCFACEOUTERBOUND(#2430,.T.);
#2432= IFCFACE((#2431));
#2433= IFCCARTESIANPOINT((-160.761784593029,-247.002919416444,13.980720189702));
#2434= IFCPOLYLOOP((#2433,#2364,#2363,#2429));
#2435= IFCFACEOUTERBOUND(#2434,.T.);
#2436= IFCFACE((#2435));
#2437= IFCPOLYLOOP((#2393,#2365,#2364,#2433));
#2438= IFCFACEOUTERBOUND(#2437,.T.);
#2439= IFCFACE((#2438));
#2440= IFCPOLYLOOP((#2429,#2425,#2421,#2417,#2413,#2409,#2405,#2401,#2397,#2392,#2393,#2433));
#2441= IFCFACEOUTERBOUND(#2440,.T.);
#2442= IFCCARTESIANPOINT((-158.000822702055,-247.002919416436,29.9986246760782));
#2443= IFCCARTESIANPOINT((-159.608517856642,-247.002919416439,23.9986246760782));
#2444= IFCCARTESIANPOINT((-164.000822702055,-247.002919416441,19.6063198306656));
#2445= IFCCARTESIANPOINT((-170.000822702055,-247.002919416442,17.9986246760782));
#2446= IFCCARTESIANPOINT((-176.000822702055,-247.002919416441,19.6063198306656));
#2447= IFCCARTESIANPOINT((-180.393127547469,-247.002919416439,23.9986246760782));
#2448= IFCCARTESIANPOINT((-182.000822702055,-247.002919416436,29.9986246760782));
#2449= IFCCARTESIANPOINT((-180.393127547469,-247.002919416434,35.9986246760782));
#2450= IFCCARTESIANPOINT((-176.000822702055,-247.002919416431,40.3909295214908));
#2451= IFCCARTESIANPOINT((-170.000822702055,-247.002919416431,41.9986246760782));
#2452= IFCCARTESIANPOINT((-164.000822702055,-247.002919416431,40.3909295214908));
#2453= IFCCARTESIANPOINT((-159.608517856642,-247.002919416434,35.9986246760782));
#2454= IFCPOLYLOOP((#2442,#2443,#2444,#2445,#2446,#2447,#2448,#2449,#2450,#2451,#2452,#2453));
#2455= IFCFACEBOUND(#2454,.T.);
#2456= IFCFACE((#2441,#2455));
#2457= IFCCARTESIANPOINT((-170.000822702055,-272.002919416431,41.9986246760673));
#2458= IFCCARTESIANPOINT((-164.000822702055,-272.002919416431,40.3909295214798));
#2459= IFCPOLYLOOP((#2457,#2458,#2452,#2451));
#2460= IFCFACEOUTERBOUND(#2459,.T.);
#2461= IFCFACE((#2460));
#2462= IFCCARTESIANPOINT((-159.608517856642,-272.002919416434,35.9986246760673));
#2463= IFCPOLYLOOP((#2458,#2462,#2453,#2452));
#2464= IFCFACEOUTERBOUND(#2463,.T.);
#2465= IFCFACE((#2464));
#2466= IFCCARTESIANPOINT((-158.000822702055,-272.002919416436,29.9986246760673));
#2467= IFCPOLYLOOP((#2462,#2466,#2442,#2453));
#2468= IFCFACEOUTERBOUND(#2467,.T.);
#2469= IFCFACE((#2468));
#2470= IFCCARTESIANPOINT((-159.608517856642,-272.002919416439,23.9986246760673));
#2471= IFCPOLYLOOP((#2466,#2470,#2443,#2442));
#2472= IFCFACEOUTERBOUND(#2471,.T.);
#2473= IFCFACE((#2472));
#2474= IFCCARTESIANPOINT((-164.000822702055,-272.002919416441,19.606319830651));
#2475= IFCPOLYLOOP((#2470,#2474,#2444,#2443));
#2476= IFCFACEOUTERBOUND(#2475,.T.);
#2477= IFCFACE((#2476));
#2478= IFCCARTESIANPOINT((-170.000822702055,-272.002919416442,17.9986246760673));
#2479= IFCPOLYLOOP((#2474,#2478,#2445,#2444));
#2480= IFCFACEOUTERBOUND(#2479,.T.);
#2481= IFCFACE((#2480));
#2482= IFCCARTESIANPOINT((-176.000822702055,-272.002919416441,19.606319830651));
#2483= IFCPOLYLOOP((#2478,#2482,#2446,#2445));
#2484= IFCFACEOUTERBOUND(#2483,.T.);
#2485= IFCFACE((#2484));
#2486= IFCCARTESIANPOINT((-180.393127547469,-272.002919416439,23.9986246760673));
#2487= IFCPOLYLOOP((#2482,#2486,#2447,#2446));
#2488= IFCFACEOUTERBOUND(#2487,.T.);
#2489= IFCFACE((#2488));
#2490= IFCCARTESIANPOINT((-182.000822702055,-272.002919416436,29.9986246760673));
#2491= IFCPOLYLOOP((#2486,#2490,#2448,#2447));
#2492= IFCFACEOUTERBOUND(#2491,.T.);
#2493= IFCFACE((#2492));
#2494= IFCCARTESIANPOINT((-180.393127547469,-272.002919416434,35.9986246760673));
#2495= IFCPOLYLOOP((#2490,#2494,#2449,#2448));
#2496= IFCFACEOUTERBOUND(#2495,.T.);
#2497= IFCFACE((#2496));
#2498= IFCCARTESIANPOINT((-176.000822702055,-272.002919416431,40.3909295214798));
#2499= IFCPOLYLOOP((#2494,#2498,#2450,#2449));
#2500= IFCFACEOUTERBOUND(#2499,.T.);
#2501= IFCFACE((#2500));
#2502= IFCPOLYLOOP((#2498,#2457,#2451,#2450));
#2503= IFCFACEOUTERBOUND(#2502,.T.);
#2504= IFCFACE((#2503));
#2505= IFCCARTESIANPOINT((-188.511784593029,-272.002919416436,30.0021901597029));
#2506= IFCCARTESIANPOINT((-186.033254563041,-272.002919416432,39.2521901597029));
#2507= IFCCARTESIANPOINT((-179.261784593029,-272.002919416429,46.0236601297147));
#2508= IFCCARTESIANPOINT((-170.011784593029,-272.002919416428,48.5021901597029));
#2509= IFCCARTESIANPOINT((-160.761784593029,-272.002919416429,46.0236601297147));
#2510= IFCCARTESIANPOINT((-153.990314623017,-272.002919416432,39.2521901597029));
#2511= IFCCARTESIANPOINT((-151.511784593029,-272.002919416436,30.0021901597029));
#2512= IFCCARTESIANPOINT((-153.990314623017,-272.00291941644,20.7521901597029));
#2513= IFCCARTESIANPOINT((-160.761784593029,-272.002919416444,13.9807201896911));
#2514= IFCCARTESIANPOINT((-170.011784593029,-272.002919416445,11.5021901597029));
#2515= IFCCARTESIANPOINT((-179.261784593029,-272.002919416444,13.9807201896911));
#2516= IFCCARTESIANPOINT((-186.033254563041,-272.00291941644,20.7521901597029));
#2517= IFCPOLYLOOP((#2505,#2506,#2507,#2508,#2509,#2510,#2511,#2512,#2513,#2514,#2515,#2516));
#2518= IFCFACEOUTERBOUND(#2517,.T.);
#2519= IFCPOLYLOOP((#2490,#2486,#2482,#2478,#2474,#2470,#2466,#2462,#2458,#2457,#2498,#2494));
#2520= IFCFACEBOUND(#2519,.T.);
#2521= IFCFACE((#2518,#2520));
#2522= IFCCARTESIANPOINT((-179.261784593029,-275.002919416444,13.9807201896874));
#2523= IFCCARTESIANPOINT((-170.011784593029,-275.002919416445,11.5021901596992));
#2524= IFCPOLYLOOP((#2522,#2515,#2514,#2523));
#2525= IFCFACEOUTERBOUND(#2524,.T.);
#2526= IFCFACE((#2525));
#2527= IFCCARTESIANPOINT((-186.033254563041,-275.00291941644,20.7521901596992));
#2528= IFCPOLYLOOP((#2527,#2516,#2515,#2522));
#2529= IFCFACEOUTERBOUND(#2528,.T.);
#2530= IFCFACE((#2529));
#2531= IFCCARTESIANPOINT((-188.511784593029,-275.002919416436,30.0021901596992));
#2532= IFCPOLYLOOP((#2531,#2505,#2516,#2527));
#2533= IFCFACEOUTERBOUND(#2532,.T.);
#2534= IFCFACE((#2533));
#2535= IFCCARTESIANPOINT((-186.033254563041,-275.002919416432,39.2521901596992));
#2536= IFCPOLYLOOP((#2535,#2506,#2505,#2531));
#2537= IFCFACEOUTERBOUND(#2536,.T.);
#2538= IFCFACE((#2537));
#2539= IFCCARTESIANPOINT((-179.261784593029,-275.002919416429,46.0236601297111));
#2540= IFCPOLYLOOP((#2539,#2507,#2506,#2535));
#2541= IFCFACEOUTERBOUND(#2540,.T.);
#2542= IFCFACE((#2541));
#2543= IFCCARTESIANPOINT((-170.011784593029,-275.002919416428,48.5021901596992));
#2544= IFCPOLYLOOP((#2543,#2508,#2507,#2539));
#2545= IFCFACEOUTERBOUND(#2544,.T.);
#2546= IFCFACE((#2545));
#2547= IFCCARTESIANPOINT((-160.761784593029,-275.002919416429,46.0236601297111));
#2548= IFCPOLYLOOP((#2547,#2509,#2508,#2543));
#2549= IFCFACEOUTERBOUND(#2548,.T.);
#2550= IFCFACE((#2549));
#2551= IFCCARTESIANPOINT((-153.990314623017,-275.002919416432,39.2521901596992));
#2552= IFCPOLYLOOP((#2551,#2510,#2509,#2547));
#2553= IFCFACEOUTERBOUND(#2552,.T.);
#2554= IFCFACE((#2553));
#2555= IFCCARTESIANPOINT((-151.511784593029,-275.002919416436,30.0021901596992));
#2556= IFCPOLYLOOP((#2555,#2511,#2510,#2551));
#2557= IFCFACEOUTERBOUND(#2556,.T.);
#2558= IFCFACE((#2557));
#2559= IFCCARTESIANPOINT((-153.990314623017,-275.00291941644,20.7521901596992));
#2560= IFCPOLYLOOP((#2559,#2512,#2511,#2555));
#2561= IFCFACEOUTERBOUND(#2560,.T.);
#2562= IFCFACE((#2561));
#2563= IFCCARTESIANPOINT((-160.761784593029,-275.002919416444,13.9807201896874));
#2564= IFCPOLYLOOP((#2563,#2513,#2512,#2559));
#2565= IFCFACEOUTERBOUND(#2564,.T.);
#2566= IFCFACE((#2565));
#2567= IFCPOLYLOOP((#2523,#2514,#2513,#2563));
#2568= IFCFACEOUTERBOUND(#2567,.T.);
#2569= IFCFACE((#2568));
#2570= IFCPOLYLOOP((#2559,#2555,#2551,#2547,#2543,#2539,#2535,#2531,#2527,#2522,#2523,#2563));
#2571= IFCFACEOUTERBOUND(#2570,.T.);
#2572= IFCCARTESIANPOINT((-170.011784593029,-275.003884415191,46.4986246793851));
#2573= IFCCARTESIANPOINT((-155.722365430585,-275.003884415195,38.2486246793851));
#2574= IFCCARTESIANPOINT((-155.722365430585,-275.003884415202,21.7486246793851));
#2575= IFCCARTESIANPOINT((-170.011784593029,-275.003884415206,13.4986246793851));
#2576= IFCCARTESIANPOINT((-184.301203755473,-275.003884415202,21.7486246793851));
#2577= IFCCARTESIANPOINT((-184.301203755473,-275.003884415195,38.2486246793851));
#2578= IFCPOLYLOOP((#2572,#2573,#2574,#2575,#2576,#2577));
#2579= IFCFACEBOUND(#2578,.T.);
#2580= IFCFACE((#2571,#2579));
#2581= IFCCARTESIANPOINT((-184.301203755473,-291.003884415202,21.7486246793778));
#2582= IFCCARTESIANPOINT((-170.011784593029,-291.003884415206,13.4986246793778));
#2583= IFCPOLYLOOP((#2581,#2576,#2575,#2582));
#2584= IFCFACEOUTERBOUND(#2583,.T.);
#2585= IFCFACE((#2584));
#2586= IFCCARTESIANPOINT((-184.301203755473,-291.003884415195,38.2486246793778));
#2587= IFCPOLYLOOP((#2586,#2577,#2576,#2581));
#2588= IFCFACEOUTERBOUND(#2587,.T.);
#2589= IFCFACE((#2588));
#2590= IFCCARTESIANPOINT((-170.011784593029,-291.003884415191,46.4986246793778));
#2591= IFCPOLYLOOP((#2590,#2572,#2577,#2586));
#2592= IFCFACEOUTERBOUND(#2591,.T.);
#2593= IFCFACE((#2592));
#2594= IFCCARTESIANPOINT((-155.722365430585,-291.003884415195,38.2486246793778));
#2595= IFCPOLYLOOP((#2594,#2573,#2572,#2590));
#2596= IFCFACEOUTERBOUND(#2595,.T.);
#2597= IFCFACE((#2596));
#2598= IFCCARTESIANPOINT((-155.722365430585,-291.003884415202,21.7486246793778));
#2599= IFCPOLYLOOP((#2598,#2574,#2573,#2594));
#2600= IFCFACEOUTERBOUND(#2599,.T.);
#2601= IFCFACE((#2600));
#2602= IFCPOLYLOOP((#2582,#2575,#2574,#2598));
#2603= IFCFACEOUTERBOUND(#2602,.T.);
#2604= IFCFACE((#2603));
#2605= IFCPOLYLOOP((#2590,#2586,#2581,#2582,#2598,#2594));
#2606= IFCFACEOUTERBOUND(#2605,.T.);
#2607= IFCCARTESIANPOINT((-158.000822702055,-291.003884415199,29.9986246760564));
#2608= IFCCARTESIANPOINT((-159.608517856642,-291.003884415201,23.9986246760564));
#2609= IFCCARTESIANPOINT((-164.000822702055,-291.003884415203,19.6063198306438));
#2610= IFCCARTESIANPOINT((-170.000822702055,-291.003884415204,17.9986246760564));
#2611= IFCCARTESIANPOINT((-176.000822702055,-291.003884415203,19.6063198306438));
#2612= IFCCARTESIANPOINT((-180.393127547469,-291.003884415201,23.9986246760564));
#2613= IFCCARTESIANPOINT((-182.000822702055,-291.003884415199,29.9986246760564));
#2614= IFCCARTESIANPOINT((-180.393127547469,-291.003884415196,35.9986246760564));
#2615= IFCCARTESIANPOINT((-176.000822702055,-291.003884415194,40.3909295214689));
#2616= IFCCARTESIANPOINT((-170.000822702055,-291.003884415193,41.9986246760564));
#2617= IFCCARTESIANPOINT((-164.000822702055,-291.003884415194,40.3909295214689));
#2618= IFCCARTESIANPOINT((-159.608517856642,-291.003884415196,35.9986246760564));
#2619= IFCPOLYLOOP((#2607,#2608,#2609,#2610,#2611,#2612,#2613,#2614,#2615,#2616,#2617,#2618));
#2620= IFCFACEBOUND(#2619,.T.);
#2621= IFCFACE((#2606,#2620));
#2622= IFCCARTESIANPOINT((-170.000822702055,-301.003884415195,41.9986246760527));
#2623= IFCCARTESIANPOINT((-164.000822702055,-301.003884415196,40.3909295214653));
#2624= IFCPOLYLOOP((#2622,#2623,#2617,#2616));
#2625= IFCFACEOUTERBOUND(#2624,.T.);
#2626= IFCFACE((#2625));
#2627= IFCCARTESIANPOINT((-159.608517856642,-301.003884415198,35.9986246760527));
#2628= IFCPOLYLOOP((#2623,#2627,#2618,#2617));
#2629= IFCFACEOUTERBOUND(#2628,.T.);
#2630= IFCFACE((#2629));
#2631= IFCCARTESIANPOINT((-158.000822702055,-301.0038844152,29.9986246760527));
#2632= IFCPOLYLOOP((#2627,#2631,#2607,#2618));
#2633= IFCFACEOUTERBOUND(#2632,.T.);
#2634= IFCFACE((#2633));
#2635= IFCCARTESIANPOINT((-159.608517856642,-301.003884415203,23.9986246760527));
#2636= IFCPOLYLOOP((#2631,#2635,#2608,#2607));
#2637= IFCFACEOUTERBOUND(#2636,.T.);
#2638= IFCFACE((#2637));
#2639= IFCCARTESIANPOINT((-164.000822702055,-301.003884415205,19.6063198306401));
#2640= IFCPOLYLOOP((#2635,#2639,#2609,#2608));
#2641= IFCFACEOUTERBOUND(#2640,.T.);
#2642= IFCFACE((#2641));
#2643= IFCCARTESIANPOINT((-170.000822702055,-301.003884415206,17.9986246760527));
#2644= IFCPOLYLOOP((#2639,#2643,#2610,#2609));
#2645= IFCFACEOUTERBOUND(#2644,.T.);
#2646= IFCFACE((#2645));
#2647= IFCCARTESIANPOINT((-176.000822702055,-301.003884415205,19.6063198306401));
#2648= IFCPOLYLOOP((#2643,#2647,#2611,#2610));
#2649= IFCFACEOUTERBOUND(#2648,.T.);
#2650= IFCFACE((#2649));
#2651= IFCCARTESIANPOINT((-180.393127547469,-301.003884415203,23.9986246760527));
#2652= IFCPOLYLOOP((#2647,#2651,#2612,#2611));
#2653= IFCFACEOUTERBOUND(#2652,.T.);
#2654= IFCFACE((#2653));
#2655= IFCCARTESIANPOINT((-182.000822702055,-301.0038844152,29.9986246760527));
#2656= IFCPOLYLOOP((#2651,#2655,#2613,#2612));
#2657= IFCFACEOUTERBOUND(#2656,.T.);
#2658= IFCFACE((#2657));
#2659= IFCCARTESIANPOINT((-180.393127547469,-301.003884415198,35.9986246760527));
#2660= IFCPOLYLOOP((#2655,#2659,#2614,#2613));
#2661= IFCFACEOUTERBOUND(#2660,.T.);
#2662= IFCFACE((#2661));
#2663= IFCCARTESIANPOINT((-176.000822702055,-301.003884415196,40.3909295214653));
#2664= IFCPOLYLOOP((#2659,#2663,#2615,#2614));
#2665= IFCFACEOUTERBOUND(#2664,.T.);
#2666= IFCFACE((#2665));
#2667= IFCPOLYLOOP((#2663,#2622,#2616,#2615));
#2668= IFCFACEOUTERBOUND(#2667,.T.);
#2669= IFCFACE((#2668));
#2670= IFCPOLYLOOP((#2635,#2631,#2627,#2623,#2622,#2663,#2659,#2655,#2651,#2647,#2643,#2639));
#2671= IFCFACEOUTERBOUND(#2670,.T.);
#2672= IFCFACE((#2671));
#2673= IFCPOLYLOOP((#1582,#1667,#1666,#1583));
#2674= IFCFACEOUTERBOUND(#2673,.T.);
#2675= IFCFACE((#2674));
#2676= IFCPOLYLOOP((#1581,#1668,#1667,#1582));
#2677= IFCFACEOUTERBOUND(#2676,.T.);
#2678= IFCFACE((#2677));
#2679= IFCPOLYLOOP((#1580,#1659,#1668,#1581));
#2680= IFCFACEOUTERBOUND(#2679,.T.);
#2681= IFCFACE((#2680));
#2682= IFCPOLYLOOP((#1579,#1660,#1659,#1580));
#2683= IFCFACEOUTERBOUND(#2682,.T.);
#2684= IFCFACE((#2683));
#2685= IFCPOLYLOOP((#1578,#1661,#1660,#1579));
#2686= IFCFACEOUTERBOUND(#2685,.T.);
#2687= IFCFACE((#2686));
#2688= IFCPOLYLOOP((#1577,#1662,#1661,#1578));
#2689= IFCFACEOUTERBOUND(#2688,.T.);
#2690= IFCFACE((#2689));
#2691= IFCPOLYLOOP((#1576,#1663,#1662,#1577));
#2692= IFCFACEOUTERBOUND(#2691,.T.);
#2693= IFCFACE((#2692));
#2694= IFCPOLYLOOP((#1587,#1664,#1663,#1576));
#2695= IFCFACEOUTERBOUND(#2694,.T.);
#2696= IFCFACE((#2695));
#2697= IFCPOLYLOOP((#1586,#1613,#1664,#1587));
#2698= IFCFACEOUTERBOUND(#2697,.T.);
#2699= IFCFACE((#2698));
#2700= IFCPOLYLOOP((#1583,#1666,#1665,#1584));
#2701= IFCFACEOUTERBOUND(#2700,.T.);
#2702= IFCFACE((#2701));
#2703= IFCPOLYLOOP((#1584,#1665,#1612,#1585));
#2704= IFCFACEOUTERBOUND(#2703,.T.);
#2705= IFCFACE((#2704));
#2706= IFCCARTESIANPOINT((-46.0218991129987,-12.9999985973978,39.2486658386406));
#2707= IFCCARTESIANPOINT((-48.5004291429868,-12.9999985974021,29.9986658386406));
#2708= IFCPOLYLOOP((#2706,#1655,#1654,#2707));
#2709= IFCFACEOUTERBOUND(#2708,.T.);
#2710= IFCFACE((#2709));
#2711= IFCCARTESIANPOINT((-39.2504291429868,-12.9999985973948,46.0201358086524));
#2712= IFCPOLYLOOP((#2711,#1656,#1655,#2706));
#2713= IFCFACEOUTERBOUND(#2712,.T.);
#2714= IFCFACE((#2713));
#2715= IFCCARTESIANPOINT((-30.0004291429868,-12.9999985973936,48.4986658386406));
#2716= IFCPOLYLOOP((#2715,#1645,#1656,#2711));
#2717= IFCFACEOUTERBOUND(#2716,.T.);
#2718= IFCFACE((#2717));
#2719= IFCCARTESIANPOINT((-20.7504291429868,-12.9999985973948,46.0201358086524));
#2720= IFCPOLYLOOP((#2719,#1646,#1645,#2715));
#2721= IFCFACEOUTERBOUND(#2720,.T.);
#2722= IFCFACE((#2721));
#2723= IFCCARTESIANPOINT((-13.978959172975,-12.9999985973978,39.2486658386406));
#2724= IFCPOLYLOOP((#2723,#1647,#1646,#2719));
#2725= IFCFACEOUTERBOUND(#2724,.T.);
#2726= IFCFACE((#2725));
#2727= IFCCARTESIANPOINT((-11.5004291429868,-12.9999985974021,29.9986658386406));
#2728= IFCPOLYLOOP((#2727,#1648,#1647,#2723));
#2729= IFCFACEOUTERBOUND(#2728,.T.);
#2730= IFCFACE((#2729));
#2731= IFCCARTESIANPOINT((-13.978959172975,-12.9999985974063,20.7486658386406));
#2732= IFCPOLYLOOP((#2731,#1649,#1648,#2727));
#2733= IFCFACEOUTERBOUND(#2732,.T.);
#2734= IFCFACE((#2733));
#2735= IFCCARTESIANPOINT((-20.7504291429868,-12.9999985974093,13.9771958686288));
#2736= IFCPOLYLOOP((#2735,#1650,#1649,#2731));
#2737= IFCFACEOUTERBOUND(#2736,.T.);
#2738= IFCFACE((#2737));
#2739= IFCCARTESIANPOINT((-30.0004291429868,-12.9999985974105,11.4986658386406));
#2740= IFCPOLYLOOP((#2739,#1651,#1650,#2735));
#2741= IFCFACEOUTERBOUND(#2740,.T.);
#2742= IFCFACE((#2741));
#2743= IFCCARTESIANPOINT((-39.2504291429868,-12.9999985974093,13.9771958686288));
#2744= IFCPOLYLOOP((#2743,#1652,#1651,#2739));
#2745= IFCFACEOUTERBOUND(#2744,.T.);
#2746= IFCFACE((#2745));
#2747= IFCCARTESIANPOINT((-46.0218991129987,-12.9999985974063,20.7486658386406));
#2748= IFCPOLYLOOP((#2747,#1653,#1652,#2743));
#2749= IFCFACEOUTERBOUND(#2748,.T.);
#2750= IFCFACE((#2749));
#2751= IFCPOLYLOOP((#2707,#1654,#1653,#2747));
#2752= IFCFACEOUTERBOUND(#2751,.T.);
#2753= IFCFACE((#2752));
#2754= IFCPOLYLOOP((#2731,#2727,#2723,#2719,#2715,#2711,#2706,#2707,#2747,#2743,#2739,#2735));
#2755= IFCFACEOUTERBOUND(#2754,.T.);
#2756= IFCCARTESIANPOINT((-30.0004291432124,-12.9999985973939,47.9986658337657));
#2757= IFCCARTESIANPOINT((-14.4119718750926,-12.999998597398,38.9986658337657));
#2758= IFCCARTESIANPOINT((-14.4119718750926,-12.9999985974061,20.9986658337657));
#2759= IFCCARTESIANPOINT((-30.0004291432124,-12.9999985974102,11.9986658337657));
#2760= IFCCARTESIANPOINT((-45.5888864113322,-12.9999985974061,20.9986658337657));
#2761= IFCCARTESIANPOINT((-45.5888864113322,-12.999998597398,38.9986658337657));
#2762= IFCPOLYLOOP((#2756,#2757,#2758,#2759,#2760,#2761));
#2763= IFCFACEBOUND(#2762,.T.);
#2764= IFCFACE((#2755,#2763));
#2765= IFCCARTESIANPOINT((-45.5888864113322,-28.9999985973516,20.9986658337584));
#2766= IFCCARTESIANPOINT((-30.0004291432124,-28.9999985973557,11.9986658337584));
#2767= IFCPOLYLOOP((#2765,#2760,#2759,#2766));
#2768= IFCFACEOUTERBOUND(#2767,.T.);
#2769= IFCFACE((#2768));
#2770= IFCCARTESIANPOINT((-45.5888864113322,-28.9999985973434,38.9986658337584));
#2771= IFCPOLYLOOP((#2770,#2761,#2760,#2765));
#2772= IFCFACEOUTERBOUND(#2771,.T.);
#2773= IFCFACE((#2772));
#2774= IFCCARTESIANPOINT((-30.0004291432124,-28.9999985973393,47.9986658337584));
#2775= IFCPOLYLOOP((#2774,#2756,#2761,#2770));
#2776= IFCFACEOUTERBOUND(#2775,.T.);
#2777= IFCFACE((#2776));
#2778= IFCCARTESIANPOINT((-14.4119718750926,-28.9999985973434,38.9986658337584));
#2779= IFCPOLYLOOP((#2778,#2757,#2756,#2774));
#2780= IFCFACEOUTERBOUND(#2779,.T.);
#2781= IFCFACE((#2780));
#2782= IFCCARTESIANPOINT((-14.4119718750926,-28.9999985973516,20.9986658337584));
#2783= IFCPOLYLOOP((#2782,#2758,#2757,#2778));
#2784= IFCFACEOUTERBOUND(#2783,.T.);
#2785= IFCFACE((#2784));
#2786= IFCPOLYLOOP((#2766,#2759,#2758,#2782));
#2787= IFCFACEOUTERBOUND(#2786,.T.);
#2788= IFCFACE((#2787));
#2789= IFCPOLYLOOP((#2765,#2766,#2782,#2778,#2774,#2770));
#2790= IFCFACEOUTERBOUND(#2789,.T.);
#2791= IFCCARTESIANPOINT((-30.0004291432124,-28.99999859734,46.4986658337584));
#2792= IFCCARTESIANPOINT((-15.7110099807687,-28.9999985973437,38.2486658337584));
#2793= IFCCARTESIANPOINT((-15.7110099807687,-28.9999985973512,21.7486658337584));
#2794= IFCCARTESIANPOINT((-30.0004291432124,-28.999998597355,13.4986658337584));
#2795= IFCCARTESIANPOINT((-44.2898483056561,-28.9999985973512,21.7486658337584));
#2796= IFCCARTESIANPOINT((-44.2898483056561,-28.9999985973437,38.2486658337584));
#2797= IFCPOLYLOOP((#2791,#2792,#2793,#2794,#2795,#2796));
#2798= IFCFACEBOUND(#2797,.T.);
#2799= IFCFACE((#2790,#2798));
#2800= IFCPOLYLOOP((#2795,#2794,#2793,#2792,#2791,#2796));
#2801= IFCFACEOUTERBOUND(#2800,.T.);
#2802= IFCCARTESIANPOINT((-18.0008226987375,-28.9999985973475,29.9986246761764));
#2803= IFCCARTESIANPOINT((-19.608517853324,-28.9999985973502,23.9986246761764));
#2804= IFCCARTESIANPOINT((-24.0008226987375,-28.9999985973523,19.6063198307638));
#2805= IFCCARTESIANPOINT((-30.0008226987375,-28.9999985973529,17.9986246761764));
#2806= IFCCARTESIANPOINT((-36.0008226987375,-28.9999985973523,19.6063198307638));
#2807= IFCCARTESIANPOINT((-40.393127544151,-28.9999985973502,23.9986246761764));
#2808= IFCCARTESIANPOINT((-42.0008226987375,-28.9999985973475,29.9986246761764));
#2809= IFCCARTESIANPOINT((-40.393127544151,-28.9999985973448,35.9986246761764));
#2810= IFCCARTESIANPOINT((-36.0008226987375,-28.9999985973427,40.390929521589));
#2811= IFCCARTESIANPOINT((-30.0008226987375,-28.999998597342,41.9986246761764));
#2812= IFCCARTESIANPOINT((-24.0008226987375,-28.9999985973427,40.390929521589));
#2813= IFCCARTESIANPOINT((-19.608517853324,-28.9999985973448,35.9986246761764));
#2814= IFCPOLYLOOP((#2802,#2803,#2804,#2805,#2806,#2807,#2808,#2809,#2810,#2811,#2812,#2813));
#2815= IFCFACEBOUND(#2814,.T.);
#2816= IFCFACE((#2801,#2815));
#2817= IFCCARTESIANPOINT((-30.0008226987375,-228.003884415193,41.9986246760855));
#2818= IFCCARTESIANPOINT((-24.0008226987375,-228.003884415194,40.390929521498));
#2819= IFCPOLYLOOP((#2812,#2811,#2817,#2818));
#2820= IFCFACEOUTERBOUND(#2819,.T.);
#2821= IFCFACE((#2820));
#2822= IFCCARTESIANPOINT((-36.0008226987375,-228.003884415194,40.390929521498));
#2823= IFCPOLYLOOP((#2811,#2810,#2822,#2817));
#2824= IFCFACEOUTERBOUND(#2823,.T.);
#2825= IFCFACE((#2824));
#2826= IFCCARTESIANPOINT((-40.393127544151,-228.003884415196,35.9986246760855));
#2827= IFCPOLYLOOP((#2810,#2809,#2826,#2822));
#2828= IFCFACEOUTERBOUND(#2827,.T.);
#2829= IFCFACE((#2828));
#2830= IFCCARTESIANPOINT((-42.0008226987375,-228.003884415199,29.9986246760855));
#2831= IFCPOLYLOOP((#2809,#2808,#2830,#2826));
#2832= IFCFACEOUTERBOUND(#2831,.T.);
#2833= IFCFACE((#2832));
#2834= IFCCARTESIANPOINT((-40.393127544151,-228.003884415201,23.9986246760855));
#2835= IFCPOLYLOOP((#2808,#2807,#2834,#2830));
#2836= IFCFACEOUTERBOUND(#2835,.T.);
#2837= IFCFACE((#2836));
#2838= IFCCARTESIANPOINT((-36.0008226987375,-228.003884415203,19.6063198306729));
#2839= IFCPOLYLOOP((#2807,#2806,#2838,#2834));
#2840= IFCFACEOUTERBOUND(#2839,.T.);
#2841= IFCFACE((#2840));
#2842= IFCCARTESIANPOINT((-30.0008226987375,-228.003884415204,17.9986246760855));
#2843= IFCPOLYLOOP((#2806,#2805,#2842,#2838));
#2844= IFCFACEOUTERBOUND(#2843,.T.);
#2845= IFCFACE((#2844));
#2846= IFCCARTESIANPOINT((-24.0008226987375,-228.003884415203,19.6063198306729));
#2847= IFCPOLYLOOP((#2805,#2804,#2846,#2842));
#2848= IFCFACEOUTERBOUND(#2847,.T.);
#2849= IFCFACE((#2848));
#2850= IFCCARTESIANPOINT((-19.608517853324,-228.003884415201,23.9986246760855));
#2851= IFCPOLYLOOP((#2804,#2803,#2850,#2846));
#2852= IFCFACEOUTERBOUND(#2851,.T.);
#2853= IFCFACE((#2852));
#2854= IFCCARTESIANPOINT((-18.0008226987375,-228.003884415199,29.9986246760855));
#2855= IFCPOLYLOOP((#2803,#2802,#2854,#2850));
#2856= IFCFACEOUTERBOUND(#2855,.T.);
#2857= IFCFACE((#2856));
#2858= IFCCARTESIANPOINT((-19.608517853324,-228.003884415196,35.9986246760855));
#2859= IFCPOLYLOOP((#2802,#2813,#2858,#2854));
#2860= IFCFACEOUTERBOUND(#2859,.T.);
#2861= IFCFACE((#2860));
#2862= IFCPOLYLOOP((#2813,#2812,#2818,#2858));
#2863= IFCFACEOUTERBOUND(#2862,.T.);
#2864= IFCFACE((#2863));
#2865= IFCCARTESIANPOINT((-44.3012037554727,-228.003884415195,38.2486246794069));
#2866= IFCCARTESIANPOINT((-30.011784593029,-228.003884415191,46.4986246794069));
#2867= IFCCARTESIANPOINT((-15.7223654305853,-228.003884415195,38.2486246794069));
#2868= IFCCARTESIANPOINT((-15.7223654305853,-228.003884415202,21.7486246794069));
#2869= IFCCARTESIANPOINT((-30.011784593029,-228.003884415206,13.4986246794069));
#2870= IFCCARTESIANPOINT((-44.3012037554727,-228.003884415202,21.7486246794069));
#2871= IFCPOLYLOOP((#2865,#2866,#2867,#2868,#2869,#2870));
#2872= IFCFACEOUTERBOUND(#2871,.T.);
#2873= IFCPOLYLOOP((#2830,#2834,#2838,#2842,#2846,#2850,#2854,#2858,#2818,#2817,#2822,#2826));
#2874= IFCFACEBOUND(#2873,.T.);
#2875= IFCFACE((#2872,#2874));
#2876= IFCCARTESIANPOINT((-15.7223654305853,-244.003884415202,21.7486246793997));
#2877= IFCCARTESIANPOINT((-30.011784593029,-244.003884415206,13.4986246793997));
#2878= IFCPOLYLOOP((#2868,#2876,#2877,#2869));
#2879= IFCFACEOUTERBOUND(#2878,.T.);
#2880= IFCFACE((#2879));
#2881= IFCCARTESIANPOINT((-48.511784593029,-244.002919416436,30.0021901597138));
#2882= IFCCARTESIANPOINT((-46.0332545630408,-244.002919416432,39.2521901597138));
#2883= IFCCARTESIANPOINT((-39.261784593029,-244.002919416429,46.0236601297256));
#2884= IFCCARTESIANPOINT((-30.011784593029,-244.002919416428,48.5021901597138));
#2885= IFCCARTESIANPOINT((-20.761784593029,-244.002919416429,46.0236601297256));
#2886= IFCCARTESIANPOINT((-13.9903146230172,-244.002919416432,39.2521901597138));
#2887= IFCCARTESIANPOINT((-11.511784593029,-244.002919416436,30.0021901597138));
#2888= IFCCARTESIANPOINT((-13.9903146230172,-244.00291941644,20.7521901597138));
#2889= IFCCARTESIANPOINT((-20.761784593029,-244.002919416444,13.980720189702));
#2890= IFCCARTESIANPOINT((-30.011784593029,-244.002919416445,11.5021901597138));
#2891= IFCCARTESIANPOINT((-39.261784593029,-244.002919416444,13.980720189702));
#2892= IFCCARTESIANPOINT((-46.0332545630408,-244.00291941644,20.7521901597138));
#2893= IFCPOLYLOOP((#2881,#2882,#2883,#2884,#2885,#2886,#2887,#2888,#2889,#2890,#2891,#2892));
#2894= IFCFACEOUTERBOUND(#2893,.T.);
#2895= IFCCARTESIANPOINT((-30.011784593029,-244.003884415191,46.4986246793997));
#2896= IFCCARTESIANPOINT((-44.3012037554727,-244.003884415195,38.2486246793997));
#2897= IFCCARTESIANPOINT((-44.3012037554727,-244.003884415202,21.7486246793997));
#2898= IFCCARTESIANPOINT((-15.7223654305853,-244.003884415195,38.2486246793997));
#2899= IFCPOLYLOOP((#2895,#2896,#2897,#2877,#2876,#2898));
#2900= IFCFACEBOUND(#2899,.T.);
#2901= IFCFACE((#2894,#2900));
#2902= IFCPOLYLOOP((#2869,#2877,#2897,#2870));
#2903= IFCFACEOUTERBOUND(#2902,.T.);
#2904= IFCFACE((#2903));
#2905= IFCPOLYLOOP((#2870,#2897,#2896,#2865));
#2906= IFCFACEOUTERBOUND(#2905,.T.);
#2907= IFCFACE((#2906));
#2908= IFCPOLYLOOP((#2865,#2896,#2895,#2866));
#2909= IFCFACEOUTERBOUND(#2908,.T.);
#2910= IFCFACE((#2909));
#2911= IFCPOLYLOOP((#2866,#2895,#2898,#2867));
#2912= IFCFACEOUTERBOUND(#2911,.T.);
#2913= IFCFACE((#2912));
#2914= IFCPOLYLOOP((#2867,#2898,#2876,#2868));
#2915= IFCFACEOUTERBOUND(#2914,.T.);
#2916= IFCFACE((#2915));
#2917= IFCCARTESIANPOINT((-39.261784593029,-247.002919416444,13.980720189702));
#2918= IFCCARTESIANPOINT((-30.011784593029,-247.002919416445,11.5021901597138));
#2919= IFCPOLYLOOP((#2917,#2891,#2890,#2918));
#2920= IFCFACEOUTERBOUND(#2919,.T.);
#2921= IFCFACE((#2920));
#2922= IFCCARTESIANPOINT((-46.0332545630408,-247.00291941644,20.7521901597138));
#2923= IFCPOLYLOOP((#2922,#2892,#2891,#2917));
#2924= IFCFACEOUTERBOUND(#2923,.T.);
#2925= IFCFACE((#2924));
#2926= IFCCARTESIANPOINT((-48.511784593029,-247.002919416436,30.0021901597138));
#2927= IFCPOLYLOOP((#2926,#2881,#2892,#2922));
#2928= IFCFACEOUTERBOUND(#2927,.T.);
#2929= IFCFACE((#2928));
#2930= IFCCARTESIANPOINT((-46.0332545630408,-247.002919416432,39.2521901597138));
#2931= IFCPOLYLOOP((#2930,#2882,#2881,#2926));
#2932= IFCFACEOUTERBOUND(#2931,.T.);
#2933= IFCFACE((#2932));
#2934= IFCCARTESIANPOINT((-39.261784593029,-247.002919416429,46.0236601297256));
#2935= IFCPOLYLOOP((#2934,#2883,#2882,#2930));
#2936= IFCFACEOUTERBOUND(#2935,.T.);
#2937= IFCFACE((#2936));
#2938= IFCCARTESIANPOINT((-30.011784593029,-247.002919416428,48.5021901597138));
#2939= IFCPOLYLOOP((#2938,#2884,#2883,#2934));
#2940= IFCFACEOUTERBOUND(#2939,.T.);
#2941= IFCFACE((#2940));
#2942= IFCCARTESIANPOINT((-20.761784593029,-247.002919416429,46.0236601297256));
#2943= IFCPOLYLOOP((#2942,#2885,#2884,#2938));
#2944= IFCFACEOUTERBOUND(#2943,.T.);
#2945= IFCFACE((#2944));
#2946= IFCCARTESIANPOINT((-13.9903146230172,-247.002919416432,39.2521901597138));
#2947= IFCPOLYLOOP((#2946,#2886,#2885,#2942));
#2948= IFCFACEOUTERBOUND(#2947,.T.);
#2949= IFCFACE((#2948));
#2950= IFCCARTESIANPOINT((-11.511784593029,-247.002919416436,30.0021901597138));
#2951= IFCPOLYLOOP((#2950,#2887,#2886,#2946));
#2952= IFCFACEOUTERBOUND(#2951,.T.);
#2953= IFCFACE((#2952));
#2954= IFCCARTESIANPOINT((-13.9903146230172,-247.00291941644,20.7521901597138));
#2955= IFCPOLYLOOP((#2954,#2888,#2887,#2950));
#2956= IFCFACEOUTERBOUND(#2955,.T.);
#2957= IFCFACE((#2956));
#2958= IFCCARTESIANPOINT((-20.761784593029,-247.002919416444,13.980720189702));
#2959= IFCPOLYLOOP((#2958,#2889,#2888,#2954));
#2960= IFCFACEOUTERBOUND(#2959,.T.);
#2961= IFCFACE((#2960));
#2962= IFCPOLYLOOP((#2918,#2890,#2889,#2958));
#2963= IFCFACEOUTERBOUND(#2962,.T.);
#2964= IFCFACE((#2963));
#2965= IFCPOLYLOOP((#2954,#2950,#2946,#2942,#2938,#2934,#2930,#2926,#2922,#2917,#2918,#2958));
#2966= IFCFACEOUTERBOUND(#2965,.T.);
#2967= IFCCARTESIANPOINT((-18.0008226987375,-247.002919416436,29.9986246760782));
#2968= IFCCARTESIANPOINT((-19.608517853324,-247.002919416439,23.9986246760782));
#2969= IFCCARTESIANPOINT((-24.0008226987375,-247.002919416441,19.6063198306656));
#2970= IFCCARTESIANPOINT((-30.0008226987375,-247.002919416442,17.9986246760782));
#2971= IFCCARTESIANPOINT((-36.0008226987375,-247.002919416441,19.6063198306656));
#2972= IFCCARTESIANPOINT((-40.393127544151,-247.002919416439,23.9986246760782));
#2973= IFCCARTESIANPOINT((-42.0008226987375,-247.002919416436,29.9986246760782));
#2974= IFCCARTESIANPOINT((-40.393127544151,-247.002919416434,35.9986246760782));
#2975= IFCCARTESIANPOINT((-36.0008226987375,-247.002919416431,40.3909295214908));
#2976= IFCCARTESIANPOINT((-30.0008226987375,-247.002919416431,41.9986246760782));
#2977= IFCCARTESIANPOINT((-24.0008226987375,-247.002919416431,40.3909295214908));
#2978= IFCCARTESIANPOINT((-19.608517853324,-247.002919416434,35.9986246760782));
#2979= IFCPOLYLOOP((#2967,#2968,#2969,#2970,#2971,#2972,#2973,#2974,#2975,#2976,#2977,#2978));
#2980= IFCFACEBOUND(#2979,.T.);
#2981= IFCFACE((#2966,#2980));
#2982= IFCCARTESIANPOINT((-30.0008226987375,-272.002919416431,41.9986246760673));
#2983= IFCCARTESIANPOINT((-24.0008226987375,-272.002919416431,40.3909295214798));
#2984= IFCPOLYLOOP((#2982,#2983,#2977,#2976));
#2985= IFCFACEOUTERBOUND(#2984,.T.);
#2986= IFCFACE((#2985));
#2987= IFCCARTESIANPOINT((-19.608517853324,-272.002919416434,35.9986246760673));
#2988= IFCPOLYLOOP((#2983,#2987,#2978,#2977));
#2989= IFCFACEOUTERBOUND(#2988,.T.);
#2990= IFCFACE((#2989));
#2991= IFCCARTESIANPOINT((-18.0008226987375,-272.002919416436,29.9986246760673));
#2992= IFCPOLYLOOP((#2987,#2991,#2967,#2978));
#2993= IFCFACEOUTERBOUND(#2992,.T.);
#2994= IFCFACE((#2993));
#2995= IFCCARTESIANPOINT((-19.608517853324,-272.002919416439,23.9986246760673));
#2996= IFCPOLYLOOP((#2991,#2995,#2968,#2967));
#2997= IFCFACEOUTERBOUND(#2996,.T.);
#2998= IFCFACE((#2997));
#2999= IFCCARTESIANPOINT((-24.0008226987375,-272.002919416441,19.606319830651));
#3000= IFCPOLYLOOP((#2995,#2999,#2969,#2968));
#3001= IFCFACEOUTERBOUND(#3000,.T.);
#3002= IFCFACE((#3001));
#3003= IFCCARTESIANPOINT((-30.0008226987375,-272.002919416442,17.9986246760673));
#3004= IFCPOLYLOOP((#2999,#3003,#2970,#2969));
#3005= IFCFACEOUTERBOUND(#3004,.T.);
#3006= IFCFACE((#3005));
#3007= IFCCARTESIANPOINT((-36.0008226987375,-272.002919416441,19.606319830651));
#3008= IFCPOLYLOOP((#3003,#3007,#2971,#2970));
#3009= IFCFACEOUTERBOUND(#3008,.T.);
#3010= IFCFACE((#3009));
#3011= IFCCARTESIANPOINT((-40.393127544151,-272.002919416439,23.9986246760673));
#3012= IFCPOLYLOOP((#3007,#3011,#2972,#2971));
#3013= IFCFACEOUTERBOUND(#3012,.T.);
#3014= IFCFACE((#3013));
#3015= IFCCARTESIANPOINT((-42.0008226987375,-272.002919416436,29.9986246760673));
#3016= IFCPOLYLOOP((#3011,#3015,#2973,#2972));
#3017= IFCFACEOUTERBOUND(#3016,.T.);
#3018= IFCFACE((#3017));
#3019= IFCCARTESIANPOINT((-40.393127544151,-272.002919416434,35.9986246760673));
#3020= IFCPOLYLOOP((#3015,#3019,#2974,#2973));
#3021= IFCFACEOUTERBOUND(#3020,.T.);
#3022= IFCFACE((#3021));
#3023= IFCCARTESIANPOINT((-36.0008226987375,-272.002919416431,40.3909295214798));
#3024= IFCPOLYLOOP((#3019,#3023,#2975,#2974));
#3025= IFCFACEOUTERBOUND(#3024,.T.);
#3026= IFCFACE((#3025));
#3027= IFCPOLYLOOP((#3023,#2982,#2976,#2975));
#3028= IFCFACEOUTERBOUND(#3027,.T.);
#3029= IFCFACE((#3028));
#3030= IFCCARTESIANPOINT((-48.511784593029,-272.002919416436,30.0021901597029));
#3031= IFCCARTESIANPOINT((-46.0332545630408,-272.002919416432,39.2521901597029));
#3032= IFCCARTESIANPOINT((-39.261784593029,-272.002919416429,46.0236601297147));
#3033= IFCCARTESIANPOINT((-30.011784593029,-272.002919416428,48.5021901597029));
#3034= IFCCARTESIANPOINT((-20.761784593029,-272.002919416429,46.0236601297147));
#3035= IFCCARTESIANPOINT((-13.9903146230172,-272.002919416432,39.2521901597029));
#3036= IFCCARTESIANPOINT((-11.511784593029,-272.002919416436,30.0021901597029));
#3037= IFCCARTESIANPOINT((-13.9903146230172,-272.00291941644,20.7521901597029));
#3038= IFCCARTESIANPOINT((-20.761784593029,-272.002919416444,13.9807201896911));
#3039= IFCCARTESIANPOINT((-30.011784593029,-272.002919416445,11.5021901597029));
#3040= IFCCARTESIANPOINT((-39.261784593029,-272.002919416444,13.9807201896911));
#3041= IFCCARTESIANPOINT((-46.0332545630408,-272.00291941644,20.7521901597029));
#3042= IFCPOLYLOOP((#3030,#3031,#3032,#3033,#3034,#3035,#3036,#3037,#3038,#3039,#3040,#3041));
#3043= IFCFACEOUTERBOUND(#3042,.T.);
#3044= IFCPOLYLOOP((#3015,#3011,#3007,#3003,#2999,#2995,#2991,#2987,#2983,#2982,#3023,#3019));
#3045= IFCFACEBOUND(#3044,.T.);
#3046= IFCFACE((#3043,#3045));
#3047= IFCCARTESIANPOINT((-39.261784593029,-275.002919416444,13.9807201896874));
#3048= IFCCARTESIANPOINT((-30.011784593029,-275.002919416445,11.5021901596992));
#3049= IFCPOLYLOOP((#3047,#3040,#3039,#3048));
#3050= IFCFACEOUTERBOUND(#3049,.T.);
#3051= IFCFACE((#3050));
#3052= IFCCARTESIANPOINT((-46.0332545630408,-275.00291941644,20.7521901596992));
#3053= IFCPOLYLOOP((#3052,#3041,#3040,#3047));
#3054= IFCFACEOUTERBOUND(#3053,.T.);
#3055= IFCFACE((#3054));
#3056= IFCCARTESIANPOINT((-48.511784593029,-275.002919416436,30.0021901596992));
#3057= IFCPOLYLOOP((#3056,#3030,#3041,#3052));
#3058= IFCFACEOUTERBOUND(#3057,.T.);
#3059= IFCFACE((#3058));
#3060= IFCCARTESIANPOINT((-46.0332545630408,-275.002919416432,39.2521901596992));
#3061= IFCPOLYLOOP((#3060,#3031,#3030,#3056));
#3062= IFCFACEOUTERBOUND(#3061,.T.);
#3063= IFCFACE((#3062));
#3064= IFCCARTESIANPOINT((-39.261784593029,-275.002919416429,46.0236601297111));
#3065= IFCPOLYLOOP((#3064,#3032,#3031,#3060));
#3066= IFCFACEOUTERBOUND(#3065,.T.);
#3067= IFCFACE((#3066));
#3068= IFCCARTESIANPOINT((-30.011784593029,-275.002919416428,48.5021901596992));
#3069= IFCPOLYLOOP((#3068,#3033,#3032,#3064));
#3070= IFCFACEOUTERBOUND(#3069,.T.);
#3071= IFCFACE((#3070));
#3072= IFCCARTESIANPOINT((-20.761784593029,-275.002919416429,46.0236601297111));
#3073= IFCPOLYLOOP((#3072,#3034,#3033,#3068));
#3074= IFCFACEOUTERBOUND(#3073,.T.);
#3075= IFCFACE((#3074));
#3076= IFCCARTESIANPOINT((-13.9903146230172,-275.002919416432,39.2521901596992));
#3077= IFCPOLYLOOP((#3076,#3035,#3034,#3072));
#3078= IFCFACEOUTERBOUND(#3077,.T.);
#3079= IFCFACE((#3078));
#3080= IFCCARTESIANPOINT((-11.511784593029,-275.002919416436,30.0021901596992));
#3081= IFCPOLYLOOP((#3080,#3036,#3035,#3076));
#3082= IFCFACEOUTERBOUND(#3081,.T.);
#3083= IFCFACE((#3082));
#3084= IFCCARTESIANPOINT((-13.9903146230172,-275.00291941644,20.7521901596992));
#3085= IFCPOLYLOOP((#3084,#3037,#3036,#3080));
#3086= IFCFACEOUTERBOUND(#3085,.T.);
#3087= IFCFACE((#3086));
#3088= IFCCARTESIANPOINT((-20.761784593029,-275.002919416444,13.9807201896874));
#3089= IFCPOLYLOOP((#3088,#3038,#3037,#3084));
#3090= IFCFACEOUTERBOUND(#3089,.T.);
#3091= IFCFACE((#3090));
#3092= IFCPOLYLOOP((#3048,#3039,#3038,#3088));
#3093= IFCFACEOUTERBOUND(#3092,.T.);
#3094= IFCFACE((#3093));
#3095= IFCPOLYLOOP((#3084,#3080,#3076,#3072,#3068,#3064,#3060,#3056,#3052,#3047,#3048,#3088));
#3096= IFCFACEOUTERBOUND(#3095,.T.);
#3097= IFCCARTESIANPOINT((-30.011784593029,-275.003884415191,46.4986246793851));
#3098= IFCCARTESIANPOINT((-15.7223654305853,-275.003884415195,38.2486246793851));
#3099= IFCCARTESIANPOINT((-15.7223654305853,-275.003884415202,21.7486246793851));
#3100= IFCCARTESIANPOINT((-30.011784593029,-275.003884415206,13.4986246793851));
#3101= IFCCARTESIANPOINT((-44.3012037554727,-275.003884415202,21.7486246793851));
#3102= IFCCARTESIANPOINT((-44.3012037554727,-275.003884415195,38.2486246793851));
#3103= IFCPOLYLOOP((#3097,#3098,#3099,#3100,#3101,#3102));
#3104= IFCFACEBOUND(#3103,.T.);
#3105= IFCFACE((#3096,#3104));
#3106= IFCCARTESIANPOINT((-44.3012037554727,-291.003884415202,21.7486246793778));
#3107= IFCCARTESIANPOINT((-30.011784593029,-291.003884415206,13.4986246793778));
#3108= IFCPOLYLOOP((#3106,#3101,#3100,#3107));
#3109= IFCFACEOUTERBOUND(#3108,.T.);
#3110= IFCFACE((#3109));
#3111= IFCCARTESIANPOINT((-44.3012037554727,-291.003884415195,38.2486246793778));
#3112= IFCPOLYLOOP((#3111,#3102,#3101,#3106));
#3113= IFCFACEOUTERBOUND(#3112,.T.);
#3114= IFCFACE((#3113));
#3115= IFCCARTESIANPOINT((-30.011784593029,-291.003884415191,46.4986246793778));
#3116= IFCPOLYLOOP((#3115,#3097,#3102,#3111));
#3117= IFCFACEOUTERBOUND(#3116,.T.);
#3118= IFCFACE((#3117));
#3119= IFCCARTESIANPOINT((-15.7223654305853,-291.003884415195,38.2486246793778));
#3120= IFCPOLYLOOP((#3119,#3098,#3097,#3115));
#3121= IFCFACEOUTERBOUND(#3120,.T.);
#3122= IFCFACE((#3121));
#3123= IFCCARTESIANPOINT((-15.7223654305853,-291.003884415202,21.7486246793778));
#3124= IFCPOLYLOOP((#3123,#3099,#3098,#3119));
#3125= IFCFACEOUTERBOUND(#3124,.T.);
#3126= IFCFACE((#3125));
#3127= IFCPOLYLOOP((#3107,#3100,#3099,#3123));
#3128= IFCFACEOUTERBOUND(#3127,.T.);
#3129= IFCFACE((#3128));
#3130= IFCPOLYLOOP((#3115,#3111,#3106,#3107,#3123,#3119));
#3131= IFCFACEOUTERBOUND(#3130,.T.);
#3132= IFCCARTESIANPOINT((-18.0008226987375,-291.003884415199,29.9986246760564));
#3133= IFCCARTESIANPOINT((-19.608517853324,-291.003884415201,23.9986246760564));
#3134= IFCCARTESIANPOINT((-24.0008226987375,-291.003884415203,19.6063198306438));
#3135= IFCCARTESIANPOINT((-30.0008226987375,-291.003884415204,17.9986246760564));
#3136= IFCCARTESIANPOINT((-36.0008226987375,-291.003884415203,19.6063198306438));
#3137= IFCCARTESIANPOINT((-40.393127544151,-291.003884415201,23.9986246760564));
#3138= IFCCARTESIANPOINT((-42.0008226987375,-291.003884415199,29.9986246760564));
#3139= IFCCARTESIANPOINT((-40.393127544151,-291.003884415196,35.9986246760564));
#3140= IFCCARTESIANPOINT((-36.0008226987375,-291.003884415194,40.3909295214689));
#3141= IFCCARTESIANPOINT((-30.0008226987375,-291.003884415193,41.9986246760564));
#3142= IFCCARTESIANPOINT((-24.0008226987375,-291.003884415194,40.3909295214689));
#3143= IFCCARTESIANPOINT((-19.608517853324,-291.003884415196,35.9986246760564));
#3144= IFCPOLYLOOP((#3132,#3133,#3134,#3135,#3136,#3137,#3138,#3139,#3140,#3141,#3142,#3143));
#3145= IFCFACEBOUND(#3144,.T.);
#3146= IFCFACE((#3131,#3145));
#3147= IFCCARTESIANPOINT((-30.0008226987375,-301.003884415195,41.9986246760527));
#3148= IFCCARTESIANPOINT((-24.0008226987375,-301.003884415196,40.3909295214653));
#3149= IFCPOLYLOOP((#3147,#3148,#3142,#3141));
#3150= IFCFACEOUTERBOUND(#3149,.T.);
#3151= IFCFACE((#3150));
#3152= IFCCARTESIANPOINT((-19.608517853324,-301.003884415198,35.9986246760527));
#3153= IFCPOLYLOOP((#3148,#3152,#3143,#3142));
#3154= IFCFACEOUTERBOUND(#3153,.T.);
#3155= IFCFACE((#3154));
#3156= IFCCARTESIANPOINT((-18.0008226987375,-301.0038844152,29.9986246760527));
#3157= IFCPOLYLOOP((#3152,#3156,#3132,#3143));
#3158= IFCFACEOUTERBOUND(#3157,.T.);
#3159= IFCFACE((#3158));
#3160= IFCCARTESIANPOINT((-19.608517853324,-301.003884415203,23.9986246760527));
#3161= IFCPOLYLOOP((#3156,#3160,#3133,#3132));
#3162= IFCFACEOUTERBOUND(#3161,.T.);
#3163= IFCFACE((#3162));
#3164= IFCCARTESIANPOINT((-24.0008226987375,-301.003884415205,19.6063198306401));
#3165= IFCPOLYLOOP((#3160,#3164,#3134,#3133));
#3166= IFCFACEOUTERBOUND(#3165,.T.);
#3167= IFCFACE((#3166));
#3168= IFCCARTESIANPOINT((-30.0008226987375,-301.003884415206,17.9986246760527));
#3169= IFCPOLYLOOP((#3164,#3168,#3135,#3134));
#3170= IFCFACEOUTERBOUND(#3169,.T.);
#3171= IFCFACE((#3170));
#3172= IFCCARTESIANPOINT((-36.0008226987375,-301.003884415205,19.6063198306401));
#3173= IFCPOLYLOOP((#3168,#3172,#3136,#3135));
#3174= IFCFACEOUTERBOUND(#3173,.T.);
#3175= IFCFACE((#3174));
#3176= IFCCARTESIANPOINT((-40.393127544151,-301.003884415203,23.9986246760527));
#3177= IFCPOLYLOOP((#3172,#3176,#3137,#3136));
#3178= IFCFACEOUTERBOUND(#3177,.T.);
#3179= IFCFACE((#3178));
#3180= IFCCARTESIANPOINT((-42.0008226987375,-301.0038844152,29.9986246760527));
#3181= IFCPOLYLOOP((#3176,#3180,#3138,#3137));
#3182= IFCFACEOUTERBOUND(#3181,.T.);
#3183= IFCFACE((#3182));
#3184= IFCCARTESIANPOINT((-40.393127544151,-301.003884415198,35.9986246760527));
#3185= IFCPOLYLOOP((#3180,#3184,#3139,#3138));
#3186= IFCFACEOUTERBOUND(#3185,.T.);
#3187= IFCFACE((#3186));
#3188= IFCCARTESIANPOINT((-36.0008226987375,-301.003884415196,40.3909295214653));
#3189= IFCPOLYLOOP((#3184,#3188,#3140,#3139));
#3190= IFCFACEOUTERBOUND(#3189,.T.);
#3191= IFCFACE((#3190));
#3192= IFCPOLYLOOP((#3188,#3147,#3141,#3140));
#3193= IFCFACEOUTERBOUND(#3192,.T.);
#3194= IFCFACE((#3193));
#3195= IFCPOLYLOOP((#3160,#3156,#3152,#3148,#3147,#3188,#3184,#3180,#3176,#3172,#3168,#3164));
#3196= IFCFACEOUTERBOUND(#3195,.T.);
#3197= IFCFACE((#3196));
#3198= IFCCARTESIANPOINT((-100.00042914418,-1.64996890816838E-07,164.998665843392));
#3199= IFCCARTESIANPOINT((-79.9143245098085,-1.61815592036874E-07,161.817339402576));
#3200= IFCPOLYLOOP((#3198,#3199,#1641,#1640));
#3201= IFCFACEOUTERBOUND(#3200,.T.);
#3202= IFCFACE((#3201));
#3203= IFCCARTESIANPOINT((-61.7943877451689,-1.52583197632339E-07,152.584770477763));
#3204= IFCPOLYLOOP((#3199,#3203,#1642,#1641));
#3205= IFCFACEOUTERBOUND(#3204,.T.);
#3206= IFCFACE((#3205));
#3207= IFCCARTESIANPOINT((-47.4143245098085,-1.38203290589445E-07,138.204707242403));
#3208= IFCPOLYLOOP((#3203,#3207,#1623,#1642));
#3209= IFCFACEOUTERBOUND(#3208,.T.);
#3210= IFCFACE((#3209));
#3211= IFCCARTESIANPOINT((-38.1817555849948,-1.2008354133286E-07,120.084770477763));
#3212= IFCPOLYLOOP((#3207,#3211,#1624,#1623));
#3213= IFCFACEOUTERBOUND(#3212,.T.);
#3214= IFCFACE((#3213));
#3215= IFCCARTESIANPOINT((-35.0004291441801,-9.99975782178808E-08,99.9986658433918));
#3216= IFCPOLYLOOP((#3211,#3215,#1625,#1624));
#3217= IFCFACEOUTERBOUND(#3216,.T.);
#3218= IFCFACE((#3217));
#3219= IFCCARTESIANPOINT((-38.1817555849948,-7.99117287897388E-08,79.9125612090174));
#3220= IFCPOLYLOOP((#3215,#3219,#1626,#1625));
#3221= IFCFACEOUTERBOUND(#3220,.T.);
#3222= IFCFACE((#3221));
#3223= IFCCARTESIANPOINT((-47.4143245098085,-6.17919795331545E-08,61.7926244443806));
#3224= IFCPOLYLOOP((#3219,#3223,#1627,#1626));
#3225= IFCFACEOUTERBOUND(#3224,.T.);
#3226= IFCFACE((#3225));
#3227= IFCCARTESIANPOINT((-61.7943877451689,-4.74120724902605E-08,47.4125612090174));
#3228= IFCPOLYLOOP((#3223,#3227,#1628,#1627));
#3229= IFCFACEOUTERBOUND(#3228,.T.);
#3230= IFCFACE((#3229));
#3231= IFCCARTESIANPOINT((-79.9143245098085,-3.8179564398888E-08,38.1799922842038));
#3232= IFCPOLYLOOP((#3227,#3231,#1629,#1628));
#3233= IFCFACEOUTERBOUND(#3232,.T.);
#3234= IFCFACE((#3233));
#3235= IFCCARTESIANPOINT((-100.00042914418,-3.49982656189241E-08,34.9986658433918));
#3236= IFCPOLYLOOP((#3231,#3235,#1630,#1629));
#3237= IFCFACEOUTERBOUND(#3236,.T.);
#3238= IFCFACE((#3237));
#3239= IFCCARTESIANPOINT((-120.086533778552,-3.8179564398888E-08,38.1799922842038));
#3240= IFCPOLYLOOP((#3235,#3239,#1631,#1630));
#3241= IFCFACEOUTERBOUND(#3240,.T.);
#3242= IFCFACE((#3241));
#3243= IFCCARTESIANPOINT((-138.206470543191,-4.74120724902605E-08,47.4125612090174));
#3244= IFCPOLYLOOP((#3239,#3243,#1632,#1631));
#3245= IFCFACEOUTERBOUND(#3244,.T.);
#3246= IFCFACE((#3245));
#3247= IFCCARTESIANPOINT((-152.586533778552,-6.17919795331545E-08,61.7926244443806));
#3248= IFCPOLYLOOP((#3243,#3247,#1633,#1632));
#3249= IFCFACEOUTERBOUND(#3248,.T.);
#3250= IFCFACE((#3249));
#3251= IFCCARTESIANPOINT((-161.819102703365,-7.99117287897388E-08,79.9125612090174));
#3252= IFCPOLYLOOP((#3247,#3251,#1634,#1633));
#3253= IFCFACEOUTERBOUND(#3252,.T.);
#3254= IFCFACE((#3253));
#3255= IFCCARTESIANPOINT((-165.00042914418,-9.99975782178808E-08,99.9986658433918));
#3256= IFCPOLYLOOP((#3251,#3255,#1635,#1634));
#3257= IFCFACEOUTERBOUND(#3256,.T.);
#3258= IFCFACE((#3257));
#3259= IFCCARTESIANPOINT((-161.819102703365,-1.2008354133286E-07,120.084770477763));
#3260= IFCPOLYLOOP((#3255,#3259,#1636,#1635));
#3261= IFCFACEOUTERBOUND(#3260,.T.);
#3262= IFCFACE((#3261));
#3263= IFCCARTESIANPOINT((-152.586533778552,-1.38203290589445E-07,138.204707242403));
#3264= IFCPOLYLOOP((#3259,#3263,#1637,#1636));
#3265= IFCFACEOUTERBOUND(#3264,.T.);
#3266= IFCFACE((#3265));
#3267= IFCCARTESIANPOINT((-138.206470543191,-1.52583197632339E-07,152.584770477763));
#3268= IFCPOLYLOOP((#3263,#3267,#1638,#1637));
#3269= IFCFACEOUTERBOUND(#3268,.T.);
#3270= IFCFACE((#3269));
#3271= IFCCARTESIANPOINT((-120.086533778552,-1.61815592036874E-07,161.817339402576));
#3272= IFCPOLYLOOP((#3267,#3271,#1639,#1638));
#3273= IFCFACEOUTERBOUND(#3272,.T.);
#3274= IFCFACE((#3273));
#3275= IFCPOLYLOOP((#3271,#3198,#1640,#1639));
#3276= IFCFACEOUTERBOUND(#3275,.T.);
#3277= IFCFACE((#3276));
#3278= IFCCARTESIANPOINT((0.,-1.99997884919867E-07,200.000000001983));
#3279= IFCCARTESIANPOINT((-200.,0.,1.92449078895152E-09));
#3280= IFCCARTESIANPOINT((-200.,-1.99997884919867E-07,200.000000001983));
#3281= IFCPOLYLOOP((#3278,#6,#3279,#3280));
#3282= IFCFACEOUTERBOUND(#3281,.T.);
#3283= IFCPOLYLOOP((#3263,#3259,#3255,#3251,#3247,#3243,#3239,#3235,#3231,#3227,#3223,#3219,#3215,#3211,#3207,#3203,#3199,#3198,#3271,#3267));
#3284= IFCFACEBOUND(#3283,.T.);
#3285= IFCCARTESIANPOINT((-30.0004291428122,1.40255929181876E-06,48.498665842606));
#3286= IFCCARTESIANPOINT((-39.2504291428122,1.40255815495038E-06,46.0201358126178));
#3287= IFCCARTESIANPOINT((-46.021899112824,1.40255508540577E-06,39.248665842606));
#3288= IFCCARTESIANPOINT((-48.5004291428122,1.40255087899277E-06,29.998665842606));
#3289= IFCCARTESIANPOINT((-46.021899112824,1.40254667257977E-06,20.748665842606));
#3290= IFCCARTESIANPOINT((-39.2504291428122,1.40254360303516E-06,13.9771958725942));
#3291= IFCCARTESIANPOINT((-30.0004291428122,1.40254246616678E-06,11.498665842606));
#3292= IFCCARTESIANPOINT((-20.7504291428122,1.40254360303516E-06,13.9771958725942));
#3293= IFCCARTESIANPOINT((-13.9789591728004,1.40254667257977E-06,20.748665842606));
#3294= IFCCARTESIANPOINT((-11.5004291428122,1.40255087899277E-06,29.998665842606));
#3295= IFCCARTESIANPOINT((-13.9789591728004,1.40255508540577E-06,39.248665842606));
#3296= IFCCARTESIANPOINT((-20.7504291428122,1.40255815495038E-06,46.0201358126178));
#3297= IFCPOLYLOOP((#3285,#3286,#3287,#3288,#3289,#3290,#3291,#3292,#3293,#3294,#3295,#3296));
#3298= IFCFACEBOUND(#3297,.T.);
#3299= IFCCARTESIANPOINT((-30.0004291402511,1.36130279315694E-06,188.498665848165));
#3300= IFCCARTESIANPOINT((-39.2504291402511,1.36130165628856E-06,186.020135818177));
#3301= IFCCARTESIANPOINT((-46.0218991102629,1.36129858674394E-06,179.248665848165));
#3302= IFCCARTESIANPOINT((-48.5004291402511,1.36129438033095E-06,169.998665848165));
#3303= IFCCARTESIANPOINT((-46.0218991102629,1.36129017391795E-06,160.748665848165));
#3304= IFCCARTESIANPOINT((-39.2504291402511,1.36128710437333E-06,153.977195878153));
#3305= IFCCARTESIANPOINT((-30.0004291402511,1.36128596750495E-06,151.498665848165));
#3306= IFCCARTESIANPOINT((-20.7504291402511,1.36128710437333E-06,153.977195878153));
#3307= IFCCARTESIANPOINT((-13.9789591702392,1.36129017391795E-06,160.748665848165));
#3308= IFCCARTESIANPOINT((-11.5004291402511,1.36129438033095E-06,169.998665848165));
#3309= IFCCARTESIANPOINT((-13.9789591702392,1.36129858674394E-06,179.248665848165));
#3310= IFCCARTESIANPOINT((-20.7504291402511,1.36130165628856E-06,186.020135818177));
#3311= IFCPOLYLOOP((#3299,#3300,#3301,#3302,#3303,#3304,#3305,#3306,#3307,#3308,#3309,#3310));
#3312= IFCFACEBOUND(#3311,.T.);
#3313= IFCCARTESIANPOINT((-170.000429143998,1.40381803248601E-06,48.4986658473645));
#3314= IFCCARTESIANPOINT((-179.250429143998,1.40381689561764E-06,46.0201358173763));
#3315= IFCCARTESIANPOINT((-186.02189911401,1.40381382607302E-06,39.2486658473645));
#3316= IFCCARTESIANPOINT((-188.500429143998,1.40380961966002E-06,29.9986658473645));
#3317= IFCCARTESIANPOINT((-186.02189911401,1.40380541324703E-06,20.7486658473645));
#3318= IFCCARTESIANPOINT((-179.250429143998,1.40380234370241E-06,13.9771958773526));
#3319= IFCCARTESIANPOINT((-170.000429143998,1.40380120683403E-06,11.4986658473645));
#3320= IFCCARTESIANPOINT((-160.750429143998,1.40380234370241E-06,13.9771958773526));
#3321= IFCCARTESIANPOINT((-153.978959173986,1.40380541324703E-06,20.7486658473645));
#3322= IFCCARTESIANPOINT((-151.500429143998,1.40380961966002E-06,29.9986658473645));
#3323= IFCCARTESIANPOINT((-153.978959173986,1.40381382607302E-06,39.2486658473645));
#3324= IFCCARTESIANPOINT((-160.750429143998,1.40381689561764E-06,46.0201358173763));
#3325= IFCPOLYLOOP((#3313,#3314,#3315,#3316,#3317,#3318,#3319,#3320,#3321,#3322,#3323,#3324));
#3326= IFCFACEBOUND(#3325,.T.);
#3327= IFCCARTESIANPOINT((-170.000429141503,1.36255971483479E-06,188.498665852901));
#3328= IFCCARTESIANPOINT((-179.250429141503,1.36255857796641E-06,186.020135822913));
#3329= IFCCARTESIANPOINT((-186.021899111514,1.36255550842179E-06,179.248665852901));
#3330= IFCCARTESIANPOINT((-188.500429141503,1.3625513020088E-06,169.998665852901));
#3331= IFCCARTESIANPOINT((-186.021899111514,1.3625470955958E-06,160.748665852901));
#3332= IFCCARTESIANPOINT((-179.250429141503,1.36254402605118E-06,153.97719588289));
#3333= IFCCARTESIANPOINT((-170.000429141503,1.36254288918281E-06,151.498665852901));
#3334= IFCCARTESIANPOINT((-160.750429141503,1.36254402605118E-06,153.97719588289));
#3335= IFCCARTESIANPOINT((-153.978959171491,1.3625470955958E-06,160.748665852901));
#3336= IFCCARTESIANPOINT((-151.500429141503,1.3625513020088E-06,169.998665852901));
#3337= IFCCARTESIANPOINT((-153.978959171491,1.36255550842179E-06,179.248665852901));
#3338= IFCCARTESIANPOINT((-160.750429141503,1.36255857796641E-06,186.020135822913));
#3339= IFCPOLYLOOP((#3327,#3328,#3329,#3330,#3331,#3332,#3333,#3334,#3335,#3336,#3337,#3338));
#3340= IFCFACEBOUND(#3339,.T.);
#3341= IFCFACE((#3282,#3284,#3298,#3312,#3326,#3340));
#3342= IFCCARTESIANPOINT((-153.978959171491,3.00000136254641,179.248665852901));
#3343= IFCCARTESIANPOINT((-151.500429141503,3.00000136254221,169.998665852901));
#3344= IFCPOLYLOOP((#3342,#3337,#3336,#3343));
#3345= IFCFACEOUTERBOUND(#3344,.T.);
#3346= IFCFACE((#3345));
#3347= IFCCARTESIANPOINT((-160.750429141503,3.00000136254948,186.020135822913));
#3348= IFCPOLYLOOP((#3347,#3338,#3337,#3342));
#3349= IFCFACEOUTERBOUND(#3348,.T.);
#3350= IFCFACE((#3349));
#3351= IFCCARTESIANPOINT((-170.000429141503,3.00000136255062,188.498665852901));
#3352= IFCPOLYLOOP((#3351,#3327,#3338,#3347));
#3353= IFCFACEOUTERBOUND(#3352,.T.);
#3354= IFCFACE((#3353));
#3355= IFCCARTESIANPOINT((-179.250429141503,3.00000136254948,186.020135822913));
#3356= IFCPOLYLOOP((#3355,#3328,#3327,#3351));
#3357= IFCFACEOUTERBOUND(#3356,.T.);
#3358= IFCFACE((#3357));
#3359= IFCCARTESIANPOINT((-186.021899111514,3.00000136254641,179.248665852901));
#3360= IFCPOLYLOOP((#3359,#3329,#3328,#3355));
#3361= IFCFACEOUTERBOUND(#3360,.T.);
#3362= IFCFACE((#3361));
#3363= IFCCARTESIANPOINT((-188.500429141503,3.00000136254221,169.998665852901));
#3364= IFCPOLYLOOP((#3363,#3330,#3329,#3359));
#3365= IFCFACEOUTERBOUND(#3364,.T.);
#3366= IFCFACE((#3365));
#3367= IFCCARTESIANPOINT((-186.021899111514,3.000001362538,160.748665852901));
#3368= IFCPOLYLOOP((#3367,#3331,#3330,#3363));
#3369= IFCFACEOUTERBOUND(#3368,.T.);
#3370= IFCFACE((#3369));
#3371= IFCCARTESIANPOINT((-179.250429141503,3.00000136253493,153.97719588289));
#3372= IFCPOLYLOOP((#3371,#3332,#3331,#3367));
#3373= IFCFACEOUTERBOUND(#3372,.T.);
#3374= IFCFACE((#3373));
#3375= IFCCARTESIANPOINT((-170.000429141503,3.00000136253379,151.498665852901));
#3376= IFCPOLYLOOP((#3375,#3333,#3332,#3371));
#3377= IFCFACEOUTERBOUND(#3376,.T.);
#3378= IFCFACE((#3377));
#3379= IFCCARTESIANPOINT((-160.750429141503,3.00000136253493,153.97719588289));
#3380= IFCPOLYLOOP((#3379,#3334,#3333,#3375));
#3381= IFCFACEOUTERBOUND(#3380,.T.);
#3382= IFCFACE((#3381));
#3383= IFCCARTESIANPOINT((-153.978959171491,3.000001362538,160.748665852901));
#3384= IFCPOLYLOOP((#3383,#3335,#3334,#3379));
#3385= IFCFACEOUTERBOUND(#3384,.T.);
#3386= IFCFACE((#3385));
#3387= IFCPOLYLOOP((#3343,#3336,#3335,#3383));
#3388= IFCFACEOUTERBOUND(#3387,.T.);
#3389= IFCFACE((#3388));
#3390= IFCPOLYLOOP((#3363,#3359,#3355,#3351,#3347,#3342,#3343,#3383,#3379,#3375,#3371,#3367));
#3391= IFCFACEOUTERBOUND(#3390,.T.);
#3392= IFCCARTESIANPOINT((-170.000429141459,3.00000136255039,187.998665853811));
#3393= IFCCARTESIANPOINT((-185.588886409579,3.0000013625463,178.998665853811));
#3394= IFCCARTESIANPOINT((-185.588886409579,3.00000136253811,160.998665853811));
#3395= IFCCARTESIANPOINT((-170.000429141459,3.00000136253402,151.998665853811));
#3396= IFCCARTESIANPOINT((-154.411971873339,3.00000136253811,160.998665853811));
#3397= IFCCARTESIANPOINT((-154.411971873339,3.0000013625463,178.998665853811));
#3398= IFCPOLYLOOP((#3392,#3393,#3394,#3395,#3396,#3397));
#3399= IFCFACEBOUND(#3398,.T.);
#3400= IFCFACE((#3391,#3399));
#3401= IFCCARTESIANPOINT((-154.411971873339,19.0000013624817,160.998665853818));
#3402= IFCCARTESIANPOINT((-170.000429141459,19.0000013624776,151.998665853818));
#3403= IFCPOLYLOOP((#3401,#3396,#3395,#3402));
#3404= IFCFACEOUTERBOUND(#3403,.T.);
#3405= IFCFACE((#3404));
#3406= IFCCARTESIANPOINT((-154.411971873339,19.0000013624899,178.998665853818));
#3407= IFCPOLYLOOP((#3406,#3397,#3396,#3401));
#3408= IFCFACEOUTERBOUND(#3407,.T.);
#3409= IFCFACE((#3408));
#3410= IFCCARTESIANPOINT((-170.000429141459,19.000001362494,187.998665853818));
#3411= IFCPOLYLOOP((#3410,#3392,#3397,#3406));
#3412= IFCFACEOUTERBOUND(#3411,.T.);
#3413= IFCFACE((#3412));
#3414= IFCCARTESIANPOINT((-185.588886409579,19.0000013624899,178.998665853818));
#3415= IFCPOLYLOOP((#3414,#3393,#3392,#3410));
#3416= IFCFACEOUTERBOUND(#3415,.T.);
#3417= IFCFACE((#3416));
#3418= IFCCARTESIANPOINT((-185.588886409579,19.0000013624817,160.998665853818));
#3419= IFCPOLYLOOP((#3418,#3394,#3393,#3414));
#3420= IFCFACEOUTERBOUND(#3419,.T.);
#3421= IFCFACE((#3420));
#3422= IFCPOLYLOOP((#3402,#3395,#3394,#3418));
#3423= IFCFACEOUTERBOUND(#3422,.T.);
#3424= IFCFACE((#3423));
#3425= IFCPOLYLOOP((#3402,#3418,#3414,#3410,#3406,#3401));
#3426= IFCFACEOUTERBOUND(#3425,.T.);
#3427= IFCCARTESIANPOINT((-182.00082270207,19.0000013624858,169.998624679516));
#3428= IFCCARTESIANPOINT((-180.393127547483,19.0000013624831,163.998624679516));
#3429= IFCCARTESIANPOINT((-176.00082270207,19.000001362481,159.606319834103));
#3430= IFCCARTESIANPOINT((-170.00082270207,19.0000013624804,157.998624679516));
#3431= IFCCARTESIANPOINT((-164.00082270207,19.000001362481,159.606319834103));
#3432= IFCCARTESIANPOINT((-159.608517856656,19.0000013624831,163.998624679516));
#3433= IFCCARTESIANPOINT((-158.00082270207,19.0000013624858,169.998624679516));
#3434= IFCCARTESIANPOINT((-159.608517856656,19.0000013624885,175.998624679516));
#3435= IFCCARTESIANPOINT((-164.00082270207,19.0000013624906,180.390929524929));
#3436= IFCCARTESIANPOINT((-170.00082270207,19.0000013624913,181.998624679516));
#3437= IFCCARTESIANPOINT((-176.00082270207,19.0000013624906,180.390929524929));
#3438= IFCCARTESIANPOINT((-180.393127547483,19.0000013624885,175.998624679516));
#3439= IFCPOLYLOOP((#3427,#3428,#3429,#3430,#3431,#3432,#3433,#3434,#3435,#3436,#3437,#3438));
#3440= IFCFACEBOUND(#3439,.T.);
#3441= IFCFACE((#3426,#3440));
#3442= IFCCARTESIANPOINT((-170.00082270207,28.9961155848696,181.99862467952));
#3443= IFCCARTESIANPOINT((-176.00082270207,28.9961155848689,180.390929524932));
#3444= IFCPOLYLOOP((#3442,#3443,#3437,#3436));
#3445= IFCFACEOUTERBOUND(#3444,.T.);
#3446= IFCFACE((#3445));
#3447= IFCCARTESIANPOINT((-180.393127547483,28.9961155848669,175.99862467952));
#3448= IFCPOLYLOOP((#3443,#3447,#3438,#3437));
#3449= IFCFACEOUTERBOUND(#3448,.T.);
#3450= IFCFACE((#3449));
#3451= IFCCARTESIANPOINT((-182.00082270207,28.9961155848641,169.99862467952));
#3452= IFCPOLYLOOP((#3447,#3451,#3427,#3438));
#3453= IFCFACEOUTERBOUND(#3452,.T.);
#3454= IFCFACE((#3453));
#3455= IFCCARTESIANPOINT((-180.393127547483,28.9961155848614,163.99862467952));
#3456= IFCPOLYLOOP((#3451,#3455,#3428,#3427));
#3457= IFCFACEOUTERBOUND(#3456,.T.);
#3458= IFCFACE((#3457));
#3459= IFCCARTESIANPOINT((-176.00082270207,28.9961155848594,159.606319834107));
#3460= IFCPOLYLOOP((#3455,#3459,#3429,#3428));
#3461= IFCFACEOUTERBOUND(#3460,.T.);
#3462= IFCFACE((#3461));
#3463= IFCCARTESIANPOINT((-170.00082270207,28.9961155848587,157.99862467952));
#3464= IFCPOLYLOOP((#3459,#3463,#3430,#3429));
#3465= IFCFACEOUTERBOUND(#3464,.T.);
#3466= IFCFACE((#3465));
#3467= IFCCARTESIANPOINT((-164.00082270207,28.9961155848594,159.606319834107));
#3468= IFCPOLYLOOP((#3463,#3467,#3431,#3430));
#3469= IFCFACEOUTERBOUND(#3468,.T.);
#3470= IFCFACE((#3469));
#3471= IFCCARTESIANPOINT((-159.608517856656,28.9961155848614,163.99862467952));
#3472= IFCPOLYLOOP((#3467,#3471,#3432,#3431));
#3473= IFCFACEOUTERBOUND(#3472,.T.);
#3474= IFCFACE((#3473));
#3475= IFCCARTESIANPOINT((-158.00082270207,28.9961155848641,169.99862467952));
#3476= IFCPOLYLOOP((#3471,#3475,#3433,#3432));
#3477= IFCFACEOUTERBOUND(#3476,.T.);
#3478= IFCFACE((#3477));
#3479= IFCCARTESIANPOINT((-159.608517856656,28.9961155848669,175.99862467952));
#3480= IFCPOLYLOOP((#3475,#3479,#3434,#3433));
#3481= IFCFACEOUTERBOUND(#3480,.T.);
#3482= IFCFACE((#3481));
#3483= IFCCARTESIANPOINT((-164.00082270207,28.9961155848689,180.390929524932));
#3484= IFCPOLYLOOP((#3479,#3483,#3435,#3434));
#3485= IFCFACEOUTERBOUND(#3484,.T.);
#3486= IFCFACE((#3485));
#3487= IFCPOLYLOOP((#3483,#3442,#3436,#3435));
#3488= IFCFACEOUTERBOUND(#3487,.T.);
#3489= IFCFACE((#3488));
#3490= IFCPOLYLOOP((#3451,#3447,#3443,#3442,#3483,#3479,#3475,#3471,#3467,#3463,#3459,#3455));
#3491= IFCFACEOUTERBOUND(#3490,.T.);
#3492= IFCFACE((#3491));
#3493= IFCCARTESIANPOINT((-153.978959173986,3.00000140380473,39.2486658473645));
#3494= IFCCARTESIANPOINT((-151.500429143998,3.00000140380052,29.9986658473645));
#3495= IFCPOLYLOOP((#3493,#3323,#3322,#3494));
#3496= IFCFACEOUTERBOUND(#3495,.T.);
#3497= IFCFACE((#3496));
#3498= IFCCARTESIANPOINT((-160.750429143998,3.0000014038078,46.0201358173763));
#3499= IFCPOLYLOOP((#3498,#3324,#3323,#3493));
#3500= IFCFACEOUTERBOUND(#3499,.T.);
#3501= IFCFACE((#3500));
#3502= IFCCARTESIANPOINT((-170.000429143998,3.00000140380894,48.4986658473645));
#3503= IFCPOLYLOOP((#3502,#3313,#3324,#3498));
#3504= IFCFACEOUTERBOUND(#3503,.T.);
#3505= IFCFACE((#3504));
#3506= IFCCARTESIANPOINT((-179.250429143998,3.0000014038078,46.0201358173763));
#3507= IFCPOLYLOOP((#3506,#3314,#3313,#3502));
#3508= IFCFACEOUTERBOUND(#3507,.T.);
#3509= IFCFACE((#3508));
#3510= IFCCARTESIANPOINT((-186.02189911401,3.00000140380473,39.2486658473645));
#3511= IFCPOLYLOOP((#3510,#3315,#3314,#3506));
#3512= IFCFACEOUTERBOUND(#3511,.T.);
#3513= IFCFACE((#3512));
#3514= IFCCARTESIANPOINT((-188.500429143998,3.00000140380052,29.9986658473645));
#3515= IFCPOLYLOOP((#3514,#3316,#3315,#3510));
#3516= IFCFACEOUTERBOUND(#3515,.T.);
#3517= IFCFACE((#3516));
#3518= IFCCARTESIANPOINT((-186.02189911401,3.00000140379632,20.7486658473645));
#3519= IFCPOLYLOOP((#3518,#3317,#3316,#3514));
#3520= IFCFACEOUTERBOUND(#3519,.T.);
#3521= IFCFACE((#3520));
#3522= IFCCARTESIANPOINT((-179.250429143998,3.00000140379325,13.9771958773526));
#3523= IFCPOLYLOOP((#3522,#3318,#3317,#3518));
#3524= IFCFACEOUTERBOUND(#3523,.T.);
#3525= IFCFACE((#3524));
#3526= IFCCARTESIANPOINT((-170.000429143998,3.00000140379211,11.4986658473645));
#3527= IFCPOLYLOOP((#3526,#3319,#3318,#3522));
#3528= IFCFACEOUTERBOUND(#3527,.T.);
#3529= IFCFACE((#3528));
#3530= IFCCARTESIANPOINT((-160.750429143998,3.00000140379325,13.9771958773526));
#3531= IFCPOLYLOOP((#3530,#3320,#3319,#3526));
#3532= IFCFACEOUTERBOUND(#3531,.T.);
#3533= IFCFACE((#3532));
#3534= IFCCARTESIANPOINT((-153.978959173986,3.00000140379632,20.7486658473645));
#3535= IFCPOLYLOOP((#3534,#3321,#3320,#3530));
#3536= IFCFACEOUTERBOUND(#3535,.T.);
#3537= IFCFACE((#3536));
#3538= IFCPOLYLOOP((#3494,#3322,#3321,#3534));
#3539= IFCFACEOUTERBOUND(#3538,.T.);
#3540= IFCFACE((#3539));
#3541= IFCPOLYLOOP((#3514,#3510,#3506,#3502,#3498,#3493,#3494,#3534,#3530,#3526,#3522,#3518));
#3542= IFCFACEOUTERBOUND(#3541,.T.);
#3543= IFCCARTESIANPOINT((-170.000429143962,3.00000140380871,47.9986658482812));
#3544= IFCCARTESIANPOINT((-185.588886412082,3.00000140380462,38.9986658482812));
#3545= IFCCARTESIANPOINT((-185.588886412082,3.00000140379643,20.9986658482812));
#3546= IFCCARTESIANPOINT((-170.000429143962,3.00000140379234,11.9986658482812));
#3547= IFCCARTESIANPOINT((-154.411971875842,3.00000140379643,20.9986658482812));
#3548= IFCCARTESIANPOINT((-154.411971875842,3.00000140380462,38.9986658482812));
#3549= IFCPOLYLOOP((#3543,#3544,#3545,#3546,#3547,#3548));
#3550= IFCFACEBOUND(#3549,.T.);
#3551= IFCFACE((#3542,#3550));
#3552= IFCCARTESIANPOINT((-154.411971875842,19.00000140374,20.9986658482885));
#3553= IFCCARTESIANPOINT((-170.000429143962,19.000001403736,11.9986658482885));
#3554= IFCPOLYLOOP((#3552,#3547,#3546,#3553));
#3555= IFCFACEOUTERBOUND(#3554,.T.);
#3556= IFCFACE((#3555));
#3557= IFCCARTESIANPOINT((-154.411971875842,19.0000014037482,38.9986658482885));
#3558= IFCPOLYLOOP((#3557,#3548,#3547,#3552));
#3559= IFCFACEOUTERBOUND(#3558,.T.);
#3560= IFCFACE((#3559));
#3561= IFCCARTESIANPOINT((-170.000429143962,19.0000014037523,47.9986658482885));
#3562= IFCPOLYLOOP((#3561,#3543,#3548,#3557));
#3563= IFCFACEOUTERBOUND(#3562,.T.);
#3564= IFCFACE((#3563));
#3565= IFCCARTESIANPOINT((-185.588886412082,19.0000014037482,38.9986658482885));
#3566= IFCPOLYLOOP((#3565,#3544,#3543,#3561));
#3567= IFCFACEOUTERBOUND(#3566,.T.);
#3568= IFCFACE((#3567));
#3569= IFCCARTESIANPOINT((-185.588886412082,19.00000140374,20.9986658482885));
#3570= IFCPOLYLOOP((#3569,#3545,#3544,#3565));
#3571= IFCFACEOUTERBOUND(#3570,.T.);
#3572= IFCFACE((#3571));
#3573= IFCPOLYLOOP((#3553,#3546,#3545,#3569));
#3574= IFCFACEOUTERBOUND(#3573,.T.);
#3575= IFCFACE((#3574));
#3576= IFCPOLYLOOP((#3553,#3569,#3565,#3561,#3557,#3552));
#3577= IFCFACEOUTERBOUND(#3576,.T.);
#3578= IFCCARTESIANPOINT((-182.000822702055,19.0000014037441,29.9986246761982));
#3579= IFCCARTESIANPOINT((-180.393127547469,19.0000014037414,23.9986246761982));
#3580= IFCCARTESIANPOINT((-176.000822702055,19.0000014037394,19.6063198307857));
#3581= IFCCARTESIANPOINT((-170.000822702055,19.0000014037387,17.9986246761982));
#3582= IFCCARTESIANPOINT((-164.000822702055,19.0000014037394,19.6063198307857));
#3583= IFCCARTESIANPOINT((-159.608517856642,19.0000014037414,23.9986246761982));
#3584= IFCCARTESIANPOINT((-158.000822702055,19.0000014037441,29.9986246761982));
#3585= IFCCARTESIANPOINT((-159.608517856642,19.0000014037469,35.9986246761982));
#3586= IFCCARTESIANPOINT((-164.000822702055,19.0000014037489,40.3909295216108));
#3587= IFCCARTESIANPOINT((-170.000822702055,19.0000014037496,41.9986246761982));
#3588= IFCCARTESIANPOINT((-176.000822702055,19.0000014037489,40.3909295216108));
#3589= IFCCARTESIANPOINT((-180.393127547469,19.0000014037469,35.9986246761982));
#3590= IFCPOLYLOOP((#3578,#3579,#3580,#3581,#3582,#3583,#3584,#3585,#3586,#3587,#3588,#3589));
#3591= IFCFACEBOUND(#3590,.T.);
#3592= IFCFACE((#3577,#3591));
#3593= IFCCARTESIANPOINT((-170.000822702055,28.9961155848059,41.9986246762019));
#3594= IFCCARTESIANPOINT((-176.000822702055,28.9961155848052,40.3909295216145));
#3595= IFCPOLYLOOP((#3593,#3594,#3588,#3587));
#3596= IFCFACEOUTERBOUND(#3595,.T.);
#3597= IFCFACE((#3596));
#3598= IFCCARTESIANPOINT((-180.393127547469,28.9961155848032,35.9986246762019));
#3599= IFCPOLYLOOP((#3594,#3598,#3589,#3588));
#3600= IFCFACEOUTERBOUND(#3599,.T.);
#3601= IFCFACE((#3600));
#3602= IFCCARTESIANPOINT((-182.000822702055,28.9961155848005,29.9986246762019));
#3603= IFCPOLYLOOP((#3598,#3602,#3578,#3589));
#3604= IFCFACEOUTERBOUND(#3603,.T.);
#3605= IFCFACE((#3604));
#3606= IFCCARTESIANPOINT((-180.393127547469,28.9961155847977,23.9986246762019));
#3607= IFCPOLYLOOP((#3602,#3606,#3579,#3578));
#3608= IFCFACEOUTERBOUND(#3607,.T.);
#3609= IFCFACE((#3608));
#3610= IFCCARTESIANPOINT((-176.000822702055,28.9961155847957,19.6063198307893));
#3611= IFCPOLYLOOP((#3606,#3610,#3580,#3579));
#3612= IFCFACEOUTERBOUND(#3611,.T.);
#3613= IFCFACE((#3612));
#3614= IFCCARTESIANPOINT((-170.000822702055,28.996115584795,17.9986246762019));
#3615= IFCPOLYLOOP((#3610,#3614,#3581,#3580));
#3616= IFCFACEOUTERBOUND(#3615,.T.);
#3617= IFCFACE((#3616));
#3618= IFCCARTESIANPOINT((-164.000822702055,28.9961155847957,19.6063198307893));
#3619= IFCPOLYLOOP((#3614,#3618,#3582,#3581));
#3620= IFCFACEOUTERBOUND(#3619,.T.);
#3621= IFCFACE((#3620));
#3622= IFCCARTESIANPOINT((-159.608517856642,28.9961155847977,23.9986246762019));
#3623= IFCPOLYLOOP((#3618,#3622,#3583,#3582));
#3624= IFCFACEOUTERBOUND(#3623,.T.);
#3625= IFCFACE((#3624));
#3626= IFCCARTESIANPOINT((-158.000822702055,28.9961155848005,29.9986246762019));
#3627= IFCPOLYLOOP((#3622,#3626,#3584,#3583));
#3628= IFCFACEOUTERBOUND(#3627,.T.);
#3629= IFCFACE((#3628));
#3630= IFCCARTESIANPOINT((-159.608517856642,28.9961155848032,35.9986246762019));
#3631= IFCPOLYLOOP((#3626,#3630,#3585,#3584));
#3632= IFCFACEOUTERBOUND(#3631,.T.);
#3633= IFCFACE((#3632));
#3634= IFCCARTESIANPOINT((-164.000822702055,28.9961155848052,40.3909295216145));
#3635= IFCPOLYLOOP((#3630,#3634,#3586,#3585));
#3636= IFCFACEOUTERBOUND(#3635,.T.);
#3637= IFCFACE((#3636));
#3638= IFCPOLYLOOP((#3634,#3593,#3587,#3586));
#3639= IFCFACEOUTERBOUND(#3638,.T.);
#3640= IFCFACE((#3639));
#3641= IFCPOLYLOOP((#3602,#3598,#3594,#3593,#3634,#3630,#3626,#3622,#3618,#3614,#3610,#3606));
#3642= IFCFACEOUTERBOUND(#3641,.T.);
#3643= IFCFACE((#3642));
#3644= IFCCARTESIANPOINT((-13.9789591702392,3.00000136128949,179.248665848165));
#3645= IFCCARTESIANPOINT((-11.5004291402511,3.00000136128529,169.998665848165));
#3646= IFCPOLYLOOP((#3644,#3309,#3308,#3645));
#3647= IFCFACEOUTERBOUND(#3646,.T.);
#3648= IFCFACE((#3647));
#3649= IFCCARTESIANPOINT((-20.7504291402511,3.00000136129256,186.020135818177));
#3650= IFCPOLYLOOP((#3649,#3310,#3309,#3644));
#3651= IFCFACEOUTERBOUND(#3650,.T.);
#3652= IFCFACE((#3651));
#3653= IFCCARTESIANPOINT((-30.0004291402511,3.0000013612937,188.498665848165));
#3654= IFCPOLYLOOP((#3653,#3299,#3310,#3649));
#3655= IFCFACEOUTERBOUND(#3654,.T.);
#3656= IFCFACE((#3655));
#3657= IFCCARTESIANPOINT((-39.2504291402511,3.00000136129256,186.020135818177));
#3658= IFCPOLYLOOP((#3657,#3300,#3299,#3653));
#3659= IFCFACEOUTERBOUND(#3658,.T.);
#3660= IFCFACE((#3659));
#3661= IFCCARTESIANPOINT((-46.0218991102629,3.00000136128949,179.248665848165));
#3662= IFCPOLYLOOP((#3661,#3301,#3300,#3657));
#3663= IFCFACEOUTERBOUND(#3662,.T.);
#3664= IFCFACE((#3663));
#3665= IFCCARTESIANPOINT((-48.5004291402511,3.00000136128529,169.998665848165));
#3666= IFCPOLYLOOP((#3665,#3302,#3301,#3661));
#3667= IFCFACEOUTERBOUND(#3666,.T.);
#3668= IFCFACE((#3667));
#3669= IFCCARTESIANPOINT((-46.0218991102629,3.00000136128108,160.748665848165));
#3670= IFCPOLYLOOP((#3669,#3303,#3302,#3665));
#3671= IFCFACEOUTERBOUND(#3670,.T.);
#3672= IFCFACE((#3671));
#3673= IFCCARTESIANPOINT((-39.2504291402511,3.00000136127801,153.977195878153));
#3674= IFCPOLYLOOP((#3673,#3304,#3303,#3669));
#3675= IFCFACEOUTERBOUND(#3674,.T.);
#3676= IFCFACE((#3675));
#3677= IFCCARTESIANPOINT((-30.0004291402511,3.00000136127687,151.498665848165));
#3678= IFCPOLYLOOP((#3677,#3305,#3304,#3673));
#3679= IFCFACEOUTERBOUND(#3678,.T.);
#3680= IFCFACE((#3679));
#3681= IFCCARTESIANPOINT((-20.7504291402511,3.00000136127801,153.977195878153));
#3682= IFCPOLYLOOP((#3681,#3306,#3305,#3677));
#3683= IFCFACEOUTERBOUND(#3682,.T.);
#3684= IFCFACE((#3683));
#3685= IFCCARTESIANPOINT((-13.9789591702392,3.00000136128108,160.748665848165));
#3686= IFCPOLYLOOP((#3685,#3307,#3306,#3681));
#3687= IFCFACEOUTERBOUND(#3686,.T.);
#3688= IFCFACE((#3687));
#3689= IFCPOLYLOOP((#3645,#3308,#3307,#3685));
#3690= IFCFACEOUTERBOUND(#3689,.T.);
#3691= IFCFACE((#3690));
#3692= IFCPOLYLOOP((#3665,#3661,#3657,#3653,#3649,#3644,#3645,#3685,#3681,#3677,#3673,#3669));
#3693= IFCFACEOUTERBOUND(#3692,.T.);
#3694= IFCCARTESIANPOINT((-30.0004291402147,3.00000136129347,187.998665849082));
#3695= IFCCARTESIANPOINT((-45.5888864083345,3.00000136128938,178.998665849082));
#3696= IFCCARTESIANPOINT((-45.5888864083345,3.00000136128119,160.998665849082));
#3697= IFCCARTESIANPOINT((-30.0004291402147,3.0000013612771,151.998665849082));
#3698= IFCCARTESIANPOINT((-14.4119718720949,3.00000136128119,160.998665849082));
#3699= IFCCARTESIANPOINT((-14.4119718720949,3.00000136128938,178.998665849082));
#3700= IFCPOLYLOOP((#3694,#3695,#3696,#3697,#3698,#3699));
#3701= IFCFACEBOUND(#3700,.T.);
#3702= IFCFACE((#3693,#3701));
#3703= IFCCARTESIANPOINT((-14.4119718720949,19.000001361223,160.998665849089));
#3704= IFCCARTESIANPOINT((-30.0004291402147,19.0000013612189,151.998665849089));
#3705= IFCPOLYLOOP((#3703,#3698,#3697,#3704));
#3706= IFCFACEOUTERBOUND(#3705,.T.);
#3707= IFCFACE((#3706));
#3708= IFCCARTESIANPOINT((-14.4119718720949,19.0000013612312,178.998665849089));
#3709= IFCPOLYLOOP((#3708,#3699,#3698,#3703));
#3710= IFCFACEOUTERBOUND(#3709,.T.);
#3711= IFCFACE((#3710));
#3712= IFCCARTESIANPOINT((-30.0004291402147,19.0000013612353,187.998665849089));
#3713= IFCPOLYLOOP((#3712,#3694,#3699,#3708));
#3714= IFCFACEOUTERBOUND(#3713,.T.);
#3715= IFCFACE((#3714));
#3716= IFCCARTESIANPOINT((-45.5888864083345,19.0000013612312,178.998665849089));
#3717= IFCPOLYLOOP((#3716,#3695,#3694,#3712));
#3718= IFCFACEOUTERBOUND(#3717,.T.);
#3719= IFCFACE((#3718));
#3720= IFCCARTESIANPOINT((-45.5888864083345,19.000001361223,160.998665849089));
#3721= IFCPOLYLOOP((#3720,#3696,#3695,#3716));
#3722= IFCFACEOUTERBOUND(#3721,.T.);
#3723= IFCFACE((#3722));
#3724= IFCPOLYLOOP((#3704,#3697,#3696,#3720));
#3725= IFCFACEOUTERBOUND(#3724,.T.);
#3726= IFCFACE((#3725));
#3727= IFCPOLYLOOP((#3704,#3720,#3716,#3712,#3708,#3703));
#3728= IFCFACEOUTERBOUND(#3727,.T.);
#3729= IFCCARTESIANPOINT((-42.0008226986793,19.0000013612271,169.998624679545));
#3730= IFCCARTESIANPOINT((-40.3931275440927,19.0000013612243,163.998624679545));
#3731= IFCCARTESIANPOINT((-36.0008226986793,19.0000013612223,159.606319834133));
#3732= IFCCARTESIANPOINT((-30.0008226986793,19.0000013612216,157.998624679545));
#3733= IFCCARTESIANPOINT((-24.0008226986793,19.0000013612223,159.606319834133));
#3734= IFCCARTESIANPOINT((-19.6085178532658,19.0000013612243,163.998624679545));
#3735= IFCCARTESIANPOINT((-18.0008226986793,19.0000013612271,169.998624679545));
#3736= IFCCARTESIANPOINT((-19.6085178532658,19.0000013612298,175.998624679545));
#3737= IFCCARTESIANPOINT((-24.0008226986793,19.0000013612319,180.390929524958));
#3738= IFCCARTESIANPOINT((-30.0008226986793,19.0000013612325,181.998624679545));
#3739= IFCCARTESIANPOINT((-36.0008226986793,19.0000013612319,180.390929524958));
#3740= IFCCARTESIANPOINT((-40.3931275440927,19.0000013612298,175.998624679545));
#3741= IFCPOLYLOOP((#3729,#3730,#3731,#3732,#3733,#3734,#3735,#3736,#3737,#3738,#3739,#3740));
#3742= IFCFACEBOUND(#3741,.T.);
#3743= IFCFACE((#3728,#3742));
#3744= IFCCARTESIANPOINT((-30.0008226986793,28.9961155848696,181.998624679549));
#3745= IFCCARTESIANPOINT((-36.0008226986793,28.9961155848689,180.390929524961));
#3746= IFCPOLYLOOP((#3744,#3745,#3739,#3738));
#3747= IFCFACEOUTERBOUND(#3746,.T.);
#3748= IFCFACE((#3747));
#3749= IFCCARTESIANPOINT((-40.3931275440927,28.9961155848669,175.998624679549));
#3750= IFCPOLYLOOP((#3745,#3749,#3740,#3739));
#3751= IFCFACEOUTERBOUND(#3750,.T.);
#3752= IFCFACE((#3751));
#3753= IFCCARTESIANPOINT((-42.0008226986793,28.9961155848641,169.998624679549));
#3754= IFCPOLYLOOP((#3749,#3753,#3729,#3740));
#3755= IFCFACEOUTERBOUND(#3754,.T.);
#3756= IFCFACE((#3755));
#3757= IFCCARTESIANPOINT((-40.3931275440927,28.9961155848614,163.998624679549));
#3758= IFCPOLYLOOP((#3753,#3757,#3730,#3729));
#3759= IFCFACEOUTERBOUND(#3758,.T.);
#3760= IFCFACE((#3759));
#3761= IFCCARTESIANPOINT((-36.0008226986793,28.9961155848594,159.606319834136));
#3762= IFCPOLYLOOP((#3757,#3761,#3731,#3730));
#3763= IFCFACEOUTERBOUND(#3762,.T.);
#3764= IFCFACE((#3763));
#3765= IFCCARTESIANPOINT((-30.0008226986793,28.9961155848587,157.998624679549));
#3766= IFCPOLYLOOP((#3761,#3765,#3732,#3731));
#3767= IFCFACEOUTERBOUND(#3766,.T.);
#3768= IFCFACE((#3767));
#3769= IFCCARTESIANPOINT((-24.0008226986793,28.9961155848594,159.606319834136));
#3770= IFCPOLYLOOP((#3765,#3769,#3733,#3732));
#3771= IFCFACEOUTERBOUND(#3770,.T.);
#3772= IFCFACE((#3771));
#3773= IFCCARTESIANPOINT((-19.6085178532658,28.9961155848614,163.998624679549));
#3774= IFCPOLYLOOP((#3769,#3773,#3734,#3733));
#3775= IFCFACEOUTERBOUND(#3774,.T.);
#3776= IFCFACE((#3775));
#3777= IFCCARTESIANPOINT((-18.0008226986793,28.9961155848641,169.998624679549));
#3778= IFCPOLYLOOP((#3773,#3777,#3735,#3734));
#3779= IFCFACEOUTERBOUND(#3778,.T.);
#3780= IFCFACE((#3779));
#3781= IFCCARTESIANPOINT((-19.6085178532658,28.9961155848669,175.998624679549));
#3782= IFCPOLYLOOP((#3777,#3781,#3736,#3735));
#3783= IFCFACEOUTERBOUND(#3782,.T.);
#3784= IFCFACE((#3783));
#3785= IFCCARTESIANPOINT((-24.0008226986793,28.9961155848689,180.390929524961));
#3786= IFCPOLYLOOP((#3781,#3785,#3737,#3736));
#3787= IFCFACEOUTERBOUND(#3786,.T.);
#3788= IFCFACE((#3787));
#3789= IFCPOLYLOOP((#3785,#3744,#3738,#3737));
#3790= IFCFACEOUTERBOUND(#3789,.T.);
#3791= IFCFACE((#3790));
#3792= IFCPOLYLOOP((#3753,#3749,#3745,#3744,#3785,#3781,#3777,#3773,#3769,#3765,#3761,#3757));
#3793= IFCFACEOUTERBOUND(#3792,.T.);
#3794= IFCFACE((#3793));
#3795= IFCCARTESIANPOINT((-13.9789591728004,3.00000140254599,39.248665842606));
#3796= IFCCARTESIANPOINT((-11.5004291428122,3.00000140254178,29.998665842606));
#3797= IFCPOLYLOOP((#3795,#3295,#3294,#3796));
#3798= IFCFACEOUTERBOUND(#3797,.T.);
#3799= IFCFACE((#3798));
#3800= IFCCARTESIANPOINT((-20.7504291428122,3.00000140254906,46.0201358126178));
#3801= IFCPOLYLOOP((#3800,#3296,#3295,#3795));
#3802= IFCFACEOUTERBOUND(#3801,.T.);
#3803= IFCFACE((#3802));
#3804= IFCCARTESIANPOINT((-30.0004291428122,3.0000014025502,48.498665842606));
#3805= IFCPOLYLOOP((#3804,#3285,#3296,#3800));
#3806= IFCFACEOUTERBOUND(#3805,.T.);
#3807= IFCFACE((#3806));
#3808= IFCCARTESIANPOINT((-39.2504291428122,3.00000140254906,46.0201358126178));
#3809= IFCPOLYLOOP((#3808,#3286,#3285,#3804));
#3810= IFCFACEOUTERBOUND(#3809,.T.);
#3811= IFCFACE((#3810));
#3812= IFCCARTESIANPOINT((-46.021899112824,3.00000140254599,39.248665842606));
#3813= IFCPOLYLOOP((#3812,#3287,#3286,#3808));
#3814= IFCFACEOUTERBOUND(#3813,.T.);
#3815= IFCFACE((#3814));
#3816= IFCCARTESIANPOINT((-48.5004291428122,3.00000140254178,29.998665842606));
#3817= IFCPOLYLOOP((#3816,#3288,#3287,#3812));
#3818= IFCFACEOUTERBOUND(#3817,.T.);
#3819= IFCFACE((#3818));
#3820= IFCCARTESIANPOINT((-46.021899112824,3.00000140253758,20.748665842606));
#3821= IFCPOLYLOOP((#3820,#3289,#3288,#3816));
#3822= IFCFACEOUTERBOUND(#3821,.T.);
#3823= IFCFACE((#3822));
#3824= IFCCARTESIANPOINT((-39.2504291428122,3.00000140253451,13.9771958725942));
#3825= IFCPOLYLOOP((#3824,#3290,#3289,#3820));
#3826= IFCFACEOUTERBOUND(#3825,.T.);
#3827= IFCFACE((#3826));
#3828= IFCCARTESIANPOINT((-30.0004291428122,3.00000140253337,11.498665842606));
#3829= IFCPOLYLOOP((#3828,#3291,#3290,#3824));
#3830= IFCFACEOUTERBOUND(#3829,.T.);
#3831= IFCFACE((#3830));
#3832= IFCCARTESIANPOINT((-20.7504291428122,3.00000140253451,13.9771958725942));
#3833= IFCPOLYLOOP((#3832,#3292,#3291,#3828));
#3834= IFCFACEOUTERBOUND(#3833,.T.);
#3835= IFCFACE((#3834));
#3836= IFCCARTESIANPOINT((-13.9789591728004,3.00000140253758,20.748665842606));
#3837= IFCPOLYLOOP((#3836,#3293,#3292,#3832));
#3838= IFCFACEOUTERBOUND(#3837,.T.);
#3839= IFCFACE((#3838));
#3840= IFCPOLYLOOP((#3796,#3294,#3293,#3836));
#3841= IFCFACEOUTERBOUND(#3840,.T.);
#3842= IFCFACE((#3841));
#3843= IFCPOLYLOOP((#3816,#3812,#3808,#3804,#3800,#3795,#3796,#3836,#3832,#3828,#3824,#3820));
#3844= IFCFACEOUTERBOUND(#3843,.T.);
#3845= IFCCARTESIANPOINT((-30.0004291427686,3.00000140254997,47.9986658435228));
#3846= IFCCARTESIANPOINT((-45.5888864108883,3.00000140254588,38.9986658435228));
#3847= IFCCARTESIANPOINT((-45.5888864108883,3.00000140253769,20.9986658435228));
#3848= IFCCARTESIANPOINT((-30.0004291427686,3.0000014025336,11.9986658435228));
#3849= IFCCARTESIANPOINT((-14.4119718746488,3.00000140253769,20.9986658435228));
#3850= IFCCARTESIANPOINT((-14.4119718746488,3.00000140254588,38.9986658435228));
#3851= IFCPOLYLOOP((#3845,#3846,#3847,#3848,#3849,#3850));
#3852= IFCFACEBOUND(#3851,.T.);
#3853= IFCFACE((#3844,#3852));
#3854= IFCCARTESIANPOINT((-14.4119718746488,19.0000014024813,20.99866584353));
#3855= IFCCARTESIANPOINT((-30.0004291427686,19.0000014024772,11.99866584353));
#3856= IFCPOLYLOOP((#3854,#3849,#3848,#3855));
#3857= IFCFACEOUTERBOUND(#3856,.T.);
#3858= IFCFACE((#3857));
#3859= IFCCARTESIANPOINT((-14.4119718746488,19.0000014024895,38.99866584353));
#3860= IFCPOLYLOOP((#3859,#3850,#3849,#3854));
#3861= IFCFACEOUTERBOUND(#3860,.T.);
#3862= IFCFACE((#3861));
#3863= IFCCARTESIANPOINT((-30.0004291427686,19.0000014024936,47.99866584353));
#3864= IFCPOLYLOOP((#3863,#3845,#3850,#3859));
#3865= IFCFACEOUTERBOUND(#3864,.T.);
#3866= IFCFACE((#3865));
#3867= IFCCARTESIANPOINT((-45.5888864108883,19.0000014024895,38.99866584353));
#3868= IFCPOLYLOOP((#3867,#3846,#3845,#3863));
#3869= IFCFACEOUTERBOUND(#3868,.T.);
#3870= IFCFACE((#3869));
#3871= IFCCARTESIANPOINT((-45.5888864108883,19.0000014024813,20.99866584353));
#3872= IFCPOLYLOOP((#3871,#3847,#3846,#3867));
#3873= IFCFACEOUTERBOUND(#3872,.T.);
#3874= IFCFACE((#3873));
#3875= IFCPOLYLOOP((#3855,#3848,#3847,#3871));
#3876= IFCFACEOUTERBOUND(#3875,.T.);
#3877= IFCFACE((#3876));
#3878= IFCPOLYLOOP((#3855,#3871,#3867,#3863,#3859,#3854));
#3879= IFCFACEOUTERBOUND(#3878,.T.);
#3880= IFCCARTESIANPOINT((-42.0008226987375,19.0000014024854,29.9986246761982));
#3881= IFCCARTESIANPOINT((-40.393127544151,19.0000014024827,23.9986246761982));
#3882= IFCCARTESIANPOINT((-36.0008226987375,19.0000014024806,19.6063198307857));
#3883= IFCCARTESIANPOINT((-30.0008226987375,19.0000014024799,17.9986246761982));
#3884= IFCCARTESIANPOINT((-24.0008226987375,19.0000014024806,19.6063198307857));
#3885= IFCCARTESIANPOINT((-19.608517853324,19.0000014024827,23.9986246761982));
#3886= IFCCARTESIANPOINT((-18.0008226987375,19.0000014024854,29.9986246761982));
#3887= IFCCARTESIANPOINT((-19.608517853324,19.0000014024881,35.9986246761982));
#3888= IFCCARTESIANPOINT((-24.0008226987375,19.0000014024902,40.3909295216108));
#3889= IFCCARTESIANPOINT((-30.0008226987375,19.0000014024909,41.9986246761982));
#3890= IFCCARTESIANPOINT((-36.0008226987375,19.0000014024902,40.3909295216108));
#3891= IFCCARTESIANPOINT((-40.393127544151,19.0000014024881,35.9986246761982));
#3892= IFCPOLYLOOP((#3880,#3881,#3882,#3883,#3884,#3885,#3886,#3887,#3888,#3889,#3890,#3891));
#3893= IFCFACEBOUND(#3892,.T.);
#3894= IFCFACE((#3879,#3893));
#3895= IFCCARTESIANPOINT((-30.0008226987375,28.9961155848059,41.9986246762019));
#3896= IFCCARTESIANPOINT((-36.0008226987375,28.9961155848052,40.3909295216145));
#3897= IFCPOLYLOOP((#3895,#3896,#3890,#3889));
#3898= IFCFACEOUTERBOUND(#3897,.T.);
#3899= IFCFACE((#3898));
#3900= IFCCARTESIANPOINT((-40.393127544151,28.9961155848032,35.9986246762019));
#3901= IFCPOLYLOOP((#3896,#3900,#3891,#3890));
#3902= IFCFACEOUTERBOUND(#3901,.T.);
#3903= IFCFACE((#3902));
#3904= IFCCARTESIANPOINT((-42.0008226987375,28.9961155848005,29.9986246762019));
#3905= IFCPOLYLOOP((#3900,#3904,#3880,#3891));
#3906= IFCFACEOUTERBOUND(#3905,.T.);
#3907= IFCFACE((#3906));
#3908= IFCCARTESIANPOINT((-40.393127544151,28.9961155847977,23.9986246762019));
#3909= IFCPOLYLOOP((#3904,#3908,#3881,#3880));
#3910= IFCFACEOUTERBOUND(#3909,.T.);
#3911= IFCFACE((#3910));
#3912= IFCCARTESIANPOINT((-36.0008226987375,28.9961155847957,19.6063198307893));
#3913= IFCPOLYLOOP((#3908,#3912,#3882,#3881));
#3914= IFCFACEOUTERBOUND(#3913,.T.);
#3915= IFCFACE((#3914));
#3916= IFCCARTESIANPOINT((-30.0008226987375,28.996115584795,17.9986246762019));
#3917= IFCPOLYLOOP((#3912,#3916,#3883,#3882));
#3918= IFCFACEOUTERBOUND(#3917,.T.);
#3919= IFCFACE((#3918));
#3920= IFCCARTESIANPOINT((-24.0008226987375,28.9961155847957,19.6063198307893));
#3921= IFCPOLYLOOP((#3916,#3920,#3884,#3883));
#3922= IFCFACEOUTERBOUND(#3921,.T.);
#3923= IFCFACE((#3922));
#3924= IFCCARTESIANPOINT((-19.608517853324,28.9961155847977,23.9986246762019));
#3925= IFCPOLYLOOP((#3920,#3924,#3885,#3884));
#3926= IFCFACEOUTERBOUND(#3925,.T.);
#3927= IFCFACE((#3926));
#3928= IFCCARTESIANPOINT((-18.0008226987375,28.9961155848005,29.9986246762019));
#3929= IFCPOLYLOOP((#3924,#3928,#3886,#3885));
#3930= IFCFACEOUTERBOUND(#3929,.T.);
#3931= IFCFACE((#3930));
#3932= IFCCARTESIANPOINT((-19.608517853324,28.9961155848032,35.9986246762019));
#3933= IFCPOLYLOOP((#3928,#3932,#3887,#3886));
#3934= IFCFACEOUTERBOUND(#3933,.T.);
#3935= IFCFACE((#3934));
#3936= IFCCARTESIANPOINT((-24.0008226987375,28.9961155848052,40.3909295216145));
#3937= IFCPOLYLOOP((#3932,#3936,#3888,#3887));
#3938= IFCFACEOUTERBOUND(#3937,.T.);
#3939= IFCFACE((#3938));
#3940= IFCPOLYLOOP((#3936,#3895,#3889,#3888));
#3941= IFCFACEOUTERBOUND(#3940,.T.);
#3942= IFCFACE((#3941));
#3943= IFCPOLYLOOP((#3904,#3900,#3896,#3895,#3936,#3932,#3928,#3924,#3920,#3916,#3912,#3908));
#3944= IFCFACEOUTERBOUND(#3943,.T.);
#3945= IFCFACE((#3944));
#3946= IFCPOLYLOOP((#1618,#3279,#6,#1619));
#3947= IFCFACEOUTERBOUND(#3946,.T.);
#3948= IFCFACE((#3947));
#3949= IFCPOLYLOOP((#1617,#3280,#3279,#1618));
#3950= IFCFACEOUTERBOUND(#3949,.T.);
#3951= IFCFACE((#3950));
#3952= IFCPOLYLOOP((#1620,#3278,#3280,#1617));
#3953= IFCFACEOUTERBOUND(#3952,.T.);
#3954= IFCFACE((#3953));
#3955= IFCPOLYLOOP((#1619,#6,#3278,#1620));
#3956= IFCFACEOUTERBOUND(#3955,.T.);
#3957= IFCFACE((#3956));
#3958= IFCCARTESIANPOINT((-48.511784593029,-244.002919416373,170.002190159714));
#3959= IFCCARTESIANPOINT((-46.0332545630408,-244.002919416368,179.252190159714));
#3960= IFCCARTESIANPOINT((-39.261784593029,-244.002919416365,186.023660129726));
#3961= IFCCARTESIANPOINT((-30.011784593029,-244.002919416364,188.502190159714));
#3962= IFCCARTESIANPOINT((-20.761784593029,-244.002919416365,186.023660129726));
#3963= IFCCARTESIANPOINT((-13.9903146230172,-244.002919416368,179.252190159714));
#3964= IFCCARTESIANPOINT((-11.511784593029,-244.002919416373,170.002190159714));
#3965= IFCCARTESIANPOINT((-13.9903146230172,-244.002919416377,160.752190159714));
#3966= IFCCARTESIANPOINT((-20.761784593029,-244.00291941638,153.980720189702));
#3967= IFCCARTESIANPOINT((-30.011784593029,-244.002919416381,151.502190159714));
#3968= IFCCARTESIANPOINT((-39.261784593029,-244.00291941638,153.980720189702));
#3969= IFCCARTESIANPOINT((-46.0332545630408,-244.002919416377,160.752190159714));
#3970= IFCPOLYLOOP((#3958,#3959,#3960,#3961,#3962,#3963,#3964,#3965,#3966,#3967,#3968,#3969));
#3971= IFCFACEOUTERBOUND(#3970,.T.);
#3972= IFCPOLYLOOP((#1494,#1493,#1498,#1489,#1488,#1505));
#3973= IFCFACEBOUND(#3972,.T.);
#3974= IFCFACE((#3971,#3973));
#3975= IFCCARTESIANPOINT((-39.261784593029,-247.00291941638,153.980720189702));
#3976= IFCCARTESIANPOINT((-30.011784593029,-247.002919416381,151.502190159714));
#3977= IFCPOLYLOOP((#3975,#3968,#3967,#3976));
#3978= IFCFACEOUTERBOUND(#3977,.T.);
#3979= IFCFACE((#3978));
#3980= IFCCARTESIANPOINT((-46.0332545630408,-247.002919416377,160.752190159714));
#3981= IFCPOLYLOOP((#3980,#3969,#3968,#3975));
#3982= IFCFACEOUTERBOUND(#3981,.T.);
#3983= IFCFACE((#3982));
#3984= IFCCARTESIANPOINT((-48.511784593029,-247.002919416373,170.002190159714));
#3985= IFCPOLYLOOP((#3984,#3958,#3969,#3980));
#3986= IFCFACEOUTERBOUND(#3985,.T.);
#3987= IFCFACE((#3986));
#3988= IFCCARTESIANPOINT((-46.0332545630408,-247.002919416368,179.252190159714));
#3989= IFCPOLYLOOP((#3988,#3959,#3958,#3984));
#3990= IFCFACEOUTERBOUND(#3989,.T.);
#3991= IFCFACE((#3990));
#3992= IFCCARTESIANPOINT((-39.261784593029,-247.002919416365,186.023660129726));
#3993= IFCPOLYLOOP((#3992,#3960,#3959,#3988));
#3994= IFCFACEOUTERBOUND(#3993,.T.);
#3995= IFCFACE((#3994));
#3996= IFCCARTESIANPOINT((-30.011784593029,-247.002919416364,188.502190159714));
#3997= IFCPOLYLOOP((#3996,#3961,#3960,#3992));
#3998= IFCFACEOUTERBOUND(#3997,.T.);
#3999= IFCFACE((#3998));
#4000= IFCCARTESIANPOINT((-20.761784593029,-247.002919416365,186.023660129726));
#4001= IFCPOLYLOOP((#4000,#3962,#3961,#3996));
#4002= IFCFACEOUTERBOUND(#4001,.T.);
#4003= IFCFACE((#4002));
#4004= IFCCARTESIANPOINT((-13.9903146230172,-247.002919416368,179.252190159714));
#4005= IFCPOLYLOOP((#4004,#3963,#3962,#4000));
#4006= IFCFACEOUTERBOUND(#4005,.T.);
#4007= IFCFACE((#4006));
#4008= IFCCARTESIANPOINT((-11.511784593029,-247.002919416373,170.002190159714));
#4009= IFCPOLYLOOP((#4008,#3964,#3963,#4004));
#4010= IFCFACEOUTERBOUND(#4009,.T.);
#4011= IFCFACE((#4010));
#4012= IFCCARTESIANPOINT((-13.9903146230172,-247.002919416377,160.752190159714));
#4013= IFCPOLYLOOP((#4012,#3965,#3964,#4008));
#4014= IFCFACEOUTERBOUND(#4013,.T.);
#4015= IFCFACE((#4014));
#4016= IFCCARTESIANPOINT((-20.761784593029,-247.00291941638,153.980720189702));
#4017= IFCPOLYLOOP((#4016,#3966,#3965,#4012));
#4018= IFCFACEOUTERBOUND(#4017,.T.);
#4019= IFCFACE((#4018));
#4020= IFCPOLYLOOP((#3976,#3967,#3966,#4016));
#4021= IFCFACEOUTERBOUND(#4020,.T.);
#4022= IFCFACE((#4021));
#4023= IFCPOLYLOOP((#4012,#4008,#4004,#4000,#3996,#3992,#3988,#3984,#3980,#3975,#3976,#4016));
#4024= IFCFACEOUTERBOUND(#4023,.T.);
#4025= IFCCARTESIANPOINT((-18.0008226986793,-247.002919416373,169.998624679425));
#4026= IFCCARTESIANPOINT((-19.6085178532658,-247.002919416375,163.998624679425));
#4027= IFCCARTESIANPOINT((-24.0008226986793,-247.002919416377,159.606319834013));
#4028= IFCCARTESIANPOINT((-30.0008226986793,-247.002919416378,157.998624679425));
#4029= IFCCARTESIANPOINT((-36.0008226986793,-247.002919416377,159.606319834013));
#4030= IFCCARTESIANPOINT((-40.3931275440927,-247.002919416375,163.998624679425));
#4031= IFCCARTESIANPOINT((-42.0008226986793,-247.002919416373,169.998624679425));
#4032= IFCCARTESIANPOINT((-40.3931275440927,-247.00291941637,175.998624679425));
#4033= IFCCARTESIANPOINT((-36.0008226986793,-247.002919416368,180.390929524838));
#4034= IFCCARTESIANPOINT((-30.0008226986793,-247.002919416367,181.998624679425));
#4035= IFCCARTESIANPOINT((-24.0008226986793,-247.002919416368,180.390929524838));
#4036= IFCCARTESIANPOINT((-19.6085178532658,-247.00291941637,175.998624679425));
#4037= IFCPOLYLOOP((#4025,#4026,#4027,#4028,#4029,#4030,#4031,#4032,#4033,#4034,#4035,#4036));
#4038= IFCFACEBOUND(#4037,.T.);
#4039= IFCFACE((#4024,#4038));
#4040= IFCCARTESIANPOINT((-30.0008226986793,-272.002919416367,181.998624679414));
#4041= IFCCARTESIANPOINT((-24.0008226986793,-272.002919416368,180.390929524827));
#4042= IFCPOLYLOOP((#4040,#4041,#4035,#4034));
#4043= IFCFACEOUTERBOUND(#4042,.T.);
#4044= IFCFACE((#4043));
#4045= IFCCARTESIANPOINT((-19.6085178532658,-272.00291941637,175.998624679414));
#4046= IFCPOLYLOOP((#4041,#4045,#4036,#4035));
#4047= IFCFACEOUTERBOUND(#4046,.T.);
#4048= IFCFACE((#4047));
#4049= IFCCARTESIANPOINT((-18.0008226986793,-272.002919416373,169.998624679414));
#4050= IFCPOLYLOOP((#4045,#4049,#4025,#4036));
#4051= IFCFACEOUTERBOUND(#4050,.T.);
#4052= IFCFACE((#4051));
#4053= IFCCARTESIANPOINT((-19.6085178532658,-272.002919416375,163.998624679414));
#4054= IFCPOLYLOOP((#4049,#4053,#4026,#4025));
#4055= IFCFACEOUTERBOUND(#4054,.T.);
#4056= IFCFACE((#4055));
#4057= IFCCARTESIANPOINT((-24.0008226986793,-272.002919416377,159.606319833998));
#4058= IFCPOLYLOOP((#4053,#4057,#4027,#4026));
#4059= IFCFACEOUTERBOUND(#4058,.T.);
#4060= IFCFACE((#4059));
#4061= IFCCARTESIANPOINT((-30.0008226986793,-272.002919416378,157.998624679414));
#4062= IFCPOLYLOOP((#4057,#4061,#4028,#4027));
#4063= IFCFACEOUTERBOUND(#4062,.T.);
#4064= IFCFACE((#4063));
#4065= IFCCARTESIANPOINT((-36.0008226986793,-272.002919416377,159.606319833998));
#4066= IFCPOLYLOOP((#4061,#4065,#4029,#4028));
#4067= IFCFACEOUTERBOUND(#4066,.T.);
#4068= IFCFACE((#4067));
#4069= IFCCARTESIANPOINT((-40.3931275440927,-272.002919416375,163.998624679414));
#4070= IFCPOLYLOOP((#4065,#4069,#4030,#4029));
#4071= IFCFACEOUTERBOUND(#4070,.T.);
#4072= IFCFACE((#4071));
#4073= IFCCARTESIANPOINT((-42.0008226986793,-272.002919416373,169.998624679414));
#4074= IFCPOLYLOOP((#4069,#4073,#4031,#4030));
#4075= IFCFACEOUTERBOUND(#4074,.T.);
#4076= IFCFACE((#4075));
#4077= IFCCARTESIANPOINT((-40.3931275440927,-272.00291941637,175.998624679414));
#4078= IFCPOLYLOOP((#4073,#4077,#4032,#4031));
#4079= IFCFACEOUTERBOUND(#4078,.T.);
#4080= IFCFACE((#4079));
#4081= IFCCARTESIANPOINT((-36.0008226986793,-272.002919416368,180.390929524827));
#4082= IFCPOLYLOOP((#4077,#4081,#4033,#4032));
#4083= IFCFACEOUTERBOUND(#4082,.T.);
#4084= IFCFACE((#4083));
#4085= IFCPOLYLOOP((#4081,#4040,#4034,#4033));
#4086= IFCFACEOUTERBOUND(#4085,.T.);
#4087= IFCFACE((#4086));
#4088= IFCCARTESIANPOINT((-48.511784593029,-272.002919416373,170.002190159703));
#4089= IFCCARTESIANPOINT((-46.0332545630408,-272.002919416369,179.252190159703));
#4090= IFCCARTESIANPOINT((-39.261784593029,-272.002919416365,186.023660129715));
#4091= IFCCARTESIANPOINT((-30.011784593029,-272.002919416364,188.502190159703));
#4092= IFCCARTESIANPOINT((-20.761784593029,-272.002919416365,186.023660129715));
#4093= IFCCARTESIANPOINT((-13.9903146230172,-272.002919416369,179.252190159703));
#4094= IFCCARTESIANPOINT((-11.511784593029,-272.002919416373,170.002190159703));
#4095= IFCCARTESIANPOINT((-13.9903146230172,-272.002919416377,160.752190159703));
#4096= IFCCARTESIANPOINT((-20.761784593029,-272.00291941638,153.980720189691));
#4097= IFCCARTESIANPOINT((-30.011784593029,-272.002919416381,151.502190159703));
#4098= IFCCARTESIANPOINT((-39.261784593029,-272.00291941638,153.980720189691));
#4099= IFCCARTESIANPOINT((-46.0332545630408,-272.002919416377,160.752190159703));
#4100= IFCPOLYLOOP((#4088,#4089,#4090,#4091,#4092,#4093,#4094,#4095,#4096,#4097,#4098,#4099));
#4101= IFCFACEOUTERBOUND(#4100,.T.);
#4102= IFCPOLYLOOP((#4073,#4069,#4065,#4061,#4057,#4053,#4049,#4045,#4041,#4040,#4081,#4077));
#4103= IFCFACEBOUND(#4102,.T.);
#4104= IFCFACE((#4101,#4103));
#4105= IFCCARTESIANPOINT((-39.261784593029,-275.00291941638,153.980720189687));
#4106= IFCCARTESIANPOINT((-30.011784593029,-275.002919416381,151.502190159699));
#4107= IFCPOLYLOOP((#4105,#4098,#4097,#4106));
#4108= IFCFACEOUTERBOUND(#4107,.T.);
#4109= IFCFACE((#4108));
#4110= IFCCARTESIANPOINT((-46.0332545630408,-275.002919416377,160.752190159699));
#4111= IFCPOLYLOOP((#4110,#4099,#4098,#4105));
#4112= IFCFACEOUTERBOUND(#4111,.T.);
#4113= IFCFACE((#4112));
#4114= IFCCARTESIANPOINT((-48.511784593029,-275.002919416373,170.002190159699));
#4115= IFCPOLYLOOP((#4114,#4088,#4099,#4110));
#4116= IFCFACEOUTERBOUND(#4115,.T.);
#4117= IFCFACE((#4116));
#4118= IFCCARTESIANPOINT((-46.0332545630408,-275.002919416369,179.252190159699));
#4119= IFCPOLYLOOP((#4118,#4089,#4088,#4114));
#4120= IFCFACEOUTERBOUND(#4119,.T.);
#4121= IFCFACE((#4120));
#4122= IFCCARTESIANPOINT((-39.261784593029,-275.002919416365,186.023660129711));
#4123= IFCPOLYLOOP((#4122,#4090,#4089,#4118));
#4124= IFCFACEOUTERBOUND(#4123,.T.);
#4125= IFCFACE((#4124));
#4126= IFCCARTESIANPOINT((-30.011784593029,-275.002919416364,188.502190159699));
#4127= IFCPOLYLOOP((#4126,#4091,#4090,#4122));
#4128= IFCFACEOUTERBOUND(#4127,.T.);
#4129= IFCFACE((#4128));
#4130= IFCCARTESIANPOINT((-20.761784593029,-275.002919416365,186.023660129711));
#4131= IFCPOLYLOOP((#4130,#4092,#4091,#4126));
#4132= IFCFACEOUTERBOUND(#4131,.T.);
#4133= IFCFACE((#4132));
#4134= IFCCARTESIANPOINT((-13.9903146230172,-275.002919416369,179.252190159699));
#4135= IFCPOLYLOOP((#4134,#4093,#4092,#4130));
#4136= IFCFACEOUTERBOUND(#4135,.T.);
#4137= IFCFACE((#4136));
#4138= IFCCARTESIANPOINT((-11.511784593029,-275.002919416373,170.002190159699));
#4139= IFCPOLYLOOP((#4138,#4094,#4093,#4134));
#4140= IFCFACEOUTERBOUND(#4139,.T.);
#4141= IFCFACE((#4140));
#4142= IFCCARTESIANPOINT((-13.9903146230172,-275.002919416377,160.752190159699));
#4143= IFCPOLYLOOP((#4142,#4095,#4094,#4138));
#4144= IFCFACEOUTERBOUND(#4143,.T.);
#4145= IFCFACE((#4144));
#4146= IFCCARTESIANPOINT((-20.761784593029,-275.00291941638,153.980720189687));
#4147= IFCPOLYLOOP((#4146,#4096,#4095,#4142));
#4148= IFCFACEOUTERBOUND(#4147,.T.);
#4149= IFCFACE((#4148));
#4150= IFCPOLYLOOP((#4106,#4097,#4096,#4146));
#4151= IFCFACEOUTERBOUND(#4150,.T.);
#4152= IFCFACE((#4151));
#4153= IFCPOLYLOOP((#4142,#4138,#4134,#4130,#4126,#4122,#4118,#4114,#4110,#4105,#4106,#4146));
#4154= IFCFACEOUTERBOUND(#4153,.T.);
#4155= IFCCARTESIANPOINT((-30.011784593029,-275.003884415127,186.498624679385));
#4156= IFCCARTESIANPOINT((-15.7223654305853,-275.003884415131,178.248624679385));
#4157= IFCCARTESIANPOINT((-15.7223654305853,-275.003884415139,161.748624679385));
#4158= IFCCARTESIANPOINT((-30.011784593029,-275.003884415142,153.498624679385));
#4159= IFCCARTESIANPOINT((-44.3012037554727,-275.003884415139,161.748624679385));
#4160= IFCCARTESIANPOINT((-44.3012037554727,-275.003884415131,178.248624679385));
#4161= IFCPOLYLOOP((#4155,#4156,#4157,#4158,#4159,#4160));
#4162= IFCFACEBOUND(#4161,.T.);
#4163= IFCFACE((#4154,#4162));
#4164= IFCCARTESIANPOINT((-44.3012037554727,-291.003884415139,161.748624679378));
#4165= IFCCARTESIANPOINT((-30.011784593029,-291.003884415142,153.498624679378));
#4166= IFCPOLYLOOP((#4164,#4159,#4158,#4165));
#4167= IFCFACEOUTERBOUND(#4166,.T.);
#4168= IFCFACE((#4167));
#4169= IFCCARTESIANPOINT((-44.3012037554727,-291.003884415131,178.248624679378));
#4170= IFCPOLYLOOP((#4169,#4160,#4159,#4164));
#4171= IFCFACEOUTERBOUND(#4170,.T.);
#4172= IFCFACE((#4171));
#4173= IFCCARTESIANPOINT((-30.011784593029,-291.003884415127,186.498624679378));
#4174= IFCPOLYLOOP((#4173,#4155,#4160,#4169));
#4175= IFCFACEOUTERBOUND(#4174,.T.);
#4176= IFCFACE((#4175));
#4177= IFCCARTESIANPOINT((-15.7223654305853,-291.003884415131,178.248624679378));
#4178= IFCPOLYLOOP((#4177,#4156,#4155,#4173));
#4179= IFCFACEOUTERBOUND(#4178,.T.);
#4180= IFCFACE((#4179));
#4181= IFCCARTESIANPOINT((-15.7223654305853,-291.003884415139,161.748624679378));
#4182= IFCPOLYLOOP((#4181,#4157,#4156,#4177));
#4183= IFCFACEOUTERBOUND(#4182,.T.);
#4184= IFCFACE((#4183));
#4185= IFCPOLYLOOP((#4165,#4158,#4157,#4181));
#4186= IFCFACEOUTERBOUND(#4185,.T.);
#4187= IFCFACE((#4186));
#4188= IFCPOLYLOOP((#4173,#4169,#4164,#4165,#4181,#4177));
#4189= IFCFACEOUTERBOUND(#4188,.T.);
#4190= IFCCARTESIANPOINT((-18.0008226986793,-291.003884415135,169.998624679403));
#4191= IFCCARTESIANPOINT((-19.6085178532658,-291.003884415138,163.998624679403));
#4192= IFCCARTESIANPOINT((-24.0008226986793,-291.00388441514,159.606319833991));
#4193= IFCCARTESIANPOINT((-30.0008226986793,-291.00388441514,157.998624679403));
#4194= IFCCARTESIANPOINT((-36.0008226986793,-291.00388441514,159.606319833991));
#4195= IFCCARTESIANPOINT((-40.3931275440927,-291.003884415138,163.998624679403));
#4196= IFCCARTESIANPOINT((-42.0008226986793,-291.003884415135,169.998624679403));
#4197= IFCCARTESIANPOINT((-40.3931275440927,-291.003884415132,175.998624679403));
#4198= IFCCARTESIANPOINT((-36.0008226986793,-291.00388441513,180.390929524816));
#4199= IFCCARTESIANPOINT((-30.0008226986793,-291.00388441513,181.998624679403));
#4200= IFCCARTESIANPOINT((-24.0008226986793,-291.00388441513,180.390929524816));
#4201= IFCCARTESIANPOINT((-19.6085178532658,-291.003884415132,175.998624679403));
#4202= IFCPOLYLOOP((#4190,#4191,#4192,#4193,#4194,#4195,#4196,#4197,#4198,#4199,#4200,#4201));
#4203= IFCFACEBOUND(#4202,.T.);
#4204= IFCFACE((#4189,#4203));
#4205= IFCCARTESIANPOINT((-30.0008226986793,-301.003884415131,181.9986246794));
#4206= IFCCARTESIANPOINT((-24.0008226986793,-301.003884415132,180.390929524812));
#4207= IFCPOLYLOOP((#4205,#4206,#4200,#4199));
#4208= IFCFACEOUTERBOUND(#4207,.T.);
#4209= IFCFACE((#4208));
#4210= IFCCARTESIANPOINT((-19.6085178532658,-301.003884415134,175.9986246794));
#4211= IFCPOLYLOOP((#4206,#4210,#4201,#4200));
#4212= IFCFACEOUTERBOUND(#4211,.T.);
#4213= IFCFACE((#4212));
#4214= IFCCARTESIANPOINT((-18.0008226986793,-301.003884415137,169.9986246794));
#4215= IFCPOLYLOOP((#4210,#4214,#4190,#4201));
#4216= IFCFACEOUTERBOUND(#4215,.T.);
#4217= IFCFACE((#4216));
#4218= IFCCARTESIANPOINT((-19.6085178532658,-301.00388441514,163.9986246794));
#4219= IFCPOLYLOOP((#4214,#4218,#4191,#4190));
#4220= IFCFACEOUTERBOUND(#4219,.T.);
#4221= IFCFACE((#4220));
#4222= IFCCARTESIANPOINT((-24.0008226986793,-301.003884415142,159.606319833987));
#4223= IFCPOLYLOOP((#4218,#4222,#4192,#4191));
#4224= IFCFACEOUTERBOUND(#4223,.T.);
#4225= IFCFACE((#4224));
#4226= IFCCARTESIANPOINT((-30.0008226986793,-301.003884415142,157.9986246794));
#4227= IFCPOLYLOOP((#4222,#4226,#4193,#4192));
#4228= IFCFACEOUTERBOUND(#4227,.T.);
#4229= IFCFACE((#4228));
#4230= IFCCARTESIANPOINT((-36.0008226986793,-301.003884415142,159.606319833987));
#4231= IFCPOLYLOOP((#4226,#4230,#4194,#4193));
#4232= IFCFACEOUTERBOUND(#4231,.T.);
#4233= IFCFACE((#4232));
#4234= IFCCARTESIANPOINT((-40.3931275440927,-301.00388441514,163.9986246794));
#4235= IFCPOLYLOOP((#4230,#4234,#4195,#4194));
#4236= IFCFACEOUTERBOUND(#4235,.T.);
#4237= IFCFACE((#4236));
#4238= IFCCARTESIANPOINT((-42.0008226986793,-301.003884415137,169.9986246794));
#4239= IFCPOLYLOOP((#4234,#4238,#4196,#4195));
#4240= IFCFACEOUTERBOUND(#4239,.T.);
#4241= IFCFACE((#4240));
#4242= IFCCARTESIANPOINT((-40.3931275440927,-301.003884415134,175.9986246794));
#4243= IFCPOLYLOOP((#4238,#4242,#4197,#4196));
#4244= IFCFACEOUTERBOUND(#4243,.T.);
#4245= IFCFACE((#4244));
#4246= IFCCARTESIANPOINT((-36.0008226986793,-301.003884415132,180.390929524812));
#4247= IFCPOLYLOOP((#4242,#4246,#4198,#4197));
#4248= IFCFACEOUTERBOUND(#4247,.T.);
#4249= IFCFACE((#4248));
#4250= IFCPOLYLOOP((#4246,#4205,#4199,#4198));
#4251= IFCFACEOUTERBOUND(#4250,.T.);
#4252= IFCFACE((#4251));
#4253= IFCPOLYLOOP((#4218,#4214,#4210,#4206,#4205,#4246,#4242,#4238,#4234,#4230,#4226,#4222));
#4254= IFCFACEOUTERBOUND(#4253,.T.);
#4255= IFCFACE((#4254));
#4256= IFCCLOSEDSHELL((#1487,#1492,#1497,#1501,#1504,#1508,#1511,#1516,#1520,#1524,#1528,#1532,#1536,#1540,#1544,#1548,#1552,#1556,#1559,#1570,#1575,#1596,#1599,#1602,#1605,#1608,#1611,#1616,#1699,#1704,#1708,#1712,#1716,#1720,#1724,#1728,#1732,#1736,#1740,#1744,#1747,#1758,#1763,#1767,#1771,#1775,#1779,#1782,#1793,#1810,#1815,#1819,#1823,#1827,#1831,#1835,#1839,#1843,#1847,#1851,#1855,#1858,#1869,#1874,#1895,#1898,#1901,#1904,#1907,#1910,#1915,#1919,#1923,#1927,#1931,#1935,#1939,#1943,#1947,#1951,#1955,#1958,#1975,#1980,#1984,#1988,#1992,#1996,#2000,#2004,#2008,#2012,#2016,#2020,#2023,#2040,#2045,#2049,#2053,#2057,#2061,#2065,#2069,#2073,#2077,#2081,#2085,#2088,#2099,#2104,#2108,#2112,#2116,#2120,#2123,#2140,#2145,#2149,#2153,#2157,#2161,#2165,#2169,#2173,#2177,#2181,#2185,#2188,#2191,#2196,#2200,#2204,#2208,#2212,#2216,#2220,#2224,#2228,#2232,#2236,#2239,#2250,#2255,#2259,#2263,#2267,#2271,#2274,#2291,#2296,#2300,#2304,#2308,#2312,#2316,#2320,#2324,#2328,#2332,#2336,#2339,#2350,#2355,#2376,#2379,#2382,#2385,#2388,#2391,#2396,#2400,#2404,#2408,#2412,#2416,#2420,#2424,#2428,#2432,#2436,#2439,#2456,#2461,#2465,#2469,#2473,#2477,#2481,#2485,#2489,#2493,#2497,#2501,#2504,#2521,#2526,#2530,#2534,#2538,#2542,#2546,#2550,#2554,#2558,#2562,#2566,#2569,#2580,#2585,#2589,#2593,#2597,#2601,#2604,#2621,#2626,#2630,#2634,#2638,#2642,#2646,#2650,#2654,#2658,#2662,#2666,#2669,#2672,#2675,#2678,#2681,#2684,#2687,#2690,#2693,#2696,#2699,#2702,#2705,#2710,#2714,#2718,#2722,#2726,#2730,#2734,#2738,#2742,#2746,#2750,#2753,#2764,#2769,#2773,#2777,#2781,#2785,#2788,#2799,#2816,#2821,#2825,#2829,#2833,#2837,#2841,#2845,#2849,#2853,#2857,#2861,#2864,#2875,#2880,#2901,#2904,#2907,#2910,#2913,#2916,#2921,#2925,#2929,#2933,#2937,#2941,#2945,#2949,#2953,#2957,#2961,#2964,#2981,#2986,#2990,#2994,#2998,#3002,#3006,#3010,#3014,#3018,#3022,#3026,#3029,#3046,#3051,#3055,#3059,#3063,#3067,#3071,#3075,#3079,#3083,#3087,#3091,#3094,#3105,#3110,#3114,#3118,#3122,#3126,#3129,#3146,#3151,#3155,#3159,#3163,#3167,#3171,#3175,#3179,#3183,#3187,#3191,#3194,#3197,#3202,#3206,#3210,#3214,#3218,#3222,#3226,#3230,#3234,#3238,#3242,#3246,#3250,#3254,#3258,#3262,#3266,#3270,#3274,#3277,#3341,#3346,#3350,#3354,#3358,#3362,#3366,#3370,#3374,#3378,#3382,#3386,#3389,#3400,#3405,#3409,#3413,#3417,#3421,#3424,#3441,#3446,#3450,#3454,#3458,#3462,#3466,#3470,#3474,#3478,#3482,#3486,#3489,#3492,#3497,#3501,#3505,#3509,#3513,#3517,#3521,#3525,#3529,#3533,#3537,#3540,#3551,#3556,#3560,#3564,#3568,#3572,#3575,#3592,#3597,#3601,#3605,#3609,#3613,#3617,#3621,#3625,#3629,#3633,#3637,#3640,#3643,#3648,#3652,#3656,#3660,#3664,#3668,#3672,#3676,#3680,#3684,#3688,#3691,#3702,#3707,#3711,#3715,#3719,#3723,#3726,#3743,#3748,#3752,#3756,#3760,#3764,#3768,#3772,#3776,#3780,#3784,#3788,#3791,#3794,#3799,#3803,#3807,#3811,#3815,#3819,#3823,#3827,#3831,#3835,#3839,#3842,#3853,#3858,#3862,#3866,#3870,#3874,#3877,#3894,#3899,#3903,#3907,#3911,#3915,#3919,#3923,#3927,#3931,#3935,#3939,#3942,#3945,#3948,#3951,#3954,#3957,#3974,#3979,#3983,#3987,#3991,#3995,#3999,#4003,#4007,#4011,#4015,#4019,#4022,#4039,#4044,#4048,#4052,#4056,#4060,#4064,#4068,#4072,#4076,#4080,#4084,#4087,#4104,#4109,#4113,#4117,#4121,#4125,#4129,#4133,#4137,#4141,#4145,#4149,#4152,#4163,#4168,#4172,#4176,#4180,#4184,#4187,#4204,#4209,#4213,#4217,#4221,#4225,#4229,#4233,#4237,#4241,#4245,#4249,#4252,#4255));
#4257= IFCFACETEDBREP(#4256);
#4258= IFCSTYLEDITEM(#4257,(#1464),$);
#4259= IFCSHAPEREPRESENTATION(#12,'Body','Brep',(#4257));
#4260= IFCPRODUCTDEFINITIONSHAPE($,$,(#4259));
#4261= IFCCARTESIANPOINT((7008.76573529174,30999.9970582869,769.250552373655));
#4262= IFCAXIS2PLACEMENT3D(#4261,#8,#7);
#4263= IFCLOCALPLACEMENT(#42,#4262);
#4264= IFCBUILDINGELEMENTPROXY('2PD9gFvqrBgfQ3Xp6O2jmK',#44,'Boltegruppe','6>/B_+0>_Boltegruppe',$,#4263,#4260,'ID99349a8f-e74d-4baa-9683-8731980adc14',.ELEMENT.);
#4265= IFCBUILDINGELEMENTPROXYTYPE('1mnXvFRLD73Q6yJdVw8NJN',#5,'6>/B_+0>_Boltegruppe',$,$,$,$,$,$,.NOTDEFINED.);
#4266= IFCCOLOURRGB('Unnamed',0.933333333333333,0.576470588235294,0.0431372549019608);
#4267= IFCSURFACESTYLERENDERING(#4266,0.,$,$,$,$,IFCNORMALISEDRATIOMEASURE(0.00390625),IFCSPECULAREXPONENT(10.),.NOTDEFINED.);
#4268= IFCSURFACESTYLE('STEEL/Steel_Undefined',.POSITIVE.,(#4267));
#4269= IFCPRESENTATIONSTYLEASSIGNMENT((#4268));
#4270= IFCCARTESIANPOINT((0.,16.5,0.));
#4271= IFCCARTESIANPOINT((0.,8.25,14.2894191624437));
#4272= IFCCARTESIANPOINT((16.,8.25,14.2894191624437));
#4273= IFCCARTESIANPOINT((16.,16.5,0.));
#4274= IFCPOLYLOOP((#4270,#4271,#4272,#4273));
#4275= IFCFACEOUTERBOUND(#4274,.T.);
#4276= IFCFACE((#4275));
#4277= IFCCARTESIANPOINT((0.,-8.25,14.2894191624437));
#4278= IFCCARTESIANPOINT((16.,-8.25,14.2894191624437));
#4279= IFCPOLYLOOP((#4271,#4277,#4278,#4272));
#4280= IFCFACEOUTERBOUND(#4279,.T.);
#4281= IFCFACE((#4280));
#4282= IFCCARTESIANPOINT((0.,-16.5,0.));
#4283= IFCCARTESIANPOINT((16.,-16.5,0.));
#4284= IFCPOLYLOOP((#4277,#4282,#4283,#4278));
#4285= IFCFACEOUTERBOUND(#4284,.T.);
#4286= IFCFACE((#4285));
#4287= IFCCARTESIANPOINT((0.,-8.25,-14.2894191624437));
#4288= IFCCARTESIANPOINT((16.,-8.25,-14.2894191624437));
#4289= IFCPOLYLOOP((#4282,#4287,#4288,#4283));
#4290= IFCFACEOUTERBOUND(#4289,.T.);
#4291= IFCFACE((#4290));
#4292= IFCCARTESIANPOINT((0.,8.25,-14.2894191624437));
#4293= IFCCARTESIANPOINT((16.,8.25,-14.2894191624437));
#4294= IFCPOLYLOOP((#4287,#4292,#4293,#4288));
#4295= IFCFACEOUTERBOUND(#4294,.T.);
#4296= IFCFACE((#4295));
#4297= IFCPOLYLOOP((#4292,#4270,#4273,#4293));
#4298= IFCFACEOUTERBOUND(#4297,.T.);
#4299= IFCFACE((#4298));
#4300= IFCPOLYLOOP((#4278,#4283,#4288,#4293,#4273,#4272));
#4301= IFCFACEOUTERBOUND(#4300,.T.);
#4302= IFCFACE((#4301));
#4303= IFCPOLYLOOP((#4292,#4287,#4282,#4277,#4271,#4270));
#4304= IFCFACEOUTERBOUND(#4303,.T.);
#4305= IFCFACE((#4304));
#4306= IFCCLOSEDSHELL((#4276,#4281,#4286,#4291,#4296,#4299,#4302,#4305));
#4307= IFCFACETEDBREP(#4306);
#4308= IFCSTYLEDITEM(#4307,(#4269),$);
#4309= IFCSHAPEREPRESENTATION(#12,'Body','Brep',(#4307));
#4310= IFCPRODUCTDEFINITIONSHAPE($,$,(#4309));
#4311= IFCCARTESIANPOINT((5888.76530614786,31029.9957241351,766.250550969868));
#4312= IFCAXIS2PLACEMENT3D(#4311,#7,#1450);
#4313= IFCLOCALPLACEMENT(#42,#4312);
#4314= IFCBEAM('2VLHBLAgH9rREkOOH$gEGA',#44,'Mutter','HXGON33-33',$,#4313,#4310,'ID9f5512d5-2aa4-49d5-b3ae-61847fa8e40a');
#4315= IFCBEAMTYPE('1bcKwin7L1hA23Y2132eoR',#5,'HXGON33-33',$,$,$,$,$,$,.NOTDEFINED.);
#4316= IFCCOLOURRGB('Unnamed',1.,0.,0.);
#4317= IFCSURFACESTYLERENDERING(#4316,0.,$,$,$,$,IFCNORMALISEDRATIOMEASURE(0.00390625),IFCSPECULAREXPONENT(10.),.NOTDEFINED.);
#4318= IFCSURFACESTYLE('STEEL/Steel_Undefined',.POSITIVE.,(#4317));
#4319= IFCPRESENTATIONSTYLEASSIGNMENT((#4318));
#4320= IFCCARTESIANPOINT((0.,-18.5,0.));
#4321= IFCCARTESIANPOINT((0.,-16.0214699700118,-9.25));
#4322= IFCCARTESIANPOINT((3.,-16.0214699700118,-9.25));
#4323= IFCCARTESIANPOINT((3.,-18.5,0.));
#4324= IFCPOLYLOOP((#4320,#4321,#4322,#4323));
#4325= IFCFACEOUTERBOUND(#4324,.T.);
#4326= IFCFACE((#4325));
#4327= IFCCARTESIANPOINT((0.,-9.25,-16.0214699700118));
#4328= IFCCARTESIANPOINT((3.,-9.25,-16.0214699700118));
#4329= IFCPOLYLOOP((#4321,#4327,#4328,#4322));
#4330= IFCFACEOUTERBOUND(#4329,.T.);
#4331= IFCFACE((#4330));
#4332= IFCCARTESIANPOINT((0.,0.,-18.5));
#4333= IFCCARTESIANPOINT((3.,0.,-18.5));
#4334= IFCPOLYLOOP((#4327,#4332,#4333,#4328));
#4335= IFCFACEOUTERBOUND(#4334,.T.);
#4336= IFCFACE((#4335));
#4337= IFCCARTESIANPOINT((0.,9.25,-16.0214699700118));
#4338= IFCCARTESIANPOINT((3.,9.25,-16.0214699700118));
#4339= IFCPOLYLOOP((#4332,#4337,#4338,#4333));
#4340= IFCFACEOUTERBOUND(#4339,.T.);
#4341= IFCFACE((#4340));
#4342= IFCCARTESIANPOINT((0.,16.0214699700118,-9.25));
#4343= IFCCARTESIANPOINT((3.,16.0214699700118,-9.25));
#4344= IFCPOLYLOOP((#4337,#4342,#4343,#4338));
#4345= IFCFACEOUTERBOUND(#4344,.T.);
#4346= IFCFACE((#4345));
#4347= IFCCARTESIANPOINT((0.,18.5,0.));
#4348= IFCCARTESIANPOINT((3.,18.5,0.));
#4349= IFCPOLYLOOP((#4342,#4347,#4348,#4343));
#4350= IFCFACEOUTERBOUND(#4349,.T.);
#4351= IFCFACE((#4350));
#4352= IFCCARTESIANPOINT((0.,16.0214699700118,9.25));
#4353= IFCCARTESIANPOINT((3.,16.0214699700118,9.25));
#4354= IFCPOLYLOOP((#4347,#4352,#4353,#4348));
#4355= IFCFACEOUTERBOUND(#4354,.T.);
#4356= IFCFACE((#4355));
#4357= IFCCARTESIANPOINT((0.,9.25,16.0214699700118));
#4358= IFCCARTESIANPOINT((3.,9.25,16.0214699700118));
#4359= IFCPOLYLOOP((#4352,#4357,#4358,#4353));
#4360= IFCFACEOUTERBOUND(#4359,.T.);
#4361= IFCFACE((#4360));
#4362= IFCCARTESIANPOINT((0.,0.,18.5));
#4363= IFCCARTESIANPOINT((3.,0.,18.5));
#4364= IFCPOLYLOOP((#4357,#4362,#4363,#4358));
#4365= IFCFACEOUTERBOUND(#4364,.T.);
#4366= IFCFACE((#4365));
#4367= IFCCARTESIANPOINT((0.,-9.25,16.0214699700118));
#4368= IFCCARTESIANPOINT((3.,-9.25,16.0214699700118));
#4369= IFCPOLYLOOP((#4362,#4367,#4368,#4363));
#4370= IFCFACEOUTERBOUND(#4369,.T.);
#4371= IFCFACE((#4370));
#4372= IFCCARTESIANPOINT((0.,-16.0214699700118,9.25));
#4373= IFCCARTESIANPOINT((3.,-16.0214699700118,9.25));
#4374= IFCPOLYLOOP((#4367,#4372,#4373,#4368));
#4375= IFCFACEOUTERBOUND(#4374,.T.);
#4376= IFCFACE((#4375));
#4377= IFCPOLYLOOP((#4372,#4320,#4323,#4373));
#4378= IFCFACEOUTERBOUND(#4377,.T.);
#4379= IFCFACE((#4378));
#4380= IFCPOLYLOOP((#4328,#4333,#4338,#4343,#4348,#4353,#4358,#4363,#4368,#4373,#4323,#4322));
#4381= IFCFACEOUTERBOUND(#4380,.T.);
#4382= IFCFACE((#4381));
#4383= IFCPOLYLOOP((#4372,#4367,#4362,#4357,#4352,#4347,#4342,#4337,#4332,#4327,#4321,#4320));
#4384= IFCFACEOUTERBOUND(#4383,.T.);
#4385= IFCFACE((#4384));
#4386= IFCCLOSEDSHELL((#4326,#4331,#4336,#4341,#4346,#4351,#4356,#4361,#4366,#4371,#4376,#4379,#4382,#4385));
#4387= IFCFACETEDBREP(#4386);
#4388= IFCSTYLEDITEM(#4387,(#4319),$);
#4389= IFCSHAPEREPRESENTATION(#12,'Body','Brep',(#4387));
#4390= IFCPRODUCTDEFINITIONSHAPE($,$,(#4389));
#4391= IFCCARTESIANPOINT((5888.76530614782,31029.9957241342,769.250550969859));
#4392= IFCAXIS2PLACEMENT3D(#4391,#7,#1450);
#4393= IFCLOCALPLACEMENT(#42,#4392);
#4394= IFCBEAM('3XxYAvFNH7BvSlGYb$DSb2',#44,'Skive','D37',$,#4393,#4390,'IDe1ee22b9-3d74-472f-972f-42297f35c942');
#4395= IFCBEAMTYPE('0XQ$$RMOD7u8akGzMRE4J5',#5,'D37',$,$,$,$,$,$,.NOTDEFINED.);
#4396= IFCSHAPEREPRESENTATION(#12,'Body','Brep',(#4307));
#4397= IFCPRODUCTDEFINITIONSHAPE($,$,(#4396));
#4398= IFCCARTESIANPOINT((5888.76530614742,31029.9957241254,798.250550969759));
#4399= IFCAXIS2PLACEMENT3D(#4398,#7,#1450);
#4400= IFCLOCALPLACEMENT(#42,#4399);
#4401= IFCBEAM('1ZgUCDLlvBZOxUA_2ChUpn',#44,'Mutter','HXGON33-33',$,#4400,#4397,'ID63a9e30d-56fe-4b8d-8ede-2be08cadecf1');
#4402= IFCSHAPEREPRESENTATION(#12,'Body','Brep',(#4387));
#4403= IFCPRODUCTDEFINITIONSHAPE($,$,(#4402));
#4404= IFCCARTESIANPOINT((5888.76530614764,31029.9957241302,782.250550969813));
#4405= IFCAXIS2PLACEMENT3D(#4404,#7,#1450);
#4406= IFCLOCALPLACEMENT(#42,#4405);
#4407= IFCBEAM('2L49SPC2PFRApVXQ9$v_de',#44,'Skive','D37',$,#4406,#4403,'ID95109719-3026-4f6c-acdf-85a27fe7e9e8');
#4408= IFCSHAPEREPRESENTATION(#12,'Body','Brep',(#4307));
#4409= IFCPRODUCTDEFINITIONSHAPE($,$,(#4408));
#4410= IFCCARTESIANPOINT((5888.76530615036,31169.9957241407,766.25055101119));
#4411= IFCAXIS2PLACEMENT3D(#4410,#7,#1450);
#4412= IFCLOCALPLACEMENT(#42,#4411);
#4413= IFCBEAM('2_BvxuRxHFrh8ItZFRiTeO',#44,'Mutter','HXGON33-33',$,#4412,#4409,'IDbe2f9ef8-6fb4-4fd6-b212-de33dbb1da18');
#4414= IFCSHAPEREPRESENTATION(#12,'Body','Brep',(#4387));
#4415= IFCPRODUCTDEFINITIONSHAPE($,$,(#4414));
#4416= IFCCARTESIANPOINT((5888.76530615032,31169.9957241398,769.250551011181));
#4417= IFCAXIS2PLACEMENT3D(#4416,#7,#1450);
#4418= IFCLOCALPLACEMENT(#42,#4417);
#4419= IFCBEAM('2NLiRu42bDs8Y8oHaSO$9C',#44,'Skive','D37',$,#4418,#4415,'ID9756c6f8-1029-4dd8-8888-c9191c63f24c');
#4420= IFCSHAPEREPRESENTATION(#12,'Body','Brep',(#4307));
#4421= IFCPRODUCTDEFINITIONSHAPE($,$,(#4420));
#4422= IFCCARTESIANPOINT((5888.76530614992,31169.9957241309,798.250551011079));
#4423= IFCAXIS2PLACEMENT3D(#4422,#7,#1450);
#4424= IFCLOCALPLACEMENT(#42,#4423);
#4425= IFCBEAM('2LEwZSVzH10OHcSfWxBOWS',#44,'Mutter','HXGON33-33',$,#4424,#4421,'ID953ba8dc-7fd4-4101-8466-72983b2d881c');
#4426= IFCSHAPEREPRESENTATION(#12,'Body','Brep',(#4387));
#4427= IFCPRODUCTDEFINITIONSHAPE($,$,(#4426));
#4428= IFCCARTESIANPOINT((5888.76530615014,31169.9957241358,782.250551011135));
#4429= IFCAXIS2PLACEMENT3D(#4428,#7,#1450);
#4430= IFCLOCALPLACEMENT(#42,#4429);
#4431= IFCBEAM('0dFS8oqYzAjP2OqfGGpzkN',#44,'Skive','D37',$,#4430,#4427,'ID273dc232-d22f-4ab5-9098-d29410cfdb97');
#4432= IFCSHAPEREPRESENTATION(#12,'Body','Brep',(#4307));
#4433= IFCPRODUCTDEFINITIONSHAPE($,$,(#4432));
#4434= IFCCARTESIANPOINT((6028.76530615161,31169.9957241359,766.250551012447));
#4435= IFCAXIS2PLACEMENT3D(#4434,#7,#1450);
#4436= IFCLOCALPLACEMENT(#42,#4435);
#4437= IFCBEAM('1Qp199YUD3JQRdJoGM$29R',#44,'Mutter','HXGON33-33',$,#4436,#4433,'ID5acc1249-89e3-434d-a6e7-4f2416fc225b');
#4438= IFCSHAPEREPRESENTATION(#12,'Body','Brep',(#4387));
#4439= IFCPRODUCTDEFINITIONSHAPE($,$,(#4438));
#4440= IFCCARTESIANPOINT((6028.76530615157,31169.995724135,769.250551012437));
#4441= IFCAXIS2PLACEMENT3D(#4440,#7,#1450);
#4442= IFCLOCALPLACEMENT(#42,#4441);
#4443= IFCBEAM('2J7$rcB5X6JfDrR_UPmqHi',#44,'Skive','D37',$,#4442,#4439,'ID931ffd66-2c58-464e-9375-6fe799c3446c');
#4444= IFCSHAPEREPRESENTATION(#12,'Body','Brep',(#4307));
#4445= IFCPRODUCTDEFINITIONSHAPE($,$,(#4444));
#4446= IFCCARTESIANPOINT((6028.76530615117,31169.9957241262,798.250551012338));
#4447= IFCAXIS2PLACEMENT3D(#4446,#7,#1450);
#4448= IFCLOCALPLACEMENT(#42,#4447);
#4449= IFCBEAM('1pWNXb1ar3W8bYjNzluxd9',#44,'Mutter','HXGON33-33',$,#4448,#4445,'ID73817865-064d-4380-8962-b57f6fe3b9c9');
#4450= IFCSHAPEREPRESENTATION(#12,'Body','Brep',(#4387));
#4451= IFCPRODUCTDEFINITIONSHAPE($,$,(#4450));
#4452= IFCCARTESIANPOINT((6028.76530615139,31169.995724131,782.250551012392));
#4453= IFCAXIS2PLACEMENT3D(#4452,#7,#1450);
#4454= IFCLOCALPLACEMENT(#42,#4453);
#4455= IFCBEAM('3s3IcT1H57Ux8LvML_0tk0',#44,'Skive','D37',$,#4454,#4451,'IDf60d299d-0511-477b-b215-e5657e037b80');
#4456= IFCSHAPEREPRESENTATION(#12,'Body','Brep',(#4307));
#4457= IFCPRODUCTDEFINITIONSHAPE($,$,(#4456));
#4458= IFCCARTESIANPOINT((6028.76530614905,31029.9957241304,766.250550971126));
#4459= IFCAXIS2PLACEMENT3D(#4458,#7,#1450);
#4460= IFCLOCALPLACEMENT(#42,#4459);
#4461= IFCBEAM('0jF8WCs8LEquwmAdtspiJp',#44,'Mutter','HXGON33-33',$,#4460,#4457,'ID2d3c880c-d885-4ed3-8eb0-2a7df6cec4f3');
#4462= IFCSHAPEREPRESENTATION(#12,'Body','Brep',(#4387));
#4463= IFCPRODUCTDEFINITIONSHAPE($,$,(#4462));
#4464= IFCCARTESIANPOINT((6028.76530614901,31029.9957241295,769.250550971117));
#4465= IFCAXIS2PLACEMENT3D(#4464,#7,#1450);
#4466= IFCLOCALPLACEMENT(#42,#4465);
#4467= IFCBEAM('1V2xSsutj34QhBoweE2sfx',#44,'Skive','D37',$,#4466,#4463,'ID5f0bb736-e37b-4311-aacb-cbaa0e0b6a7b');
#4468= IFCSHAPEREPRESENTATION(#12,'Body','Brep',(#4307));
#4469= IFCPRODUCTDEFINITIONSHAPE($,$,(#4468));
#4470= IFCCARTESIANPOINT((6028.76530614861,31029.9957241206,798.250550971016));
#4471= IFCAXIS2PLACEMENT3D(#4470,#7,#1450);
#4472= IFCLOCALPLACEMENT(#42,#4471);
#4473= IFCBEAM('2GBYAGxNf4HPMcCkr22LZv',#44,'Mutter','HXGON33-33',$,#4472,#4469,'ID902e2290-ed7a-4445-95a6-32ed420958f9');
#4474= IFCSHAPEREPRESENTATION(#12,'Body','Brep',(#4387));
#4475= IFCPRODUCTDEFINITIONSHAPE($,$,(#4474));
#4476= IFCCARTESIANPOINT((6028.76530614883,31029.9957241255,782.25055097107));
#4477= IFCAXIS2PLACEMENT3D(#4476,#7,#1450);
#4478= IFCLOCALPLACEMENT(#42,#4477);
#4479= IFCBEAM('32NSUD9Rz9h953AOvzJTM8',#44,'Skive','D37',$,#4478,#4475,'IDc25dc78d-25bf-49ac-9143-298e7d4dd588');
#4480= IFCSHAPEREPRESENTATION(#12,'Body','Brep',(#4387));
#4481= IFCPRODUCTDEFINITIONSHAPE($,$,(#4480));
#4482= IFCLOCALPLACEMENT(#42,#4392);
#4483= IFCBEAM('1jRYQ0uRnFgxokBuuwOMXe',#44,'Skive','D37',$,#4482,#4481,'ID6d6e2680-e1bc-4fab-bcae-2f8e3a616868');
#4484= IFCSHAPEREPRESENTATION(#12,'Body','Brep',(#4387));
#4485= IFCPRODUCTDEFINITIONSHAPE($,$,(#4484));
#4486= IFCLOCALPLACEMENT(#42,#4417);
#4487= IFCBEAM('0nm$eyMF59jBHRSEj2V7t5',#44,'Skive','D37',$,#4486,#4485,'ID31c3fa3c-58f1-49b4-b45b-70eb427c7dc5');
#4488= IFCSHAPEREPRESENTATION(#12,'Body','Brep',(#4387));
#4489= IFCPRODUCTDEFINITIONSHAPE($,$,(#4488));
#4490= IFCLOCALPLACEMENT(#42,#4441);
#4491= IFCBEAM('3yCoscQFj1ARUA1HuEyHaC',#44,'Skive','D37',$,#4490,#4489,'IDfc332da6-68fb-4129-b78a-051e0ef1190c');
#4492= IFCSHAPEREPRESENTATION(#12,'Body','Brep',(#4387));
#4493= IFCPRODUCTDEFINITIONSHAPE($,$,(#4492));
#4494= IFCLOCALPLACEMENT(#42,#4465);
#4495= IFCBEAM('1R0P4O8Z15PBeWLy68$oeu',#44,'Skive','D37',$,#4494,#4493,'ID5b019118-2230-4564-ba20-57c188ff2a38');
#4496= IFCCARTESIANPOINT((0.,-12.,0.));
#4497= IFCCARTESIANPOINT((0.,-10.3923048454126,-6.));
#4498= IFCCARTESIANPOINT((330.000000000001,-10.3923048454126,-6.));
#4499= IFCCARTESIANPOINT((330.000000000001,-12.,0.));
#4500= IFCPOLYLOOP((#4496,#4497,#4498,#4499));
#4501= IFCFACEOUTERBOUND(#4500,.T.);
#4502= IFCFACE((#4501));
#4503= IFCCARTESIANPOINT((0.,-6.,-10.3923048454135));
#4504= IFCCARTESIANPOINT((330.000000000001,-6.,-10.3923048454135));
#4505= IFCPOLYLOOP((#4497,#4503,#4504,#4498));
#4506= IFCFACEOUTERBOUND(#4505,.T.);
#4507= IFCFACE((#4506));
#4508= IFCCARTESIANPOINT((0.,0.,-12.));
#4509= IFCCARTESIANPOINT((330.000000000001,0.,-12.));
#4510= IFCPOLYLOOP((#4503,#4508,#4509,#4504));
#4511= IFCFACEOUTERBOUND(#4510,.T.);
#4512= IFCFACE((#4511));
#4513= IFCCARTESIANPOINT((0.,6.,-10.3923048454135));
#4514= IFCCARTESIANPOINT((330.000000000001,6.,-10.3923048454135));
#4515= IFCPOLYLOOP((#4508,#4513,#4514,#4509));
#4516= IFCFACEOUTERBOUND(#4515,.T.);
#4517= IFCFACE((#4516));
#4518= IFCCARTESIANPOINT((0.,10.3923048454126,-6.));
#4519= IFCCARTESIANPOINT((330.000000000001,10.3923048454126,-6.));
#4520= IFCPOLYLOOP((#4513,#4518,#4519,#4514));
#4521= IFCFACEOUTERBOUND(#4520,.T.);
#4522= IFCFACE((#4521));
#4523= IFCCARTESIANPOINT((0.,12.,0.));
#4524= IFCCARTESIANPOINT((330.000000000001,12.,0.));
#4525= IFCPOLYLOOP((#4518,#4523,#4524,#4519));
#4526= IFCFACEOUTERBOUND(#4525,.T.);
#4527= IFCFACE((#4526));
#4528= IFCCARTESIANPOINT((0.,10.3923048454126,6.));
#4529= IFCCARTESIANPOINT((330.000000000001,10.3923048454126,6.));
#4530= IFCPOLYLOOP((#4523,#4528,#4529,#4524));
#4531= IFCFACEOUTERBOUND(#4530,.T.);
#4532= IFCFACE((#4531));
#4533= IFCCARTESIANPOINT((0.,6.,10.3923048454135));
#4534= IFCCARTESIANPOINT((330.000000000001,6.,10.3923048454135));
#4535= IFCPOLYLOOP((#4528,#4533,#4534,#4529));
#4536= IFCFACEOUTERBOUND(#4535,.T.);
#4537= IFCFACE((#4536));
#4538= IFCCARTESIANPOINT((0.,0.,12.));
#4539= IFCCARTESIANPOINT((330.000000000001,0.,12.));
#4540= IFCPOLYLOOP((#4533,#4538,#4539,#4534));
#4541= IFCFACEOUTERBOUND(#4540,.T.);
#4542= IFCFACE((#4541));
#4543= IFCCARTESIANPOINT((0.,-6.,10.3923048454135));
#4544= IFCCARTESIANPOINT((330.000000000001,-6.,10.3923048454135));
#4545= IFCPOLYLOOP((#4538,#4543,#4544,#4539));
#4546= IFCFACEOUTERBOUND(#4545,.T.);
#4547= IFCFACE((#4546));
#4548= IFCCARTESIANPOINT((0.,-10.3923048454126,6.));
#4549= IFCCARTESIANPOINT((330.000000000001,-10.3923048454126,6.));
#4550= IFCPOLYLOOP((#4543,#4548,#4549,#4544));
#4551= IFCFACEOUTERBOUND(#4550,.T.);
#4552= IFCFACE((#4551));
#4553= IFCPOLYLOOP((#4548,#4496,#4499,#4549));
#4554= IFCFACEOUTERBOUND(#4553,.T.);
#4555= IFCFACE((#4554));
#4556= IFCPOLYLOOP((#4504,#4509,#4514,#4519,#4524,#4529,#4534,#4539,#4544,#4549,#4499,#4498));
#4557= IFCFACEOUTERBOUND(#4556,.T.);
#4558= IFCFACE((#4557));
#4559= IFCPOLYLOOP((#4548,#4543,#4538,#4533,#4528,#4523,#4518,#4513,#4508,#4503,#4497,#4496));
#4560= IFCFACEOUTERBOUND(#4559,.T.);
#4561= IFCFACE((#4560));
#4562= IFCCLOSEDSHELL((#4502,#4507,#4512,#4517,#4522,#4527,#4532,#4537,#4542,#4547,#4552,#4555,#4558,#4561));
#4563= IFCFACETEDBREP(#4562);
#4564= IFCSTYLEDITEM(#4563,(#1464),$);
#4565= IFCSHAPEREPRESENTATION(#12,'Body','Brep',(#4563));
#4566= IFCPRODUCTDEFINITIONSHAPE($,$,(#4565));
#4567= IFCCARTESIANPOINT((5888.76491258975,31169.9956829664,1070.25443678887));
#4568= IFCAXIS2PLACEMENT3D(#4567,#7,#1450);
#4569= IFCLOCALPLACEMENT(#42,#4568);
#4570= IFCBEAM('02B9VTFaPF28cY3t4PwLbU',#44,'Boltegruppe','D24',$,#4569,#4566,'ID022c97dd-3e46-4f08-89a2-0f7119e9595e');
#4571= IFCBEAMTYPE('39cBQ7ubD4OQL6bQZUtBNB',#5,'D24',$,$,$,$,$,$,.NOTDEFINED.);
#4572= IFCSHAPEREPRESENTATION(#12,'Body','Brep',(#4563));
#4573= IFCPRODUCTDEFINITIONSHAPE($,$,(#4572));
#4574= IFCCARTESIANPOINT((6028.76491259314,31169.9956829664,1070.25443678887));
#4575= IFCAXIS2PLACEMENT3D(#4574,#7,#1450);
#4576= IFCLOCALPLACEMENT(#42,#4575);
#4577= IFCBEAM('0x$yYBHHjAbxdvetoyvJ69',#44,'Boltegruppe','D24',$,#4576,#4573,'ID3bffc88b-451b-4a97-b9f9-a37cbce53189');
#4578= IFCSHAPEREPRESENTATION(#12,'Body','Brep',(#4563));
#4579= IFCPRODUCTDEFINITIONSHAPE($,$,(#4578));
#4580= IFCCARTESIANPOINT((6028.76491259308,31029.995682963,1070.25443678887));
#4581= IFCAXIS2PLACEMENT3D(#4580,#7,#1450);
#4582= IFCLOCALPLACEMENT(#42,#4581);
#4583= IFCBEAM('0Br5GUCLT5JP$UmVZvFbq3',#44,'Boltegruppe','D24',$,#4582,#4579,'ID0bd4541e-3157-454d-9fde-c1f8f93e5d03');
#4584= IFCSHAPEREPRESENTATION(#12,'Body','Brep',(#4563));
#4585= IFCPRODUCTDEFINITIONSHAPE($,$,(#4584));
#4586= IFCCARTESIANPOINT((5888.76491258977,31029.995682963,1070.25443678887));
#4587= IFCAXIS2PLACEMENT3D(#4586,#7,#1450);
#4588= IFCLOCALPLACEMENT(#42,#4587);
#4589= IFCBEAM('2IJ8b4G1L3eRXGMQTqL5QY',#44,'Boltegruppe','D24',$,#4588,#4585,'ID924c8944-4015-43a1-b850-59a7745456a2');
#4590= IFCSHAPEREPRESENTATION(#12,'Body','Brep',(#4307));
#4591= IFCPRODUCTDEFINITIONSHAPE($,$,(#4590));
#4592= IFCCARTESIANPOINT((5888.75395069879,31169.9956829664,997.254436788867));
#4593= IFCAXIS2PLACEMENT3D(#4592,#7,#9);
#4594= IFCLOCALPLACEMENT(#42,#4593);
#4595= IFCCOLUMN('3OLbKJEZT4_fBjvkI7a3Zl',#44,'Mutter','HXGON33-33',$,#4594,#4591,'IDd8565513-3a37-44fa-92ed-e6e4879038ef');
#4596= IFCCOLUMNTYPE('0PyZSZCHf3FfAA3t17pdMy',#5,'HXGON33-33',$,$,$,$,$,$,.NOTDEFINED.);
#4597= IFCSHAPEREPRESENTATION(#12,'Body','Brep',(#4307));
#4598= IFCPRODUCTDEFINITIONSHAPE($,$,(#4597));
#4599= IFCCARTESIANPOINT((5888.75395069879,31029.9956829664,997.254436788867));
#4600= IFCAXIS2PLACEMENT3D(#4599,#7,#9);
#4601= IFCLOCALPLACEMENT(#42,#4600);
#4602= IFCCOLUMN('0VabiN2Rn05Ae$tkgZk4T4',#44,'Mutter','HXGON33-33',$,#4601,#4598,'ID1f925b17-09bc-4014-aa3f-deeaa3b84744');
#4603= IFCSHAPEREPRESENTATION(#12,'Body','Brep',(#4307));
#4604= IFCPRODUCTDEFINITIONSHAPE($,$,(#4603));
#4605= IFCCARTESIANPOINT((6028.75395069879,31169.9956829664,997.254436788867));
#4606= IFCAXIS2PLACEMENT3D(#4605,#7,#9);
#4607= IFCLOCALPLACEMENT(#42,#4606);
#4608= IFCCOLUMN('06wXKsYmrCUxtPyr6$9xFM',#44,'Mutter','HXGON33-33',$,#4607,#4604,'ID06ea1536-8b0d-4c7b-bdd9-f351bf27b3d6');
#4609= IFCSHAPEREPRESENTATION(#12,'Body','Brep',(#4307));
#4610= IFCPRODUCTDEFINITIONSHAPE($,$,(#4609));
#4611= IFCCARTESIANPOINT((6028.75395069879,31029.9956829664,997.254436788867));
#4612= IFCAXIS2PLACEMENT3D(#4611,#7,#9);
#4613= IFCLOCALPLACEMENT(#42,#4612);
#4614= IFCCOLUMN('0P8oTKUeTCogM3YB14qJly',#44,'Mutter','HXGON33-33',$,#4613,#4610,'ID19232754-7a87-4cca-a583-88b044d13bfc');
#4615= IFCSHAPEREPRESENTATION(#12,'Body','Brep',(#4387));
#4616= IFCPRODUCTDEFINITIONSHAPE($,$,(#4615));
#4617= IFCCARTESIANPOINT((5888.75395069879,31169.9992484467,1016.2534717901));
#4618= IFCAXIS2PLACEMENT3D(#4617,#7,#1450);
#4619= IFCLOCALPLACEMENT(#42,#4618);
#4620= IFCBEAM('1Vg50WhdjDswK0fWBe1QTt',#44,'Skive','D37',$,#4619,#4616,'ID5fa85020-ae7b-4ddb-a500-a602e805a777');
#4621= IFCSHAPEREPRESENTATION(#12,'Body','Brep',(#4387));
#4622= IFCPRODUCTDEFINITIONSHAPE($,$,(#4621));
#4623= IFCCARTESIANPOINT((5888.75395069879,31029.9992484467,1016.2534717901));
#4624= IFCAXIS2PLACEMENT3D(#4623,#7,#1450);
#4625= IFCLOCALPLACEMENT(#42,#4624);
#4626= IFCBEAM('3PWkcrL$rFD8iyiMGL9orl',#44,'Skive','D37',$,#4625,#4622,'IDd982e9b5-57fd-4f34-8b3c-b16415272d6f');
#4627= IFCSHAPEREPRESENTATION(#12,'Body','Brep',(#4387));
#4628= IFCPRODUCTDEFINITIONSHAPE($,$,(#4627));
#4629= IFCCARTESIANPOINT((6028.75395069879,31169.9992484467,1016.2534717901));
#4630= IFCAXIS2PLACEMENT3D(#4629,#7,#1450);
#4631= IFCLOCALPLACEMENT(#42,#4630);
#4632= IFCBEAM('2Re3vvJ4nCaR9pZ92Hr5ju',#44,'Skive','D37',$,#4631,#4628,'ID9ba03e79-4c4c-4c91-b273-8c9091d45b78');
#4633= IFCSHAPEREPRESENTATION(#12,'Body','Brep',(#4387));
#4634= IFCPRODUCTDEFINITIONSHAPE($,$,(#4633));
#4635= IFCCARTESIANPOINT((6028.75395069879,31029.9992484467,1016.2534717901));
#4636= IFCAXIS2PLACEMENT3D(#4635,#7,#1450);
#4637= IFCLOCALPLACEMENT(#42,#4636);
#4638= IFCBEAM('1hvEEcMB9DWPb_J$4Hc8eP',#44,'Skive','D37',$,#4637,#4634,'ID6be4e3a6-58b2-4d81-997e-4ff111988a19');
#4639= IFCSHAPEREPRESENTATION(#12,'Body','Brep',(#4387));
#4640= IFCPRODUCTDEFINITIONSHAPE($,$,(#4639));
#4641= IFCCARTESIANPOINT((5888.75395069879,31169.9992484467,1044.2534717901));
#4642= IFCAXIS2PLACEMENT3D(#4641,#7,#1450);
#4643= IFCLOCALPLACEMENT(#42,#4642);
#4644= IFCBEAM('0OZCS0V752$eLz0LF_hZv0',#44,'Skive','D37',$,#4643,#4640,'ID188cc700-7c71-42fe-857d-0153feae3e40');
#4645= IFCSHAPEREPRESENTATION(#12,'Body','Brep',(#4307));
#4646= IFCPRODUCTDEFINITIONSHAPE($,$,(#4645));
#4647= IFCCARTESIANPOINT((5888.75395069879,31169.9956829664,1044.25443678887));
#4648= IFCAXIS2PLACEMENT3D(#4647,#7,#9);
#4649= IFCLOCALPLACEMENT(#42,#4648);
#4650= IFCCOLUMN('1Ng54w4fH2aRbdmLKM8cxf',#44,'Mutter','HXGON33-33',$,#4649,#4646,'ID57a8513a-1294-4291-b967-c15516226ee9');
#4651= IFCSHAPEREPRESENTATION(#12,'Body','Brep',(#4387));
#4652= IFCPRODUCTDEFINITIONSHAPE($,$,(#4651));
#4653= IFCCARTESIANPOINT((5888.75395069879,31029.9992484467,1044.2534717901));
#4654= IFCAXIS2PLACEMENT3D(#4653,#7,#1450);
#4655= IFCLOCALPLACEMENT(#42,#4654);
#4656= IFCBEAM('07q47zf39CVfBxl_erp8Za',#44,'Skive','D37',$,#4655,#4652,'ID07d041fd-a432-4c7e-92fb-bfea35cc88e4');
#4657= IFCSHAPEREPRESENTATION(#12,'Body','Brep',(#4307));
#4658= IFCPRODUCTDEFINITIONSHAPE($,$,(#4657));
#4659= IFCCARTESIANPOINT((5888.75395069879,31029.9956829664,1044.25443678887));
#4660= IFCAXIS2PLACEMENT3D(#4659,#7,#9);
#4661= IFCLOCALPLACEMENT(#42,#4660);
#4662= IFCCOLUMN('3CZEewQ9X0nAh3bBlFWf2V',#44,'Mutter','HXGON33-33',$,#4661,#4658,'IDcc8cea3a-6898-40c4-aac3-94bbcf82909f');
#4663= IFCSHAPEREPRESENTATION(#12,'Body','Brep',(#4387));
#4664= IFCPRODUCTDEFINITIONSHAPE($,$,(#4663));
#4665= IFCCARTESIANPOINT((6028.75395069879,31169.9992484467,1044.2534717901));
#4666= IFCAXIS2PLACEMENT3D(#4665,#7,#1450);
#4667= IFCLOCALPLACEMENT(#42,#4666);
#4668= IFCBEAM('2VrkTo8hTC9PS35Kg$GWW3',#44,'Skive','D37',$,#4667,#4664,'ID9fd6e772-22b7-4c25-9703-154abf420803');
#4669= IFCSHAPEREPRESENTATION(#12,'Body','Brep',(#4307));
#4670= IFCPRODUCTDEFINITIONSHAPE($,$,(#4669));
#4671= IFCCARTESIANPOINT((6028.75395069879,31169.9956829664,1044.25443678887));
#4672= IFCAXIS2PLACEMENT3D(#4671,#7,#9);
#4673= IFCLOCALPLACEMENT(#42,#4672);
#4674= IFCCOLUMN('1GxB3pPY96Gg0G_ShoQz4k',#44,'Mutter','HXGON33-33',$,#4673,#4670,'ID50ecb0f3-6622-4642-a010-f9caf26bd12e');
#4675= IFCSHAPEREPRESENTATION(#12,'Body','Brep',(#4387));
#4676= IFCPRODUCTDEFINITIONSHAPE($,$,(#4675));
#4677= IFCCARTESIANPOINT((6028.75395069879,31029.9992484467,1044.2534717901));
#4678= IFCAXIS2PLACEMENT3D(#4677,#7,#1450);
#4679= IFCLOCALPLACEMENT(#42,#4678);
#4680= IFCBEAM('0VEUYWME9BjRHoLmJKqCVf',#44,'Skive','D37',$,#4679,#4676,'ID1f39e8a0-58e2-4bb5-b472-5704d4d0c7e9');
#4681= IFCSHAPEREPRESENTATION(#12,'Body','Brep',(#4307));
#4682= IFCPRODUCTDEFINITIONSHAPE($,$,(#4681));
#4683= IFCCARTESIANPOINT((6028.75395069879,31029.9956829664,1044.25443678887));
#4684= IFCAXIS2PLACEMENT3D(#4683,#7,#9);
#4685= IFCLOCALPLACEMENT(#42,#4684);
#4686= IFCCOLUMN('126IAXwdvEmfTfkqc5zkZG',#44,'Mutter','HXGON33-33',$,#4685,#4682,'ID421922a1-ea7e-4ec2-9769-bb4985f6e8d0');
#4687= IFCCOLOURRGB('Unnamed',0.913725490196078,0.423529411764706,0.0627450980392157);
#4688= IFCSURFACESTYLERENDERING(#4687,0.,$,$,$,$,IFCNORMALISEDRATIOMEASURE(0.00390625),IFCSPECULAREXPONENT(10.),.NOTDEFINED.);
#4689= IFCSURFACESTYLE('STEEL/Steel_Undefined',.POSITIVE.,(#4688));
#4690= IFCPRESENTATIONSTYLEASSIGNMENT((#4689));
#4691= IFCCARTESIANPOINT((161.81733940569,-4.99999999999818,79.9143245096993));
#4692= IFCCARTESIANPOINT((161.817339405694,5.00000000000182,79.9143245096993));
#4693= IFCCARTESIANPOINT((152.58477048088,5.00000000000159,61.7943877450598));
#4694= IFCCARTESIANPOINT((152.584770480877,-4.99999999999841,61.7943877450598));
#4695= IFCPOLYLOOP((#4691,#4692,#4693,#4694));
#4696= IFCFACEOUTERBOUND(#4695,.T.);
#4697= IFCFACE((#4696));
#4698= IFCCARTESIANPOINT((138.204707245521,5.00000000000148,47.4143245096993));
#4699= IFCCARTESIANPOINT((138.204707245517,-4.99999999999852,47.4143245096993));
#4700= IFCPOLYLOOP((#4694,#4693,#4698,#4699));
#4701= IFCFACEOUTERBOUND(#4700,.T.);
#4702= IFCFACE((#4701));
#4703= IFCCARTESIANPOINT((120.08477048088,5.00000000000125,38.1817555848857));
#4704= IFCCARTESIANPOINT((120.084770480877,-4.99999999999875,38.1817555848857));
#4705= IFCPOLYLOOP((#4699,#4698,#4703,#4704));
#4706= IFCFACEOUTERBOUND(#4705,.T.);
#4707= IFCFACE((#4706));
#4708= IFCCARTESIANPOINT((99.9986658465095,5.00000000000114,35.0004291440709));
#4709= IFCCARTESIANPOINT((99.9986658465059,-4.99999999999886,35.0004291440709));
#4710= IFCPOLYLOOP((#4704,#4703,#4708,#4709));
#4711= IFCFACEOUTERBOUND(#4710,.T.);
#4712= IFCFACE((#4711));
#4713= IFCCARTESIANPOINT((79.9125612121388,5.00000000000091,38.1817555848857));
#4714= IFCCARTESIANPOINT((79.9125612121352,-4.99999999999909,38.1817555848857));
#4715= IFCPOLYLOOP((#4709,#4708,#4713,#4714));
#4716= IFCFACEOUTERBOUND(#4715,.T.);
#4717= IFCFACE((#4716));
#4718= IFCCARTESIANPOINT((61.7926244474984,5.00000000000068,47.4143245096993));
#4719= IFCCARTESIANPOINT((61.7926244474947,-4.99999999999932,47.4143245096993));
#4720= IFCPOLYLOOP((#4714,#4713,#4718,#4719));
#4721= IFCFACEOUTERBOUND(#4720,.T.);
#4722= IFCFACE((#4721));
#4723= IFCCARTESIANPOINT((47.4125612121388,5.00000000000057,61.7943877450598));
#4724= IFCCARTESIANPOINT((47.4125612121352,-4.99999999999943,61.7943877450598));
#4725= IFCPOLYLOOP((#4719,#4718,#4723,#4724));
#4726= IFCFACEOUTERBOUND(#4725,.T.);
#4727= IFCFACE((#4726));
#4728= IFCCARTESIANPOINT((38.1799922873251,5.00000000000045,79.9143245096993));
#4729= IFCCARTESIANPOINT((38.1799922873215,-4.99999999999955,79.9143245096993));
#4730= IFCPOLYLOOP((#4724,#4723,#4728,#4729));
#4731= IFCFACEOUTERBOUND(#4730,.T.);
#4732= IFCFACE((#4731));
#4733= IFCCARTESIANPOINT((34.9986658465095,5.00000000000045,100.000429144071));
#4734= IFCCARTESIANPOINT((34.9986658465059,-4.99999999999955,100.000429144071));
#4735= IFCPOLYLOOP((#4729,#4728,#4733,#4734));
#4736= IFCFACEOUTERBOUND(#4735,.T.);
#4737= IFCFACE((#4736));
#4738= IFCCARTESIANPOINT((38.1799922873251,5.00000000000045,120.086533778443));
#4739= IFCCARTESIANPOINT((38.1799922873215,-4.99999999999955,120.086533778443));
#4740= IFCPOLYLOOP((#4734,#4733,#4738,#4739));
#4741= IFCFACEOUTERBOUND(#4740,.T.);
#4742= IFCFACE((#4741));
#4743= IFCCARTESIANPOINT((47.4125612121388,5.00000000000057,138.206470543082));
#4744= IFCCARTESIANPOINT((47.4125612121352,-4.99999999999943,138.206470543082));
#4745= IFCPOLYLOOP((#4739,#4738,#4743,#4744));
#4746= IFCFACEOUTERBOUND(#4745,.T.);
#4747= IFCFACE((#4746));
#4748= IFCCARTESIANPOINT((61.7926244474984,5.00000000000068,152.586533778443));
#4749= IFCCARTESIANPOINT((61.7926244474947,-4.99999999999932,152.586533778443));
#4750= IFCPOLYLOOP((#4744,#4743,#4748,#4749));
#4751= IFCFACEOUTERBOUND(#4750,.T.);
#4752= IFCFACE((#4751));
#4753= IFCCARTESIANPOINT((79.9125612121388,5.00000000000091,161.819102703256));
#4754= IFCCARTESIANPOINT((79.9125612121352,-4.99999999999909,161.819102703256));
#4755= IFCPOLYLOOP((#4749,#4748,#4753,#4754));
#4756= IFCFACEOUTERBOUND(#4755,.T.);
#4757= IFCFACE((#4756));
#4758= IFCCARTESIANPOINT((99.9986658465095,5.00000000000114,165.000429144071));
#4759= IFCCARTESIANPOINT((99.9986658465059,-4.99999999999886,165.000429144071));
#4760= IFCPOLYLOOP((#4754,#4753,#4758,#4759));
#4761= IFCFACEOUTERBOUND(#4760,.T.);
#4762= IFCFACE((#4761));
#4763= IFCCARTESIANPOINT((120.08477048088,5.00000000000125,161.819102703256));
#4764= IFCCARTESIANPOINT((120.084770480877,-4.99999999999875,161.819102703256));
#4765= IFCPOLYLOOP((#4759,#4758,#4763,#4764));
#4766= IFCFACEOUTERBOUND(#4765,.T.);
#4767= IFCFACE((#4766));
#4768= IFCCARTESIANPOINT((138.204707245521,5.00000000000148,152.586533778443));
#4769= IFCCARTESIANPOINT((138.204707245517,-4.99999999999852,152.586533778443));
#4770= IFCPOLYLOOP((#4764,#4763,#4768,#4769));
#4771= IFCFACEOUTERBOUND(#4770,.T.);
#4772= IFCFACE((#4771));
#4773= IFCCARTESIANPOINT((152.58477048088,5.00000000000159,138.206470543082));
#4774= IFCCARTESIANPOINT((152.584770480877,-4.99999999999841,138.206470543082));
#4775= IFCPOLYLOOP((#4769,#4768,#4773,#4774));
#4776= IFCFACEOUTERBOUND(#4775,.T.);
#4777= IFCFACE((#4776));
#4778= IFCCARTESIANPOINT((161.817339405694,5.00000000000182,120.086533778443));
#4779= IFCCARTESIANPOINT((161.81733940569,-4.99999999999818,120.086533778443));
#4780= IFCPOLYLOOP((#4774,#4773,#4778,#4779));
#4781= IFCFACEOUTERBOUND(#4780,.T.);
#4782= IFCFACE((#4781));
#4783= IFCCARTESIANPOINT((164.99866584651,5.00000000000182,100.000429144071));
#4784= IFCCARTESIANPOINT((164.998665846506,-4.99999999999818,100.000429144071));
#4785= IFCPOLYLOOP((#4779,#4778,#4783,#4784));
#4786= IFCFACEOUTERBOUND(#4785,.T.);
#4787= IFCFACE((#4786));
#4788= IFCPOLYLOOP((#4784,#4783,#4692,#4691));
#4789= IFCFACEOUTERBOUND(#4788,.T.);
#4790= IFCFACE((#4789));
#4791= IFCCARTESIANPOINT((200.,-4.99999999999784,0.));
#4792= IFCCARTESIANPOINT((200.,-4.99999999999784,200.));
#4793= IFCCARTESIANPOINT((-5.82076609134674E-11,-5.,200.));
#4794= IFCCARTESIANPOINT((0.,-5.,0.));
#4795= IFCPOLYLOOP((#4791,#4792,#4793,#4794));
#4796= IFCFACEOUTERBOUND(#4795,.T.);
#4797= IFCPOLYLOOP((#4694,#4699,#4704,#4709,#4714,#4719,#4724,#4729,#4734,#4739,#4744,#4749,#4754,#4759,#4764,#4769,#4774,#4779,#4784,#4691));
#4798= IFCFACEBOUND(#4797,.T.);
#4799= IFCFACE((#4796,#4798));
#4800= IFCCARTESIANPOINT((3.63797880709171E-12,5.,0.));
#4801= IFCCARTESIANPOINT((200.000000000004,5.00000000000216,0.));
#4802= IFCPOLYLOOP((#4791,#4794,#4800,#4801));
#4803= IFCFACEOUTERBOUND(#4802,.T.);
#4804= IFCFACE((#4803));
#4805= IFCCARTESIANPOINT((200.000000000004,5.00000000000216,200.));
#4806= IFCPOLYLOOP((#4792,#4791,#4801,#4805));
#4807= IFCFACEOUTERBOUND(#4806,.T.);
#4808= IFCFACE((#4807));
#4809= IFCCARTESIANPOINT((-5.45696821063757E-11,5.,200.));
#4810= IFCPOLYLOOP((#4793,#4792,#4805,#4809));
#4811= IFCFACEOUTERBOUND(#4810,.T.);
#4812= IFCFACE((#4811));
#4813= IFCPOLYLOOP((#4794,#4793,#4809,#4800));
#4814= IFCFACEOUTERBOUND(#4813,.T.);
#4815= IFCFACE((#4814));
#4816= IFCPOLYLOOP((#4805,#4801,#4800,#4809));
#4817= IFCFACEOUTERBOUND(#4816,.T.);
#4818= IFCPOLYLOOP((#4773,#4768,#4763,#4758,#4753,#4748,#4743,#4738,#4733,#4728,#4723,#4718,#4713,#4708,#4703,#4698,#4693,#4692,#4783,#4778));
#4819= IFCFACEBOUND(#4818,.T.);
#4820= IFCFACE((#4817,#4819));
#4821= IFCCLOSEDSHELL((#4697,#4702,#4707,#4712,#4717,#4722,#4727,#4732,#4737,#4742,#4747,#4752,#4757,#4762,#4767,#4772,#4777,#4782,#4787,#4790,#4799,#4804,#4808,#4812,#4815,#4820));
#4822= IFCFACETEDBREP(#4821);
#4823= IFCSTYLEDITEM(#4822,(#4690),$);
#4824= IFCSHAPEREPRESENTATION(#12,'Body','Brep',(#4822));
#4825= IFCPRODUCTDEFINITIONSHAPE($,$,(#4824));
#4826= IFCCARTESIANPOINT((6058.76573529182,30999.9970582838,774.250552373655));
#4827= IFCAXIS2PLACEMENT3D(#4826,#941,#8);
#4828= IFCLOCALPLACEMENT(#42,#4827);
#4829= IFCPLATE('0Fo9dyZQ1AzhBYnx5dmzla',#44,'Endeplate','PL10X200',$,#4828,#4825,'ID0fc899fc-8da0-4af6-b2e2-c7b167c3dbe4');
#4830= IFCPLATETYPE('0H2oDxrB97w9W_UIfelaRX',#5,'PL10X200',$,$,$,$,$,$,.NOTDEFINED.);
#4831= IFCCARTESIANPOINT((0.,10.,-100.));
#4832= IFCCARTESIANPOINT((-1020.,10.,-100.));
#4833= IFCCARTESIANPOINT((-1020.,10.,100.));
#4834= IFCCARTESIANPOINT((0.,10.,100.));
#4835= IFCCARTESIANPOINT((1020.,10.,100.));
#4836= IFCCARTESIANPOINT((1020.,10.,-100.));
#4837= IFCPOLYLOOP((#4831,#4832,#4833,#4834,#4835,#4836));
#4838= IFCFACEOUTERBOUND(#4837,.T.);
#4839= IFCFACE((#4838));
#4840= IFCCARTESIANPOINT((0.,-10.,100.));
#4841= IFCCARTESIANPOINT((-1000.,-10.,100.));
#4842= IFCCARTESIANPOINT((-1000.,-10.,-100.));
#4843= IFCCARTESIANPOINT((0.,-10.,-100.));
#4844= IFCCARTESIANPOINT((1000.,-10.,-100.));
#4845= IFCCARTESIANPOINT((1000.,-10.,100.));
#4846= IFCPOLYLOOP((#4840,#4841,#4842,#4843,#4844,#4845));
#4847= IFCFACEOUTERBOUND(#4846,.T.);
#4848= IFCFACE((#4847));
#4849= IFCCARTESIANPOINT((1020.,-2320.,100.));
#4850= IFCCARTESIANPOINT((1020.,-2320.,-100.));
#4851= IFCPOLYLOOP((#4836,#4835,#4849,#4850));
#4852= IFCFACEOUTERBOUND(#4851,.T.);
#4853= IFCFACE((#4852));
#4854= IFCCARTESIANPOINT((1000.,-2300.,-100.));
#4855= IFCCARTESIANPOINT((1000.,-2300.,100.));
#4856= IFCPOLYLOOP((#4845,#4844,#4854,#4855));
#4857= IFCFACEOUTERBOUND(#4856,.T.);
#4858= IFCFACE((#4857));
#4859= IFCCARTESIANPOINT((52.0301245623905,-2320.,100.));
#4860= IFCCARTESIANPOINT((52.0301245623905,-2320.,-100.));
#4861= IFCPOLYLOOP((#4850,#4849,#4859,#4860));
#4862= IFCFACEOUTERBOUND(#4861,.T.);
#4863= IFCFACE((#4862));
#4864= IFCCARTESIANPOINT((63.5705992207149,-2300.,-100.));
#4865= IFCCARTESIANPOINT((63.5705992207149,-2300.,100.));
#4866= IFCPOLYLOOP((#4855,#4854,#4864,#4865));
#4867= IFCFACEOUTERBOUND(#4866,.T.);
#4868= IFCFACE((#4867));
#4869= IFCCARTESIANPOINT((9.99982820693276,-2247.28367958263,100.));
#4870= IFCCARTESIANPOINT((9.99982820693276,-2247.28367958263,-100.));
#4871= IFCPOLYLOOP((#4860,#4859,#4869,#4870));
#4872= IFCFACEOUTERBOUND(#4871,.T.);
#4873= IFCFACE((#4872));
#4874= IFCCARTESIANPOINT((-9.99982820693276,-2172.71632041737,-100.));
#4875= IFCCARTESIANPOINT((-9.99982820693276,-2172.71632041737,100.));
#4876= IFCPOLYLOOP((#4865,#4864,#4874,#4875));
#4877= IFCFACEOUTERBOUND(#4876,.T.);
#4878= IFCFACE((#4877));
#4879= IFCCARTESIANPOINT((9.99890664283794,-2447.28755582285,100.));
#4880= IFCCARTESIANPOINT((9.99890664283794,-2447.28755582285,-100.));
#4881= IFCPOLYLOOP((#4870,#4869,#4879,#4880));
#4882= IFCFACEOUTERBOUND(#4881,.T.);
#4883= IFCFACE((#4882));
#4884= IFCCARTESIANPOINT((-10.0007497710294,-2372.72019665758,-100.));
#4885= IFCCARTESIANPOINT((-10.0007497710294,-2372.72019665758,100.));
#4886= IFCPOLYLOOP((#4875,#4874,#4884,#4885));
#4887= IFCFACEOUTERBOUND(#4886,.T.);
#4888= IFCFACE((#4887));
#4889= IFCCARTESIANPOINT((-63.5737612656822,-2320.,100.));
#4890= IFCCARTESIANPOINT((-63.5737612656822,-2320.,-100.));
#4891= IFCPOLYLOOP((#4880,#4879,#4889,#4890));
#4892= IFCFACEOUTERBOUND(#4891,.T.);
#4893= IFCFACE((#4892));
#4894= IFCCARTESIANPOINT((-52.0332866073595,-2300.,-100.));
#4895= IFCCARTESIANPOINT((-52.0332866073595,-2300.,100.));
#4896= IFCPOLYLOOP((#4885,#4884,#4894,#4895));
#4897= IFCFACEOUTERBOUND(#4896,.T.);
#4898= IFCFACE((#4897));
#4899= IFCCARTESIANPOINT((-1020.,-2320.,100.));
#4900= IFCCARTESIANPOINT((-1020.,-2320.,-100.));
#4901= IFCPOLYLOOP((#4890,#4889,#4899,#4900));
#4902= IFCFACEOUTERBOUND(#4901,.T.);
#4903= IFCFACE((#4902));
#4904= IFCCARTESIANPOINT((-1000.,-2300.,-100.));
#4905= IFCCARTESIANPOINT((-1000.,-2300.,100.));
#4906= IFCPOLYLOOP((#4895,#4894,#4904,#4905));
#4907= IFCFACEOUTERBOUND(#4906,.T.);
#4908= IFCFACE((#4907));
#4909= IFCPOLYLOOP((#4900,#4899,#4833,#4832));
#4910= IFCFACEOUTERBOUND(#4909,.T.);
#4911= IFCFACE((#4910));
#4912= IFCPOLYLOOP((#4905,#4904,#4842,#4841));
#4913= IFCFACEOUTERBOUND(#4912,.T.);
#4914= IFCFACE((#4913));
#4915= IFCPOLYLOOP((#4833,#4899,#4889,#4879,#4869,#4859,#4849,#4835,#4834));
#4916= IFCFACEOUTERBOUND(#4915,.T.);
#4917= IFCPOLYLOOP((#4845,#4855,#4865,#4875,#4885,#4895,#4905,#4841,#4840));
#4918= IFCFACEBOUND(#4917,.T.);
#4919= IFCFACE((#4916,#4918));
#4920= IFCPOLYLOOP((#4836,#4850,#4860,#4870,#4880,#4890,#4900,#4832,#4831));
#4921= IFCFACEOUTERBOUND(#4920,.T.);
#4922= IFCPOLYLOOP((#4842,#4904,#4894,#4884,#4874,#4864,#4854,#4844,#4843));
#4923= IFCFACEBOUND(#4922,.T.);
#4924= IFCFACE((#4921,#4923));
#4925= IFCCLOSEDSHELL((#4839,#4848,#4853,#4858,#4863,#4868,#4873,#4878,#4883,#4888,#4893,#4898,#4903,#4908,#4911,#4914,#4919,#4924));
#4926= IFCFACETEDBREP(#4925);
#4927= IFCSTYLEDITEM(#4926,(#1377),$);
#4928= IFCSHAPEREPRESENTATION(#12,'Body','Brep',(#4926));
#4929= IFCPRODUCTDEFINITIONSHAPE($,$,(#4928));
#4930= IFCCARTESIANPOINT((6500.,31100.,-10.));
#4931= IFCDIRECTION((0.,-1.,0.));
#4932= IFCAXIS2PLACEMENT3D(#4930,#4931,#941);
#4933= IFCLOCALPLACEMENT(#42,#4932);
#4934= IFCBEAM('2nBzcEI8zA9wArVkULoL0B',#44,'Ramme','PL200X20',$,#4933,#4929,'IDb12fd98e-488f-4a27-a2b5-7ee795c9500b');
#4935= IFCBEAMTYPE('3Wz7oklvT5vu3_jteFuof5',#5,'PL200X20',$,$,$,$,$,$,.NOTDEFINED.);
#4936= IFCRELAGGREGATES('3$5xBnOrDFVh173CaXlCoy',#5,$,$,#36,(#38));
#4937= IFCRELAGGREGATES('2agOjEtgrAvBUB5Y7u0tES',#5,$,$,#38,(#41));
#4938= IFCRELAGGREGATES('3lcQH1Lp145BSFxiiluPky',#5,$,$,#41,(#43));
#4939= IFCRELCONTAINEDINSPATIALSTRUCTURE('1PaGLFburALAf0kPghlAMU',#5,$,$,(#4934,#4829,#4686,#4680,#4674,#4668,#4662,#4656,#4650,#4644,#4638,#4632,#4626,#4620,#4614,#4608,#4602,#4595,#4589,#4583,#4577,#4570,#4495,#4491,#4487,#4483,#4479,#4473,#4467,#4461,#4455,#4449,#4443,#4437,#4431,#4425,#4419,#4413,#4407,#4401,#4394,#4314,#4264,#1460,#1453,#1373,#1367,#1361,#1355,#1349,#1343,#1336,#1276,#1224,#1188,#1149,#1135,#1096,#1088,#1022,#1016,#1010,#1003,#945,#363,#357,#351,#344,#105),#43);
#4940= IFCRELDEFINESBYTYPE('1aqdlzyuD4uBSY$ItouMlW',#5,$,$,(#1010,#363,#351,#105),#106);
#4941= IFCRELDEFINESBYTYPE('30bcwZZcn40gx0UmFfWL0b',#5,$,$,(#357,#344),#345);
#4942= IFCRELDEFINESBYTYPE('31kwlZqp57mwv893yuVhnZ',#5,$,$,(#1016,#945),#946);
#4943= IFCRELDEFINESBYTYPE('1NdzfpkaPES8qFDh7rM2lw',#5,$,$,(#1022,#1003),#1004);
#4944= IFCRELDEFINESBYTYPE('389o_seMnEDxx4xgj_f3PG',#5,$,$,(#1096,#1088),#1089);
#4945= IFCRELDEFINESBYTYPE('3be9KQFCf9TeOG8Wjj8Hwu',#5,$,$,(#1349,#1343,#1149,#1135),#1136);
#4946= IFCRELDEFINESBYTYPE('0bIH8cI$bDpQdPKINLR_xv',#5,$,$,(#1355,#1188),#1189);
#4947= IFCRELDEFINESBYTYPE('31s7KIkEv4GR5xhR7Z3M_R',#5,$,$,(#1361,#1224),#1225);
#4948= IFCRELDEFINESBYTYPE('2VufexMIP8$eQ3_U4_TTPT',#5,$,$,(#1367,#1276),#1277);
#4949= IFCRELDEFINESBYTYPE('2fxs9hvE93aenacoyeHeVy',#5,$,$,(#1373,#1336),#1337);
#4950= IFCRELDEFINESBYTYPE('2quRAU89T1zP30XYGk9c7M',#5,$,$,(#1460,#1453),#1454);
#4951= IFCRELDEFINESBYTYPE('1kSCNCH054vBrR8CIZBh8_',#5,$,$,(#4264),#4265);
#4952= IFCRELDEFINESBYTYPE('0CusBBucn9Q9LWkMteUobf',#5,$,$,(#4473,#4461,#4449,#4437,#4425,#4413,#4401,#4314),#4315);
#4953= IFCRELDEFINESBYTYPE('22G0bTcSjBsvHvPlJH_W44',#5,$,$,(#4680,#4668,#4656,#4644,#4638,#4632,#4626,#4620,#4495,#4491,#4487,#4483,#4479,#4467,#4455,#4443,#4431,#4419,#4407,#4394),#4395);
#4954= IFCRELDEFINESBYTYPE('0OYe2TppTEWP1W2nunhkx1',#5,$,$,(#4589,#4583,#4577,#4570),#4571);
#4955= IFCRELDEFINESBYTYPE('1Pp9Qhu$56rQ24CFCD9Oj9',#5,$,$,(#4686,#4674,#4662,#4650,#4614,#4608,#4602,#4595),#4596);
#4956= IFCRELDEFINESBYTYPE('1S5vPDLHz4E9Q15TvKIcTF',#5,$,$,(#4829),#4830);
#4957= IFCRELDEFINESBYTYPE('1vaC3IxUr6h8DSkE7ZuGkx',#5,$,$,(#4934),#4935);
#4958= IFCRELASSOCIATESMATERIAL('1UiEuKlzb9Mh75Ez$m7lVX',#5,$,$,(#4829,#4686,#4680,#4674,#4668,#4662,#4656,#4650,#4644,#4638,#4632,#4626,#4620,#4614,#4608,#4602,#4595,#4589,#4583,#4577,#4570,#4495,#4491,#4487,#4483,#4479,#4473,#4467,#4461,#4455,#4449,#4443,#4437,#4431,#4425,#4419,#4413,#4407,#4401,#4394,#4314,#4264,#1022,#1016,#1010,#1003,#945,#363,#357,#351,#344,#105),#107);
#4959= IFCRELASSOCIATESMATERIAL('2I9dWUpb1B1gr2$bhn3Ih4',#5,$,$,(#1373,#1336,#1096,#1088),#1090);
#4960= IFCRELASSOCIATESMATERIAL('2$L2Wcm6L4kfIGyIPEbcC1',#5,$,$,(#4934,#1460,#1453,#1367,#1361,#1355,#1349,#1343,#1276,#1224,#1188,#1149,#1135),#1137);
#4961= IFCPRESENTATIONLAYERASSIGNMENT('Rekkverk',$,(#98,#337,#346,#352,#358,#938,#996,#1005,#1011,#1017),$);
#4962= IFCPRESENTATIONLAYERASSIGNMENT('Bruplate',$,(#1081,#1091),$);
#4963= IFCPRESENTATIONLAYERASSIGNMENT('Asfaltdekker_slitelag',$,(#1128,#1338),$);
#4964= IFCPRESENTATIONLAYERASSIGNMENT('Asfaltdekker_bindlag',$,(#1144,#1344),$);
#4965= IFCPRESENTATIONLAYERASSIGNMENT('Topeka',$,(#1181,#1217,#1350,#1356),$);
#4966= IFCPRESENTATIONLAYERASSIGNMENT('C60BP2',$,(#1269,#1362),$);
#4967= IFCPRESENTATIONLAYERASSIGNMENT('Kantbjelke',$,(#1329,#1368),$);
#4968= IFCPRESENTATIONLAYERASSIGNMENT('Ramme',$,(#1447,#1455,#4928),$);
#4969= IFCPRESENTATIONLAYERASSIGNMENT('Boltegruppe',$,(#4259,#4565,#4572,#4578,#4584),$);
#4970= IFCPRESENTATIONLAYERASSIGNMENT('Mutter',$,(#4309,#4396,#4408,#4420,#4432,#4444,#4456,#4468,#4590,#4597,#4603,#4609,#4645,#4657,#4669,#4681),$);
#4971= IFCPRESENTATIONLAYERASSIGNMENT('Skive',$,(#4389,#4402,#4414,#4426,#4438,#4450,#4462,#4474,#4480,#4484,#4488,#4492,#4615,#4621,#4627,#4633,#4639,#4651,#4663,#4675),$);
#4972= IFCPRESENTATIONLAYERASSIGNMENT('Endeplate',$,(#4824),$);
ENDSEC;

END-ISO-10303-21;
